comment_id,video_id,text,like_count,published_at,category
UgzKG65oEcOJmZKnjVV4AaABAg,tJ1s5iRZt_k,Really બકવાસ film.  😢,1,2026-08-01T14:26:30Z,candidate
UgxD0y4xhDL98WXcTet4AaABAg,tJ1s5iRZt_k,*Mane lage story writer director tamne bnav se Gujarati industry vala 😅*,2,2026-07-31T13:46:40Z,candidate
UgxzsNwYJSIEL7lZB5d4AaABAg,3rpgtimwMDk,Tara jeva loko j aadivasi samaj ne આગળ આવવા નથી દેતા...,0,2026-08-03T04:35:58Z,candidate
UgyDXNFW7mlr5nK9Nud4AaABAg,3rpgtimwMDk,Bolva Pella vicharvanu bhoda,0,2026-07-17T06:16:56Z,candidate
UgyD3yz8i8bCHIQe2yl4AaABAg,3rpgtimwMDk,Tare gujarat ma na reve joye,0,2026-07-17T06:15:51Z,candidate
UgwloWI5YkRTq0P32VV4AaABAg,3rpgtimwMDk,Pella bolva vichari lejo,0,2026-07-17T06:10:32Z,candidate
UgyPKVTFr_3WKdgvfPJ4AaABAg,3rpgtimwMDk,Best movie che🙏🙏🙏,0,2026-07-12T03:14:32Z,candidate
UgxuuyOmKtwzmc2Lect4AaABAg,3rpgtimwMDk,रियल्टी ऑफ आदिवासी संस्कृति,0,2026-07-08T15:24:13Z,candidate
UgxLXALBtb0BmKYHMId4AaABAg,3rpgtimwMDk,सर बहुत अच्छी मूवी है पूरे सभी गुजराती लोगों को यह मूवी देखनी चाहिए गुजरात में भी बहुत अलग अलग कलचर है सभी को समझने के लिए यह मूवी बहुत अच्छी बनी है,0,2026-07-06T01:12:58Z,candidate
UgzRiUvUwz1eXHvCrTR4AaABAg,3rpgtimwMDk,❤❤❤❤,0,2026-07-05T16:29:53Z,candidate
UgwIkGy-fY3T9zLa5MJ4AaABAg,3rpgtimwMDk,Super duper ❤❤❤ ફિલ્મ છે કડકાનાથ,1,2026-07-05T16:29:48Z,candidate
Ugx_Rt_afPj6BhFhr3F4AaABAg,3rpgtimwMDk,Jova javu javun પડે,0,2026-07-05T07:34:30Z,candidate
UgxyWca7EkQGUEWuo0h4AaABAg,3rpgtimwMDk,🏹🏹🥷🗡️👿😈,0,2026-07-04T16:56:32Z,candidate
UgyhbZD2IzVzYKIUA3F4AaABAg,3rpgtimwMDk,Mast movie 6,0,2026-07-03T09:52:39Z,candidate
UgzKl8HuW6O1r-kD2bp4AaABAg,3rpgtimwMDk,Adivashi hoy te jove baki bijo su jane,0,2026-07-03T06:04:28Z,candidate
UgxMBcIijSC5pdAqJNJ4AaABAg,3rpgtimwMDk,hu Kav chu badha J jajo ek namber Movi che Jara pan kantado nay Aave,0,2026-07-02T17:56:31Z,candidate
UgzV1xNxSIyfskC4fE94AaABAg,3rpgtimwMDk,Bhai tu Paisa Nathi Aapi deto Amari marji Ame jay ke Na Jaay A,0,2026-07-02T17:55:53Z,candidate
UgzkA65aW8r_p6a1vMF4AaABAg,3rpgtimwMDk,Superb music and songs 🔥🔥,0,2026-07-02T08:29:25Z,candidate
UgwztEJRWCLxAdP0JD54AaABAg,3rpgtimwMDk,"Superb direction, superb acting, superb unique story❤🔥👏🏻",2,2026-07-02T08:27:31Z,candidate
Ugxeg7mUVoLK-V0ofmB4AaABAg,3rpgtimwMDk,Kadaknath jevi movie Gujarat ma kyre bni j nhi and bnse pn nhi... Full suspence thriller 🔥 unique,1,2026-07-02T03:31:11Z,candidate
UgxE-IvW1oGTIUhDWrF4AaABAg,3rpgtimwMDk,Tu comedy jo doffaa,0,2026-07-01T17:49:55Z,candidate
Ugy6UnRg9m2w3wP9TNl4AaABAg,3rpgtimwMDk,Unique movie che,0,2026-06-30T19:42:57Z,candidate
UgyuyWrph1ji7GHmQ414AaABAg,3rpgtimwMDk,Aapne to joy iva bhai full maja se maja aavi gey movie joyne,0,2026-06-30T10:20:44Z,candidate
UgxFTxoYC9wTzOLGDDd4AaABAg,3rpgtimwMDk,Supar movie. 🎉,0,2026-06-30T04:48:32Z,candidate
UgzRTcwTv1d9jp-gm2Z4AaABAg,3rpgtimwMDk,Wow nice movie review 😊😊,2,2026-06-29T18:01:28Z,candidate
UgzJD88e4C8Usw-HI3B4AaABAg,3rpgtimwMDk,🔥🔥🔥,0,2026-06-29T14:15:57Z,candidate
UgxFE39OmvUJn0yygjB4AaABAg,3rpgtimwMDk,Gujarat best movie ever❤❤ please support,0,2026-06-29T14:02:08Z,candidate
UgzLgbJS1rEIrsBtLX94AaABAg,3rpgtimwMDk,Adivasi,1,2026-06-29T12:32:27Z,candidate
UgwNrQsxO86BHd3sgjR4AaABAg,3rpgtimwMDk,Unique movie from gujarati industry,8,2026-06-29T08:25:05Z,candidate
UgyuNRmK1S6LGGtpCJ94AaABAg,3rpgtimwMDk,Nice movie,6,2026-06-29T07:56:58Z,candidate
Ugw0etLmVGAUuowM1-p4AaABAg,3rpgtimwMDk,Really its wonderful direction by Kaushik Garasiya,13,2026-06-29T07:54:31Z,candidate
UgzmO0rBHFlKZn3fiTV4AaABAg,3rpgtimwMDk,Pan aakho sanskruti vise movie che ee bav mahtvvnu yaar ❤❤,6,2026-06-29T06:43:36Z,candidate
Ugx3jQSU-4kjYxdtbA94AaABAg,3rpgtimwMDk,❤🏹,3,2026-06-29T02:45:22Z,candidate
UgwGX4QumN7tpi-odoB4AaABAg,RT_KlpWDXgo,"Bakwaas movie,..taddan faltu..",2,2026-07-31T13:29:43Z,candidate
Ugzk-gP2X3-_VNOTGiJ4AaABAg,RT_KlpWDXgo,Ok!! Nice video.,2,2026-07-28T06:13:21Z,candidate
UgwxxQahU3SuYHJdsMx4AaABAg,RT_KlpWDXgo,mane film khoob gami. tame aavun kevi rite kahi shako cho te mane samjatu nathi. aa to kathor tika chhe.,3,2026-07-26T17:59:12Z,candidate
Ugx2G-cVaoAIXZmfrr14AaABAg,RT_KlpWDXgo,O Bhai tame loko thodo divash rahjvo public game ke nai ae jovdo maftiya o tamre video banvo koy kharch lagto tobi tumhare views mate koi ni cr investment hoi che ane bov sokha hoy cinema jai public review lo ane Film su jano cho,2,2026-07-26T10:55:11Z,candidate
Ugy2eW1Vy8UKYAI-zdR4AaABAg,RT_KlpWDXgo,Hitu ne hiten ne jova hata hitu kanojiya ne padda ma Jova hata hve javu k y vicharavu padshe,0,2026-07-26T05:22:54Z,candidate
Ugxis4lfP_RYEKqfbax4AaABAg,RT_KlpWDXgo,Oh have jovu k ny,1,2026-07-26T05:20:01Z,candidate
UgwrbCAbQSvenuSLRxF4AaABAg,RT_KlpWDXgo,Trailer j boring hatu 😊,4,2026-07-25T18:25:15Z,candidate
Ugw0ehU5kbbLffuNGRJ4AaABAg,RT_KlpWDXgo,Hathodo hato mane 5 combiflam Moklavi dejo,3,2026-07-25T17:39:12Z,candidate
UgxXXwf_-BjHHrzo-4F4AaABAg,dcaoUO_Uqow,Wah,0,2026-06-26T18:45:55Z,candidate
UgyklLuZo6RJb9ZqUh94AaABAg,dcaoUO_Uqow,2 Mahina Thi Videos kem Nathi aavta .?,1,2026-06-03T08:43:52Z,candidate
UgwB9iAAxs2O1FUydGZ4AaABAg,dcaoUO_Uqow,ધરપકડ review????,1,2026-05-18T14:32:00Z,candidate
UgzuLEgDQn1oZqH0md14AaABAg,dcaoUO_Uqow,Sajid bhai nirmata,0,2026-05-14T17:06:41Z,candidate
UgxCv6MpduVcpysHTtl4AaABAg,dcaoUO_Uqow,Muslim ne bhar kado boycott kro pl,0,2026-05-13T04:33:54Z,candidate
UgzWlOSHd3rAz1FykGZ4AaABAg,dcaoUO_Uqow,"Bakwas  jain dharm ne  somnath mandir ne badnam km kryu chhe muslim ne why?
Sajid to muslim chhe teno film why jovani ekdam bakvas",0,2026-05-13T04:33:21Z,candidate
UgzicRYN5XZcOpuJCjh4AaABAg,dcaoUO_Uqow,"Promotion ના વખતે શું controversy હતી ?? 

આ islamism ને એ બધું તો release પછી થયું ને ?

🤔",0,2026-05-10T18:37:35Z,candidate
Ugw-4EAQPclCgw3bKH94AaABAg,dcaoUO_Uqow,Very good review,0,2026-05-07T18:45:50Z,candidate
UgwKK8nmxHfxRypvhCB4AaABAg,dcaoUO_Uqow,Bakvas movie che koi paisa bagadtu nahi,0,2026-05-07T18:41:52Z,candidate
UgwoZWWxTPHw8n1N0lx4AaABAg,dcaoUO_Uqow,JORDAR MOVIE CHHE.. HU JOI NE AVYO.. SAHEB. SHU MSG CHHE MOVIE MA.. .. JARUR PARENTS SATHE JOVAY (4.5/5 STAR),2,2026-05-04T06:24:57Z,candidate
UgyNA_nJGboOi10JsO54AaABAg,dcaoUO_Uqow,Mara ticket na Paisa bachi gaya,1,2026-05-03T17:58:36Z,candidate
UgxrzYVCY7XY_P8O4gp4AaABAg,dcaoUO_Uqow,Abhaar🙏,1,2026-05-03T17:54:29Z,candidate
UgxTbXKQg7cyPE0Bj2t4AaABAg,dcaoUO_Uqow,🎉 Gujarat Divas❤,0,2026-05-03T17:51:25Z,candidate
Ugzcpu_CKWLIs53SrAZ4AaABAg,dcaoUO_Uqow,So true. Bhangar movie. Abhishekbhai nu movie hoy avu lagtu j nathi. Logic less movie.,1,2026-05-03T17:28:04Z,candidate
Ugycz-YN5BwYCLSWQ2h4AaABAg,dcaoUO_Uqow,"Bhai mane to film gami..  Message  saru hatu. Direction ma     
Haju mehnat ni jarur hati. But i like this movie",1,2026-05-02T19:20:07Z,candidate
Ugw3hdBCJHbm01_zxKl4AaABAg,dcaoUO_Uqow,Bhai tamey comment aapvanu chodi do ... Badhu 2.15 hrs ma naa dekhadi sakai...so pls don't use logic...thanks,1,2026-05-02T18:27:00Z,candidate
UgxoI5DqWVXfH87n3QN4AaABAg,dcaoUO_Uqow,"Try to make anthor Lalo movie. Lalo is replaced by kanoo.
In Lalo krishna was travller as Lalo
In Dhakaro kano become  drive
R
Rixa is replaced by Uber car",0,2026-05-02T18:12:38Z,candidate
UgwtD_2sy-vql88_qFN4AaABAg,dcaoUO_Uqow,No need if Islam and Badhisum propoganda was required in movei.,5,2026-05-02T18:08:41Z,candidate
UgxlgSVn0SoVYzGrm9B4AaABAg,dcaoUO_Uqow,welcome back in Gujarti movie review - karta rahejo have regular bhai,2,2026-05-02T15:26:37Z,candidate
Ugy9-NDBJyyHkEXAIBh4AaABAg,dcaoUO_Uqow,bandal bekar 😵😵😵,2,2026-05-01T20:04:22Z,candidate
UgzJHd1aeohyExCdRhV4AaABAg,dcaoUO_Uqow,I am big fan of Hellaro movie then mane koi Abhishekhhai ni movie e leval ni nai lagi,1,2026-05-01T16:55:43Z,candidate
UgxOQ_1s84Wu98oRgE54AaABAg,dcaoUO_Uqow,"Your reviews matters , thank you so much for your clearcut review",1,2026-05-01T16:52:11Z,candidate
UgyfFNsmh2Y0oe-ut3V4AaABAg,dcaoUO_Uqow,Trailor Joine J Mane Lagyu hatu Ke It's a disappointing film,2,2026-05-01T14:59:58Z,candidate
Ugx8xkXaqhunNMiOHcV4AaABAg,dcaoUO_Uqow,Bahu Divas Pachhi Review Avyo. Why?? Kyan farava ગયા હતા??,1,2026-05-01T14:49:45Z,candidate
UgwKw-xlqRtAXLo5Zv14AaABAg,dcaoUO_Uqow,Secularism no tadko lagava ma aavyo che aa movie ma. Hindu chokri dalit na prem ma pade che. Evu kem nathi batadta ke Muslim stree Hindu na prem ma pade??????,3,2026-05-01T14:08:44Z,candidate
Ugya3xhLYA8gWJKL5uN4AaABAg,dcaoUO_Uqow,bov saro review sir,1,2026-05-01T13:24:47Z,candidate
Ugy8l1HwteLsPMYZegl4AaABAg,dcaoUO_Uqow,Thanks for review..,1,2026-05-01T12:03:11Z,candidate
UgxNlJyPL5JQSLZ86al4AaABAg,dcaoUO_Uqow,Star to apva j joie ..it's my opinion,3,2026-05-01T11:57:20Z,candidate
Ugw3zn7FC2j2lOHtSRx4AaABAg,dcaoUO_Uqow,બોગસ story..નામ બડે દર્શન khote 😊,2,2026-05-01T11:48:34Z,candidate
UgxqDDB6ffNCCTVKYul4AaABAg,dcaoUO_Uqow,👍,1,2026-05-01T09:23:27Z,candidate
UgydIFupcudVREUoBTF4AaABAg,dcaoUO_Uqow,Without star there is nothing,2,2026-05-01T09:17:26Z,candidate
UgxH2Yz_6hacSkqrMKl4AaABAg,tRlCSf3OFnY,"waah sir honest review tamaro.. good!!

Dhabkaro kevi movie che sir? worth our time?",0,2026-06-03T14:05:14Z,candidate
UgyMBR7Xpj0eeeyzwox4AaABAg,tRlCSf3OFnY,Atlu lambu shu khancho cho sidhu review hoye atlo  badho time nathi koi pase Jene thanks kahevu hoye ene personal msg karvano hoye,0,2026-05-29T13:08:38Z,candidate
UgzgkzstYPZKhtF7xEd4AaABAg,tRlCSf3OFnY,Vikram sir na review karo ne sir,0,2026-05-29T12:23:31Z,candidate
UgygIA8ewhxFTXgw9hJ4AaABAg,tRlCSf3OFnY,sorry to say very mediocre the way of give review. didnt got any idea what you want to say about the film.,0,2026-05-29T09:26:16Z,candidate
UgxOozB84W0A8ijbSA54AaABAg,tRlCSf3OFnY,Blockbuster of this year,0,2026-05-29T09:02:56Z,candidate
Ugzd-jAKEJ_lZwDbYwZ4AaABAg,tRlCSf3OFnY,Aamane dharpakad nu bi climax barabar natu lagayu. Jyare movie sari hati. Pakku aa film pan sari j hase....,2,2026-05-29T07:37:40Z,candidate
UgyncNH-qruP8u4iHkF4AaABAg,DPd12U0uXFk,MANE TO PYAR TO HONA HI THA MOVIE JOTO HOY TEVU LAGUE .. MARA MAT PRAMANE,0,2026-02-28T06:54:49Z,candidate
UgyxKPbPtZogpBLJCzp4AaABAg,DPd12U0uXFk,Review Parthi Aevu Lage Che  Ke Naa Joie To Chalse...Skip Kari Deva Jevi Che...Online Toh Kyare Aavshe Nahi Ae Confrom Che...Bcz Coconut Motion Che...,0,2026-02-23T06:28:35Z,candidate
UgyPlo0d4MD8NxoxV0J4AaABAg,DPd12U0uXFk,👍👍👍👍👍 bekar film 😢😢,0,2026-02-22T17:20:41Z,candidate
UgxJEXuzP139ytCRgg54AaABAg,DPd12U0uXFk,Ma to 2 var joi maza aavai....,0,2026-02-22T17:18:52Z,candidate
UgwrpTkfMv0dchRnpGl4AaABAg,DPd12U0uXFk,Behad movie no review karo,0,2026-02-22T16:06:20Z,candidate
UgzPVk5WPLNGRemOS4t4AaABAg,DPd12U0uXFk,Tako km karavi lidho 😮,1,2026-02-22T15:41:43Z,candidate
UgxjeR_fo4YWcCreV454AaABAg,DPd12U0uXFk,Pratik Gandhi no cameo che?,0,2026-02-22T08:59:49Z,candidate
UgzWD_Hl21c90elqIkZ4AaABAg,DPd12U0uXFk,👍 👍,0,2026-02-22T08:20:50Z,candidate
UgyCZiUAglYS_UL1Xhh4AaABAg,DPd12U0uXFk,Movie online joi le theatre ma,0,2026-02-22T08:13:49Z,candidate
Ugw-p0EM1iyBIaReYoN4AaABAg,DPd12U0uXFk,Finally bhai avi gyu ❤,0,2026-02-22T08:13:37Z,candidate
UgwSlOEd7IyOKYf1jmB4AaABAg,GYgvLXJqrkc,Last Sunday movie joi. Bauj saras che. Bollywood movie jova karta aavi Gujrati movies jovi saari.,0,2026-08-12T16:59:13Z,candidate
UgzyFmtf6-EjpZcyXfF4AaABAg,GYgvLXJqrkc,"Ek dum fire 🔥 🔥 🔥 movie banavi che , tamari Review joine j movie jovani priffer kru chu 👍🏼

Get set go box-office report aapjo hope k super Hit jaai and 2nd part aave",0,2026-08-10T01:48:15Z,candidate
UgykWYZltSq55jn1vqt4AaABAg,GYgvLXJqrkc,Thank you 🙏🏼,0,2026-08-09T07:31:41Z,candidate
Ugx7eIpGtbVAe_WbMxV4AaABAg,GYgvLXJqrkc,Panipuri nu song aavyu che and teaser pan enuj review karjo ne sir,0,2026-08-08T19:35:17Z,candidate
UgyyR_LOzjtAH21fXYt4AaABAg,GYgvLXJqrkc,As usual saachi and Sachot mahiti aapto Review,0,2026-08-08T18:15:27Z,candidate
Ugw1vbaHDhdi4Fs3wwB4AaABAg,GYgvLXJqrkc,Bauj mast review apyo tame. Ane khas karine 200-500 vadhu apvana pan artist saro lavano e zordar hatu😂😂,3,2026-08-08T16:36:36Z,candidate
Ugy45voot7Hi0owfZIV4AaABAg,GYgvLXJqrkc,Jo Hindi ane English films ma joyu j hoy to Gujarati film ma a j shu kam jovu joiye??,0,2026-08-08T16:03:39Z,candidate
UgxIjS6yco6lYLXu1Vt4AaABAg,GYgvLXJqrkc,Sir action ma alok thaker jevu koi star nathi,0,2026-08-08T15:18:16Z,candidate
Ugy3jvi9PKmdUQdykop4AaABAg,GYgvLXJqrkc,ekadi filam tu banav sunil pachi tu reviw kar ketlu booking colection ane ketlu chle e khabar pade,0,2026-08-08T12:01:09Z,candidate
UgzIeKjbBn9PXfcDZ7N4AaABAg,GYgvLXJqrkc,Sir tame gujarati film na collection kyathi jovo chho? Source??,0,2026-08-08T11:39:01Z,candidate
UgyCDbghBdcRo2HFl1B4AaABAg,GYgvLXJqrkc,Perfectttt review,0,2026-08-08T11:16:04Z,candidate
UgyPPDWckmjKdrUnpoF4AaABAg,GYgvLXJqrkc,Bilkul jaishu thaknk for review,0,2026-08-08T10:50:00Z,candidate
UgwdGiHNUP8kt287W_p4AaABAg,GYgvLXJqrkc,Shu inspire kare e level par earning thay to vadhu aava movie jova mde,0,2026-08-08T10:34:05Z,candidate
Ugx8IhnyJvUTaKoVpI14AaABAg,GYgvLXJqrkc,👍👍👍👍👍,0,2026-08-08T10:09:24Z,candidate
UgwUXjYpSSg3ZLxe0k94AaABAg,ztcEP_kyivY,🎉🎉🎉🎉🎉🎉🎉😅😂😢😊😢,0,2026-08-08T03:18:25Z,candidate
UgzZu3VmjILPZLbzcpF4AaABAg,ztcEP_kyivY,Jovi che but katuch ma kya lagi j nthi kem jovi,0,2026-07-09T19:00:27Z,candidate
UgyhlFP20dE7jsb9qnB4AaABAg,ztcEP_kyivY,Box office collection shu kahe chhe....aapde to ena upar kahi shakay ne ke film sari chhe ke kharab,0,2026-07-07T06:57:36Z,candidate
Ugx7A1C7wW3HBdo9WJF4AaABAg,ztcEP_kyivY,❤❤,0,2026-07-06T14:52:16Z,candidate
UgxCBJ2Vn3CGdaisdxx4AaABAg,ztcEP_kyivY,Very.nice,0,2026-07-04T15:29:00Z,candidate
UgwdzPFn0Iy3F3bo7KR4AaABAg,ztcEP_kyivY,Sir aa film mobile ma kya malse,0,2026-07-04T15:15:29Z,candidate
UgwneDkrje-olCIRz-N4AaABAg,ztcEP_kyivY,Jovi che,0,2026-07-04T11:23:41Z,candidate
Ugx7fIcUvt6_QsVkOvl4AaABAg,ztcEP_kyivY,It’s not released in mumbai😢,0,2026-06-30T09:52:29Z,candidate
UgwHwtxOnDkH5yZRtTh4AaABAg,ztcEP_kyivY,Ama અજય દેવગણ ni entry thashe remak ma,2,2026-06-29T13:20:21Z,candidate
UgycKG2SYAQoYX45XOh4AaABAg,ztcEP_kyivY,Jay bhil adivasi bhaio❤,4,2026-06-29T09:20:08Z,candidate
Ugw39RMU8NylIT7WbVV4AaABAg,ztcEP_kyivY,Jordan...gujarati first film..🎉🎉🎉,0,2026-06-29T02:56:09Z,candidate
Ugzr9-gfP4QNXbrLVm94AaABAg,ztcEP_kyivY,Ek number film chhe joi lidhi..,2,2026-06-28T17:29:08Z,candidate
UgzsbgABwtcaqdyBkwJ4AaABAg,ztcEP_kyivY,Super muvi se ❤❤❤❤❤❤❤❤❤,0,2026-06-28T17:04:41Z,candidate
UgzZtMitliXMaWJwAXB4AaABAg,ztcEP_kyivY,Ha marari aadivasi movie se,2,2026-06-28T16:09:33Z,candidate
Ugx59kdqaVbRs2m7NE94AaABAg,ztcEP_kyivY,"Ha bhai background music and song badhu aadivasi ma 
And music pan hoy real ma",0,2026-06-28T16:08:24Z,candidate
UgyDScMciNiroF6U3Kd4AaABAg,ztcEP_kyivY,Pahelu je character che. Adivasi mack up karyo che. Like ek kadknath murgi tipe.. Enu shu che?. Like e character movie ne aagal vadhare che ke pachi vadhara nu rakhyu che?.,0,2026-06-28T10:01:07Z,candidate
Ugwpdvqk6-Ut6PbgXQV4AaABAg,ztcEP_kyivY,Nice 🎉🎉,0,2026-06-28T09:06:23Z,candidate
UgwKEcG78zTa6GsS1MZ4AaABAg,ztcEP_kyivY,I Proud to be Aadivasi,3,2026-06-28T09:05:22Z,candidate
UgxClFb3iBfG13-36RN4AaABAg,ztcEP_kyivY,Stat of ramadhni move review ❤,1,2026-06-28T07:36:24Z,candidate
UgxIiQqJO0mZ3Cj4MdZ4AaABAg,ztcEP_kyivY,Must watch movie,2,2026-06-28T02:04:05Z,candidate
Ugy3bi4hreE17FyOvGl4AaABAg,ztcEP_kyivY,Kai web site ma joi mane msg karo,0,2026-06-27T16:39:57Z,candidate
UgzG6llxkz7kogAWqN94AaABAg,ztcEP_kyivY,"Background music and song badhu aadivasi culture no part se

Thank you for your review",10,2026-06-27T15:17:46Z,candidate
UgwL9P-Qc8x8zMGlRLl4AaABAg,ztcEP_kyivY,"Mara badha mitro ne laine jova jaishu 
Tamara review nij raj jototo hu",6,2026-06-27T14:04:49Z,candidate
UgzCdzwwSU-c30Fo04R4AaABAg,ztcEP_kyivY,❤,1,2026-06-27T11:52:39Z,candidate
Ugx6lhAB6MaCnC_QR7p4AaABAg,ztcEP_kyivY,Jordar.,1,2026-06-27T11:44:08Z,candidate
UgzGbHEXpH3uQnx5Jyp4AaABAg,m4HrBoSaj84,Agreed. Film tolerable noti. Cinenatography and script weak hatu. Cricket scene ekdum silly hatu. Khub disconnect hatu in characters. Maney interval maaj nikdi javanu mann thayu. Pan betho ryo kemke siddharth randheria che. Toh asha hati ki kaik saru hasey . Pan nirasha maidi.,1,2026-07-13T07:48:48Z,candidate
UgzHs9sQQgGqoEpPsSx4AaABAg,m4HrBoSaj84,"Film gani sari che.
Tamara review wrong che.",3,2026-06-20T04:31:31Z,candidate
UgwpA6NfgNNu5FyK4pR4AaABAg,m4HrBoSaj84,"Galat review hai film bahot acchi hai very smooth action performance,comedy engaging message all working good reviews dekh ke movie ko judge mat karna bhai",4,2026-06-19T15:01:53Z,candidate
UgxqsyJZCbbYfRZ34Y94AaABAg,m4HrBoSaj84,Amit & vipul Banne khota review ape se sir plz emne samjavjo yaar,0,2026-06-19T14:04:22Z,candidate
UgyycDDUw0Jzeqauiht4AaABAg,m4HrBoSaj84,Thankyou mara 200 bachavva badal❤,1,2026-06-19T13:33:22Z,candidate
UgxrSBzA71e1YseSMyt4AaABAg,NbiLZ5-JTJU,Total Flop Film Che,0,2026-08-12T04:28:19Z,candidate
Ugyd3fAxP7YaZlVachJ4AaABAg,NbiLZ5-JTJU,lage chhe tmne jinal belani pr crush chhe 🤣🤣,1,2026-08-12T03:38:52Z,candidate
Ugy9Qkb0B2d8oL9V1hR4AaABAg,NbiLZ5-JTJU,"Filmyindia ni copy  na karo..
શરમ 😂",0,2026-08-11T11:07:27Z,candidate
UgzwxyIBU5r3uHybmnF4AaABAg,NbiLZ5-JTJU,Sir underdog superstar alok thaker jevu action koi na kari sake e real fighter che real ma emnu johnnyengineer napaas rockyinrisk2 and rockyinrisk jaljeera bauj mast action karyu che and e bauj garibi ma thi agad avya che Ave panipuri pan aave che sir emnu big fan panipuri song par video banavo ne and alok thaker upar pan sir,0,2026-08-10T16:44:00Z,candidate
UgwLfNleGKOS16a9KGF4AaABAg,NbiLZ5-JTJU,Gujarati Dhoom,0,2026-08-10T08:34:53Z,candidate
UgyjEkxk-Muul99eEVF4AaABAg,NbiLZ5-JTJU,Hi vipul kumar,0,2026-08-09T12:32:50Z,candidate
UgwhB2FGLsuo8Tr03c94AaABAg,NbiLZ5-JTJU,Thank you 🙏🏼,0,2026-08-09T09:03:31Z,candidate
UgxMlNiqWlZjeNYQSut4AaABAg,NbiLZ5-JTJU,Best vidhal tidi gujrati culture  village atmosphere  gujrati emotiona gujrati darling absolutely masterpiece  and Pratik gandhi  and shradha danger romantic passion  very suitable and convince for gujrati people and bhai and ben emotional emotional is grand level,0,2026-08-09T06:45:40Z,candidate
Ugyk6RqzYdBI7nPuFix4AaABAg,NbiLZ5-JTJU,❤,1,2026-08-09T04:39:19Z,candidate
UgyOs-_SoTKQm5s_XXB4AaABAg,l1eEmzCMxU4,"Bakwas movie chhe. Total waste of time. Siddharth sir ni fan hu pan chhu. Pan aa moview bau bekaar ane vahiyaat chhe. Topic saro chhe pan ene present evi rite karyo chhe k em thay kyare pate ne ahi thi bahar jaie. 
Hve writer kon chhe e check kari ne movie jovi padse🫣",1,2026-06-24T03:17:36Z,candidate
UgwDPGtBgmTVWmMnKLp4AaABAg,l1eEmzCMxU4,Saras film che,1,2026-06-22T07:04:19Z,candidate
Ugy2ruHebqsUg2FoY4p4AaABAg,l1eEmzCMxU4,"Madhyatar tak film ko enjoy Kiya but uske baad film bahut slow ho jaati hai to haa, dhire dhire emotions hi film se nikal jaate hai so bol sakte haiki 50-50 movie achchi hai ya buri to dono main se chije balance kho deti hai, film utni achchi nahi hai, shayad hamari age ke hisab se.",1,2026-06-21T02:30:55Z,candidate
UgyjRipKBr5tzH8IX-Z4AaABAg,l1eEmzCMxU4,Is this movie watchable with children with 8 year age,1,2026-06-20T08:45:30Z,candidate
Ugx5P1ni_ZBhEH_u35V4AaABAg,l1eEmzCMxU4,Aa paisa lai ne khota vakhan kare chhe film na....Sidharth randeriya ni filmo badhi ek j type ni hoy tem  aa pan same chhe kai navu nathi..Mota budget thi filmo sari na bane ..west of time,0,2026-06-19T16:19:33Z,candidate
UgznK051CC8qn_kJvKh4AaABAg,l1eEmzCMxU4,Badhu all right che ma Mara paisa west gya hata,0,2026-06-19T13:48:41Z,candidate
UgxaG1M5sgaU_sVulzp4AaABAg,l1eEmzCMxU4,Bro. Plz khoda vakhan na karta plz,0,2026-06-19T13:47:59Z,candidate
UgwEmN0JFtPO5i8CpaJ4AaABAg,l1eEmzCMxU4,"Sir.
Badhu alright che no tame review positive apelo. Film sari lagi pan Film maa diversion unnecessary ane lenght bahu moto issue lagyo",1,2026-06-19T11:24:15Z,candidate
UgytYRtW5Y842uLNoNx4AaABAg,l1eEmzCMxU4,Aa movie ne subsidy madse ?,0,2026-06-19T09:41:41Z,candidate
UgxWprweQ6vudtWeGYV4AaABAg,l1eEmzCMxU4,Subsidy malse ?,0,2026-06-19T09:41:14Z,candidate
UgzYiyCm1wswmnHT0hJ4AaABAg,YiUCjL21zHA,Super,0,2026-06-26T03:20:03Z,candidate
UgxGW1wuYoS99XKzpPh4AaABAg,YiUCjL21zHA,Lets beware dharma productions dont spread their worst propaganda movies in Gujarati movie industry as well.,0,2026-06-26T01:23:54Z,candidate
UgxCyvfG6Wv6iQrWFIV4AaABAg,YiUCjL21zHA,"Same story, family drama😢",0,2026-06-24T06:27:33Z,candidate
Ugy43Pca1QPBNd-_aR54AaABAg,YiUCjL21zHA,"honestly, the movie was a mess. Couldn’t decide if it was for father’s day movie or alzheimer's disease. Up to interval everything was fine after that story went downhill.",0,2026-06-24T03:49:48Z,candidate
UgzbOsgTSOxuQN57_9t4AaABAg,YiUCjL21zHA,Full bakwas movie didn't expect this from Siddharth randeria Sir total boring movie no comedy even hero and heroine are bakwas,0,2026-06-23T15:40:32Z,candidate
UgzvdhrjWK7GbwSAee54AaABAg,YiUCjL21zHA,"it looks like similar to  “Chaal Jeevi Laiye”. 
I'll only go for Siddharth Sir 🙏🏻",1,2026-06-23T07:22:12Z,candidate
UgyncV6CjpYvu9Vz5D14AaABAg,YiUCjL21zHA,A must watch movie with your family especially ur father ❤️❤️,2,2026-06-23T06:39:09Z,candidate
Ugxkj_vYu7blNWXlAep4AaABAg,YiUCjL21zHA,Best movie,0,2026-06-22T04:13:01Z,candidate
UgxpI81vwLoKyE8ALYR4AaABAg,YiUCjL21zHA,आजे ज जोई आवीया खरेखर मजा पण आवी अने थोडा आसुओं पण आवीया दीकराओ नो बाप छु ऐटले धणी खरी वातो नी दरेक मां बापने अवो अनुभव थतो हशे 👌👍🙂,3,2026-06-21T17:49:20Z,candidate
UgxojY6iCkjTo8J68f54AaABAg,YiUCjL21zHA,Bhad ma jay dharma productions,1,2026-06-21T16:40:00Z,candidate
Ugygnjg739nxFNPc4it4AaABAg,YiUCjL21zHA,Stop making such shit film...siddharth randeria don't fool people by signing such depressing movies...u r having a good comic timing...only do comedy films please from now on...guys don't watch yeh Gelato achcha nai lagega...paise barbaad hai apne,1,2026-06-21T16:33:23Z,candidate
Ugw28Hb5TKRS5vURuc14AaABAg,YiUCjL21zHA,Yash Soni Missing.. Respect button 👍,0,2026-06-21T04:17:34Z,candidate
UgyO2zFQpAxY3bs73il4AaABAg,YiUCjL21zHA,⭐ one star 😢,1,2026-06-20T05:51:38Z,candidate
UgwVaTVAn3pCOJGMHfd4AaABAg,YiUCjL21zHA,i THINK THIS WILL BE A flop film trailer maie kuch maza anhi hai.....,0,2026-06-18T05:25:37Z,candidate
UgzfR4dLDBaPeGRhlZx4AaABAg,YiUCjL21zHA,"Just ONE name, Siddharth Randeria gets me running to the Theatre! The backbone of any movie or play!!Shall do so ONCE MORE to see him in Jindagi ONCE MORE! Best Wishes to the whole crew. 👍 👍 👍 😊",4,2026-06-16T09:40:17Z,candidate
UgxMR4d2tWEgC1SzMUJ4AaABAg,YiUCjL21zHA,Marathi leuva patel huu me. But i love Gujarati movies,1,2026-06-15T12:55:17Z,candidate
UgyOOQQT5Bnke3e19CN4AaABAg,YiUCjL21zHA,"from Chaal Jeevi Laiye to Jindagi Once More, Siddharth sir is teaching how to live life",13,2026-06-14T17:35:31Z,candidate
UgzmBaAGj-W3jK9SXZZ4AaABAg,YiUCjL21zHA,1:40 what a shot! 🔥🙌,5,2026-06-13T15:13:41Z,candidate
UgxZWPC7BBrxpn2ohMR4AaABAg,YiUCjL21zHA,https://youtu.be/WDgqPlHNyeM?is=apCO0ia0_SSzkyRQ,0,2026-06-12T20:57:25Z,candidate
UgzVENZe02La369Gunx4AaABAg,YiUCjL21zHA,Chal jeevi laiye + pappa tamne nai samjay 😁,3,2026-06-12T04:10:41Z,candidate
UgxttWU7ydcvNWKOzZR4AaABAg,YiUCjL21zHA,"Siddharth sir 
Aap bhi karan johar ki faltu bollywood nibba nibbi me aa gaye
Sir apna style gujjubhai vala rakho 
Dharma productions aa gaya to nibba banvanu 
Sheeee tamara par aa ummid no hati 

Eee tamara energetic performance tamari comedy pan 
Javado paisa fame aura ma tame b vahi gaya 
Tamaro style ej maja chhe baki bollywood aavi faltu movie thi bharelu chhe


Sir pachha aavi tamari gujju bhai lavo love story bakvas chhodo",1,2026-06-11T02:15:33Z,candidate
UgzBO-tN4P8Obfr5hWp4AaABAg,YiUCjL21zHA,🎉🎉🎉🎉🎉,0,2026-06-10T05:24:24Z,candidate
UgwiSQ0RfKMB9EtCXUp4AaABAg,YiUCjL21zHA,❤❤❤❤❤,0,2026-06-10T05:24:04Z,candidate
UgzBVxGdDj-GJ-UGXsp4AaABAg,YiUCjL21zHA,Siddharth sir jordaar actor chhe,0,2026-06-07T18:49:24Z,candidate
UgzwuL8PJWFbBIgMSQV4AaABAg,YiUCjL21zHA,Theme like chaal jivi lai e part 2,0,2026-06-07T17:43:26Z,candidate
UgwNcBWwt-wC0EcXoBV4AaABAg,YiUCjL21zHA,Layaa baki ❤❤❤,0,2026-06-07T16:23:04Z,candidate
UgyuVMozp44EfCQ-0sl4AaABAg,YiUCjL21zHA,What!! Aaa kyare thayu,0,2026-06-07T08:35:03Z,candidate
UgzRjCm8pjvnG0qwqgh4AaABAg,YiUCjL21zHA,"This is really nice, Dharma Productions is supporting local/ Gujarati film! ❤",1,2026-06-06T19:08:26Z,candidate
UgwoaF5MRzZZJ8PvHU14AaABAg,YiUCjL21zHA,Joisu ❤,0,2026-06-06T13:00:20Z,candidate
UgypNzRFicMQQykRLSt4AaABAg,YiUCjL21zHA,"It's amazing. Just from the trailer, I can say it will be an amazing movie.",3,2026-06-06T12:27:51Z,candidate
UgwbDkjdrig9vwZpHXp4AaABAg,YiUCjL21zHA,Awesome,0,2026-06-06T01:30:32Z,candidate
UgyZd0NdOxDiLQ62QRR4AaABAg,YiUCjL21zHA,Bahut jaldi nahi aa gya trailer?,1,2026-06-06T01:23:05Z,candidate
Ugzh2ILthKktEgf_V3R4AaABAg,YiUCjL21zHA,Gujarati movie ma gujarati title ni jagya e urdu and english title..wah..aa gujarati bhasha and gujarati sanskruti na patan ni nishani che..,2,2026-06-05T04:24:48Z,candidate
UgwEyELnASlcSQl_ImF4AaABAg,YiUCjL21zHA,"100 crore effect, paisa dekhaya gujarati movie ma karan bhai ne 😅",1,2026-06-04T18:19:20Z,candidate
UgzOW4o-gZRkmJ_Xj594AaABAg,YiUCjL21zHA,only for aarti mam❤,0,2026-06-04T18:14:42Z,candidate
UgwfRr4UVcCRzKeUmMF4AaABAg,YiUCjL21zHA,"#DharmaProduction 
Welcome to Gujarat",2,2026-06-04T17:57:21Z,candidate
UgzRe4LJqpioSGZbfZh4AaABAg,YiUCjL21zHA,"Siddharth Ji, chaa gaye tusi.

Ekdum jor dar che.",3,2026-06-04T05:48:52Z,candidate
UgyDpTPXGs71xkizcZx4AaABAg,YiUCjL21zHA,Navu su chhe aama?,5,2026-06-03T18:53:29Z,candidate
Ugxk5BJ5LJSrHQKx6Dh4AaABAg,YiUCjL21zHA,Trailer ma j aakhi movie no concept Kem batavo cho. Thodu to suspense rakho,3,2026-06-03T17:10:18Z,candidate
Ugx69G0_dR6QL_MIJmp4AaABAg,YiUCjL21zHA,Satat ek j prakar no roll kari ne thaki nathi jata aa siddharth randeria sir!,1,2026-06-03T17:00:02Z,candidate
UgwHxk6Yb8MPEcLrHRZ4AaABAg,YiUCjL21zHA,"Gujarati movies are for low IQ people, that's why movies like Chelo Divas works in Gujarat but if it was an Iranian or Italian movie, we would have delete it",0,2026-06-03T16:32:06Z,candidate
Ugz7d8wHygx1cMcQJON4AaABAg,YiUCjL21zHA,Gujarati cinema lacking new Faces,0,2026-06-03T15:16:24Z,candidate
UgzAU7ptQ3SMUutfnJt4AaABAg,YiUCjL21zHA,dharma is out to ruin everything,0,2026-06-03T10:27:49Z,candidate
Ugx8-FcOk99xFFLryc14AaABAg,YiUCjL21zHA,cant believe dharma fucked up siddharth randheria,1,2026-06-03T10:26:55Z,candidate
Ugw3jLK00OEne4ZMDEN4AaABAg,YiUCjL21zHA,na jovay,0,2026-06-03T05:14:16Z,candidate
Ugy9p-VxKd7tQcrfqat4AaABAg,YiUCjL21zHA,chal jivi laiye ni sasti copy 😂😂,1,2026-06-03T05:14:04Z,candidate
UgwZvJ4wjFQ-sxhJvlR4AaABAg,YiUCjL21zHA,આમાં નવું શું છે? Gujjubhai jevi sureshot formula hova chhata SR ne serious role aapo chho. Gujaratio mate comedy thi upar kai nathi.,2,2026-06-03T04:41:41Z,candidate
Ugxz-bY2vT-EmbT5Ms54AaABAg,YiUCjL21zHA,Big bollywood sponcer in our gujju film. I proud of Siddharth sir 🎉,0,2026-06-02T16:08:39Z,candidate
UgySgeik87FWsM111ht4AaABAg,YiUCjL21zHA,pujara movie debute🤣🤣🤣,2,2026-06-02T16:07:19Z,candidate
UgyCZ0Q25Y9ciLoDmVd4AaABAg,YiUCjL21zHA,"Way to go, Deep and Jaymin. Congratulations to the both of you, and the entire team. Waiting for the film now.",0,2026-06-02T12:49:00Z,candidate
Ugxkst9Wi2RJeeMkz1x4AaABAg,YiUCjL21zHA,⁠a perfect father’s day film ❤,108,2026-06-02T12:30:34Z,candidate
UgxU05iP6vSbJZ00Ttl4AaABAg,YiUCjL21zHA,👍🏻,0,2026-06-02T12:30:26Z,candidate
Ugza4Ch0uxpo1mCuIxZ4AaABAg,YiUCjL21zHA,"Absolutely jordaar.!!

Bau loko na emotions upar lavshe :-D",0,2026-06-02T12:11:50Z,candidate
Ugy-hlvRT4KkD0Cck5R4AaABAg,YiUCjL21zHA,A kon sa language hai bhai bc hindi me dalo na warna mat dalo bc,0,2026-06-02T11:17:30Z,candidate
UgxYQbfj7YGAOj79ual4AaABAg,YiUCjL21zHA,Because of Apoorva Mehta.,0,2026-06-02T11:17:30Z,candidate
UgxEjcgtfxQTp7By37t4AaABAg,YiUCjL21zHA,Siddharth sir+aarti mam❤,12,2026-06-02T10:44:34Z,candidate
Ugzv9Hxaak7DecDhFy54AaABAg,YiUCjL21zHA,Best movie for father's day 🎉❤❤,0,2026-06-02T10:09:16Z,candidate
UgzYQXQtgR76O1Q74DF4AaABAg,YiUCjL21zHA,Siddhaarth sir ❤❤,1,2026-06-02T09:56:03Z,candidate
UgxeiOH6yMcK3wX2MFJ4AaABAg,YiUCjL21zHA,Amazing one perfect release date on father's day,3,2026-06-02T09:14:21Z,candidate
UgzivObgBld483P7dc14AaABAg,YiUCjL21zHA,Jordar ❤️❤️❤️❤️👏👏👏👏👏👏,0,2026-06-02T09:07:38Z,candidate
UgzUiwdZPWh6cVWI5dl4AaABAg,YiUCjL21zHA,Made me a little emotional remembering what the small things i did for my Father... Very Good trailer & really looking forward to seeing the film in theatre....  Congrats Deep & Jaymin...,4,2026-06-02T08:59:23Z,candidate
Ugy3HRmVPcVjkiadS7Z4AaABAg,YiUCjL21zHA,dharma x gujarati cinema x siddharth sir absolute cinema!!!,38,2026-06-02T08:49:37Z,candidate
UgwiglwY_vfoHQU6Rbh4AaABAg,YiUCjL21zHA,First comment 😂😂😂😂😂😂😂,0,2026-06-02T08:40:26Z,candidate
UgwaJavsrvOqYatLLuF4AaABAg,dqW9M64ueUQ,Sehj pan maja nathi film ma. Bahu boring ane slow che,1,2026-08-07T04:00:00Z,candidate
Ugy9IDifBBdCQO-ydKV4AaABAg,dqW9M64ueUQ,Very genuine rewiew,0,2026-08-05T13:13:53Z,candidate
UgxpsQe-Tv4nv8URHDJ4AaABAg,dqW9M64ueUQ,"Sonuds nathi barbar, eco thai che",1,2026-08-01T03:22:01Z,candidate
UgyIL16NSawMm3Y6jcN4AaABAg,dqW9M64ueUQ,boring reviw taro vipul,2,2026-07-31T12:07:19Z,candidate
UgzxXUSlw-4wnx_hLrJ4AaABAg,rYgP8WsFrAk,Good 👍,2,2026-05-06T01:56:28Z,candidate
Ugz9uuRu_mLMaudur2N4AaABAg,rYgP8WsFrAk,Jordar bhai 😮,2,2026-05-05T16:47:41Z,candidate
Ugy0u_EZHnPiCuB178R4AaABAg,rYgP8WsFrAk,❤❤❤,1,2026-05-05T16:09:51Z,candidate
Ugw9F4hImpTLNr8U-3V4AaABAg,rYgP8WsFrAk,😍👉🏻 jordar bhai,2,2026-05-05T15:57:32Z,candidate
Ugxr-QM841Zr0RJEs7R4AaABAg,rYgP8WsFrAk,❤,2,2026-05-05T15:56:53Z,candidate
UgzPt5HytYUuiLqcdfp4AaABAg,rYgP8WsFrAk,Very good review,5,2026-05-05T06:22:31Z,candidate
UgwqVON5FXJbyBL6POJ4AaABAg,QzAdQlBBosE,❤ Vikram Bhai thakor movie review karo,0,2026-08-05T07:45:47Z,candidate
UgxI0woJpCWAwH0ffyh4AaABAg,QzAdQlBBosE,🤣🤣🤣🤣,0,2026-07-25T07:09:56Z,candidate
Ugx7XO1POD4lTU8psiJ4AaABAg,QzAdQlBBosE,😅😅😅😅😅😅,0,2026-07-24T08:52:09Z,candidate
UgwjxBXnbELMhhag62V4AaABAg,QzAdQlBBosE,"How they write a film😂.. Jo bhai gadi udshe ne dhadam karti padshe. Ane hero aaveshe.. Badha udi jashe..
Badha WOOOOOOOWWW..",1,2026-07-24T06:36:42Z,candidate
UgygcFaL53bKFcEM8xJ4AaABAg,QzAdQlBBosE,State of rama dhani,0,2026-07-24T06:18:03Z,candidate
Ugze0LZh9BiacFg1yBJ4AaABAg,QzAdQlBBosE,Swimwear not good if show more w it will be  black buster,0,2026-07-24T05:42:08Z,candidate
UgyCvDBcqXjHmxQZbDd4AaABAg,QzAdQlBBosE,😂😂😂😂😂😂 shaatir che badhaj,0,2026-07-24T05:19:29Z,candidate
UgzFRokJQkwUPpykyEt4AaABAg,_1amtHQegCA,Saras film che maja aavi 👌👌👌👌👌,0,2026-06-21T11:34:02Z,candidate
UgxK5-Lkpkdwv_6LOxV4AaABAg,_1amtHQegCA,*Siddharth Randeria ni koi film flop nthi 😊*,2,2026-06-19T14:12:23Z,candidate
UgzPiSKjmYz8RGTaxgJ4AaABAg,_1amtHQegCA,Bakvas movie che yaar,1,2026-06-19T14:11:42Z,candidate
UgykI6WYRcjGJob_WoJ4AaABAg,_1amtHQegCA,Bhai khota review apvana bandh karo yaar industry maff nahi Kare tamne yaar plz,1,2026-06-19T14:11:18Z,candidate
UgwWLQuN4nz1RepNLv94AaABAg,_1amtHQegCA,hindi film waqt (amitabh ane akshay kumar starrr) ni copy,1,2026-06-19T12:23:50Z,candidate
Ugy3fapZF8-rpIrDw5t4AaABAg,FCrw1xK3Ue8,Maaf karjo pan aa Film sehj pan intersting nathi. Bahu j slow movie che.,0,2026-08-07T03:57:16Z,candidate
UgzF0j8juvqQzRO0OEF4AaABAg,FCrw1xK3Ue8,Pakku karjo spoiler vado video,1,2026-08-01T12:47:49Z,candidate
UgwQ3ETbIDuzC9wctmR4AaABAg,FCrw1xK3Ue8,❤,1,2026-08-01T12:33:58Z,candidate
UgwyC-EnriLsNFYGYNt4AaABAg,FCrw1xK3Ue8,Sir honestly kehjo tamne nathi gami ne ?,0,2026-07-30T10:50:04Z,candidate
UgyVR1f2ZwqvfaLPCV94AaABAg,FCrw1xK3Ue8,nice video,1,2026-07-30T08:19:51Z,candidate
UgxF-ZjXSHLSkX4BMad4AaABAg,FCrw1xK3Ue8,Thank you for your feedback 🎉,4,2026-07-30T07:51:41Z,candidate
UgzhMAxAuq1KBTzDwTR4AaABAg,FCrw1xK3Ue8,🎉🎉🎉🎉🎉,2,2026-07-30T06:05:43Z,candidate
UgwMLqmdSvbGMcFgQPp4AaABAg,EysKGg_ydDI,Bakvas movie Ame  joee Lidhi movie,0,2025-11-13T18:21:22Z,candidate
UgzhzFXVAWOk6PKe3OZ4AaABAg,EysKGg_ydDI,Movie Ma kharab Bhasa Bolva ma Aavi chhe nana balkone mate LAKHOTA  shabd Vapryo chhe,0,2025-11-13T18:19:08Z,candidate
Ugw4SORqUURfCNPeswF4AaABAg,EysKGg_ydDI,"Story , screenplay acting direction bov j bekar hati suy gayoto movie joy ne ....gani 6 var hasyo...ek dam magaz vagar ni movie hati ...logic kai che...rixa lai ne bhagaya che helicopter ma nathi bhagaya to pakdai na jai...bank vala ma pn magaz nathi...me pn gana badha loko ne hata bov ocha loko hasta hata..",0,2025-11-08T17:43:53Z,candidate
UgxzkOgmkyHOmcyuX_p4AaABAg,EysKGg_ydDI,Ott update?,0,2025-10-29T18:04:13Z,candidate
Ugy-G4hy3ifzd77ZL-V4AaABAg,EysKGg_ydDI,Su bachi gaya koyi Dar nato. tu kya feke che. Filam to chalvani hathi. Filam bajet 10 cr che bhai khali tara jeva ne 1 hajar aapya che to Bija ketala hase,0,2025-10-27T02:29:55Z,candidate
UgxHCWwrDjzArqGhGpl4AaABAg,EysKGg_ydDI,Post starma,2,2025-10-26T19:25:26Z,candidate
UgyyU5LPISROk79Q9oJ4AaABAg,EysKGg_ydDI,Vikram no.1.best,3,2025-10-26T02:45:21Z,candidate
Ugx_UnajJb0Fqb2p5Q94AaABAg,EysKGg_ydDI,Jagat movie and bhram movie ott par kyare aavse?,2,2025-10-25T04:43:15Z,candidate
Ugzg7zUJp5QnSyLsOm94AaABAg,EysKGg_ydDI,Khota Vakhan na karso tame aa movi na thik che Gamdama but paheri ne loot karva jay che te yogy lage che Director ne pan khabar ne pan jaan nathi ke village ma ledish but vagere nathi pahera ta abhan che to pan samje che Etle aa badhu Review ma tame khota cho Ena karta pramnik Ta video karo khoti vaah vaah na karso tame End Saru nathi Etale vadhare padtu Saru na bolso je Sachu hoy Te bolo,0,2025-10-24T19:00:59Z,candidate
Ugy1SGmyVGEYjV3MInB4AaABAg,EysKGg_ydDI,"Sir, I’m genuinely disappointed this time. The film is just average — it depends entirely on marketing magic rather than offering a real cinematic experience. Honestly, Thamma was far better than this mindless and pointless film.

Yash sir is undoubtedly a talented actor, but if he truly wants to grow into a great artist, he should consider distancing himself from these producers who are simply cashing in on his name. In this movie, his dialogues sounded exaggerated and overconfident, which made the character feel unnatural and forced.

The storyline lacked any solid foundation or logic. Why is a teacher suddenly taking such actions in a random village, and why do the villagers agree so easily? The mall scene — where Yash’s character takes someone’s baby without reason — was completely absurd. The dialogues were illogical, and none of the female characters stood out; perhaps they were overshadowed by Yash’s over-the-top portrayal.

Overall, this film is built on pointless writing and direction with zero logic or emotional depth. It’s hard to believe it was made by Jay Bodas, the same filmmaker who gave us Fakt Mahilao Maate, a genuinely good film. Sadly, it feels like many are now prioritizing money over meaningful storytelling.

Producers like Vaishal Shah are, in fact, more harmful to the Gujarati film industry than others — because he has the power and resources to create truly great cinema, yet he chooses to settle for making mediocre, mindless films that survive purely on marketing gimmicks. It’s disappointing to see such potential wasted.

I now have even greater respect for filmmakers like KD, Abhishek Shah, and Manish Saini — they stay true to their craft and consistently bring something fresh and thoughtful to the audience.

As for Vaishal Shah’s claim of making a ₹100 crore Gujarati film — with this kind of substandard work, that seems impossible. And I must say, I’m also disappointed with the reviewers; this film is, at best, moderately entertaining and deserves no more than 2 to 2.5 stars.",1,2025-10-24T03:44:19Z,candidate
UgxAe379EAQJuy4g8YV4AaABAg,EysKGg_ydDI,Sir aa film ni budget ketlu che ???,0,2025-10-23T11:18:30Z,candidate
UgyeoqixvyWItJM2Y794AaABAg,EysKGg_ydDI,❤,0,2025-10-23T10:12:41Z,candidate
UgzsxtJheUdwbCrl3r94AaABAg,EysKGg_ydDI,Kya theatre ma jaav tame,0,2025-10-23T01:43:26Z,candidate
Ugzpe58muLsrNrbgYyF4AaABAg,EysKGg_ydDI,Bhai Show bandh 6 ano video banavo replay pan deta nahi Diya cinema Anand Chek kari reply karajo,2,2025-10-22T17:34:22Z,candidate
Ugzpa9mv4qGt5XeoD3d4AaABAg,EysKGg_ydDI,"Where is kd in movie ( I unable to find,) please u tell",0,2025-10-22T17:04:20Z,candidate
Ugytmc4de_qgZth6jGJ4AaABAg,EysKGg_ydDI,Bhai show bandh 6 vikram thakor nu film chalave 6 all screen par maare dhakko thayo Aanand Cinema ma,1,2025-10-22T16:35:59Z,candidate
UgxJqat2fFbhLQUjTfF4AaABAg,EysKGg_ydDI,"Best movie, tight screenplay, best editing, no boring scenes, best acting, Best direction l, overall like  a south movie touch. No any bakvas. Full enjoyment..paisa vasool movie...",1,2025-10-22T16:16:46Z,candidate
Ugz0zylbudhUPYnxAfJ4AaABAg,EysKGg_ydDI,Very nice movie....Diwali par gujarati movie and pachhu yash soni nu ..... superb,1,2025-10-22T13:28:14Z,candidate
UgwPoWmzs911JDjLaVF4AaABAg,EysKGg_ydDI,Bogus movies,2,2025-10-22T07:59:36Z,candidate
Ugy8FebtR29fPXqqjgN4AaABAg,EysKGg_ydDI,Jay Mataji karta sari chhe evu ek Jan e kidhu hatu,1,2025-10-22T04:44:38Z,candidate
Ugw3z5tMwS6VahTTikV4AaABAg,EysKGg_ydDI,Super bro video,1,2025-10-22T02:21:22Z,candidate
UgwP42iojVPwrcLPL0d4AaABAg,EysKGg_ydDI,"Bhai vash level 2 Netflix par release thai gayi chhe, in my opinion it's a proud moment for us because vash level 2 is the 1st gujarati movie on Netflix but I have a question, makers to kehta hata ke OTT release nai thai??",6,2025-10-21T20:07:47Z,candidate
UgyOhrJXWybHywCMX3J4AaABAg,EysKGg_ydDI,Komal Nahata a 1st time aa Gujarati movie no review karo😂 shocking 🤷‍♂️,0,2025-10-21T18:55:11Z,candidate
UgxZ88hWCNXpcPlPu-p4AaABAg,EysKGg_ydDI,🎉 Nice Review 🎉,0,2025-10-21T18:13:53Z,candidate
UgzsGdDTQFaoOIJkHRt4AaABAg,EysKGg_ydDI,Chalu karo vah vah karvanu,0,2025-10-21T17:23:49Z,candidate
UgzRupafxAhy835ZvEh4AaABAg,EysKGg_ydDI,Amare pan have jova javu chhe 😅,0,2025-10-21T17:18:21Z,candidate
UgzsZrROZv8Gv-OF5xh4AaABAg,EysKGg_ydDI,Aa film ma comedy sari che ane darek charector ne purti rite batava ma aaviyu che ane khass film jevi chalu thay em bhagti jaay che jaldi jaldi involve kari nakhe che film ena ma mane morning ma film jovi hati pan ticket na mali to night show jovo padyo,2,2025-10-21T16:56:25Z,candidate
UgzMU8I9gNbB9KITzpd4AaABAg,EysKGg_ydDI,Jova to javanij.......,0,2025-10-21T16:09:18Z,candidate
UgwiizaM1g6CKE_yeMl4AaABAg,EysKGg_ydDI,"aa chutiyu che Vikram thakor ne target karine view vadhare 
Tara joya che main videos tara char jana nu groop che garv thi vipul ne e badha tu loda review chodi de tu khali cinema print joi ne review karva bese che tu gujarat ma reto nathi to te movie joi khari vikram thakor ni to pachi joi ne aav beta pachi review kar je chodu na banayis loko ne baki tane bov moku padse",0,2025-10-21T15:59:45Z,candidate
UgzU-OJ1drPHayZMS554AaABAg,EysKGg_ydDI,❤,0,2025-10-21T15:36:50Z,candidate
Ugyywt5cMIo0ENlpkFN4AaABAg,EysKGg_ydDI,Very nice review,2,2025-10-21T15:31:25Z,candidate
UgxkehrehzsEXrPz2wl4AaABAg,EysKGg_ydDI,Visangar ma to vikarm thakor ni film chale se bhai 🎉🎉,4,2025-10-21T15:13:36Z,candidate
UgyGmzpKr5eH6b4MMF14AaABAg,udwW5O5CMBI,Unique super movie 👏🏻👏🏻🔥,0,2026-07-02T08:13:08Z,candidate
UgxuDUSvaacP3z0GV5R4AaABAg,udwW5O5CMBI,Thank you sir tame aa  revwu aapyu ej amara mate bahu vat se 🎉❤❤,1,2026-06-29T15:25:30Z,candidate
Ugw6qzDqk3wwkQmihyZ4AaABAg,udwW5O5CMBI,Amari baju to screen j nathi aapi😢😢,0,2026-06-29T04:39:14Z,candidate
UgxzlV8of8yPUkHQP2N4AaABAg,udwW5O5CMBI,Ek dum bakvas movie che,2,2026-06-26T19:14:36Z,candidate
Ugyvn-DZtY_Bw9LRL0R4AaABAg,udwW5O5CMBI,गोधरा नहीं दाहोद में सूटिंगहुआ हैं ओर डायरेक्टर भी दाहोद से बिलॉन्ग करते हैं,1,2026-06-26T18:51:30Z,candidate
UgzPe9ZoKOWKd2aNXP54AaABAg,udwW5O5CMBI,Stet of ramdhani super hit muvi,1,2026-06-26T14:25:24Z,candidate
Ugzznxy5bORsKYd1nbh4AaABAg,udwW5O5CMBI,"ખોટી vaat છે Lalo movie ma koi mega start nata toy chali gai ..
ગુજરાતી મૂવી મેકર કાંઇક અલગ બનાવે તો ચાલે ને 😊😊",2,2026-06-26T14:10:11Z,candidate
Ugzeho6aSrUrFj8W__V4AaABAg,udwW5O5CMBI,❤,2,2026-06-26T13:15:54Z,candidate
UgyNTfwjr-RioHVuO954AaABAg,udwW5O5CMBI,Unique movie 🎥,3,2026-06-26T12:34:20Z,candidate
UgxcJx8WvVjcpFkK2Uh4AaABAg,udwW5O5CMBI,❤,3,2026-06-26T12:12:42Z,candidate
Ugx8REM-w2qsEdyx8y94AaABAg,OOZQBFf2UK4,Silent Superstar Alok Thaker ni panipuri avi rahyi che so versatile actor sir,0,2026-07-10T13:44:00Z,candidate
Ugw608Xj5wnXRlZgdO54AaABAg,OOZQBFf2UK4,Comment karvanu nahi bhuliye 😊,2,2026-07-10T12:51:48Z,candidate
UgxGBYnF36IyDh5ikTl4AaABAg,jxKJf_nVkmU,👍,0,2025-09-15T05:36:12Z,candidate
UgywCwRbRs8_OVM-72l4AaABAg,jxKJf_nVkmU,🎉🎉,1,2025-09-07T07:29:16Z,candidate
UgxtFh0NDSgRWrZQf_J4AaABAg,jxKJf_nVkmU,👌👌👌,1,2025-09-06T15:33:29Z,candidate
UgwlU7dV7Dvk9EZ8od14AaABAg,BMxpWLTDJMw,"True 👍 ✔️ yes I agree with you , details apvi joie and yes jhanvi acting khub saras che Danish also done good",0,2026-04-19T05:53:19Z,candidate
Ugw8j0f_-xELHbuoaK54AaABAg,BMxpWLTDJMw,Where winds meet and delta force,1,2026-03-06T01:30:33Z,candidate
UgyhWumRSBS8AvWxgQl4AaABAg,BMxpWLTDJMw,Thanks to hu nathi jati jova😂😂,1,2026-02-25T14:13:47Z,candidate
UgwjHLeFHdT1VKqMOAp4AaABAg,BMxpWLTDJMw,thanx paisa bachi gaya 🎉🎉,0,2026-02-24T19:16:33Z,candidate
UgyNC1Vi2OkigSMHa994AaABAg,BMxpWLTDJMw,ટ્રેલર joi ne જોવાનું man no thyu,0,2026-02-24T04:04:24Z,candidate
UgxFk_jN--giK_9PHCp4AaABAg,PgB-guws_hE,Karela story 2 😭,1,2026-03-05T19:23:56Z,candidate
UgzgHJWcjyy9sB1P0cF4AaABAg,PgB-guws_hE,aa film sari se hu bov ochi movie jov chu mane sari lagi,1,2026-03-04T07:17:45Z,candidate
Ugz-AH7TIwFUIpQWkoN4AaABAg,PgB-guws_hE,Kitna jahel log hai salo ne kitna jaher felava na stnat rame se,0,2026-02-27T10:30:09Z,candidate
UgzEWzUIPura1tJz_-J4AaABAg,PgB-guws_hE,Ekdum mast movie se 👍,1,2026-02-26T18:24:47Z,candidate
UgxeNSnZsSvuTlhEced4AaABAg,PgB-guws_hE,Super movie,1,2026-02-22T11:11:33Z,candidate
Ugy6ip8CwP2Tf_Bj4rp4AaABAg,PgB-guws_hE,"Khub j mast movie se.
Reality batavvama aavi se.
Film jarur jojo",1,2026-02-21T18:58:43Z,candidate
Ugyh4rmoUzN3MlgPSUl4AaABAg,PgB-guws_hE,"Love jehad.... Aavu kai che j nahi.... 
Aa  BJP  &  godimedia no  khel che.. 😂",0,2026-02-21T15:10:20Z,candidate
UgyRYBkS3bxdXdPUbmN4AaABAg,PgB-guws_hE,Pan muslim vagar india nu Raj niti adhuru,0,2026-02-21T10:17:49Z,candidate
UgwtuqfaGCMmof48qc54AaABAg,PgB-guws_hE,Show kya hoi j chhe. Ghana city ma. To aavi ne chalyu jase movie kone khabar kyare aavyu ne kyare gyu.,1,2026-02-21T07:12:27Z,candidate
UgwVC-lv69gi_GKYZW54AaABAg,KLVOemDHWSg,Film maa pan dam nathi..,0,2026-07-15T11:45:44Z,candidate
Ugxo9PX470yt1AdDkn14AaABAg,KLVOemDHWSg,Kadaknath movie thi kai problem se kem review nahi karta,0,2026-06-26T15:02:39Z,candidate
UgxL8pzU9MLN4ttO02p4AaABAg,KLVOemDHWSg,"Karna johar a paisa nathi rokya.. ene kadach paisa lidha hase.. Because Gujarati filmo a to distribution mate pn Rs. aapva pade chhe !!
Dharma is JUST the presenter of the film having responsibility of marketing, publicity, distribution support, etc.

Emnu name use thayu chhe marketing mate just because it's a big name. 

Same example - Tamburo film varsho pehla aavi hati jene Rohit Shetty a present Kari hati.",1,2026-06-24T13:42:46Z,candidate
UgyZVIseNaR9G0u4Vk14AaABAg,KLVOemDHWSg,🎉,0,2026-06-24T07:29:12Z,candidate
UgzJMGIq5bVSlrSeky14AaABAg,KLVOemDHWSg,Movie to saru j che bhai & ketla pappa ne chokra o ni real life sathe aavu thatu hase,0,2026-06-24T04:41:37Z,candidate
UgzNqpHQUstbVsoL--V4AaABAg,KLVOemDHWSg,Sache j khusbu ice cream hatu sponsor tamara video nu😮😮,0,2026-06-24T04:04:58Z,candidate
UgyN4FmAfDV9v3_Q93R4AaABAg,KLVOemDHWSg,"Tamaro review ek dam perfect chhe bhai.
Bakwas movie chhe. Total waste of time. Siddharth sir ni fan hu pan chhu. Pan aa moview bau bekaar ane vahiyaat chhe. Topic saro chhe pan ene present evi rite karyo chhe k em thay kyare pate ne ahi thi bahar jaie. 
Hve writer kon chhe e check kari ne movie jovi padse🫣",2,2026-06-24T03:27:47Z,candidate
UgzWwbrVxg9Ku6snIvB4AaABAg,KLVOemDHWSg,Kadaknayh review,1,2026-06-24T02:50:36Z,candidate
UgxvmuoatyGuitTbnlF4AaABAg,KLVOemDHWSg,cinevood mathi download kari ne,1,2026-06-23T18:28:55Z,candidate
UgzfYUob_ASS2pBKzlR4AaABAg,KLVOemDHWSg,"Thank you 🙏🙏🙏 
આભાર 🙏🙏🙏",0,2026-06-23T17:12:54Z,candidate
Ugzhu1_VPz1hPzK5_L14AaABAg,1DT1cvEo3N0,Bhai tara mara java mafatya vadhi gya film utrij jay ne,0,2026-07-18T05:12:57Z,candidate
UgzVudSg_FRk8MuMW294AaABAg,1DT1cvEo3N0,Badhuj gambhir che,0,2026-07-10T05:38:31Z,candidate
UgwrdKqhXt6xhE8HfBl4AaABAg,vDXkdal4UmQ,FILMMUVEHDOK,0,2026-08-11T07:38:21Z,candidate
UgzPBN1R4kZ2sgLmwKR4AaABAg,vDXkdal4UmQ,"This is the peak level of gujarati content.❤❤
love this web series.❤❤",0,2026-06-24T10:03:46Z,candidate
UgwnRLjdjhgSqWowOfR4AaABAg,vDXkdal4UmQ,"Sara ali khan, Akshay kumar, Dhanush....Atarangi re movie no concept,  but sari acting kari che ! Kaik unique storyline hot to vadhare saru hot...",0,2026-06-23T03:04:31Z,candidate
Ugy53cQLbjTtRzUuKfV4AaABAg,vDXkdal4UmQ,"This one I just watched gave me goosebumps. After the wrong side Raju this one gave me thrills. The entire caste, background score and everything else is pitch perfect. Mitra Gadhavi is also good in Naan khatai.",0,2026-06-20T05:36:43Z,candidate
UgxuED4cV4ZBI4VM8Cl4AaABAg,vDXkdal4UmQ,Filmmuveeokhd,0,2026-06-16T12:09:18Z,candidate
Ugx7WE_lqnxhBhVPFoJ4AaABAg,vDXkdal4UmQ,Jordar 😂,0,2026-06-12T14:57:28Z,candidate
Ugxi7MuZ0lTSehPw1G14AaABAg,vDXkdal4UmQ,Vikram thakor nu song chhe aama,0,2026-05-28T12:28:24Z,candidate
UgwixE6Psi6CDx1HrEl4AaABAg,vDXkdal4UmQ,"Sonau , tane mara par bharosa nai k??😅",0,2026-05-27T09:48:10Z,candidate
Ugy_9-R_ObqpXcS1N6t4AaABAg,vDXkdal4UmQ,Superbb🎉,0,2026-05-26T17:00:42Z,candidate
Ugy6r-3802qgodyjYYp4AaABAg,vDXkdal4UmQ,Link moklo ne,0,2026-05-26T13:45:55Z,candidate
Ugym3puds1rcAxwPKTl4AaABAg,vDXkdal4UmQ,Gujarati films day by day 👍🏻,0,2026-05-26T07:38:09Z,candidate
UgxYxjYgXCUB0G0eWTl4AaABAg,vDXkdal4UmQ,Nava actors ni bou jarurat che. Ek ne ek actors badhi movies ma aave che. Sometimes it is frustrating.,1,2026-05-18T18:09:26Z,candidate
UgxBilxGxtbnBqFhVUN4AaABAg,vDXkdal4UmQ,Already Iccha Nahi Lagan Ni Aavu Joine Saav Mari Gai Iccha 🥲😭,1,2026-05-17T07:01:15Z,candidate
UgxctLOwflOt7wKUqPh4AaABAg,vDXkdal4UmQ,"Bestttt series ever, you must have to watch once❤",0,2026-05-16T10:36:29Z,candidate
UgxoQZOYKuVUggVIGL94AaABAg,vDXkdal4UmQ,Jordar laya bapu,0,2026-05-15T13:31:25Z,candidate
Ugyqs7h0l-oEu5F1LRp4AaABAg,vDXkdal4UmQ,Laya ho bapu jordar ... ❤❤,0,2026-05-14T17:56:08Z,candidate
UgxfvftgJ4WJbI6CuBl4AaABAg,vDXkdal4UmQ,Ha gadhvi,0,2026-05-14T15:25:29Z,candidate
UgxuUTheF214z6wYmYx4AaABAg,vDXkdal4UmQ,It's amazing new things in Gujarati films,0,2026-05-13T06:38:18Z,candidate
UgwJlwaNXluSAZJNYsd4AaABAg,vDXkdal4UmQ,👌,0,2026-05-12T06:14:46Z,candidate
UgyMllV9rZKjxez3wZ94AaABAg,vDXkdal4UmQ,Mare nathi karvu aani bhegoo🌚🌝👽,0,2026-05-11T17:02:44Z,candidate
UgyebYcYzLQuY4imJY94AaABAg,vDXkdal4UmQ,mast @ettonightin lol,0,2026-05-11T09:25:32Z,candidate
Ugxl4Sc7_UBN-Q5vyMJ4AaABAg,vDXkdal4UmQ,Filmmueeok,1,2026-05-10T02:29:11Z,candidate
UgxQ1VVS6nJjOzDjLKx4AaABAg,vDXkdal4UmQ,Vfiuveeok,1,2026-05-10T02:28:59Z,candidate
UgxjM-k8g29oolu8llN4AaABAg,vDXkdal4UmQ,Mitra yar kharekhar jordar ho Mitra. Ane Esha yar su kahu tamara performance nu. ❤❤❤  Just loved it.,0,2026-05-09T17:04:34Z,candidate
Ugxca91xUSzmg8LATst4AaABAg,vDXkdal4UmQ,"Mitra Gadhvi started with comedy.. but in last few years e Suspense, thriller ma bahu jamyo chhe!! Keep it up such excellent work!",1,2026-05-09T10:04:13Z,candidate
UgyG7Ed3rryXmclXr8d4AaABAg,vDXkdal4UmQ,ગુજરાતી movies malyalam movies jevi 100 varshe bhi nahi thaay. malyalam movies jovo ek thi ek kevi movies banave chhe,0,2026-05-09T09:04:31Z,candidate
UgzZJmfB2-MFJrMD0xl4AaABAg,vDXkdal4UmQ,Something new from gujju industry... Vey good,0,2026-05-09T08:18:14Z,candidate
UgwcklhYlzHwHZc4iz54AaABAg,vDXkdal4UmQ,Missing movie nu Kai karo,0,2026-05-09T07:09:24Z,candidate
Ugx5Dx2bbx2JdXt7RSx4AaABAg,vDXkdal4UmQ,When secon part come of hun iqbal movie,0,2026-05-09T06:34:35Z,candidate
Ugzf-Xzj6ZIWeFCGzqp4AaABAg,vDXkdal4UmQ,"The trailer for Kajodu features several intense and meaningful dialogues that set up the mysterious plot. Here are some of the key lines in Gujarati:

The Marriage Proposal: The broker talks about the deal, saying, ""કાંઈ પૂછવાની જરૂર નથી, સીધા લગન"" (0:55) — No need to ask anything, direct marriage.
The Suspicion: The groom expresses his growing doubt, asking, ""તને મારી ઉપર વિશ્વાસ છે કે નહીં?"" (1:29) — Do you have faith in me or not?
The Missing Person: The desperate search for the bride is highlighted when he asks, ""સાહેબ મારી ઘરવાળી ક્યાં વહી ગઈ છે?"" (1:47) — Sir, where has my wife gone?
The Mystery: There is a tense moment where he reflects on his situation, stating, ""દુનિયાને પૂછી લીધું પણ મારા મનમાં..."" (2:08) — I asked the world, but in my mind... (referring to the confusion about his wife's disappearance).

These dialogues capture the transition from a desperate man seeking a quick marriage to someone caught in a web of deceit and mystery.'કાજોડુ'ના ટ્રેલરમાં ઘણા તીવ્ર અને અર્થપૂર્ણ સંવાદો છે જે રહસ્યમય પ્લોટને સ્થાપિત કરે છે. અહીં ગુજરાતીમાં કેટલીક મુખ્ય પંક્તિઓ છે:

લગ્ન પ્રસ્તાવ: દલાલ વાત કરે છે",0,2026-05-09T02:50:15Z,candidate
UgwQbS0y4Z_E9Fa_AP14AaABAg,vDXkdal4UmQ,Kaik hatke laviya ho..,1,2026-05-08T15:25:14Z,candidate
UgwQsDVtKyDtOz2eLGB4AaABAg,vDXkdal4UmQ,Superb,0,2026-05-08T15:18:48Z,candidate
UgxLMYTrX6FADa61JeB4AaABAg,vDXkdal4UmQ,Hope this movie does not dissapoint,1,2026-05-08T13:57:50Z,candidate
Ugw5769Qg_bBPNtaICV4AaABAg,vDXkdal4UmQ,Aaji vakhat kai navu laya che gujrati movie vada,0,2026-05-08T09:28:22Z,candidate
Ugy-hBWg-8CKhB-unsB4AaABAg,vDXkdal4UmQ,Exited for this one 70Mm to Ott 💪💪💥💥💣,3,2026-05-08T08:12:43Z,candidate
UgziwHB5mKp-9UAQihl4AaABAg,vDXkdal4UmQ,Aa to theatre ma release karva jvu movie che,0,2026-05-08T07:13:03Z,candidate
Ugxon4ZYpkZu3rHSIO14AaABAg,vDXkdal4UmQ,"superbbbbbbbb , something new thissss timeeeee",0,2026-05-08T06:50:30Z,candidate
UgzOGPH0nVW1D_Z6qiR4AaABAg,vDXkdal4UmQ,Jovu j  padse bhai ...,2,2026-05-08T06:20:41Z,candidate
Ugxn3oQiCMYXL0OzB0V4AaABAg,vDXkdal4UmQ,Ashram ni inspired??,1,2026-05-08T06:02:39Z,candidate
UgycNErS93q6ABzYefp4AaABAg,vDXkdal4UmQ,❤❤❤❤❤,0,2026-05-08T05:05:06Z,candidate
UgxwaY4okg7GUSIJQnl4AaABAg,vDXkdal4UmQ,Amazing Trailer. waiting for the Show,1,2026-05-08T03:55:54Z,candidate
UgylOg4faG1GjsHNpsN4AaABAg,vDXkdal4UmQ,https://youtu.be/DQb9DSdm66A?si=aTU6T31FQAarzK2v,0,2026-05-08T03:22:37Z,candidate
UgwTLfoLrdw8YFn7ApZ4AaABAg,vDXkdal4UmQ,❤,1,2026-05-08T02:01:38Z,candidate
UgyU0yhgmH2v7T8XGT94AaABAg,vDXkdal4UmQ,"chello diwas has created an entire lot of star, long way from mitra from chello diwas to such movie, all the best",6,2026-05-07T21:43:43Z,candidate
Ugw1uT42WZHkw6-TRbZ4AaABAg,vDXkdal4UmQ,❤,0,2026-05-07T20:38:56Z,candidate
UgwBrbJfeHmWNONCxaJ4AaABAg,vDXkdal4UmQ,"Laya ho baki, ek number 👌🏻",0,2026-05-07T17:28:25Z,candidate
Ugx9Lz7ckMLFkOeYs954AaABAg,vDXkdal4UmQ,Haseen dilruba ni remake lage che !!!,1,2026-05-07T17:26:38Z,candidate
UgwJsFzqbubKYXOoMr94AaABAg,vDXkdal4UmQ,"Gone Girl ni sathe 2-3 movies nu mixture chhe, pan starcast evi chhe ke jovani maja aai jase.",0,2026-05-07T17:22:30Z,candidate
UgwaqE65-C-foQchlhh4AaABAg,vDXkdal4UmQ,Bhavesh Nam J Mdyu tmne 🤣🤣🤣,0,2026-05-07T14:36:42Z,candidate
UgznfQ1prrr1IXdVwQp4AaABAg,vDXkdal4UmQ,GAZAB ❤,0,2026-05-07T14:23:12Z,candidate
UgzfS74nBMP7DR-eOHF4AaABAg,vDXkdal4UmQ,Ek naber hoo,0,2026-05-07T14:12:59Z,candidate
UgwV8usxM4G4ouOz2QR4AaABAg,vDXkdal4UmQ,Gajab trailer baki!! Series pn gajab j hase.🤩,0,2026-05-07T14:03:54Z,candidate
UgyfAI0QRJwuMSdfCgV4AaABAg,vDXkdal4UmQ,This level only expected from V3 🎉,4,2026-05-07T14:03:24Z,candidate
UgyC2msbKdFUrVfaF9h4AaABAg,vDXkdal4UmQ,Laya Baki 😂😂,2,2026-05-07T13:25:16Z,candidate
UgzgWUwqFp9dJlM5HJd4AaABAg,vDXkdal4UmQ,Feels Great.... Jordaar,0,2026-05-07T13:22:44Z,candidate
UgzGFZVwkx1ZtQCm6r54AaABAg,vDXkdal4UmQ,wow new kind of story...,2,2026-05-07T13:13:23Z,candidate
UgxryuBRpRpeJ0UknIF4AaABAg,vDXkdal4UmQ,Bhai hu ikbal no 2 bhag lavo,0,2026-05-07T13:08:49Z,candidate
Ugw5YWFBN2kaJyzFmzF4AaABAg,vDXkdal4UmQ,Looks impressive,2,2026-05-07T12:59:21Z,candidate
UgylDN0VIsNSjwUCTy94AaABAg,vDXkdal4UmQ,Nice and new story🎉,0,2026-05-07T12:54:53Z,candidate
UgyM4ameosqcuk_xWO14AaABAg,vDXkdal4UmQ,Excellent,0,2026-05-07T12:50:04Z,candidate
UgwMs43iCU-rthP8dMx4AaABAg,vDXkdal4UmQ,Mohil bhai 🎉,0,2026-05-07T12:49:43Z,candidate
Ugyph6ZtCaSw2EyLByh4AaABAg,vDXkdal4UmQ,"Interesting, the trailer cut was amazing I was looking forward to watching this movie on the first day premiere 🎉❤",1,2026-05-07T12:48:31Z,candidate
UgyvcTcultKiPeLEpwB4AaABAg,vDXkdal4UmQ,❤,0,2026-05-07T12:43:43Z,candidate
UgxrqpiiuJLHTpjvBJx4AaABAg,vDXkdal4UmQ,gujju GONE GIRL!!,5,2026-05-07T12:34:34Z,candidate
Ugwo-iTfrTGDzJXI2G14AaABAg,vDXkdal4UmQ,Something new after long time,23,2026-05-07T12:04:56Z,candidate
UgwOZWpCkC__GNa4lZ54AaABAg,vDXkdal4UmQ,Superb,1,2026-05-07T12:03:35Z,candidate
UgzGv5btGfWHaU1ui-94AaABAg,vDXkdal4UmQ,Laapata ladies,2,2026-05-07T11:45:27Z,candidate
UgyrYicDO3bM0SpCJvt4AaABAg,vDXkdal4UmQ,"I always like mystry and suspence, thriller",7,2026-05-07T11:12:55Z,candidate
UgxBO7SzZ6sns4AzNs54AaABAg,vDXkdal4UmQ,Laya laya navu laya bhai 😅,29,2026-05-07T10:49:06Z,candidate
Ugwc7iHZtHLXqZKvzw94AaABAg,vDXkdal4UmQ,Jordar trailer che....maja maja padi gai....congratulations to whole team of kajodu .....so gripping trailer💐💐💐💐💐,1,2026-05-07T09:55:01Z,candidate
UgygdrVfXQhPe8SYlDx4AaABAg,vDXkdal4UmQ,Ready to blew the mind of the audience 🥳💥,0,2026-05-07T09:46:17Z,candidate
Ugxs8A89eBgZsoA_8H94AaABAg,vDXkdal4UmQ,Crazyyyyyyyy!!!,0,2026-05-07T09:32:59Z,candidate
UgwdR5XY1ykqn5aQ0GF4AaABAg,vDXkdal4UmQ,Jordar Chee Bapu 🔥🔥🔥🔥 Kaik Navu Jova madshe Gujarati Ma 😍😍,6,2026-05-07T09:30:16Z,candidate
Ugy752XhS1YWVowEnCR4AaABAg,vDXkdal4UmQ,Cinema release karo ke❤,1,2026-05-07T08:39:54Z,candidate
UgxoXcEs-g9D94OchMh4AaABAg,k8EaDjz2emQ,kach na cup ma cha bharai chhe ane next scene ma kagal na cup chhe hath ma !,0,2021-06-24T06:14:57Z,candidate
UgzLZkJixKrzR0ZDBK94AaABAg,k8EaDjz2emQ,Heyy Gujjugate productions you are doing great job! Gujarati contents another level nowadays keep creating This level of content... We always support you ❤,2,2021-01-15T18:44:27Z,candidate
UgyxpzjjDHKEgxDsr6x4AaABAg,k8EaDjz2emQ,Nice wab series jordar che keep it up may God bless you and your family,1,2021-01-12T16:28:48Z,candidate
UgwqtO-MHFKM0XemZWt4AaABAg,k8EaDjz2emQ,🔥👍,1,2021-01-11T09:55:55Z,candidate
UgwyiR4ISneS6PHqsNl4AaABAg,k8EaDjz2emQ,Hit like if u are here for SHIVRAM CHUDASAMA SIR!!!!,1,2021-01-03T08:57:02Z,candidate
UgytZetYRbxBvw1aK2h4AaABAg,k8EaDjz2emQ,Gajjab che boss... Kharekhar,2,2020-12-26T10:01:41Z,candidate
Ugw8bYcwXosoE4U_AQZ4AaABAg,k8EaDjz2emQ,1 number 🔥🔥🔥,1,2020-12-25T18:34:02Z,candidate
Ugx_oWqZY33Woi0XDp54AaABAg,k8EaDjz2emQ,Very good performance rohan dudhatra keep growing im proud of you 👏🏻 ❤️✨,2,2020-12-25T17:32:31Z,candidate
UgwcO-sKtBXBSnZ2SuZ4AaABAg,k8EaDjz2emQ,"Boss e lai lidha bhai ne 😁
Ekaad gaad y umervani jarur hati 😅",1,2020-12-24T02:19:38Z,candidate
UgywLDhV9TTzMUqhxk14AaABAg,k8EaDjz2emQ,Great.... Waiting for the next episode 🤩🎉💛💛,1,2020-12-23T05:07:58Z,candidate
Ugy2qp5zjj6gRXm-fy14AaABAg,k8EaDjz2emQ,"You guys have done fantastic job.. It's amazing story.. 
I’m eagerly waiting for next episode..",1,2020-12-22T06:14:30Z,candidate
UgzKGnfnfSNU8xMWmC14AaABAg,k8EaDjz2emQ,I want Hungry Lions in My Office__Who are Hungry to achieve their Goals....!!!!!! Super Dialogue Delivery...!!!!!,4,2020-12-22T05:57:52Z,candidate
UgwVcyeeBO_BvlJQ9794AaABAg,k8EaDjz2emQ,"Nice episode
A totally different story than typical love stories

Waiting for the next episode",1,2020-12-22T05:47:46Z,candidate
UgwDCyiMj_N-AddV5md4AaABAg,k8EaDjz2emQ,Mihir Chavda - The Boss.. Super Duper bhai!!!,2,2020-12-22T02:22:43Z,candidate
UgzUw7diVQ9sJjpKxjl4AaABAg,k8EaDjz2emQ,"Amazing....💐💐

Eagerly Waiting for the next episode....",1,2020-12-21T17:42:09Z,candidate
UgzMgOx4PXPoTJw4uBZ4AaABAg,k8EaDjz2emQ,Booommm 💥💥💥,1,2020-12-21T17:20:33Z,candidate
UgzkegMQ6dTs0nduahB4AaABAg,k8EaDjz2emQ,Great work guys!! Waiting for the awesome future projects.. 👍🙏🏻,3,2020-12-21T16:41:40Z,candidate
UgxDLwm_c5mfzLkdwTV4AaABAg,k8EaDjz2emQ,"SUPERB GUJARATI SERIES 
KEEP IT UP TEAM...",1,2020-12-21T16:07:08Z,candidate
UgwhyTa7mdfOgZLnW0B4AaABAg,k8EaDjz2emQ,Rocking performance guys🔥🔥🔥🔥🔥🔥.... waiting curiously for part 2😎,1,2020-12-21T15:40:29Z,candidate
UgwmaohLCKufwKeVPvR4AaABAg,k8EaDjz2emQ,Gujrati film industry future on safe hands .... ✨💥🔥,8,2020-12-21T04:57:27Z,candidate
Ugye8OA2sM1hxKUYFHZ4AaABAg,k8EaDjz2emQ,Tarun's boss is looks high on weed,0,2020-12-20T19:17:22Z,candidate
UgwJVKKfLYQMxWC44gZ4AaABAg,k8EaDjz2emQ,One of the best it is 💯,0,2020-12-20T18:32:02Z,candidate
Ugwbl-KLmmqwVuJiVph4AaABAg,k8EaDjz2emQ,Wow!! One of the best gujrati series launch.. keep you the good work team 👍,1,2020-12-20T17:11:18Z,candidate
UgyipTDY0Y0hL7PM5dV4AaABAg,k8EaDjz2emQ,Eagerly waiting for next episode..!!!,1,2020-12-20T15:04:10Z,candidate
UgzTX0utQWsM7rQn4bh4AaABAg,k8EaDjz2emQ,Kon Kon Aiya InstaGram Story Prthi Aavyu 6...?😉😉,9,2020-12-20T14:57:46Z,candidate
UgwdAwSr-widpV4kOq54AaABAg,k8EaDjz2emQ,🙌🙌🙌,1,2020-12-20T14:37:18Z,candidate
UgwbBsr-5KnOYf-_tsR4AaABAg,k8EaDjz2emQ,Keep up the good work 😍,1,2020-12-20T14:16:19Z,candidate
Ugxv3mcMMbOPZnp8LYF4AaABAg,k8EaDjz2emQ,It's amazing 😍.. and for IT person its part of their life 👍,1,2020-12-20T13:58:46Z,candidate
UgzkU5eLn_1dc7ELDOB4AaABAg,k8EaDjz2emQ,Wait for second part ❤️🥰🤙🤙,2,2020-12-20T13:20:28Z,candidate
Ugw5izC2t9Tu8a4vB254AaABAg,k8EaDjz2emQ,Zindagi ma koi divas lalach nai levai ni.. Mane anubhav se.. Last 2month ago.. Mari sathe kaik avu j thayu hatu red mercy na lalach ma hata 3 lakh amara dubya mara frd sathe ..but koi divs no lalach mehnat kri ne 300 kamavi levana ane pci sui javanu.. 💯✔️ believe in mehnat 🙏,3,2020-12-20T13:04:56Z,candidate
Ugw467FoBTbypjsN9s14AaABAg,k8EaDjz2emQ,Very Nicely,1,2020-12-20T11:07:54Z,candidate
UgwUoJvhKG_X0sPfw8d4AaABAg,k8EaDjz2emQ,Another level 😍,1,2020-12-20T08:15:58Z,candidate
UgxM7V9sVJVzFpBQ95R4AaABAg,k8EaDjz2emQ,Nice acting 👌👌👌👍👍 nice 1,2,2020-12-20T07:33:08Z,candidate
UgwxapxrFwlzdWyKWrx4AaABAg,k8EaDjz2emQ,Eagerly waiting for next episode.....,1,2020-12-20T07:20:09Z,candidate
UgypPIE-IWg3eMRxR2l4AaABAg,k8EaDjz2emQ,Mihirbhai you are just stupendous fantabulous fantastic.....keep it up...,3,2020-12-20T07:05:13Z,candidate
UgxWPiFYYPhH62tKevt4AaABAg,k8EaDjz2emQ,Shandar jabardasth zindabad.....✌️,2,2020-12-20T07:03:47Z,candidate
UgycrGV3Iaj-pSxhyNV4AaABAg,k8EaDjz2emQ,"Amazing .....
Eagerly waiting for next.....",1,2020-12-20T06:33:29Z,candidate
Ugy0gmOWLeLcAOhdUT14AaABAg,k8EaDjz2emQ,"Superb!! Much relatable to today's engineers😉😉. Great job Karan, waiting for the next one.",3,2020-12-20T04:58:31Z,candidate
UgwdX9FnIzWJExg0qy54AaABAg,k8EaDjz2emQ,❤️❤️,1,2020-12-20T04:22:50Z,candidate
UgwiSO-zteQzs0kr5EJ4AaABAg,k8EaDjz2emQ,BAGHDATiiii 💪 🔥,1,2020-12-20T03:42:52Z,candidate
Ugxw1IBDPLeNxi9ntGt4AaABAg,k8EaDjz2emQ,Aama thi favourite Nitin Vaghela 👍👍👍👍👍👍👍👍👍👍👍👍👍👍👍👍,1,2020-12-20T03:29:51Z,candidate
UgxNHnZdCP2o3W_3ifV4AaABAg,k8EaDjz2emQ,Interesting 👍👍,0,2020-12-19T18:54:22Z,candidate
UgzbUhCFUC9HR2ric9t4AaABAg,k8EaDjz2emQ,Fab fab!!!! Waiting for the nxt already 👌👌,0,2020-12-19T18:35:51Z,candidate
UgzAzQc0se4d5h8AYFZ4AaABAg,k8EaDjz2emQ,Superb 👌👌👌,0,2020-12-19T18:12:16Z,candidate
Ugx2cnkUME2uKgYTMVx4AaABAg,k8EaDjz2emQ,🤩🤩🤩,0,2020-12-19T17:30:07Z,candidate
Ugz4mzcHS1D8l2i0V3h4AaABAg,k8EaDjz2emQ,"Very good acting, Pranav",0,2020-12-19T17:26:26Z,candidate
UgwF2pHUmeZA3UpJiRp4AaABAg,k8EaDjz2emQ,❤❤,0,2020-12-19T17:15:13Z,candidate
Ugyoc8reR0qbcw7cl_V4AaABAg,k8EaDjz2emQ,Waiting forrrr next Episode 😍😍,0,2020-12-19T17:08:04Z,candidate
UgyII1aKx3bHyZ31peV4AaABAg,k8EaDjz2emQ,"Wooww ..... Can't wait for the next episodes💯💯💥🥂💯💯💥🥂
Great story line
💯💯💥🥂",3,2020-12-19T17:03:02Z,candidate
Ugx_rhAn2X3tVgrIQlZ4AaABAg,k8EaDjz2emQ,Super,0,2020-12-19T17:01:25Z,candidate
UgwdV0b18s_rgArR1xN4AaABAg,k8EaDjz2emQ,Excellent Performance 👏👏👏,1,2020-12-19T17:00:02Z,candidate
Ugw_FxzA8_ul-83LNJF4AaABAg,k8EaDjz2emQ,Waiting for 2nd episode..,0,2020-12-19T16:57:09Z,candidate
Ugw_wpQQ-LyUZyQv7gx4AaABAg,k8EaDjz2emQ,Amazing story ...,1,2020-12-19T16:48:59Z,candidate
UgzxVdAN49Z49oj6rS54AaABAg,k8EaDjz2emQ,❤️❤️🔥🔥💯☑️ jordar,1,2020-12-19T16:47:50Z,candidate
UgzVCrUDVewhyArx8s94AaABAg,k8EaDjz2emQ,"Mr. Director,
Watch the tea-stall scene properly. Is there any mistake?",0,2020-12-19T16:44:06Z,candidate
UgzuYjaXpGH_1pHfA3V4AaABAg,k8EaDjz2emQ,"'Start up scam story'- a good start. Very well acted, Pranav Unadkat.",1,2020-12-19T16:40:43Z,candidate
UgxCrbXrlEZMrfK4TOx4AaABAg,k8EaDjz2emQ,Tarun @Pranav Undakat u nailed it👌☺you rocked Pranav👍 great job Pranav as well as whole team👌 nice cinematography☺😊good topic by gujju gate😊,3,2020-12-19T16:36:00Z,candidate
UgwVYdrM8rEhVxsSfpF4AaABAg,k8EaDjz2emQ,Mast he 😀😀,2,2020-12-19T16:32:07Z,candidate
UgyxldUB7cXQc2a3hBJ4AaABAg,k8EaDjz2emQ,Commendable performance Pranav Unadkat,0,2020-12-19T16:30:53Z,candidate
UgyoT_hGgP8m9QdmwoB4AaABAg,k8EaDjz2emQ,Fantastic Performance Pranav Unadkat,1,2020-12-19T16:27:56Z,candidate
UgyLl1OjE2kKytH9z0l4AaABAg,k8EaDjz2emQ,Super performance Pranav,2,2020-12-19T16:20:23Z,candidate
UgyV1cNyayV819T_DBB4AaABAg,k8EaDjz2emQ,😍Wowww karan sir✨ its really pure and hard work and Gujju gate. team all are amazing.. 🙌..💯..💚💚💚,3,2020-12-19T16:20:22Z,candidate
UgzaXPrr5MXrVRjPD3N4AaABAg,k8EaDjz2emQ,Good work bro 👍,1,2020-12-19T16:19:46Z,candidate
UgzGwyLsrrg3IZ__8Zx4AaABAg,k8EaDjz2emQ,Super performance Pranav,2,2020-12-19T16:19:26Z,candidate
Ugwf8VQPyXtMlJ-Xb7t4AaABAg,k8EaDjz2emQ,Waiting for episode 2❤💯💯😍🔥,0,2020-12-19T16:16:20Z,candidate
UgzPugtOGNx407zGrmB4AaABAg,k8EaDjz2emQ,Superb,1,2020-12-19T16:06:29Z,candidate
Ugw8Iq1Eakra3EjcYjF4AaABAg,k8EaDjz2emQ,Nice script 😊,1,2020-12-19T16:04:18Z,candidate
Ugx2__tO37PbD_28LYN4AaABAg,k8EaDjz2emQ,Pranav u nailed it. Superb,1,2020-12-19T16:03:52Z,candidate
UgwksOGvMXoVXNg29cd4AaABAg,k8EaDjz2emQ,Fabulous....Nailed it...Can't wait for next Saturday 💯💯💥🥂,6,2020-12-19T16:00:23Z,candidate
UgzACPCtXVF_z4MpteZ4AaABAg,k8EaDjz2emQ,Superb!👍👍👍,1,2020-12-19T15:59:31Z,candidate
Ugz370raEt7JHzkc6MB4AaABAg,k8EaDjz2emQ,Nice story.............👍👍👍,1,2020-12-19T15:53:22Z,candidate
Ugwwvvk-yWyweHwF6Up4AaABAg,k8EaDjz2emQ,It's amazing 😍 eagerly waiting for second episode,2,2020-12-19T15:48:13Z,candidate
UgzcvQBRbpes_ZdqeuJ4AaABAg,k8EaDjz2emQ,Loving it❤️🔥💯,2,2020-12-19T15:43:04Z,candidate
UgxC2v1lt4CpJC72WTV4AaABAg,k8EaDjz2emQ,Amazing story 👍👍👍,1,2020-12-19T15:39:32Z,candidate
Ugx6pu2dLuCn6ee3B894AaABAg,k8EaDjz2emQ,Great to be part of premiere. Best luck Team Gujju Gate.,2,2020-12-19T15:34:08Z,candidate
UgwjPRu54sOC98qiYFB4AaABAg,k8EaDjz2emQ,🎉🎉🎉🎉🎉🎉,2,2020-12-19T15:31:50Z,candidate
UgzLZTg5xBaDU6CO_0R4AaABAg,gpQRu9h7cp8,Nice movie,0,2026-06-18T09:04:17Z,candidate
UgxCamGRAKzbuBtI0Zl4AaABAg,gpQRu9h7cp8,Aa chokri ne  life mathi delete Kari devo joiye bcs baharni jindgi su  ani khabarj nathi,0,2026-05-28T06:05:07Z,candidate
UgxTE9U8O1HDMd9RMOt4AaABAg,gpQRu9h7cp8,Just awesome long time waiting for such nice film in Gujrati Thankx lot for nice in every aspect sp diloges.,1,2026-02-23T16:51:30Z,candidate
UgwZIEfDckpVZvvAI0p4AaABAg,gpQRu9h7cp8,Ek movie joi e jema Ojas Rawal and Pooja Joshi lead role ma hoy hero and heroine 😊😊,0,2025-10-10T06:43:50Z,candidate
UgzgWQFVgDy3z3rRSq54AaABAg,gpQRu9h7cp8,We want ojas Rawal and Pooja Joshi romance movie 😊😊😊,0,2025-10-10T06:43:14Z,candidate
Ugxq046g5m39Zi0dVRV4AaABAg,gpQRu9h7cp8,Super story of web series.. And vyoma  acting 👌😍 is super and ojas series acting like super... This call awesome web series #vyomanandi,0,2025-09-14T08:41:17Z,candidate
Ugw7wEYn_4aHbpG6Pil4AaABAg,gpQRu9h7cp8,This is so beautiful and mesmerising story that I loves every second of it.....but also so fictional than for going back to reality ...I am straingt going nnow to watch CRIME PATROl episode 😂😂,1,2025-07-24T21:12:02Z,candidate
Ugz_64seNnMpa-mQsRJ4AaABAg,gpQRu9h7cp8,"Wow,  , 😮 yaar  aa gujrati dramas  atlaa  masat kem lagva lagya  orr bnva lagya 😊
❤ I'm totally mesmerized😮 I just falling ,,,,with ,,,,,in,,,, love ❤ 😍 💖",1,2025-07-20T17:29:41Z,candidate
Ugz8lmTu6diiJ7VFm_x4AaABAg,gpQRu9h7cp8,Gujarati Not hard 2 understand ❤,1,2025-06-07T06:27:59Z,candidate
UgxQbywHSZijzH5x0QZ4AaABAg,gpQRu9h7cp8,"Nice pictured but do you think totally different nature can be happy together?
If yes than I would like to see movie on that too.
Try it is based  on real life.",0,2025-05-13T08:53:39Z,candidate
Ugzt8-MuB8XP3kX14aN4AaABAg,gpQRu9h7cp8,"Successful man and philosophical women story of each and every webseries, just imagine if the guy was unsuccessful!!! Kuch naya lao yr",1,2025-05-04T07:34:47Z,candidate
UgwqvV9senyHKxP87-x4AaABAg,gpQRu9h7cp8,"Anayase comparison  thai gayu...
Arranged with Love wen series vadhare relatable lagi, bhale ne ema vadhare famous actors nathi, pan atory, acting bahu j saraa che !!!",0,2025-04-21T21:50:38Z,candidate
UgwprIp2uTaV9WeutaF4AaABAg,gpQRu9h7cp8,"A beautiful and exceptional love story that compels a sophisticated man to fall in love, demonstrating that love can conquer anyone.",0,2024-12-31T10:56:28Z,candidate
UgyrDdbwag1gvs_k1Mh4AaABAg,gpQRu9h7cp8,Nice ❤️,0,2024-09-29T18:50:39Z,candidate
Ugze1yqTumqycC1zf6t4AaABAg,gpQRu9h7cp8,🎉🎉,0,2024-07-14T19:05:33Z,candidate
Ugy3MTYjW7qRVBsuQCd4AaABAg,gpQRu9h7cp8,Good. Vyoma must try that Michelle Pfeiffer turning bac scene from One Fine Day. She is charming.,1,2024-06-28T10:42:02Z,candidate
UgzZ9B33wCRALRlZN3t4AaABAg,gpQRu9h7cp8,Nice love story 😊,0,2024-06-21T17:17:30Z,candidate
UgxadlL_niVB-8FyvSd4AaABAg,gpQRu9h7cp8,Classy luv story... ❤,2,2024-06-21T16:36:21Z,candidate
Ugy743rjv3Dwcc8VNNZ4AaABAg,gpQRu9h7cp8,Not like usual love story..no nonsense  in the story...flow is good...Nice acting...However too philosophical....at some points,1,2024-06-12T02:35:12Z,candidate
Ugyyuye2LwZKjJfvNyB4AaABAg,gpQRu9h7cp8,"Cute Couple story.
Nice. Keep it up. Both are naturally",1,2024-06-11T06:09:47Z,candidate
UgyjOY8zPK1hmH1gC314AaABAg,OkZg9HKfFN4,It's superb season,0,2025-11-08T05:40:18Z,candidate
UgwLJ2i49aDQx6CLRw94AaABAg,OkZg9HKfFN4,❤❤,0,2025-04-16T09:37:23Z,candidate
Ugw6JiYTNUUkihq4oI14AaABAg,OkZg9HKfFN4,Best webseries bass chaa sudhi vato tari and chaa mari......❤,0,2025-03-22T05:10:50Z,candidate
UgwRlyyo9K7DiChBCcF4AaABAg,OkZg9HKfFN4,Aao ne bhaibandh,0,2024-09-26T09:27:35Z,candidate
Ugy4oDzS3hvtwZO0OrV4AaABAg,OkZg9HKfFN4,"Gaadi chalavta chalavta pn cha pivani...❎

Cha pita pita gaadi chalavvani...☑️☑️",1,2024-08-04T06:14:16Z,candidate
UgwGTKWfwo_65owiNZJ4AaABAg,OkZg9HKfFN4,Very nice siris and New ❤😊😊,0,2024-07-04T18:14:22Z,candidate
Ugy1Iiu3rhTjOt-SzhZ4AaABAg,OkZg9HKfFN4,for Gujarati web series Ruhan is  the best choice ever,0,2024-06-19T06:07:18Z,candidate
Ugy4nQlcuqpqWV-1h3h4AaABAg,OkZg9HKfFN4,Any one in 2024..... Still one of the most favourite series ❤,3,2024-03-14T15:53:00Z,candidate
UgwMM-LWhrh1JwFsARN4AaABAg,OkZg9HKfFN4,When will come  New season?,0,2023-10-29T08:44:51Z,candidate
UgxC0BPJgKzHxQzHwIV4AaABAg,OkZg9HKfFN4,Tea post ❤,0,2023-09-28T15:30:55Z,candidate
UgzqTxgEeArwzG7s17B4AaABAg,OkZg9HKfFN4,I like this camestri both the best actor 🎉❤ badhi season ma tamebevu Hoi to season best j rahese,0,2023-06-03T15:42:53Z,candidate
UgyHEQB-V5F4K_Aw8GB4AaABAg,OkZg9HKfFN4,Voice 😍😍😍,1,2023-05-27T03:18:14Z,candidate
Ugwo-pVT5Gzx16jEwCx4AaABAg,OkZg9HKfFN4,Maja aavi.  Mane  depretion may aanad aavi gayo aa joine..  thanks..,0,2022-12-30T07:29:41Z,candidate
UgzlKKi205U0IH6KxRp4AaABAg,OkZg9HKfFN4,"I can relate all this, I have a same nature like him, what a series",0,2022-10-15T08:11:03Z,candidate
UgydwzuXxSsAwf9fUCV4AaABAg,OkZg9HKfFN4,I love yr voice,0,2022-09-30T16:49:23Z,candidate
Ugzduy0IVIy8mBohQsR4AaABAg,OkZg9HKfFN4,Ketlu ajeeb chene koi vyakti ne psnd karvu ane ej vyakti na maate kaamna karvi pan khabar che ke aa sangath sambhav nathi !,0,2022-07-16T11:12:32Z,candidate
Ugx_MCLjMScuCNp0CcJ4AaABAg,OkZg9HKfFN4,Nice story,0,2022-06-20T12:20:40Z,candidate
UgzoXvglSt1_OPiVaWt4AaABAg,OkZg9HKfFN4,https://youtu.be/wTx8F3EjT3A,0,2022-05-07T06:30:48Z,candidate
Ugwi1KpH7jeo0J-MBNB4AaABAg,OkZg9HKfFN4,Really very nice 👌👌❤,0,2021-12-30T16:53:17Z,candidate
UgwgD7gnWuD4dIcuXXV4AaABAg,OkZg9HKfFN4,👌🏻,0,2021-08-12T15:09:07Z,candidate
UgyNe45mSGCIq7s7xGZ4AaABAg,OkZg9HKfFN4,Superb   ...nice acting sir...,2,2021-07-15T17:21:20Z,candidate
UgxY1a1PjYp6OnblRBN4AaABAg,OkZg9HKfFN4,Ur voice is magic....ruhan....,1,2021-06-27T12:15:28Z,candidate
Ugx4mO2I4S2NWVciexh4AaABAg,OkZg9HKfFN4,Nice ❤️🖤❤️🖤,0,2021-06-18T14:06:30Z,candidate
UgxiPFnOlgCfYQKYHc94AaABAg,OkZg9HKfFN4,Pl come soon...can't wait for u r.j. and jhinal.....bus cha sudhi....,0,2021-04-30T05:17:06Z,candidate
Ugzhry04uOJpHV5vufp4AaABAg,OkZg9HKfFN4,🙂✌🏻,0,2021-04-19T21:12:05Z,candidate
UgzEr2DU8qywwnE_60t4AaABAg,OkZg9HKfFN4,"After watching this series,mane em Lage 6: k pelo bhai Mari jem depression ma 6",0,2021-02-19T14:32:39Z,candidate
Ugxus3dL4OvgvhLPRK54AaABAg,OkZg9HKfFN4,Vah RJ banya pachi car update kari nakhi,0,2021-02-07T13:42:34Z,candidate
UgxDIXJLFkFMaY3lkZt4AaABAg,OkZg9HKfFN4,I think my story is almost like this but there is no cha. 😂,2,2021-01-27T07:25:07Z,candidate
UgxmiqEtzsxoAATSdbx4AaABAg,OkZg9HKfFN4,Ruhan yr voice ....... superb 👌,1,2020-12-14T11:39:20Z,candidate
UgyLCUs_0iQdW96DGqR4AaABAg,OkZg9HKfFN4,Always...fan of Ruhan Alam...🥰,0,2020-10-27T15:12:03Z,candidate
Ugy5sdD-50Ff5vuVzm14AaABAg,OkZg9HKfFN4,Mulakat to chay par Hoti he coffee par to sirf mitting Hoti he,1,2020-09-12T09:09:13Z,candidate
Ugy1UUx-keu_8-nzV8V4AaABAg,OkZg9HKfFN4,Amezing 😍😍,0,2020-09-12T06:20:07Z,candidate
Ugw5zQyriWzTTYnsYx94AaABAg,OkZg9HKfFN4,wtf is this,0,2020-07-20T12:15:50Z,candidate
UgxgGziFkSC1TBNcJLN4AaABAg,OkZg9HKfFN4,hi...  producers/ directors  can you pls share all seasons and all episodes upload  with english subtitles??  plssss     i want  all seasons and episodes to my non Gujarati friends..    i requesting thrice  here..  pls  do something...   plsssssssssssssssssss,1,2020-07-02T02:30:21Z,candidate
UgzpfAJ78PwcPrNLZZ94AaABAg,OkZg9HKfFN4,Season 4 kyare aave che and nice work and keep it up bro,0,2020-06-27T11:53:19Z,candidate
Ugz4HG75coFFwyGqkTB4AaABAg,OkZg9HKfFN4,"Season 4 ni waiting chalu 6
1/2/3 season's episodes r superb.",1,2020-05-19T16:17:18Z,candidate
UgwtScgJcln-ezbxTnp4AaABAg,OkZg9HKfFN4,Etlu badhu pan kai khaas nathi ane dar vakhte aa chokrav ne laryara ane matlabi sukaam?,0,2020-04-12T17:28:12Z,candidate
UgwVn5Rr-04wJbb6pjp4AaABAg,OkZg9HKfFN4,Bhai loko na that merrige todave Tamara vidio bija na loko ma avu negative bhari ne,0,2020-04-11T11:18:57Z,candidate
UgwXKWxbT5qR4lx-PAt4AaABAg,OkZg9HKfFN4,NO STEREO SOUND in this episode.,0,2020-04-07T19:13:12Z,candidate
UgyfnNKhJuWo1m-EIlR4AaABAg,OkZg9HKfFN4,Life ma Mare pan twist ave che Ane Avta Rese pan Emni Jagya Koi nai Lai Sake Missing Om....,0,2020-03-08T16:51:31Z,candidate
UgxJE1P_FcFA9TKWWsZ4AaABAg,OkZg9HKfFN4,2.37 scoda rapid ??,0,2020-02-22T19:19:18Z,candidate
UgwhW7w-5sD_BAHlP3Z4AaABAg,OkZg9HKfFN4,💕❤,0,2020-02-15T08:58:08Z,candidate
UgzLaIF6teQA1vvK--94AaABAg,OkZg9HKfFN4,Nice Bhai,0,2020-02-10T15:54:20Z,candidate
Ugwb59U_QrcDwMriO5Z4AaABAg,OkZg9HKfFN4,Lovely 💓 💕,0,2020-02-03T17:09:00Z,candidate
UgzCVOkSdQLRCdilLH14AaABAg,OkZg9HKfFN4,Nice video,0,2020-01-08T16:24:10Z,candidate
Ugzz-F6p1H-UmjV3thN4AaABAg,OkZg9HKfFN4,Osm....Yar sirji,0,2020-01-07T18:00:09Z,candidate
Ugxy5tfc8O2ttDPd-Sx4AaABAg,OkZg9HKfFN4,"bas cha sudhi t shirt 

https://desibeing.in/product/bas-cha-sudhi-unisex-tshirt/",0,2019-12-28T12:02:44Z,candidate
Ugw3euR0E9LLGBQNv2t4AaABAg,OkZg9HKfFN4,va dost so video banviy chi😊,0,2019-12-18T17:17:59Z,candidate
UgxaqAPcnA75r7Hryzt4AaABAg,OkZg9HKfFN4,"Sachej tamari rj ni job khub Saras chhe
Sachej tamne sambhadva raah joiye chhiye",0,2019-12-18T08:12:26Z,candidate
Ugz-rVE3W22UUO6vu_Z4AaABAg,OkZg9HKfFN4,"His expressions, his dialogue delivery, his timing is just supperb. Everytime we think what will they bring new this time. But everytime they come with unexpected ideas and just stun you. Never stop this show please",6,2019-12-16T18:12:33Z,candidate
UgwVumtzapUjWidfyux4AaABAg,OkZg9HKfFN4,Full episode Kai side par thi jova malse pls tell me Guy's,0,2019-12-01T04:28:36Z,candidate
UgyI1J3DOX6TTmAw5zd4AaABAg,OkZg9HKfFN4,bhai ni really good story in gujarati and good cinematography,1,2019-10-21T14:27:27Z,candidate
UgxIgo_kb3gxFfpVEut4AaABAg,OkZg9HKfFN4,Is this his real story,0,2019-10-06T17:38:57Z,candidate
UgxkdDZU29Wh6Ys3XBp4AaABAg,OkZg9HKfFN4,Waiting for season 3💯💯💯💯 who is waiting 😇😇😇😇😇,1,2019-10-02T16:36:41Z,candidate
UgwYW35stKP65ZuIdAp4AaABAg,OkZg9HKfFN4,"where is this cafe in Ahmedabad, plz tell me someone..",0,2019-09-27T02:20:54Z,candidate
UgzJ_GpcwfiLRd686U54AaABAg,OkZg9HKfFN4,"Gujarati voice web series 
Tu Ane Tari Yado 
(Must watch )
https://youtu.be/rJhb2Cwu8qY",0,2019-09-20T18:51:40Z,candidate
UgywyoWRN8fr2yef-vF4AaABAg,OkZg9HKfFN4,"Aee bhai thoda mota videos to banavo, video 6 minutes ma Bharay jay Che MAN nay bharatu so I hope ke 15 minute suthi to banta he, chal yr Chai pila 😃",0,2019-09-19T05:50:44Z,candidate
UgwQ45_nnXr8IK5PiUF4AaABAg,OkZg9HKfFN4,Khub saras .peli var joya pachi mukva nu man na thay.hiro.heroin jor dar.khatha jor dar.👌👌👌,1,2019-09-16T17:34:11Z,candidate
Ugw5kMJ5TFyUH9L9OzR4AaABAg,OkZg9HKfFN4,Shashwat ne sacho prem... 🤗😍kehna zaruri he kya? Usne kahata... Kya zaruri nahi kya??,0,2019-09-10T17:40:56Z,candidate
UgzW01_yWU2BDnUbXFl4AaABAg,OkZg9HKfFN4,"Ur both season episodes r just same like my life. I lv it.. Pls bring the third season, too",1,2019-09-10T17:38:24Z,candidate
UgyxWqqOYzj8j1nnBoV4AaABAg,OkZg9HKfFN4,"Really one of the best Romantic love  Guju web series best Dialogue, script, Directions, Love you all Bus Cha sudhi all Team waiting coursly 3rd web series .",1,2019-08-27T15:20:14Z,candidate
UgwdEvXagrQnw3nBM9p4AaABAg,OkZg9HKfFN4,Khub saras,0,2019-08-23T13:04:59Z,candidate
UgwgbRNnF0AEIV6ih214AaABAg,OkZg9HKfFN4,Jakkassss ho,0,2019-08-16T16:31:29Z,candidate
UgwkIqLN1RDWd4h9rmR4AaABAg,OkZg9HKfFN4,bus cha suchi  nice gujarati web series,0,2019-08-10T16:27:26Z,candidate
UgwpsQZg1zHEEdhFDA94AaABAg,OkZg9HKfFN4,"yrr superb script, love u guys😃😀",2,2019-08-10T16:22:46Z,candidate
UgziToEy6aj9ohP2EYN4AaABAg,OkZg9HKfFN4,"Supap.... 
Su comment karu tamari story par... 

Dil ne hach machavi gayu..",1,2019-08-07T10:59:55Z,candidate
Ugy0Frg1c1Sc8uw4GeF4AaABAg,OkZg9HKfFN4,HELLO AASTHA PRODUCTION SEASON 3 LAVO YR..NAVU..,0,2019-08-03T14:04:37Z,candidate
Ugzh65GJp1l6kdXkdOh4AaABAg,OkZg9HKfFN4,Wow wow wow... This is so refreshing. Amazing script and dialogues. Great direction. I just love my language Gujarati.,2,2019-07-13T19:14:35Z,candidate
UgxkgJ-0Cf2tldWpFBp4AaABAg,OkZg9HKfFN4,Jaldi j 3 seeson lavo aaj rj sathe,0,2019-07-12T19:27:45Z,candidate
UgyZckU5nQfVLmmfUK14AaABAg,OkZg9HKfFN4,3:43 koi skim bim to nathi ne🤣🤣🤣🤣,0,2019-07-11T23:10:41Z,candidate
UgzTcvFtQP4qrBPvQ9V4AaABAg,OkZg9HKfFN4,bas cha shudhi very buttyiful story 💖💖💖💖👌👌👌,0,2019-07-09T14:06:54Z,candidate
UgyI3lzf3zWPPxVm7G54AaABAg,OkZg9HKfFN4,"Bas Cha Sudhi.....
Hmmm. ....
.
.
.
.
Heights.:~)",0,2019-06-24T17:06:04Z,candidate
UgwUrpODENMdZdOimup4AaABAg,OkZg9HKfFN4,Beautiful story,0,2019-06-18T14:13:26Z,candidate
Ugxn5c9yPPUHLa9Yj-N4AaABAg,OkZg9HKfFN4,oh looking to handsome man,0,2019-06-17T02:37:06Z,candidate
UgxtIp_5xBc4G-BW3PV4AaABAg,OkZg9HKfFN4,Nice che,0,2019-06-10T10:57:31Z,candidate
UgyZFT6R72Hy6YgK4Ip4AaABAg,OkZg9HKfFN4,Interesting,0,2019-06-08T17:31:57Z,candidate
UgxnQrgdvGprM8s9oZB4AaABAg,OkZg9HKfFN4,Keepit up and make 3 season,0,2019-06-08T06:16:51Z,candidate
UgzR17aVFVWLD3d7Zal4AaABAg,OkZg9HKfFN4,Awsome..i have no word to describe your story,0,2019-06-08T06:15:57Z,candidate
UgyR_3xEgApQaqmAxJt4AaABAg,OkZg9HKfFN4,Yar I also love tea. ☺mari pan cha sathe  ni relation ship aavi j thai gai che. Hu ichha thay tayre rate 11. 30 vage cha banavi pivu. Yar Tamara episodes joi Sache.. Bas aam😏 Thai gayu k   mari life no aek important part che Aa series. Jayre pan upset hou tayre cha banavi pivu chu and Tamara aa episodes jovu Chhu. I love it😍,1,2019-05-29T14:16:23Z,candidate
UgzwtQA_VCrAD0oXKJh4AaABAg,OkZg9HKfFN4,bas chai sudhi ni next episode kiyare avse,0,2019-05-21T13:04:02Z,candidate
UgzNbXPwwfbCv21qeap4AaABAg,OkZg9HKfFN4,2nd time full season 😊😊😊😊,0,2019-05-20T04:10:34Z,candidate
Ugz7mKaCMUyhJ8rufPV4AaABAg,OkZg9HKfFN4,Which song ruhan are tunning??,0,2019-05-19T09:15:21Z,candidate
Ugz7YWWzInC7Rm1sbEF4AaABAg,OkZg9HKfFN4,Nice work good Bhai Jakas video is not available for remote,0,2019-04-29T15:54:41Z,candidate
UgxWdn4zhFezsjxFXK94AaABAg,OkZg9HKfFN4,Super Bhai Jakas video,0,2019-04-29T15:54:33Z,candidate
UgyynsfKJx4T3iN9ndx4AaABAg,OkZg9HKfFN4,NXT EPISODE KYARE,0,2019-04-23T16:11:42Z,candidate
UgzK2v1FsEYddD67ohN4AaABAg,OkZg9HKfFN4,Big fan of RJ Ruhan☺☺☺😍,0,2019-04-16T06:56:50Z,candidate
Ugzc89XHkhbiQWeWSVh4AaABAg,OkZg9HKfFN4,Jetli moments car ma betha tena krta Madam chalta jata rhya hot to wehla pochi jaat 😀,0,2019-04-15T10:25:52Z,candidate
Ugx4hMklKMNsZgzFh_l4AaABAg,OkZg9HKfFN4,Web series ne web series j revado naso na banavo!....💘😄,1,2019-04-10T08:34:11Z,candidate
UgzrmMW5ScbDM6f7B1F4AaABAg,OkZg9HKfFN4,Please upload the subtitles for season 2,0,2019-04-07T10:57:54Z,candidate
Ugw1w2x0ZMkrhGGnelF4AaABAg,OkZg9HKfFN4,Kudrati kamal BAkki!!!,0,2019-04-06T03:49:15Z,candidate
UgwDjIVZB7HpwgG8-bp4AaABAg,OkZg9HKfFN4,Nice,0,2019-04-04T13:38:23Z,candidate
UgzqSzSWynYRv6ZcJ-l4AaABAg,OkZg9HKfFN4,Wait for season 3 ♥️,1,2019-04-03T17:26:51Z,candidate
UgxQwilpC68s54i9olZ4AaABAg,OkZg9HKfFN4,Wah bov j saras story che ane khas krine rj u r osm bro,0,2019-04-02T12:06:28Z,candidate
Ugx9uJ5BYt6QLnQoCiZ4AaABAg,OkZg9HKfFN4,Hu pan aaje nai to 50 yaer baad pan banis to rj maru bhi sapnu Che😊😊,1,2019-04-02T06:26:55Z,candidate
UgwGF3Jt8f-h0nt_sR14AaABAg,OkZg9HKfFN4,"हमेशा देर कर देता हूँ मैं हर काम करने में 
ज़रूरी बात कहनी हो, 
कोई वादा निभाना हो 
उसे आवाज़ देनी हो, 
उसे वापस बुलाना हो हमेशा देर कर देता हूँ मैं 
Click here for full poem
http://www.worldsbestthings4u.co.in/हमेशा-देर-कर-देता-हूँ-मैं-म/",0,2019-04-01T10:18:12Z,candidate
Ugzk7lDgYy2w9JK3Att4AaABAg,OkZg9HKfFN4,"I don't speak Gujarati but..it's nice series.
....",0,2019-03-30T17:53:48Z,candidate
Ugy-fX6-LyJgeNqOBTR4AaABAg,OkZg9HKfFN4,"Can u bring this series in hindi or English language
Or provide caption in English just like in season 1 
I cant wait it's really amazing series 👏👏",1,2019-03-30T16:05:59Z,candidate
UgzdkO3EjqCmwz6W7wx4AaABAg,OkZg9HKfFN4,"Do ur work guys this things aren't paying your  bills
If u think money can't buy happiness then you don't know me.",0,2019-03-29T08:48:19Z,candidate
Ugy0DqymN9VZLDjEHox4AaABAg,OkZg9HKfFN4,Life is Beautiful❤❤❤,2,2019-03-27T16:07:41Z,candidate
UgzTeCWJNqmbOuKXJ7R4AaABAg,OkZg9HKfFN4,Some unforgettable Momeris...,0,2019-03-25T18:13:39Z,candidate
UgxYILYI2-AuHuL-DHB4AaABAg,OkZg9HKfFN4,Too good👌👌......please upload next episodes ❤❤❤,0,2019-03-25T15:51:55Z,candidate
UgxqqzhV549nkihhSxV4AaABAg,OkZg9HKfFN4,Superb Kya socha hai isme age...i love this character i love all the episodes superb direction superb messages,0,2019-03-25T10:41:40Z,candidate
UgyrZgz2syMRfOXAnjF4AaABAg,OkZg9HKfFN4,If this series in Hindi then it will touch audiance from whole india. Great dilouges,6,2019-03-24T16:00:02Z,candidate
Ugz3t1pvJfZmIeUPw5p4AaABAg,OkZg9HKfFN4,Sema*,0,2019-03-23T18:58:02Z,candidate
UgyuKnFNImNohEfQqpV4AaABAg,OkZg9HKfFN4,Aa series na full episode Sena jovana?,0,2019-03-23T18:57:11Z,candidate
UgwOlUmiUySpzcgA92Z4AaABAg,OkZg9HKfFN4,"Sorry but, 
Last ma jyare banne vachche conversation thay 6 tyare car ni window mirror bandh lage 6..
Baki badhu majanu 6",0,2019-03-19T15:46:54Z,candidate
UgzwDmhDXwukwPqNoMx4AaABAg,OkZg9HKfFN4,Arree koi season 3 pan kado yr aagad ni story haji janvi che❤️❤️❤️,0,2019-03-19T02:16:22Z,candidate
UgzHo1-V5gpCaQYR2M54AaABAg,OkZg9HKfFN4,Best attitude I lick it.,0,2019-03-16T12:44:51Z,candidate
UgyEtXSOPhR_CCzE3-t4AaABAg,OkZg9HKfFN4,Aa small video hoi che pn bauj jova layak hoi che nys video,0,2019-03-14T17:28:15Z,candidate
Ugw4k0yMudcv0nogwnp4AaABAg,OkZg9HKfFN4,"No comments 
Seriously an amazing story and superior dialogues....",2,2019-03-11T13:13:10Z,candidate
Ugzbu0fk7KQZjRXy3M14AaABAg,OkZg9HKfFN4,Superrrrr,0,2019-03-10T14:28:24Z,candidate
UgzewOzAusZNE2_Ko0J4AaABAg,OkZg9HKfFN4,👌👌💙,0,2019-03-10T11:44:58Z,candidate
UgxtZgd_k6MNmf11PVZ4AaABAg,OkZg9HKfFN4,Amazing _love it_ smiles_love fragrance _friendship_waiting,0,2019-03-10T06:26:24Z,candidate
UgxGWydscWfqlWRXtax4AaABAg,OkZg9HKfFN4,Supperb video 🎥👍  well done rjruhan & jhinal 👌👌👌👌👌,0,2019-03-10T06:00:56Z,candidate
UgxjEdeNwXATcOYYdB94AaABAg,OkZg9HKfFN4,Super hittttttt,0,2019-03-09T13:26:09Z,candidate
UgwHDxTa_lqE8va6m5J4AaABAg,OkZg9HKfFN4,Arre yaar really not fair....I mean subtitles pls ???,0,2019-03-06T06:29:01Z,candidate
UgxdEzm0hQ-hlBp9lbF4AaABAg,OkZg9HKfFN4,"Subtitles in English, please",0,2019-03-05T02:57:15Z,candidate
UgyJjSgItHiMzLmv4Ld4AaABAg,OkZg9HKfFN4,Jordar Che yarrrr👍👍👍👌👌👌👌,0,2019-03-02T11:27:04Z,candidate
UgzV4oBp2R_6gWGHGiJ4AaABAg,OkZg9HKfFN4,No captions for season 2?,0,2019-02-27T22:25:41Z,candidate
UgwdqdY15RWtdbt_GBV4AaABAg,OkZg9HKfFN4,Saras,0,2019-02-25T08:26:23Z,candidate
UgxZh1SKgidHswtmePJ4AaABAg,OkZg9HKfFN4,waiting fr 3rd,0,2019-02-24T10:34:47Z,candidate
UgxYIgmVKIRQYMUtgTB4AaABAg,OkZg9HKfFN4,Rj dhawanit ne koi ko Ruhan  jode thi kai sikhe.. kaik quality content banave...,1,2019-02-24T08:22:17Z,candidate
Ugzk0uQvm7alcjytVtJ4AaABAg,OkZg9HKfFN4,"હવે 2nd episode ક્યારે આવશે?
We are waiting 👌🏻👌🏻👌🏻👌🏻",0,2019-02-23T09:49:12Z,candidate
UgwqGDJCXcGXSbSvSxF4AaABAg,OkZg9HKfFN4,Outstanding bhaibandh,0,2019-02-23T04:40:06Z,candidate
Ugy6A7-Rp1idJW7V_7p4AaABAg,OkZg9HKfFN4,Next episode..??. brother.,0,2019-02-22T18:22:07Z,candidate
UgxXzW8ir4b2-nKSZO54AaABAg,OkZg9HKfFN4,Maja aavi  gayi..ruhan Bhai...,0,2019-02-22T18:21:35Z,candidate
UgzDhbMafWkSQbCr5m14AaABAg,OkZg9HKfFN4,"Bhai athvadiya sudhi rah na jovdavo to saru...
Lots of appreciation to the team ❤",0,2019-02-22T16:53:24Z,candidate
UgzwtdDYw_Cu20hJzVN4AaABAg,OkZg9HKfFN4,Very intensive ha ... I love tea,0,2019-02-22T11:59:58Z,candidate
UgwF6RENiwqXEbYckUl4AaABAg,OkZg9HKfFN4,Where is second episode plz jaldi public karo,0,2019-02-22T08:08:23Z,candidate
UgyOkz1YUSNpn6D2DZl4AaABAg,OkZg9HKfFN4,When next episode come??,1,2019-02-22T03:51:06Z,candidate
UgwXlUOV5hAHhUo2TDt4AaABAg,OkZg9HKfFN4,Haaaash .... Wait puro thayo .... Nd ha .... Sundar khub Sundar 💓,1,2019-02-21T19:34:27Z,candidate
Ugz9MVh3LljP3Wafhk54AaABAg,OkZg9HKfFN4,Awesome,1,2019-02-21T17:32:15Z,candidate
UgyfEQAcyMfKUdgImCF4AaABAg,OkZg9HKfFN4,Wait for next all episodes,1,2019-02-21T16:38:09Z,candidate
UgyDgNCttahDah3-FQx4AaABAg,OkZg9HKfFN4,Cant wait for new episode plz upload fast...........,1,2019-02-21T11:55:05Z,candidate
UgybykcmaLlID3vfFSZ4AaABAg,OkZg9HKfFN4,"so nyssssss..
..waiting second episode......tya sudhi....chalo bs cha sudhi.....",1,2019-02-21T09:06:59Z,candidate
UgzPUryoOte3sDGnRqd4AaABAg,OkZg9HKfFN4,Episode 2 kyare avse?,0,2019-02-21T06:18:56Z,candidate
UgzwVr5mzH5KDAo9fQF4AaABAg,OkZg9HKfFN4,"Sir, second part kyare release kro 6ooooo....
I m waiting..........",0,2019-02-20T19:09:08Z,candidate
Ugwv8shE4hzajxL4Fch4AaABAg,OkZg9HKfFN4,Keep doing this we actually want more....,2,2019-02-20T17:25:43Z,candidate
Ugzxwjuy-oz8xVuMKKx4AaABAg,OkZg9HKfFN4,"Superb dude super job 
Actually before this i was not interested in Gujarati videos ...but no ... there is something....i should know that properly....

Such a Best video ....",2,2019-02-20T17:25:20Z,candidate
UgwvVbvJYUXTRO3OFJF4AaABAg,OkZg9HKfFN4,"Wawwww finly avi gaya tameee 
Jordar mulakat",1,2019-02-20T16:12:52Z,candidate
Ugx6ZUMLDk-pf34b4214AaABAg,OkZg9HKfFN4,I've missed your videos dude...,0,2019-02-20T15:15:15Z,candidate
UgzwlsBn-Hq3Y7Eldg94AaABAg,OkZg9HKfFN4,"Where is the 2nd episode, please upload it .",1,2019-02-20T14:02:41Z,candidate
Ugz_IB7WNbGPUkzvvxV4AaABAg,OkZg9HKfFN4,Soooooo nyc....kab se wait thaa apke episode kaa... finally. Gaya.....osm sooo NYC and second episode hope so jaldi aye........😘😘😘😘😍😍😍😍😍😍😍😍😍,1,2019-02-20T13:26:48Z,candidate
UgxeDE_kXfSTcmDf82F4AaABAg,OkZg9HKfFN4,Second episode plz,0,2019-02-20T10:36:56Z,candidate
UgxWKN6HJKd04ULnYsh4AaABAg,OkZg9HKfFN4,New vedio kb aa ri h sir    ..i am waiting ....intresting story♡♡♡♡♡,1,2019-02-20T07:57:05Z,candidate
Ugyanw18vS8hYVLjq3V4AaABAg,OkZg9HKfFN4,Next episode!!??,1,2019-02-19T16:44:14Z,candidate
UgwMmPgfjj_D_gRPPzt4AaABAg,OkZg9HKfFN4,We are happy to see you again 😍😍🔥,1,2019-02-19T15:43:13Z,candidate
Ugyg480T4TAhV2zIApR4AaABAg,OkZg9HKfFN4,Waited for it..... Just thank you.....,1,2019-02-19T11:49:51Z,candidate
UgyHKrIbqE3Hco-CzRZ4AaABAg,OkZg9HKfFN4,Bhai Bov j mast che ame Jane wait Kari aa Tamara episode ni yaar,1,2019-02-19T10:54:50Z,candidate
UgxvyVUViaYd8aPn6yV4AaABAg,OkZg9HKfFN4,Shasvat matalab,1,2019-02-19T09:55:09Z,candidate
Ugw5aPa7S0Lti2Wt-7t4AaABAg,OkZg9HKfFN4,Cha no ghudtdo ne bairi na tahuka ke koi divas naa nahi padvani,0,2019-02-19T08:59:05Z,candidate
UgzQa7dpHtmEXnCYUNB4AaABAg,OkZg9HKfFN4,👌👌👌👌👌👌,0,2019-02-19T06:27:37Z,candidate
UgwiwBIzQmNjczI9u9x4AaABAg,OkZg9HKfFN4,Moj padi gai ho bhai....😁😁😁😁😀😀😀have kaik maja aavi. Ghana time thi rah joto hato bhai aa show ni......,0,2019-02-19T02:08:51Z,candidate
UgycvDMJbFY9iSGT1ox4AaABAg,OkZg9HKfFN4,Please make long story yr concept is tooo good,1,2019-02-18T17:19:52Z,candidate
UgwVMPQ_CRoF7gSzCDZ4AaABAg,OkZg9HKfFN4,Yaar bijo episode muko,1,2019-02-18T17:19:22Z,candidate
Ugx730zohoap00KsvBB4AaABAg,OkZg9HKfFN4,First series jevi mja nathi yar,1,2019-02-18T17:05:51Z,candidate
Ugwfvfz5NIClcyNQ60h4AaABAg,OkZg9HKfFN4,Next part,1,2019-02-18T16:03:17Z,candidate
UgyRlGZli4UkXRd6unF4AaABAg,OkZg9HKfFN4,"Sooooo interesting ...
It's very very very nice 😍😍😍😊",1,2019-02-18T14:24:51Z,candidate
UgzTKfWmv7tNnWRtKTZ4AaABAg,OkZg9HKfFN4,"sir cha thij divas chale 6 am kav to thikk 6 ,vagar cha na divas jan vagar no janvar lagu 6u   am kav to thikk 6 ..@rb",2,2019-02-18T14:03:48Z,candidate
UgxLNFicxa4Zzc2eDxt4AaABAg,OkZg9HKfFN4,Superb,1,2019-02-18T09:04:01Z,candidate
UgzvLkfLk6OiA3m3z7t4AaABAg,OkZg9HKfFN4,Bas Cha Sudhi. Yehh. This is called the dhamakedaar re-entry.❤️❤️❤️❤️,10,2019-02-18T08:42:53Z,candidate
Ugzzc40TCZYhJz1aonZ4AaABAg,OkZg9HKfFN4,I m Waiting for next Episode,1,2019-02-18T08:37:43Z,candidate
UgwrJmAA_tN6ssQ07E54AaABAg,OkZg9HKfFN4,Na yar. First season ni heroine Sathe vadhare sari chemistry hati.,1,2019-02-17T21:52:19Z,candidate
UgxLIQfTUE1UFsL-krd4AaABAg,OkZg9HKfFN4,👌👌👌👌,1,2019-02-17T21:42:33Z,candidate
UgyZ9qRSVrzXj3QRdth4AaABAg,OkZg9HKfFN4,Still waiting for next one,1,2019-02-17T17:13:07Z,candidate
UgwUXLpxxLez3STunxV4AaABAg,OkZg9HKfFN4,If biji var malis nai to 2nd episode kya thi banse,1,2019-02-17T16:45:24Z,candidate
UgyssvKrrbnqzAmn8Dx4AaABAg,OkZg9HKfFN4,😍😍😍😍👌👌👌,1,2019-02-17T15:52:52Z,candidate
Ugxn6IMr3FUMGNF68mh4AaABAg,OkZg9HKfFN4,Chai sudhi su biju Kai liya Bhai coffee kae milkshake,1,2019-02-17T15:22:12Z,candidate
Ugzt4RYjZERiSoGzt6R4AaABAg,OkZg9HKfFN4,❤,0,2019-02-17T14:46:06Z,candidate
Ugy34oz7dask-ISo_854AaABAg,6hnai-oVWXw,Jay mahakali ma,1,2026-07-04T15:23:34Z,candidate
Ugz_vlTvPFRc3iL2CZl4AaABAg,6hnai-oVWXw,Jay Ganesh,1,2026-07-04T15:23:27Z,candidate
UgzRAg7YRKIbU7p_FGR4AaABAg,6hnai-oVWXw,Har Har mahadev,1,2026-07-04T15:23:21Z,candidate
UgzrI4V6Op0sio-Syx54AaABAg,6hnai-oVWXw,"Real life contents,❤",0,2026-05-19T06:52:52Z,candidate
UgwA0N5BTNiAgfqpEw14AaABAg,6hnai-oVWXw,Khare khar boj mast se series,0,2026-05-18T13:13:01Z,candidate
UgxjS5fSiADqHeBGbSN4AaABAg,6hnai-oVWXw,M so happy to see you in this series is this my one off avourite 😇🙂‍↕️,1,2026-05-16T18:44:03Z,candidate
UgzmDrUbI435DishNJl4AaABAg,6hnai-oVWXw,Both the seasons are just amazing... Feel good story! Must must watch,0,2026-04-23T16:07:20Z,candidate
UgyIQ0JrdlAMpSgkmSR4AaABAg,6hnai-oVWXw,"Bov j mast chhe 
I request to all see the series in one time of a life❤
Wonderful character 😊",2,2026-04-05T10:07:54Z,candidate
UgzrJ2lZKzaclh3J8yl4AaABAg,6hnai-oVWXw,Superb superb series 6e..all time best...,1,2026-03-28T17:30:03Z,candidate
UgzD5z_WUMXgbSvbl9N4AaABAg,6hnai-oVWXw,Beautiful movie,0,2026-03-20T15:50:28Z,candidate
UgzFkUOywFPGB3R5pbd4AaABAg,6hnai-oVWXw,superb story series and acting,2,2026-03-12T17:00:33Z,candidate
UgzTn8sS54Il0RhBoBR4AaABAg,6hnai-oVWXw,Bakvas movie 6,3,2026-02-10T13:50:13Z,candidate
UgyBCbvpfKZVGCoFWZF4AaABAg,6hnai-oVWXw,"That line""vehvar ma main same be heart mokalya😂"" and ""tel leva gayi Angela"" 😂",5,2026-01-18T12:49:26Z,candidate
Ugxa5ySlmy8g3n-AElt4AaABAg,6hnai-oVWXw,Very Nice ❤,2,2026-01-11T16:28:41Z,candidate
Ugze2324dlAscsVXCDB4AaABAg,6hnai-oVWXw,wonderful ❤,7,2026-01-11T09:04:13Z,candidate
Ugy6QKy9UphhuIS2T1l4AaABAg,6hnai-oVWXw,Jay mahakali,3,2026-01-09T16:26:05Z,candidate
UgwwNdnn31vQ-lofyid4AaABAg,6hnai-oVWXw,All time favourite😅❤,3,2026-01-09T09:05:41Z,candidate
UgwtYMgu3B17OgWDvBR4AaABAg,6hnai-oVWXw,Nice 🙂,2,2026-01-06T16:04:58Z,candidate
Ugyq4L1jUk4FMQCvC2V4AaABAg,6hnai-oVWXw,Nice ❤,0,2026-01-06T13:36:22Z,candidate
Ugya53OFQKKIQYM6Rp14AaABAg,p-h5UyKyg88,https://youtu.be/akrDPTfcbsE?si=CBles39jJxDZbdO_,0,2026-05-22T11:12:49Z,candidate
UgzKWrI5Ta60Rsw5uIJ4AaABAg,p-h5UyKyg88,"Please Make a Video on
Modi-Shah's Involvement in
Godhra Kand,
Haren Pandya Case,
Judge Loya Case,
2014 Election Promises,
Note Bandi,
Farmers Protest Deaths,
Covid-19 Deaths,
PM Care Fund Fraud,
Vyapam Fraud,
Electoral Bond Fraud,
GST Fraud,
Supreme Court Compromised,
Vote Chori,
Godi Gutter Media,
Ambani-Adani Corruption,
Why USA Rejected Modi's Visa,
How Feku-Tadipar Destroying Social Fabric Of India,
Sonam Vanchuk Arrest,
Manipur Riots,
Mahadev App Fraud,
PM Internship Scheme Fraud,
100 Smart City Fraud,
URI,
Pulwama,
Pahelgam,
Delhi Attacks...",0,2026-04-10T22:28:46Z,candidate
UgzZ3zGVhbZx7J3jCaV4AaABAg,p-h5UyKyg88,Superb creation,1,2026-03-31T02:37:11Z,candidate
Ugxx2f3SrYYzRrgo9Zp4AaABAg,p-h5UyKyg88,"Jeebh modhama rakhavani hoy 😂😂😂😂
Kaatar ni Jem chalavani naa hoy😅😂😂",1,2026-03-29T07:18:57Z,candidate
Ugw-GPo3T1dOm0HSTDB4AaABAg,p-h5UyKyg88,😂😂😂 Bau saras che,1,2026-03-29T04:37:39Z,candidate
UgxkQ833CRSZat57P394AaABAg,p-h5UyKyg88,Mast comedy che...,1,2026-03-28T12:11:38Z,candidate
UgwUyxyx74wcfXPeEcV4AaABAg,p-h5UyKyg88,Very nice ♥️👍🏻,1,2026-03-28T11:13:58Z,candidate
Ugwi10j9i8H-2aDMPh14AaABAg,p-h5UyKyg88,Akash bhaiii superb ❤,1,2026-03-28T02:35:49Z,candidate
UgweQ8V2rGky7CmhlhB4AaABAg,p-h5UyKyg88,Maja avi 😂🎉🎉,1,2026-03-27T17:27:39Z,candidate
UgwsQuR5WTqN1b2CKIJ4AaABAg,p-h5UyKyg88,Good going Akash.,3,2026-03-27T09:21:58Z,candidate
Ugxjm4elPuo8GmPnZIl4AaABAg,p-h5UyKyg88,Srs che 😅😂😂,2,2026-03-23T11:24:37Z,candidate
UgyY0LbYwM9ZIIQnW914AaABAg,p-h5UyKyg88,Very nice👍,2,2026-03-23T07:46:29Z,candidate
UgxM4owrFefhOosgGnt4AaABAg,p-h5UyKyg88,Mast comedy 😂😂😂 waiting for next episode..,2,2026-03-23T04:00:13Z,candidate
Ugz8U3iJUOpy-b4KoXR4AaABAg,p-h5UyKyg88,Good work jordar,2,2026-03-22T08:23:43Z,candidate
Ugzlbj0NWB3urK1-gdx4AaABAg,p-h5UyKyg88,Bau maja aavi ...😅😅😂,2,2026-03-21T05:06:38Z,candidate
Ugx6WD9hXPRmcND7rc54AaABAg,p-h5UyKyg88,Awesome ❤❤❤,2,2026-03-21T05:04:27Z,candidate
Ugw1BlhutpZqnQsekfx4AaABAg,p-h5UyKyg88,"Superb 👌
Hetal di great acting 🫶🏻",2,2026-03-20T18:49:38Z,candidate
Ugwe4S3mLEu2Lm6IRZp4AaABAg,p-h5UyKyg88,Super 👌 ❤,2,2026-03-20T16:13:53Z,candidate
Ugw-4xV2fh9pZr2BT4B4AaABAg,p-h5UyKyg88,"Nice story interesting 👍 
Only one question 
Tea wala seane ma sacchi tea hoy ???😂😅😅
I know Hetal is tea lover ❤",1,2026-03-20T15:43:15Z,candidate
UgyxLU01dXv4J6fhqEt4AaABAg,p-h5UyKyg88,Nice work ❤,2,2026-03-20T14:59:21Z,candidate
UgxDjL3Qpqtp2hte9FB4AaABAg,p-h5UyKyg88,Nice...🎉❤.,2,2026-03-20T11:17:27Z,candidate
Ugz-irb6ec5952dYMf94AaABAg,p-h5UyKyg88,Great work 🎉🎉🎉,2,2026-03-20T10:56:06Z,candidate
Ugyj8y57klZy8XxQU394AaABAg,p-h5UyKyg88,Be expressive Manav’… but bro is busy being cricket paglu 😆🏏 - casting is on a point!,3,2026-03-20T10:24:17Z,candidate
Ugx1GcpSxtJGMgGCcEx4AaABAg,p-h5UyKyg88,Nice work 🎉,2,2026-03-20T09:44:50Z,candidate
UgzH-o44AjeWMlOQ4mV4AaABAg,6T3HV97W-Ek,Maza aavi,1,2026-05-17T04:53:18Z,candidate
UgyhrjxbJFCssDM7XcB4AaABAg,SWyDA2Sfroc,Hi,0,2026-03-03T09:08:35Z,candidate
UgyEuJ_3fdwcLIsT3Ex4AaABAg,SWyDA2Sfroc,Hi,0,2026-03-03T09:06:48Z,candidate
UgwO8hBmStC_Kzj1MOt4AaABAg,SWyDA2Sfroc,Very Very 😊❤Nice movie,0,2026-01-29T15:15:06Z,candidate
UgynCWo__P7l8Nbi-3Z4AaABAg,SWyDA2Sfroc,That's cute,0,2025-09-01T19:57:29Z,candidate
UgwuYnmLU4HXKWfCR3R4AaABAg,SWyDA2Sfroc,Awesome 👌 ❤,1,2025-07-20T17:33:48Z,candidate
Ugwcmw6WkaLPNFtnoiV4AaABAg,SWyDA2Sfroc,Nice,0,2025-06-15T18:49:08Z,candidate
Ugy6KyY2jMZsGimiGwh4AaABAg,SWyDA2Sfroc,Super movie,0,2025-06-08T08:43:00Z,candidate
UgxXYu8TZPztcW8teaV4AaABAg,SWyDA2Sfroc,❤❤ Super movie amezing ❤❤❤,0,2025-04-25T12:29:40Z,candidate
UgzBfS6f5RhjrYRL1GV4AaABAg,SWyDA2Sfroc,Very nice 👍,0,2024-05-14T19:09:36Z,candidate
UgxURemuiSpTXngDvId4AaABAg,SWyDA2Sfroc,Wow  a Gujarati  web series  and  that  too  so awesome 👌 👏  I just  like  it❤ keep  it  up 😊,1,2024-02-10T10:31:18Z,candidate
Ugw5ZeQu-kkLtEvkHIp4AaABAg,SWyDA2Sfroc,khai-pi ne rs nahi aapva na?😂,1,2024-02-09T17:50:11Z,candidate
UgxEgqrxfjCJ4MneCv54AaABAg,SWyDA2Sfroc,Nice,1,2024-02-08T11:09:40Z,candidate
UgwMsaZroZg1OBfnKqt4AaABAg,SWyDA2Sfroc,Both stars lovely acting.dialogues superb.,4,2024-01-26T11:01:01Z,candidate
Ugxm5L6WxJaNwGi0xfR4AaABAg,SWyDA2Sfroc,49:31 પર Passing 3 Guy's.,2,2024-01-18T04:10:29Z,candidate
UgzNlF3PYkZKZxDoPMt4AaABAg,SWyDA2Sfroc,Next season jaldi lavjo can't wait to see next season ❤,3,2024-01-17T01:00:25Z,candidate
Ugz_KRORMoTHR1a5L054AaABAg,SWyDA2Sfroc,"👏🏻👏🏻👌🏻 The story has been conveyed in a very nice, clean and innocent manner.",3,2024-01-15T16:44:51Z,candidate
UgwO4aX4NTf5DJ_9Yip4AaABAg,SWyDA2Sfroc,Superb🎉,1,2024-01-12T17:30:35Z,candidate
Ugy97EjNJAzss0blZgp4AaABAg,SWyDA2Sfroc,No content,1,2023-12-30T04:19:01Z,candidate
UgxWvSXrOzOE2yQo4ZF4AaABAg,SWyDA2Sfroc,Nice content 🎉❤,1,2023-12-27T17:17:31Z,candidate
UgwwxJzVeCXTO361-6J4AaABAg,SWyDA2Sfroc,Ek bijane samjwa mate khob saras story che,0,2023-12-27T07:06:01Z,candidate
UgzKeM1T2ebLFOEJI6V4AaABAg,SWyDA2Sfroc,"ખુબજ સરસ સ્ટોરી અને સરસ એક્ટિંગ છે, simple and sober.",1,2023-12-24T16:24:05Z,candidate
UgwcKNi5rDK9OYkt0DN4AaABAg,SWyDA2Sfroc,Nice,1,2023-12-24T15:54:48Z,candidate
UgxuR4cdOSzco9VAXph4AaABAg,SWyDA2Sfroc,Heroine  looking  so  gorgeous,2,2023-12-24T14:48:59Z,candidate
UgwRx09JyU5WY6olKWp4AaABAg,SWyDA2Sfroc,So much😅,2,2023-12-23T16:43:44Z,candidate
UgwZIyspG27F9Jb2zKp4AaABAg,SWyDA2Sfroc,So interesting...💕,2,2023-12-23T16:08:09Z,candidate
Ugw2OdV5B5-9RyKvTSt4AaABAg,ZVjqWLlrV7k,Superb well settle😉,0,2021-07-12T14:12:28Z,candidate
UgyTbfbT0KWgTIAnXwZ4AaABAg,ZVjqWLlrV7k,Nice ❤️❤️,0,2021-06-21T14:42:46Z,candidate
UgxxjvqwwIsfP4qM5mV4AaABAg,ZVjqWLlrV7k,New series kyare aawse??,0,2021-03-29T03:10:01Z,candidate
UgzQFKB-3uTgM-fk0Kl4AaABAg,ZVjqWLlrV7k,Season 4,0,2021-03-27T14:40:16Z,candidate
UgxXJdW2Psodk8aVfcF4AaABAg,ZVjqWLlrV7k,Aapka odishion chal raha hai,1,2021-03-26T13:12:15Z,candidate
Ugy5foo0Ipfv7yesHrV4AaABAg,ZVjqWLlrV7k,I love you love you love u soooooooo much monal mam I love your cute smile  your big fan d kash hu tamne live joyi skto hot it's my dream I love you sooooo much,0,2021-03-15T18:13:17Z,candidate
Ugx4leC4QF53Ea-rhcF4AaABAg,ZVjqWLlrV7k,Monal kosam chusthunna web series ardam kakapoyina,14,2021-01-16T19:11:59Z,candidate
Ugz4jyGA7etui6JNglx4AaABAg,ZVjqWLlrV7k,Monal ❤️ Love from Ap and Telangana states,25,2021-01-16T18:51:29Z,candidate
UgyF_HFXfgJx6NkcOTJ4AaABAg,ZVjqWLlrV7k,If anybody  telugu people comes to here for monal didi  3:20 ☺️,22,2021-01-16T14:29:34Z,candidate
UgziTlRMogbHaq7Sanl4AaABAg,ZVjqWLlrV7k,Subtitles for this web series please,0,2021-01-07T13:50:11Z,candidate
UgyLS-ztKo5x7i1mujp4AaABAg,ZVjqWLlrV7k,Am monal Didi fan..am from Telugu..I don't know Gujarati..will u pls provide subtitles ..if u cc is available then your views vl increase..y bcoz monal have die hard fans in South India..🙏🙏,10,2021-01-03T10:45:42Z,candidate
UgwRQePSvdd3kWzFUU94AaABAg,ZVjqWLlrV7k,Please mention subtitles Yaar how can other languagers can see plsss,0,2020-12-31T13:34:09Z,candidate
UgySG40oqsmBYEJrs4N4AaABAg,ZVjqWLlrV7k,"Who is her after Monal went to bigg Boss 4 telugu
Hit like 👍🏻",5,2020-12-11T23:57:44Z,candidate
UgynDJmw4M52pkwgew94AaABAg,ZVjqWLlrV7k,Cha pidha pachi j jou Chu 😁😁😁,1,2020-12-11T14:56:10Z,candidate
UgxWCWsHa_LO52qPMaV4AaABAg,ZVjqWLlrV7k,"I know that all know monal  
Now she is in Telugu bigg boss pls vote her she is in danger zone 
Pls vote in Disney plus Hotstar",1,2020-12-08T11:01:43Z,candidate
UgwAL6zfOMVrFCMJCNF4AaABAg,ZVjqWLlrV7k,Nice music,1,2020-12-03T04:46:32Z,candidate
Ugxa4Nf1S8haxNoGG4x4AaABAg,ZVjqWLlrV7k,We miss ruhan,0,2020-12-01T19:07:04Z,candidate
UgyCIPwfdJXr-m1lWhZ4AaABAg,ZVjqWLlrV7k,All gujarati people Plz vote monal gajjar(from gujarat reva movie)in bigboss4 telugu hotstar (daily 10 votes) if u wl support she wl be in top 5,0,2020-11-22T09:13:00Z,candidate
UgxmsceCx7rxyIfe4jZ4AaABAg,ZVjqWLlrV7k,Pehle wala actor kaha gaya,0,2020-11-17T08:21:26Z,candidate
UgzTzfZPGYxkO_7zjTN4AaABAg,ZVjqWLlrV7k,Dialogues are best but the actor if it would ruhan then the dialogue would have better impact,0,2020-09-17T15:13:16Z,candidate
UgxpgRXKpKRT9urdHDh4AaABAg,ZVjqWLlrV7k,Gujarati web series kaha dekh sakte he?,0,2020-09-11T17:42:59Z,candidate
Ugz3Ti4RKCqJTYqt0-R4AaABAg,ZVjqWLlrV7k,Bhai avi biji gujarati series na name apo ne,0,2020-09-09T08:06:31Z,candidate
UgxSHCy5SSGNPlkIiMZ4AaABAg,ZVjqWLlrV7k,Mane valo cha,0,2020-09-03T08:12:07Z,candidate
UgzNzdd32K2pIqLizOV4AaABAg,ZVjqWLlrV7k,"Ek.. dam mast Gujarati bhasha.. and pachi.
Ek j vaar ma papa ne .. baapa (બાપા) kai didhu😅😅😂😂",0,2020-08-28T20:28:13Z,candidate
Ugwdptvvyn1CHYSVOeh4AaABAg,ZVjqWLlrV7k,Ruhan Bhai vagar Maza Nathi,0,2020-08-21T20:10:38Z,candidate
UgylrWZyGHubV6rLoKx4AaABAg,ZVjqWLlrV7k,https://youtu.be/-1xkmHRa0UU please watch એક વાત અંદરની,0,2020-08-17T05:07:11Z,candidate
Ugy-QjzfUHBlHmY-nwt4AaABAg,ZVjqWLlrV7k,Good. But missed Ruhan's voice,0,2020-08-16T13:15:49Z,candidate
Ugw8RkT2Agn29d8IlUJ4AaABAg,ZVjqWLlrV7k,Cha MA dubi ne Mari jaa bhosdina,0,2020-08-14T13:25:53Z,candidate
UgyG6y_0QsRMKH_6mcF4AaABAg,ZVjqWLlrV7k,I don't like actor of this series,0,2020-07-20T17:33:18Z,candidate
Ugw0CsBf-NjVN5TftL54AaABAg,ZVjqWLlrV7k,"In real life ma avu vyakti kyay na male, just in imagination",1,2020-07-13T10:04:58Z,candidate
UgyeEfTJ0OA6KJ-rLcN4AaABAg,ZVjqWLlrV7k,"Sir R. J. Ruhan jevu Nahi ho ...
Eto અદભુત છે અદભુત છે ...",0,2020-07-12T21:41:41Z,candidate
UgwzHmMa9svaNGBam7p4AaABAg,ZVjqWLlrV7k,Waiting for 4th season 😁,1,2020-07-11T06:24:47Z,candidate
Ugxvlq05wfjXaU17qHh4AaABAg,ZVjqWLlrV7k,👍👍👍❤️,0,2020-07-06T09:55:58Z,candidate
UgwomzjHpst0Ss3TkMR4AaABAg,ZVjqWLlrV7k,I love tea,0,2020-07-05T07:25:48Z,candidate
UgwErNrBuKCz6ggzQsl4AaABAg,ZVjqWLlrV7k,Season first nu episode send karo,0,2020-07-04T18:08:39Z,candidate
UgxGeb0VWXdMr1RC2Ph4AaABAg,ZVjqWLlrV7k,Nice story.,0,2020-07-03T15:27:44Z,candidate
UgxT9PXFP6yWCCc8UnJ4AaABAg,ZVjqWLlrV7k,"Season 2 na characters joya pachi aa characters mind ma nai best , season 2 na characters hot to best hot rest is fine",0,2020-06-18T13:46:51Z,candidate
Ugxr18Ekp-5_FQarwQd4AaABAg,ZVjqWLlrV7k,Why  no ruhan in this??,0,2020-06-08T09:50:25Z,candidate
Ugzv0Wt8SwnIiTwP87F4AaABAg,ZVjqWLlrV7k,App 3 ki koy dusari story he kya?,0,2020-06-05T03:48:27Z,candidate
UgyvyKEPNILI2oz1TYx4AaABAg,ZVjqWLlrV7k,I waited soo for this series,0,2020-05-31T09:57:13Z,candidate
UgwAaDn76164UK3knfV4AaABAg,ZVjqWLlrV7k,Are next season kyare aavvani chhe koi kese?????,0,2020-05-30T05:00:28Z,candidate
UgwieNS5YHx8PUOfp4R4AaABAg,ZVjqWLlrV7k,Lovely 💖💕,0,2020-05-20T09:11:06Z,candidate
UgxVN2AIv0krFHcSVp14AaABAg,ZVjqWLlrV7k,🥰🥰🥰 kudrat it's men word 💖💓💕l love it's apisord 👌👌l am writing for new apisord ☕bus cha sudhi 😍,0,2020-05-14T17:49:41Z,candidate
Ugwmfpbj7Hyk40QAi9x4AaABAg,ZVjqWLlrV7k,Mne aa hero game che,0,2020-05-11T16:20:25Z,candidate
UgwDA0C3pY7iUQZJsQJ4AaABAg,ZVjqWLlrV7k,Voice vaat karvano andaaj #ruhan bhai vagar na chale,1,2020-05-08T10:33:18Z,candidate
UgxNXZ7HMJO8aKxcnXd4AaABAg,ZVjqWLlrV7k,Mathu cadavi didhu...aa dialogue Kone lakhya che 😜😜😜,0,2020-04-05T17:03:09Z,candidate
UgwwHSj8GB5ms7e-Pe54AaABAg,ZVjqWLlrV7k,My first love cha,0,2020-03-28T17:08:22Z,candidate
UgyeBgxbqgwJujde1fB4AaABAg,ZVjqWLlrV7k,"good to see Gujarati web... it is very good story and good to seen all things.... i have one story if u like for web  "" Chhelli  Var "" my own novel.",0,2020-03-28T10:00:19Z,candidate
UgwgvQ8YjHAVw050JQ94AaABAg,ZVjqWLlrV7k,"Bss , Atla sudhi j !!!!!",0,2020-03-22T19:51:40Z,candidate
Ugyhz4TbHjWUcLHKMu94AaABAg,ZVjqWLlrV7k,"Aaj kudrat no niyam che bas accept krta sikhii jao..😇
#luvRuhan",1,2020-03-22T14:15:27Z,candidate
UgwGBWwYI-sD3u2SJCd4AaABAg,ZVjqWLlrV7k,5:55 mann ni vaat chhinvi lidhi,0,2020-03-22T10:07:19Z,candidate
Ugyo4X1mtZXs6V6dlX14AaABAg,ZVjqWLlrV7k,"Gaurav sir I just impressed your acting skills I just waiting for next part for you 
sir 😇",2,2020-03-18T17:22:27Z,candidate
Ugxu1SLZUDsWkkURyHR4AaABAg,ZVjqWLlrV7k,Beauty with brain not brains... Na use karo ne English ektlu strong gujrati background... Vachhe English nakhvuj Kem nakho to bhi proper use karo,0,2020-03-17T18:49:32Z,candidate
Ugweg368SjR5F4REj-14AaABAg,ZVjqWLlrV7k,This series is very good.... refreshing....but you should provide English subtitles so that i could share with my friends who don't understand gujrati,2,2020-03-10T04:56:35Z,candidate
UgzF3QoddV0xnSwjIcJ4AaABAg,ZVjqWLlrV7k,Aa star cast pan sari chhe❤,0,2020-03-04T10:18:32Z,candidate
UgxiA7yjvilPpgjTss14AaABAg,ZVjqWLlrV7k,Waah jayla waah,0,2020-03-01T10:15:06Z,candidate
Ugx_tLVMb4XSbRxHJ4Z4AaABAg,ZVjqWLlrV7k,Awesome,0,2020-03-01T10:14:54Z,candidate
UgzCzxm_y-Pk8xOwOnx4AaABAg,ZVjqWLlrV7k,Nice,0,2020-02-26T14:05:28Z,candidate
UgwBRRqbU0hp9jL6rWB4AaABAg,ZVjqWLlrV7k,Talented actors...Only problem is lots of Tea in between.....,0,2020-02-24T17:44:19Z,candidate
UgzSZly57pNFP28r0X94AaABAg,ZVjqWLlrV7k,"Mane pan game chhe.. Cha jode vato, cha jode savalo, cha jode javabo, cha hode jagda, cha jode prem, ane cha jode zindagi..... Bas cha sudhi....✌👌👌👌💜",0,2020-02-24T11:05:59Z,candidate
UgxWZ7y_WK3GcD1Jnrt4AaABAg,ZVjqWLlrV7k,Damn where the hell I was?? I was looking for this series from last 2 month...I fill like i got everything when I seen this series in my inbox...Thanks to all producer and others.,0,2020-02-23T14:54:08Z,candidate
UgwD1rJlE9g8dJFEG1J4AaABAg,ZVjqWLlrV7k,"Finally it's here!
This 9:18 made my day ❤️
#loveruhan",2,2020-02-22T15:43:04Z,candidate
UgytvDbconeEAIGe67B4AaABAg,ZVjqWLlrV7k,Sir students life no real ahsas karavato ak video banavone,0,2020-02-22T13:04:02Z,candidate
UgwagvGvn-OwavKr9N94AaABAg,ZVjqWLlrV7k,Nice😊,0,2020-02-22T10:47:29Z,candidate
UgwZqGDNEtWPwGrVk6B4AaABAg,ZVjqWLlrV7k,Bijaa episode nathi aavi yaa haju,0,2020-02-22T10:18:25Z,candidate
UgzqE8AjoLMW16aoG8R4AaABAg,ZVjqWLlrV7k,"2nd episode kabh ayega
Eagerly waiting for next episode 
Plz next video jaldi banavo",0,2020-02-22T09:05:15Z,candidate
UgxolKPiy1m4-1jhZ6R4AaABAg,ZVjqWLlrV7k,2nd episode plz...,0,2020-02-22T07:58:39Z,candidate
Ugyb_IgTO-0XVHl1OmR4AaABAg,ZVjqWLlrV7k,Episode-2 Kyare Avachhe?,0,2020-02-22T04:57:19Z,candidate
UgxxBG_Xy6A7Bs3McfB4AaABAg,ZVjqWLlrV7k,Second part kyare karvana chho release,0,2020-02-22T03:48:27Z,candidate
UgxsfVhGR9Svfp4kXIp4AaABAg,ZVjqWLlrV7k,"A vakhte badhu j navu che. Production khus saru che. Wording pan Sara che. Monal and Jhinal che. 

Bus kami che to RJ Ruhan ni. 

Ek episode ma Gaurav ne judge na kari sakay. Teni acting khub sari che. Vishvas che k a vakhte Gaurav pan radav se.",0,2020-02-21T19:18:16Z,candidate
Ugxe9Yt77HRCKtxKS8B4AaABAg,ZVjqWLlrV7k,Next episode vachche aatlo badho distance rakhva nu logic strange chhe.. Last two season ma ek week no distance rakhta.. But aa vakhte 9 divas thy gya ane next epi nu teaser pan nathi aavyu haji..,0,2020-02-21T15:05:42Z,candidate
UgymE3rqPGdkwNBYye14AaABAg,ZVjqWLlrV7k,Supar,0,2020-02-21T14:42:50Z,candidate
UgykUwRgCypW0yWyme14AaABAg,ZVjqWLlrV7k,"Good going. Reached season 3 👌🏼👍🏻

Waiting for next episode...",0,2020-02-21T03:27:33Z,candidate
UgwY2f1B3IrFZF2scut4AaABAg,ZVjqWLlrV7k,Next episode jaldii upload karooo......can't wait to see,0,2020-02-20T17:34:32Z,candidate
UgwLinpoWoJo1Y5RvEV4AaABAg,ZVjqWLlrV7k,Once again great story started with awesome zeal... Pn be season thi ruhan bhai ne jowani aadat padi chhe etle e bhare awaz ahi miss thay chhe.... Biju k last 2 season mara jewa ek middle class boys ni hti aama tme concept change kryo e gamyu ... Fari ekwar cha na prem sathe ...lots of love #baschasudhi,0,2020-02-20T17:15:31Z,candidate
Ugxhr6FA48v6d7BWuRp4AaABAg,ZVjqWLlrV7k,Season 1 is best,0,2020-02-20T11:17:40Z,candidate
Ugx8RUYMURCK23J07xZ4AaABAg,ZVjqWLlrV7k,Baki badha episode kyare avse,0,2020-02-19T18:07:18Z,candidate
UgzEYO_94KXC7CT18Ht4AaABAg,ZVjqWLlrV7k,"Waiting for episode 2 😍😍😍



I love this series 😍😍😍",0,2020-02-19T10:10:11Z,candidate
UgzRvVQW6dyr0iZxDJ14AaABAg,ZVjqWLlrV7k,Cn smell... DIL TO PAGAL HAI ....type,0,2020-02-19T10:06:54Z,candidate
UgwO1cV8-bPSFdTS9S94AaABAg,ZVjqWLlrV7k,"It is very easy to criticise than actual creation of something. With due respect for the hard work and efforts of the team m presenting my comments
script is good (except that part of bombarding of the word *cha*, they tried to make everything revolve around cha but that could be done without using the word *cha* multiple times..) 

characterisation is also good like Monal resembles ""jab we met's Geet. I expect to see transformation of Monal's naughtiness into some sort of subtle seriousness in further episodes
Darshan's surity about his choice of partner and excessive reliance on destiny shows some mismatch which can be writer's fault or his(writer's) deliberate attempt of showing confusion of Darshan's mind which can be seen in next episodes, I hope for the later possibility. 

glimpses of Dharati's solid deterministic approach and characteral strength connects us to the second season. that is the good smart move on their part. 
Overall.. mja awi gai 

let's see age kya hota hai..",1,2020-02-18T11:08:42Z,candidate
UgxqEOufnUb8apekCoJ4AaABAg,ZVjqWLlrV7k,"Background Melody ...waaaaHHHH
Sukun keway ne jene...ej aa bas cha sudhi😊",2,2020-02-18T07:47:24Z,candidate
UgzFtuJPcbwIbE6yDJ94AaABAg,ZVjqWLlrV7k,such a cute....story....keep it up.....guys,0,2020-02-18T07:14:06Z,candidate
Ugx-OmKIZ49vuQJpqVB4AaABAg,ZVjqWLlrV7k,Coffee vada mam aavya khara,0,2020-02-18T06:11:24Z,candidate
UgyilLLQwii6U5gOCKt4AaABAg,ZVjqWLlrV7k,"Not sure why but this is not able to hold me, I watched S1 and S2 and I was dying for S3... But since there is a gap in release of episodes, I feel bit cold.... Sir it's a request plz don't give pause release episodes daily....",2,2020-02-18T03:13:58Z,candidate
UgwUd96Wne_yEW130ZB4AaABAg,ZVjqWLlrV7k,Awesome... Episode 2 kyaare aavse?,0,2020-02-17T17:46:34Z,candidate
UgyrHsKPcFVdvIEAYxh4AaABAg,ZVjqWLlrV7k,Aare yaar ek full episode banavi do ne shu leva exitement lavi ne muki do so,0,2020-02-17T17:08:35Z,candidate
UgweuZq-TEtpE1pmz414AaABAg,ZVjqWLlrV7k,Vahhh super cute episode bas cha dusman sudhi,0,2020-02-17T15:23:22Z,candidate
Ugw4lQqKtF9D4XjKSAd4AaABAg,ZVjqWLlrV7k,Jhinal belani 👌,1,2020-02-17T15:08:57Z,candidate
Ugz9p77Mz8WiM5GvC354AaABAg,ZVjqWLlrV7k,👍,0,2020-02-17T14:36:11Z,candidate
UgzdRSEZGLGRK4PbNXV4AaABAg,ZVjqWLlrV7k,Su aa location tea post jamnagar nu chhe??,0,2020-02-17T13:35:05Z,candidate
UgxdgQwsL_6K3A90KSJ4AaABAg,ZVjqWLlrV7k,"I am excited for this 3rd season,nice😊😊👌👌👌",6,2020-02-17T13:02:43Z,candidate
UgxtarY4lj_5cPgH2_Z4AaABAg,ZVjqWLlrV7k,Next season kyare aavse.......??,0,2020-02-17T12:35:04Z,candidate
Ugxj7_DsB4bkif_lgTt4AaABAg,ZVjqWLlrV7k,"Series I love the most, was waiting eagerly, thank you so much guys for making such an amazing and lovely concept... બસ ચા સુધી ❤️❤️❤️",3,2020-02-17T10:56:38Z,candidate
UgxNV2bHFQCKrs-OmZZ4AaABAg,ZVjqWLlrV7k,Very well directed Priyal bhai..,1,2020-02-17T08:42:42Z,candidate
UgwY7DDW8yej-SvTv4V4AaABAg,ZVjqWLlrV7k,Vahh vahh vahh,0,2020-02-17T04:27:15Z,candidate
UgzomnwRNH5we-28inJ4AaABAg,ZVjqWLlrV7k,episode 2 kyare aavse?,1,2020-02-17T03:02:15Z,candidate
Ugwy5YR9wYohlVwU2fN4AaABAg,ZVjqWLlrV7k,Chai is Bae!❤️,0,2020-02-16T20:35:10Z,candidate
Ugy6_LQkagozYxSQ62F4AaABAg,ZVjqWLlrV7k,"Aa series no episode pehli vaar joyo....maja aavi gai😍😍
Aavi j interesting stories mate YouTube ni ekmatra Gujarati storytelling channel ekvar  jaroor jojo. #KavitaHD",1,2020-02-16T19:43:47Z,candidate
UgyUvmM-MRknLeLwn1h4AaABAg,ZVjqWLlrV7k,"Supar in new season bas cha sudhi but remembered to ruhan sir.
Then great starting season 3 to intrest.",0,2020-02-16T17:34:13Z,candidate
UgwD69WWlPGqM41wKa14AaABAg,ZVjqWLlrV7k,"Very nice..video ....
Gulmahor park ma shoot karyu lage chhe!!!science city ahemdabad",0,2020-02-16T17:14:57Z,candidate
Ugy6Wy3YfEZu4oMss-R4AaABAg,ZVjqWLlrV7k,"The most lovely thing is dialogue of this series ... Whether it's series 1, 2 or this one ... acting is also very good ... Chai lover  ... True Ashiq ...",1,2020-02-16T13:48:30Z,candidate
UgwVTXnFbzu6eZDTetV4AaABAg,ZVjqWLlrV7k,Super 👌🏻,0,2020-02-16T13:04:08Z,candidate
UgzRDCCN9bovsiTSOXF4AaABAg,ZVjqWLlrV7k,Good for high IQ person. I understand this video. Thanks with regards hope Shailesh Parikh Ahmedabad,0,2020-02-16T11:35:35Z,candidate
UgzBvn8NPLnUaSrDfPR4AaABAg,ZVjqWLlrV7k,Nice #pkmusicpradipkumar,0,2020-02-16T11:08:25Z,candidate
Ugz_CuelZDWFbTSSA_94AaABAg,ZVjqWLlrV7k,"First thanks to Tea Post ..keep sponsoring
Second to author .. super connecting 
Then to Director liked it but still can be improved . ( for first scene )
To Actor good work ( missed voice and expression of ruhan u can work on expressions )
Actress - 👌 work 
Team - 👏👏👏👏👏👏",1,2020-02-16T10:47:11Z,candidate
Ugy2cVOU0XYJermOFFl4AaABAg,ZVjqWLlrV7k,Jeva che Eva sra yes 🧡,0,2020-02-16T10:31:09Z,candidate
UgzQY7ECdIa17KCEmCN4AaABAg,ZVjqWLlrV7k,It's awesome ❤️❤️❤️,0,2020-02-16T10:27:56Z,candidate
UgyP_vCTXcCcn6qia9p4AaABAg,ZVjqWLlrV7k,Finally kudrat aavi gayu.... & Jova no time b mali gayo jode cha & bas cha sudhi..😋🤩😘😍,0,2020-02-16T10:15:47Z,candidate
Ugy96owjw97u6GcUvNt4AaABAg,ZVjqWLlrV7k,"i fall in love again n again with ""bas chaa sudhi""

love this series",5,2020-02-16T08:22:53Z,candidate
UgyqN1iKrHhYM98pLRV4AaABAg,ZVjqWLlrV7k,👌💐🎉😊😍🥰,0,2020-02-16T07:55:24Z,candidate
UgwOd_qR1jbj5ddUtNF4AaABAg,ZVjqWLlrV7k,awesome.... ☕☕,0,2020-02-16T07:39:07Z,candidate
UgwG0nEpff2okh0PYut4AaABAg,ZVjqWLlrV7k,Next episode kyare?,0,2020-02-16T07:07:53Z,candidate
Ugxtg7f7EAHThWhRz0d4AaABAg,ZVjqWLlrV7k,I love bas chai sudhi,0,2020-02-16T06:31:10Z,candidate
Ugw0dP6ROsfpkNqtbNh4AaABAg,ZVjqWLlrV7k,"Aa heroin ne kyak joyeli lage chhe.... 

I think koi south indian movie ma♥️",1,2020-02-16T05:59:53Z,candidate
Ugzi543TvB3mHTfSMrR4AaABAg,ZVjqWLlrV7k,Bhai badhu j bov J jordar chhe....  But still Missing rj ruhan.....,0,2020-02-16T05:12:16Z,candidate
Ugxm6kmr9Ljn1txg6Kt4AaABAg,ZVjqWLlrV7k,Supar che,0,2020-02-16T03:38:12Z,candidate
UgzA8NctPmy6zA-ZDMt4AaABAg,ZVjqWLlrV7k,Ys i also believe in magic lovely story and concept,1,2020-02-15T23:38:07Z,candidate
UgztLDRwLwj7mjaDSGx4AaABAg,ZVjqWLlrV7k,"Jordar vaapsi ek vadhu jordar content
Aue haye kyaa baat haii👏👏👏",0,2020-02-15T20:10:39Z,candidate
Ugz1VLwc1SQoPpk18AV4AaABAg,ZVjqWLlrV7k,Ena chehra na expression alag j 6,0,2020-02-15T19:56:12Z,candidate
UgxDydhaUHH5KHDCvJx4AaABAg,ZVjqWLlrV7k,No words....lovely starting 👌👌👍👍,0,2020-02-15T19:52:24Z,candidate
UgyYmxyt6Yzkmkze3M54AaABAg,ZVjqWLlrV7k,U guys just know the right way to creat magic👌,0,2020-02-15T19:43:25Z,candidate
Ugz9vJmpgYGnxUrD6xp4AaABAg,ZVjqWLlrV7k,Tea post nu address???,0,2020-02-15T19:17:02Z,candidate
Ugxkh0MVOLgPR9RPbIp4AaABAg,ZVjqWLlrV7k,Second episode mate khub j excited chhiye Bhai...,1,2020-02-15T19:08:04Z,candidate
Ugyf0JgFRC6Fqd29KK94AaABAg,ZVjqWLlrV7k,Superb..........,0,2020-02-15T18:38:28Z,candidate
UgyxQiJX2hGQUXMZeTB4AaABAg,ZVjqWLlrV7k,Awsm,0,2020-02-15T18:28:41Z,candidate
UgwWni6GtFYlWnKyD0h4AaABAg,ZVjqWLlrV7k,I wish they upload episode on daily basis... #Big_Fan,0,2020-02-15T18:14:01Z,candidate
Ugzm-Xcar82rMYvfZfx4AaABAg,ZVjqWLlrV7k,Episodes 2 plz jaldi realize,0,2020-02-15T17:33:44Z,candidate
UgxO8aJd-s6sK0DejOR4AaABAg,ZVjqWLlrV7k,Super,0,2020-02-15T17:30:49Z,candidate
UgyT-dgayDLWP2xaPpZ4AaABAg,ZVjqWLlrV7k,"Munna bhai: aye circuit ! wo mile to kya bolunga me!
Circuit: Bhai ! “આત્મસમર્પણ, હ્રિદય પરિવર્તન” ese bhari bhari sabd fekne ka !",3,2020-02-15T16:36:36Z,candidate
UgzRKr8kSg7d5cO_n4N4AaABAg,ZVjqWLlrV7k,Osm it's really fantastic story,0,2020-02-15T16:22:58Z,candidate
Ugw8i2TIkQUEY_j-ZL94AaABAg,ZVjqWLlrV7k,Nice concept......,0,2020-02-15T15:59:16Z,candidate
Ugxuhwo5saWqlgGFe814AaABAg,ZVjqWLlrV7k,"પૈસા +brain ===== beauty !😑😑😑
Reality 6 BHai",0,2020-02-15T15:47:01Z,candidate
UgxPhHJW1hREmHTAChd4AaABAg,ZVjqWLlrV7k,I love you Niku 😘 I know ke tu Aa episode jois 👌 But mane Massage Nai Kare 🤐 Miss you Yarr Ab man Bhi ja,0,2020-02-15T15:35:59Z,candidate
Ugx5jEOs99o3dhFf0EZ4AaABAg,ZVjqWLlrV7k,"Finally aavi gyu 
Finally no more wait😍
Missing this season so much
I hope this will give again beautiful  
Story 🙌",0,2020-02-15T14:27:21Z,candidate
Ugz8XWXYc8EIH2ws4jF4AaABAg,ZVjqWLlrV7k,Chai pine hi sahi...aa jana kabhi milne..log kahte hai mein chai acchi bana leta hoon,0,2020-02-15T14:00:06Z,candidate
UgwNSV95KwsDIErABbp4AaABAg,ZVjqWLlrV7k,Jordaar ..❤️🤩😍❤️❤️,1,2020-02-15T13:32:59Z,candidate
UgxrcxkejdVwUDG4bpV4AaABAg,ZVjqWLlrV7k,"Sorry @aasthaproductions to watch this too late....
But this series is love❤
Just missing ruhaan....",2,2020-02-15T12:57:19Z,candidate
UgxyK9WzLn-4ySk55J14AaABAg,ZVjqWLlrV7k,"Mast hoi 


Love from Mumbai ❣️",1,2020-02-15T11:56:13Z,candidate
Ugy_FpKoRYeUg_gW7h14AaABAg,ZVjqWLlrV7k,Bus cha sudhi atli mast story 6 amj lage k apdi j story thnx yar,0,2020-02-15T11:47:17Z,candidate
UgxfnYGRaoomH3Mer9d4AaABAg,ZVjqWLlrV7k,Too much waited for this,0,2020-02-15T11:30:11Z,candidate
Ugy5Zrar7Rtp4BcGKz54AaABAg,ZVjqWLlrV7k,"Aa vakhate kaik twist chhe story ma...,let's wait for next ep.",1,2020-02-15T10:55:31Z,candidate
UgyrzDa_uv-4xrWgc6t4AaABAg,ZVjqWLlrV7k,Eagerly waiting for the next episode...,0,2020-02-15T10:41:00Z,candidate
UgwmSFwRgww1iLkgZSx4AaABAg,ZVjqWLlrV7k,Superb superb superb superb,0,2020-02-15T10:37:15Z,candidate
UgzSDGIeE4hdPAzL_bV4AaABAg,ZVjqWLlrV7k,Rich person ni story 😂😂😂,0,2020-02-15T10:31:10Z,candidate
UgwPiZ9SJOpMuW0hUf14AaABAg,ZVjqWLlrV7k,"Thoda divas pehlaj chha chhodi didhi 
Heath reason 
Pan have pachhu cha pivanu mann thai gayu 
Cha na prem manpadvanu man thai gayu",0,2020-02-15T10:07:47Z,candidate
UgzOVkrduT3qejl1lP54AaABAg,ZVjqWLlrV7k,I just feel cry,1,2020-02-15T09:36:43Z,candidate
UgyUMFkT2477kwHYVcd4AaABAg,ZVjqWLlrV7k,Khub j sundar,0,2020-02-15T09:16:50Z,candidate
UgyPa5_rAxOU3HZd0UF4AaABAg,ZVjqWLlrV7k,"Bov wait karavi te.... ""Bas cha sudhi""........ Pn chal aakhre aavi to gayu..... Hasssss.....",0,2020-02-15T08:57:52Z,candidate
UgzjwbaX6WTg__uksb54AaABAg,ZVjqWLlrV7k,7:24  have maja avi jinal ne joi ne,0,2020-02-15T08:08:28Z,candidate
UgyjGzQaBCLDudHqhDp4AaABAg,ZVjqWLlrV7k,Awesome 👍 I'm waiting next part,0,2020-02-15T08:08:19Z,candidate
UgyXUy_U4LI2_4pP_Rp4AaABAg,ZVjqWLlrV7k,Monal ur acting is good...bt we miss ruhan,0,2020-02-15T08:04:48Z,candidate
UgykCEKsFkPhKWvnKT94AaABAg,ZVjqWLlrV7k,"Mari love story pan CHA thi j sharu thy hati ,pan ........😑",0,2020-02-15T07:32:31Z,candidate
UgxDrLFCd6RwpcluwRZ4AaABAg,ZVjqWLlrV7k,Episode 2 release date??,0,2020-02-15T06:59:31Z,candidate
UgxvQ9ae1kRulyLzUXV4AaABAg,ZVjqWLlrV7k,Season 1 ane 2 was like imtiaz ali movieand this season is like karan johar movie,8,2020-02-15T06:26:06Z,candidate
UgyYkugQgtuCoUCU2hN4AaABAg,ZVjqWLlrV7k,Story no end jovani aaturta vadhi gai che.....hope so aa vkhte no ending happy  hoy writer saheb....😇,2,2020-02-15T05:56:11Z,candidate
UgyCp7FNj1hnJne4bZ14AaABAg,ZVjqWLlrV7k,Aama je apeksha ni vat kari ne but prem ma apeksha hoti nathi visvas hoy che nishwarth prem hoy che na koi duniya dari ni rit k sabandh na bandhan pan nathi roki sakta prem to badha bandhan thi mukt kare che khuli ne jivta sikhvade che😘,0,2020-02-15T05:41:18Z,candidate
UgxpvYxEotuXTMvO2LB4AaABAg,ZVjqWLlrV7k,"Sooo happy finally 
Awesome episode....
Waiting for episode 2",0,2020-02-15T05:40:09Z,candidate
Ugyx2vxRO8PtSqhh7xZ4AaABAg,ZVjqWLlrV7k,Hum chay nahi pite likin is chay me intrest hai he..😁😁👌,0,2020-02-15T05:13:38Z,candidate
Ugz4oLz1GLiTROrCRHd4AaABAg,ZVjqWLlrV7k,Best,0,2020-02-15T04:40:37Z,candidate
UgzP3U-Ym06gR3HJkC14AaABAg,ZVjqWLlrV7k,"*I HAVE WAITING FOR THIS AND THIS IS COMING WAITING FOR NEXT EPISODE*
*MY WISH IS BAS CHA SUDHI ALL EPISODE UPLOADED ON NETFLIX AND AMAZON*",3,2020-02-15T04:40:13Z,candidate
UgzPR5Zu2OurUag3jWd4AaABAg,ZVjqWLlrV7k,Jordaar che,0,2020-02-15T04:23:35Z,candidate
UgxtpKr4gpfBxzagujp4AaABAg,ZVjqWLlrV7k,Bas have ep 2 nari raha chhe,0,2020-02-15T03:17:18Z,candidate
UgyqvSAsJP_ZGkBKm-l4AaABAg,ZVjqWLlrV7k,Khubj Sarah,0,2020-02-15T03:15:53Z,candidate
Ugw1nsvI5NQ3MIvGpAN4AaABAg,ZVjqWLlrV7k,Super,0,2020-02-15T02:11:16Z,candidate
UgwlVH1rMI27z4H-O-B4AaABAg,ZVjqWLlrV7k,Fari ek var season three finally avi gayu kyarni rah joto hato  thanks again Aastha production,1,2020-02-15T00:16:19Z,candidate
UgxipGGh1sp8VY5tECV4AaABAg,ZVjqWLlrV7k,"Looks like a good starting but missing a lot Ruhan sir here. Jhinal mam and Ruhan sir ni jodi kaik alag j che. Ahiya pan Jhinal mam ni 20 sec j aakha episode ma sauthi best lage che.  Emna avaj ma j kai alag jadu che seriously. 
Thank u all for making these.",2,2020-02-14T22:00:24Z,candidate
UgziSAW7ICo4m2NA3y54AaABAg,ZVjqWLlrV7k,Mostly awaited series is here..Ruhan ni kami to feel thay che..Ena jevo cha ne shaswat prem koi na kari sake..baaki monal did the grt job and jhinal is also fantastic❤️❤️,51,2020-02-14T21:23:12Z,candidate
Ugyw8HObLARub4_Wc7d4AaABAg,ZVjqWLlrV7k,❤️❤️❤️❤️❤️☕️☕️☕️☕️☕️☕️🥰🥰🥰🥰🥰🥰,0,2020-02-14T20:06:03Z,candidate
UgzC40yVSHNpNqpulkV4AaABAg,ZVjqWLlrV7k,"Seriously  !! khabr j na padi k kyare episode puro thai gayo . Darshan avaj, Style, vat karvani rit everything is different. Chalse boss aa actor aakhi series MA chalse.. 
ofc, Miss. Monal a chulbuli chokri adbhut acting che emni baki. Kevu pade. 
At the end it’s all about TEA ☕️ . 

baaki I do believe in destiny too . 😉😉

Good job !! 
 waiting for episode 2.",9,2020-02-14T19:46:01Z,candidate
UgwuU6iCbaX7SbV9DOZ4AaABAg,ZVjqWLlrV7k,"Bhai, background music dialogues boleye tyareee band karo pls, dialogues nathi sambadata",1,2020-02-14T19:45:16Z,candidate
UgzAgHJiWN4tGk8KLkN4AaABAg,ZVjqWLlrV7k,Bas chah sudhi👌👌👌👌,0,2020-02-14T19:25:16Z,candidate
UgwF-ganparkoydduvR4AaABAg,ZVjqWLlrV7k,"Very freshing.... Amazing 😍
Great choice of actors....👌",1,2020-02-14T19:00:47Z,candidate
UgzV6m3s06RmUWK1fVJ4AaABAg,ZVjqWLlrV7k,"Miss you so much vandriii 
I know tu pn aa season 3 puri joish dill thi thnku so much te mane aa veb series batavi...Heyyy pagl have to aapno smbandh msg sudhi pn na rhyo😢 miss you so much....Nd yes thnku so much #Aasthaproduction aavi mst veb series aapva mate but misss you #rjruhan",0,2020-02-14T18:53:03Z,candidate
UgwdfvUe7zbe01-5zit4AaABAg,ZVjqWLlrV7k,2 episode kyare avase,0,2020-02-14T18:50:51Z,candidate
UgwyoLARYHmGjnKDvkp4AaABAg,ZVjqWLlrV7k,"Laya ho baki
Superb..
But
Missing ruhan sir",0,2020-02-14T18:48:54Z,candidate
UgwafE0BCqKqtONxCFV4AaABAg,ZVjqWLlrV7k,Awesome 😍,0,2020-02-14T18:38:50Z,candidate
Ugz0jn1fi7wnjZQcU3B4AaABAg,ZVjqWLlrV7k,"આ તમારી ચા માં કેટલાઓ ની ""ચા""હત  છુપાયેલી છે. Welcome back once again rockstars. "" Bas have bas cha sathe j ne bas cha sudhi j ""👍",0,2020-02-14T18:23:18Z,candidate
Ugxo-Y1hUX_5Gy3pDgd4AaABAg,ZVjqWLlrV7k,Super lagyu ho,0,2020-02-14T18:19:21Z,candidate
Ugxa6PA8WKL9YlKSL414AaABAg,ZVjqWLlrV7k,very nice story ...,0,2020-02-14T17:58:09Z,candidate
UgxNlaSy67hCWxuTf2d4AaABAg,sxhhlxKiYwY,Bhai msg bohat accha hai,1,2023-08-18T14:30:16Z,candidate
UgydrKYkh2-KdZpqtJN4AaABAg,sxhhlxKiYwY,Beautiful story he .,2,2023-08-11T09:08:17Z,candidate
UgzSlJDjDFs2Y2IeuU94AaABAg,wZfOk9Tbdnc,"Watch Kem re Bhulay Thakor No 1 - Full Gujarati Movie:
https://www.youtube.com/watch?v=sF6r_OKDJ3k

Watch Congratulations - Full Gujarati Movie:
https://www.youtube.com/watch?v=dY3E9DuGCyk

Follow us on Whatsapp for more updates: ShemarooMe 
https://whatsapp.com/channel/0029VaAqVQi7Noa6f9VZzs1R

For More Such Videos Subscribe to our channels - 
https://www.youtube.com/@shemaroogujarati
https://www.youtube.com/@shemaroogujaratimusic1004
https://www.youtube.com/@gujaraticomedy5787
https://www.youtube.com/@shemaroogujaratimanoranjan2663

Follow us on
 Facebook - facebook.com/shemaroogujarati
Instagram - instagram.com/shemarooguj
Twitter - twitter.com/ShemarooGuj",1,2024-02-28T06:14:13Z,candidate
UgzlMPe-ubSjbfVFnT54AaABAg,wZfOk9Tbdnc,Bhai .ove kyare aava va ni se,0,2024-07-31T17:50:15Z,candidate
UgwfwSojz11Vu18ddaF4AaABAg,xB5cRbibYAU,Super sar 👌👌👌👏👏👏,2,2021-08-10T13:52:09Z,candidate
Ugwod4CaSHbrKZuVlu14AaABAg,xB5cRbibYAU,Nice,2,2021-08-10T13:51:26Z,candidate
UgyiOr6SPIJ3yyvIMwl4AaABAg,xB5cRbibYAU,Wow,1,2021-08-10T13:51:15Z,candidate
UgxJXCw3sZ-t1AbSmDZ4AaABAg,xB5cRbibYAU,वाह! निरव सर वाह,2,2021-07-24T04:00:20Z,candidate
UgxSFk5OExGxNhnZw614AaABAg,xB5cRbibYAU,Super sir👏👏👏👏👌👌👌👌👌👌,2,2021-07-24T03:58:12Z,candidate
UgyEe28csesVySWcI154AaABAg,xB5cRbibYAU,Nise,1,2021-06-24T16:43:20Z,candidate
UgyXiGEBtQInOVn57K14AaABAg,xB5cRbibYAU,Sema jova malse aa ?,1,2021-05-31T07:45:17Z,candidate
UgwkmKfsTm-x2-CxRwB4AaABAg,xB5cRbibYAU,Jordar che sir 👍👍👍,2,2021-05-16T08:09:08Z,candidate
Ugy063KamFBEkl9BPrF4AaABAg,xB5cRbibYAU,Super sir 👌👌👌,1,2021-05-10T08:18:34Z,candidate
Ugzq9sjgY2D_57ksMeN4AaABAg,xB5cRbibYAU,Nice 👍👍👍👍👍,2,2021-05-10T05:13:52Z,candidate
UgzrDLA4Oc_FK7-dCG54AaABAg,xB5cRbibYAU,Ek dm kadak👌🤙,1,2021-05-09T08:30:00Z,candidate
UgxJTdrrxM9dHuT4V2t4AaABAg,xB5cRbibYAU,Nice sir 👍👍,1,2021-05-09T08:05:25Z,candidate
Ugx1rKKufcssqEQ-faF4AaABAg,xB5cRbibYAU,Nice👌,1,2021-05-08T17:01:57Z,candidate
UgxCaVI42tXnKMSUt4V4AaABAg,xB5cRbibYAU,Nice 👍👍👍👍👌👌👌👌,2,2021-05-08T15:10:43Z,candidate
Ugw2laiVaKMP1o590S14AaABAg,xB5cRbibYAU,Good review,1,2021-05-08T15:07:02Z,candidate
Ugz3qpB8pE4jSHMRf2d4AaABAg,xB5cRbibYAU,Nise sir raj👍,2,2021-05-08T15:00:32Z,candidate
UgwI9uP5L8OqyN3A_iB4AaABAg,xB5cRbibYAU,Wonderful 👍🏻,2,2021-05-08T14:45:16Z,candidate
UgxvEtr14emuugRIzTd4AaABAg,xB5cRbibYAU,Super 👌💯,2,2021-05-08T14:18:05Z,candidate
UgxmIq_YFjraG_Vpwpt4AaABAg,Z9PqVjgvSx8,"Superb
And maja ni wat ae chhe k ame bhi amari pehli mulakat ahiya j kri hti 😀",81,2020-08-25T12:14:50Z,candidate
UgyEmq007j-gIoKLywR4AaABAg,Z9PqVjgvSx8,Starting ma je halki halki whistle che bav mast 1:46,1,2025-05-16T10:45:14Z,candidate
UgwuPuQFZ23boH9yTrV4AaABAg,Z9PqVjgvSx8,Nice 👍👍👍🙂🙂🙂😊😊,0,2024-11-07T15:01:19Z,candidate
UgxLw4BfhJEARQlrJVt4AaABAg,Z9PqVjgvSx8,"Hi Guys , Manne Gujrati nathi aavti , pann  aa shortmovie hun joyi 

I can understand Gujrati , Coz My 2 Buwas are married in Gujrat &:Saurashtra respectively . So their Children used to visit our place near Mumbai & they Taught me writing & Reading Gujju language that I could learn swiftly . I watched few Guj movies in my childhood. But Today I WATCHED THIS SHORT MOVIE SUDDENLY POPED UP ON YOUTUBE & FELT LIKE WATCHING.
CAN U BELIEVE I WATCHED THIS MOVIE FULLY & LIKED IT SO VERY MUCH.🎉❤ Not Difficult to Understand indeed .will watch other FIRST DATES ALSO.

I M KAMLLESH VALECHA FROM MUMBAI .NO NEED BT I TELL YOU 
WE ARE SINDHIS. 

SEE YA AGAIN .
TILL THEN NJOY 🤞🤞🤗🤗❣️❣️",2,2024-08-24T18:13:04Z,candidate
UgyZ_MMwE7O7X1LnLbl4AaABAg,Z9PqVjgvSx8,rajkot aavadh,0,2024-06-13T06:53:57Z,candidate
UgxrOFqqiAKm5FU7Tol4AaABAg,Z9PqVjgvSx8,Kya aavelu che cafe,0,2024-06-09T16:06:42Z,candidate
UgzZ-WaJMQRoD0B-xkl4AaABAg,Z9PqVjgvSx8,SHRINIL JANI SUPER WOR  BRO  I LIKE THIS WORK  FOR KEEP IT UP BRO 👍,0,2023-08-13T11:19:06Z,candidate
Ugz6Otk3WovQlYBBIsp4AaABAg,Z9PqVjgvSx8,Aa dr. Ben na character vahiyaat chhe over acting ni dukan😆😆😆,0,2022-12-24T03:29:33Z,candidate
Ugy30fIrHEcs8aEi_Bl4AaABAg,Z9PqVjgvSx8,"Extremely good presentation, direction, Cinematography and set. Awesome acting, expressions and dialogue delivery by everyone!
Keep it up!
Dr.Prashant Panchlothia (Actor)",2,2022-11-18T02:28:16Z,candidate
UgxCrLxAoYouu6kpdk14AaABAg,Z9PqVjgvSx8,Really liked the direction the way you lead the story.  Cute and brilliant ! 👏👏👏💕💕,1,2022-10-31T19:35:36Z,candidate
Ugzu7qv5Hnm45jsBXNB4AaABAg,Z9PqVjgvSx8,Every webseries from your production have some Sound problem or you guys recorded sounded after. Its uncomfortable to watch. Sometimes story are not good but their sound makes the views. You guys got great story but sound in each series seems like after Record or mike are very close to Actors. It was a friendly suggestion. Never Mind.,0,2022-09-15T08:36:34Z,candidate
UgwhRr_5dkbSGjnNB714AaABAg,Z9PqVjgvSx8,"Hey shrinilji i am daughter of sudha solanki, actually your mom and my mom were childhood friends.Anyway bouj saru lagyo aa video joine great acting skills😊",0,2022-08-28T18:41:54Z,candidate
UgxTPdpuJYKoKTfggKd4AaABAg,Z9PqVjgvSx8,Great Work! Interesting Series.,0,2022-08-26T10:58:26Z,candidate
UgxnwUguJj8UqccO3st4AaABAg,Z9PqVjgvSx8,Nice story and Amazing acting. 👏👏,0,2022-08-15T21:43:40Z,candidate
Ugz_EQhfL-LUdRQj3Qd4AaABAg,Z9PqVjgvSx8,"Darshita Jaani, Ma'am,  keep it up, 
Really writing and the concept of this story is soo beautiful, 
Moral of the story that if we understand both's interests and weaknesses and care about it, then no matter if our hobbies and lifestyle are different.... The only important thing is to believe each other and love each other...
The great romantic and meaningful stories which I saw but no one unique like that the Story table.. 
Again Great creation of all teams, and I Appreciate to DARSHITA JAANI FOR making it... And also  to all members which are involved in its creation..",2,2022-07-25T19:01:41Z,candidate
UgwTNa0C8q6CL4OftDh4AaABAg,Z9PqVjgvSx8,Wow Thats Call Majja Avi gai 😀,0,2022-07-06T10:05:54Z,candidate
Ugx8v7ztYxOz2iMqY5p4AaABAg,Z9PqVjgvSx8,"Lovely 
I like it  😍",0,2022-06-23T11:46:51Z,candidate
UgwWz7cswhBNxrkJ2094AaABAg,Z9PqVjgvSx8,"Shu wat ch? Jordar e paj Gujarati ma....hats off guys....ek dam simple dialogs,  cinematography and location .",1,2022-06-22T13:16:36Z,candidate
UgxmP2tneR0Z1K8x-N54AaABAg,Z9PqVjgvSx8,Nice  but jaldi biji story  muko..waiting,0,2022-05-27T16:40:01Z,candidate
UgzvGWaOh_eYyWfcENV4AaABAg,Z9PqVjgvSx8,"One interesting thing of gujarati web series
Badha gujarati comments vachva made🙂🙂",1,2022-05-26T13:44:01Z,candidate
UgyQQfVEeOtskR_2cZ54AaABAg,Z9PqVjgvSx8,Suprrrrrr44rR4,0,2022-05-14T13:58:36Z,candidate
UgxDaMvCTHTTt6PtpJp4AaABAg,Z9PqVjgvSx8,13:11  cup Khali che hnaa🤭😜,0,2022-01-03T11:48:07Z,candidate
UgzAlAsKE4WZKBNV40h4AaABAg,Z9PqVjgvSx8,Any liberal philosophy goes in favor of ruling class,0,2021-12-25T16:55:49Z,candidate
UgzTM6ad6gEnJEHkO6J4AaABAg,Z9PqVjgvSx8,"Please lose the background music, it's distracting and please don't shoot the movie with handheld camera, use the right equipment. Constantly moving camera is no fun way to watch any movie. Good Luck",0,2021-11-24T03:46:41Z,candidate
UgwzHkv9OXTKYbDyH8F4AaABAg,Z9PqVjgvSx8,Wow.... Great great great 🙌👌👌,1,2021-11-19T19:40:38Z,candidate
Ugz-gW6gHh37AoLxvgV4AaABAg,Z9PqVjgvSx8,Wow that's awesome 👍,0,2021-10-07T01:48:35Z,candidate
UgyZjr81U1Nkov8T5nt4AaABAg,Z9PqVjgvSx8,Chokro pehli var cafe ma avyo lage che..order ma atli vaar kare e su krvano,0,2021-10-05T07:16:15Z,candidate
Ugzdkvg-Mwu5Ly6Cuhp4AaABAg,Z9PqVjgvSx8,Sosyo to aapdo pan favorite,0,2021-10-04T07:43:13Z,candidate
UgxOvA2jH05WgsO4-I14AaABAg,Z9PqVjgvSx8,13:09 e pigli gya... Jabru ho lines,0,2021-10-04T07:27:29Z,candidate
UgzbVeUyfjeVyJtmHnt4AaABAg,Z9PqVjgvSx8,10:15 rotli to mane fave chhe tya j vaat pakki 👍🏻,0,2021-10-04T07:18:09Z,candidate
Ugxkvzl9MZdAUc8tZ554AaABAg,Z9PqVjgvSx8,#_Jordarrrrr..♥️,0,2021-09-10T15:36:00Z,candidate
UgwA35y3KSgDdV1MI6J4AaABAg,Z9PqVjgvSx8,Amateur acting and direction,0,2021-08-30T07:19:16Z,candidate
UgzfZ7pTkCNvsOpgCVZ4AaABAg,Z9PqVjgvSx8,Nice story,0,2021-08-29T14:48:28Z,candidate
UgyHQcubn7N6WIVbjWJ4AaABAg,Z9PqVjgvSx8,Vaah suppab 😍👌🏻👌🏻👌🏻,0,2021-08-27T15:52:16Z,candidate
UgyFjsD2_FCwr0f0ScN4AaABAg,Z9PqVjgvSx8,"Vah.....
Ejne khali khota hari jat ..
Bo maza aavi...",0,2021-08-27T07:12:33Z,candidate
UgwxkEGkbqdUkkHdt8N4AaABAg,Z9PqVjgvSx8,Nice 😊👍,0,2021-08-18T09:58:16Z,candidate
Ugw06SebSZI-_5fDQcd4AaABAg,Z9PqVjgvSx8,"10:49 i think he is very nervous, look at the hand vibration🤭🤭🤫😁😂😂
BTW story was nice but little disappointed 😥 with acting.",0,2021-08-11T03:11:38Z,candidate
Ugzlx4glW_CC4h1Va-V4AaABAg,Z9PqVjgvSx8,Glad to see Gujarati ma avi saras web series ava lagi che 😍,0,2021-07-25T19:18:39Z,candidate
UgxPYO1unbqNliZNiut4AaABAg,Z9PqVjgvSx8,"1 vat to kevi padse... Me aa series na badhaj bhag joya 1-5 pan ha...
Aa part 1 ma je story nu level & Content che e mane The Best lagyu ane eni comparison e bija koi part sathe nai thay saktu",1,2021-07-24T02:45:58Z,candidate
Ugwg7_i6O_YxZnJOeY14AaABAg,Z9PqVjgvSx8,Bhai sapna Joana bandha Karo aa bjp nu raaj chhe lagan naa sapna chhodi do Saheb,0,2021-07-22T18:05:39Z,candidate
UgwFSTGHaTX-zlRx80N4AaABAg,Z9PqVjgvSx8,😀🤗👍👌🏼,0,2021-07-20T11:57:10Z,candidate
UgymgNB2WObiOnNVBZR4AaABAg,Z9PqVjgvSx8,Very nice  I love story,0,2021-07-12T19:08:58Z,candidate
UgxBkLY2ltlPI4vXiZl4AaABAg,Z9PqVjgvSx8,Jaare e backgroung music bandh karo 🙏,0,2021-07-07T15:21:48Z,candidate
Ugw8NBaS4FaXfSfaDpt4AaABAg,Z9PqVjgvSx8,Nice story,0,2021-07-05T11:35:29Z,candidate
Ugwzi1b0oV-MwlEHaNl4AaABAg,Z9PqVjgvSx8,Superb 👍,0,2021-06-30T17:13:06Z,candidate
UgyIyaAv13_v2Ri3el14AaABAg,Z9PqVjgvSx8,Chokri gharnu khavanuj prefer kare che but bahaar unhygienic panipuri khaay..,0,2021-06-29T18:23:18Z,candidate
Ugy4UFaFSMLv1O47Sh54AaABAg,Z9PqVjgvSx8,Coffee uper Sosyo ane Cold drink kevi reti pivay ???,0,2021-06-28T15:45:59Z,candidate
Ugx8jshl9RUuZZusjB54AaABAg,Z9PqVjgvSx8,Like background music,0,2021-06-27T14:51:21Z,candidate
Ugw40lHc-Nfcvs2WWMt4AaABAg,Z9PqVjgvSx8,First date cafe ♥️♥️♥️♥️,1,2021-06-27T09:35:51Z,candidate
UgwLB_Vbpj6Smy3Qghp4AaABAg,Z9PqVjgvSx8,Jordar stoty table,0,2021-06-24T17:06:50Z,candidate
Ugzgtpv1vJr4usnRj0B4AaABAg,Z9PqVjgvSx8,"2nd PART
https://play.google.com/store/apps/details?id=com.app.patel_mart",0,2021-06-24T11:09:06Z,candidate
UgwHP8gYKi3VaHf1WaV4AaABAg,Z9PqVjgvSx8,Nice maja awi,0,2021-05-30T17:44:32Z,candidate
Ugx34PrTpRdaZhkPPTR4AaABAg,Z9PqVjgvSx8,Jordar 👍,0,2021-05-06T10:34:59Z,candidate
UgzG2OSRcPK-GQdyEzZ4AaABAg,Z9PqVjgvSx8,"superb,  but aa story ne continue karo to maja aave.",1,2021-05-05T05:04:19Z,candidate
Ugz2hzpx2lvr32yBiW14AaABAg,Z9PqVjgvSx8,Amazing story superb 👌👌👌😊,0,2021-05-04T10:03:01Z,candidate
UgzIPKPaG7p97qSM0Vp4AaABAg,Z9PqVjgvSx8,Be aa chokri doctor thai ne evu keh che k sweet khava thi diabetes thase!!,0,2021-05-04T09:39:03Z,candidate
Ugwna0CSZw1z01M3pD54AaABAg,Z9PqVjgvSx8,❤,0,2021-05-01T01:58:09Z,candidate
Ugzu2pZ5f_X-6orRPhR4AaABAg,Z9PqVjgvSx8,Arre wah,0,2021-04-24T18:06:34Z,candidate
UgxndRwzPWbQsmuLdS14AaABAg,Z9PqVjgvSx8,Jane ame to Family meeting ma PHD😂 kari ne betha hoy😅,1,2021-04-23T10:59:49Z,candidate
Ugyz5VJrAKhi7QnVYI94AaABAg,Z9PqVjgvSx8,Ek seen ma bike lose che,0,2021-04-19T09:12:40Z,candidate
Ugyuil_Mv1rVWMYHHdp4AaABAg,Z9PqVjgvSx8,Superb voice of narrator.,0,2021-04-17T08:18:48Z,candidate
Ugx1PVxVDbGzr6o31_l4AaABAg,Z9PqVjgvSx8,Both are act good specialy  hero's acting.,1,2021-04-13T07:26:08Z,candidate
UgxMC_jbfcUtIROKj5V4AaABAg,Z9PqVjgvSx8,It's boring..I didn't find originality..haan bt  dialogues are quite good...👍,0,2021-04-09T09:31:57Z,candidate
UgyiuZeskt0MjbNKmNJ4AaABAg,Z9PqVjgvSx8,Super sir,0,2021-04-05T15:24:41Z,candidate
UgyODcNWA2nwTvGl1B54AaABAg,Z9PqVjgvSx8,Nice concept,0,2021-03-31T19:46:07Z,candidate
UgzNrTbUM2zfnOlWzIx4AaABAg,Z9PqVjgvSx8,Good  performance  nice story,0,2021-03-23T12:28:44Z,candidate
UgyAXS8L8jXkgbGrlih4AaABAg,Z9PqVjgvSx8,Very nice bhaii,0,2021-03-22T15:30:54Z,candidate
UgwfP7CtuzIrZoX79KR4AaABAg,Z9PqVjgvSx8,🙏 🙏 Very nice enjoying,0,2021-03-08T17:04:25Z,candidate
Ugz-L38r0_WFr8RcOn14AaABAg,Z9PqVjgvSx8,ov majjhaaaaa avi bhai,0,2021-02-28T13:58:15Z,candidate
Ugz9As5SzGqDzoy81RB4AaABAg,Z9PqVjgvSx8,"Khub saras..
✌",1,2021-02-19T11:53:34Z,candidate
Ugwco-bE9UN4zKnFNoB4AaABAg,Z9PqVjgvSx8,"Who started love Gujarati web series by... 
Bas cha sudhi..!🍵 
😍💖",62,2021-02-08T07:08:25Z,candidate
UgxCpVg04uYyQT8JXu14AaABAg,Z9PqVjgvSx8,Mne heroine rajkot na lagya.. Pure kathiyawad.. Wah.. 😍✌,0,2021-01-28T10:21:21Z,candidate
UgwA3K6BM0_sbnxc9KZ4AaABAg,Z9PqVjgvSx8,Super Story,0,2021-01-26T18:40:38Z,candidate
UgxMIyfjq5I2B_53mTl4AaABAg,Z9PqVjgvSx8,I am Punjabi but I can understand Gujarati and really liked this episode,0,2021-01-25T19:11:48Z,candidate
Ugz9ZCFk_cR3Vlqd9JZ4AaABAg,Z9PqVjgvSx8,Need more crisp writing,0,2021-01-25T05:00:07Z,candidate
UgyT7iCRfgcHBdY7IN54AaABAg,Z9PqVjgvSx8,Esi couple Ko lekar next episode banao,0,2021-01-18T17:28:56Z,candidate
UgzArwkcxGKVkS-_q694AaABAg,Z9PqVjgvSx8,Khub Saras,0,2021-01-10T03:26:36Z,candidate
UgzHqRxBBZ3VMB8XPMx4AaABAg,Z9PqVjgvSx8,https://youtu.be/gG4WFa7Fvao,0,2020-12-25T15:58:14Z,candidate
Ugw-r0jwTGc52eozQiN4AaABAg,Z9PqVjgvSx8,Nice one👌,0,2020-12-10T17:07:14Z,candidate
Ugzw1FxXUz_5k_qVD0Z4AaABAg,Z9PqVjgvSx8,Ek navi tazagi no anubhav..Saral Sahajik...ane hriday sparshi..Khubaj sunder rajuaat..Bija episode jovani aaturta vadhari didhi...Best wishes all of you guyz...,1,2020-12-08T11:16:53Z,candidate
Ugy_TTOt6M0HkIBX4hh4AaABAg,Z9PqVjgvSx8,Nyc,0,2020-12-02T02:28:43Z,candidate
UgxiW8uHjkWDGbFnch14AaABAg,Z9PqVjgvSx8,Suppr,0,2020-11-27T02:49:56Z,candidate
UgxPFQ9cu5u0sfEt9c54AaABAg,Z9PqVjgvSx8,Story teller no avaj osam  koi name kaho...,0,2020-11-26T12:26:43Z,candidate
Ugx7Z9YE00PZyXLXz-N4AaABAg,Z9PqVjgvSx8,Very good concept. Loved it,0,2020-11-24T06:13:25Z,candidate
Ugyxr4rxCOcjozzkgxN4AaABAg,Z9PqVjgvSx8,Not a perfect acting...,0,2020-11-23T04:48:58Z,candidate
UgyxYtmHoKOD2ucINGF4AaABAg,Z9PqVjgvSx8,J,0,2020-11-10T17:59:45Z,candidate
Ugw7mcB9xncWnPS1cnx4AaABAg,Z9PqVjgvSx8,Very nice story episode video,0,2020-11-02T17:24:18Z,candidate
UgwBlfzv76PCItTVo7x4AaABAg,Z9PqVjgvSx8,waha. normal Gujarati family ma aavu hoye che.. nicely done.. good keep it up.,0,2020-10-22T13:04:42Z,candidate
UgwtgCb4tELmvlUPqeB4AaABAg,Z9PqVjgvSx8,Waiting for second episode 🔥🔥🔥🔥,0,2020-10-22T09:09:37Z,candidate
UgzFYZfjKKgSnKfHgMx4AaABAg,Z9PqVjgvSx8,"Sugar thi diabetes na thay, pan jene thai hoy ene naa khavay.  aa doctor dhaynthi bhani nathi lagti😂😂 anadar no doctor ne sahitkar banne ek sathe jage to aavu j thay.",0,2020-10-19T09:29:05Z,candidate
UgziAxmIfuYadhxwb4N4AaABAg,Z9PqVjgvSx8,Mastan baki🤩🤩 #kraziestdoctor,1,2020-10-07T10:39:46Z,candidate
UgyzVPI4WOpQMSw7hMB4AaABAg,Z9PqVjgvSx8,Be bov var lagado cho ho ho na vo episode banava ma... 1st episode ma bov j maja aai second pn saro hato pn 3 jo kyare aavse?????,0,2020-10-05T19:13:04Z,candidate
UgxQJgb3cEAnZ7Oo_xJ4AaABAg,Z9PqVjgvSx8,Su che yrrr.....dialogue delivery to juo.....bkvas.....etle j to kdach......,0,2020-10-03T10:11:48Z,candidate
UgzdnzD2GD2VM0VdfpR4AaABAg,Z9PqVjgvSx8,"You are too slow ..... Ther is a gap of atleast 15 to 20 between two episodes ...
Very long waiting time ..... 

Hurry up guy's. What is taking so long ....???",0,2020-10-02T14:40:09Z,candidate
UgyyOBxURB83clkbz1R4AaABAg,Z9PqVjgvSx8,Very nice story would like to see more episodes,0,2020-10-01T15:09:23Z,candidate
UgyjK_MgLh2K2KhcPsp4AaABAg,Z9PqVjgvSx8,Part 2 maja na avi,0,2020-09-30T11:25:26Z,candidate
UgzCY0zCsg1jViyVQuJ4AaABAg,Z9PqVjgvSx8,"Awesome story telling and casting with amazing dialogue delivery keep up the good work,best of luck for future guys.",3,2020-09-30T09:57:00Z,candidate
Ugyp8ThQIWazsbR-zRx4AaABAg,Z9PqVjgvSx8,"Fabulous,keep going continue story..",1,2020-09-27T21:41:46Z,candidate
UgwNhIvo7WU6WU-Dx0l4AaABAg,Z9PqVjgvSx8,"Honest review
Story 1.5/5
Acting 2/5",1,2020-09-27T04:33:08Z,candidate
Ugym05iFy-bWDZOf3sh4AaABAg,Z9PqVjgvSx8,very nice...mza avi gay...,1,2020-09-26T11:50:03Z,candidate
UgxAmAhso5t0jjtih9l4AaABAg,Z9PqVjgvSx8,Rajkot nu ne?? Apde Kalwad Road Rajkot par aayvu ae FDC,0,2020-09-25T15:31:22Z,candidate
Ugz9PfyaaVOtz-fDFJN4AaABAg,Z9PqVjgvSx8,Bija episode to post karo,0,2020-09-25T07:08:26Z,candidate
UgyCdkoiYcRieo-O9z54AaABAg,Z9PqVjgvSx8,"Wash, good script, Nitin, keep the flow n u will be great script writer, awaiting your new episode today, in which you are acting",2,2020-09-24T14:06:42Z,candidate
Ugw-DnYrkZ9NSfPoZhB4AaABAg,Z9PqVjgvSx8,Need second episode and acting needs a lot improvisation but over all good plz upload second episode,0,2020-09-24T02:08:22Z,candidate
Ugzm5tOE0WSl8-mJz5Z4AaABAg,Z9PqVjgvSx8,Mast Che Story Table .... Waiting for the Next Episode,1,2020-09-23T14:51:18Z,candidate
UgwPmYlpfn508CgAucd4AaABAg,Z9PqVjgvSx8,Second episode jaldi,0,2020-09-22T18:47:44Z,candidate
UgzRxEsb3ptEpRBK3pZ4AaABAg,Z9PqVjgvSx8,Do we have any scope of association in Mumbai ?,0,2020-09-22T18:40:27Z,candidate
Ugzbl_m0DT6G-3GPk1V4AaABAg,Z9PqVjgvSx8,Super hit,0,2020-09-22T17:56:41Z,candidate
UgyZnEZC815proA5eal4AaABAg,Z9PqVjgvSx8,Perfect direction 👍👍,0,2020-09-22T12:41:44Z,candidate
UgyYQHvQ9N0Urn6FpCp4AaABAg,Z9PqVjgvSx8,We are waiting for 2nd episode ..... N this episode i love it 💖💖💖💖,3,2020-09-22T10:55:15Z,candidate
UgyK6Gjlpk7jaWHcCzJ4AaABAg,Z9PqVjgvSx8,Both of u are opposites,0,2020-09-22T06:35:17Z,candidate
UgwC4BXQtojjL_V5m694AaABAg,Z9PqVjgvSx8,Bijo episode muko so k hve Unsbcribe kri ae,0,2020-09-22T02:39:25Z,candidate
UgznGRLLX0gd1vzr66t4AaABAg,Z9PqVjgvSx8,Part 2 kyare aavse 1 month thai gayu,0,2020-09-21T09:36:28Z,candidate
Ugxy51srIhilqZRicgR4AaABAg,Z9PqVjgvSx8,2nd episod jaldi available karo........,0,2020-09-21T08:16:45Z,candidate
UgxSHEhymcskz9eMM3p4AaABAg,Z9PqVjgvSx8,Please bring up next episode asap.... waiting for it.......,0,2020-09-20T21:19:56Z,candidate
UgyH8zz515nN13JAGxx4AaABAg,Z9PqVjgvSx8,Be yrr 2nd part aavse k nai??? 😜,1,2020-09-20T18:56:54Z,candidate
UgyNyi49p9tV8uLP3Yt4AaABAg,Z9PqVjgvSx8,Mane a story khubaj gami have agan shu,0,2020-09-20T17:12:23Z,candidate
UgzX-PyEHHrcN32Es3F4AaABAg,Z9PqVjgvSx8,2nd episode kyare aavse?,0,2020-09-20T17:10:51Z,candidate
Ugy3eV1cYFTgzxkw6oR4AaABAg,Z9PqVjgvSx8,Lage che ke biju epidose 2021 ma upload thase... Bhai jaldi bijo epidose lao 🙏🙏,0,2020-09-20T16:10:48Z,candidate
UgzQW_i-lQ1UDE1m0qd4AaABAg,Z9PqVjgvSx8,first episode ખૂબ ગમ્યો. Keep it up.  All the best for more episodes to come. you all can do much better.,1,2020-09-19T18:54:06Z,candidate
UgwRoDFF2no5fYnmPlV4AaABAg,Z9PqVjgvSx8,You should improve your casting... Ek bahanu Aapish ma pan weak casting hatu ane aama b...,0,2020-09-19T18:03:49Z,candidate
UgxlNmKCYvzSaLj5FV14AaABAg,Z9PqVjgvSx8,"Wah jordar👍

I am a story,script,lyrics and dialoges writer.Recently we made a short movie under direction of mine named *મોજથી જીવજે વ્હાલા*

If possible, I like to work with your team.

Thanks 🍃

- Shakti yadav",1,2020-09-18T18:21:04Z,candidate
Ugw2FD5l6pCWa21YnWd4AaABAg,Z9PqVjgvSx8,It's very nice need 2epsiodes,0,2020-09-18T07:49:28Z,candidate
Ugzo3k2vmLqaoTGXGVp4AaABAg,Z9PqVjgvSx8,Bhai bov kari tame to boss second episode kyare aavse yrr!!??,1,2020-09-17T15:29:36Z,candidate
Ugw9pgawHflIW9u_0bF4AaABAg,Z9PqVjgvSx8,Episode 2??????,0,2020-09-17T14:13:25Z,candidate
Ugx7dCtR0d67_L2Jbxt4AaABAg,Z9PqVjgvSx8,Yaar kyra aavse bijo episode yaar,0,2020-09-17T06:50:06Z,candidate
UgyBXQprKF-fVSkaA_F4AaABAg,Z9PqVjgvSx8,Jaldi karo second episode kyare avse...?,0,2020-09-17T05:34:03Z,candidate
UgwXg8E3hPdq9qQrTLh4AaABAg,Z9PqVjgvSx8,Waiting for second episode,0,2020-09-16T19:00:16Z,candidate
Ugzv9EFphibT7oCsLBF4AaABAg,Z9PqVjgvSx8,Awesome story wish aavuj kai thay Amara bhegu b 😛😛 waiting for the 2nd partt,0,2020-09-16T18:12:05Z,candidate
Ugwa4VCoTdNLVblp2ml4AaABAg,Z9PqVjgvSx8,Wooow superb❤❤❤❤❤❤,0,2020-09-16T18:01:57Z,candidate
UgxJuzAzQvsg7Y8b9PV4AaABAg,Z9PqVjgvSx8,How can i send my story  for  gujjuweb stories..plz answer,0,2020-09-16T10:55:15Z,candidate
Ugy4HAXdujS0dEk1TRJ4AaABAg,Z9PqVjgvSx8,Love it. Waiting for 2nd episode,0,2020-09-16T09:44:16Z,candidate
Ugz96N9kE6rUHd18lmp4AaABAg,Z9PqVjgvSx8,Lyked .. awaiting for 2 nd episode,1,2020-09-16T09:21:28Z,candidate
UgyiyNcCRbII7Q-srFB4AaABAg,Z9PqVjgvSx8,episode 2 .... waiting ... soon....,0,2020-09-16T05:13:17Z,candidate
UgxUcTafljv3d0L75y14AaABAg,Z9PqVjgvSx8,2nd episode 2020 ma j aavse ne ke pachhi 2021 ni rah jovi padse,0,2020-09-15T18:18:57Z,candidate
Ugzj7OeLp-J95XgryH54AaABAg,Z9PqVjgvSx8,Superb,0,2020-09-15T16:08:12Z,candidate
Ugy5P33xmWSlj7EDjYt4AaABAg,Z9PqVjgvSx8,2 jo bhag kiyare aavase,0,2020-09-15T08:49:48Z,candidate
Ugx1wbFvHunWkD7ffcN4AaABAg,Z9PqVjgvSx8,Be yrr next episode kyare aavse????,3,2020-09-14T17:56:36Z,candidate
Ugx4jEay8LeZm-DoEDF4AaABAg,Z9PqVjgvSx8,To jaldi lavo avi j story 😅😍🥰,0,2020-09-14T08:20:33Z,candidate
Ugx582yR3FdyBSKmUxx4AaABAg,Z9PqVjgvSx8,Wow,0,2020-09-14T08:18:44Z,candidate
Ugyl-Ejk_tMRFWSxqWh4AaABAg,Z9PqVjgvSx8,Second epi...........waiting,0,2020-09-14T05:25:28Z,candidate
UgwrwdUuRqI7gub4NWl4AaABAg,Z9PqVjgvSx8,Ep 2 kyare aavse,0,2020-09-13T17:30:32Z,candidate
Ugy3nN8km-5X3a_o-fB4AaABAg,Z9PqVjgvSx8,Navo episode release jaldi thay avi shubhechha........,0,2020-09-12T15:04:54Z,candidate
UgxfPBSMeK05GgSY8sJ4AaABAg,Z9PqVjgvSx8,Second episode kyre avse????,0,2020-09-12T13:55:44Z,candidate
UgxQwWHNEIL8k_V5KJF4AaABAg,Z9PqVjgvSx8,https://youtu.be/LH7zTtEwaEo,0,2020-09-12T12:22:25Z,candidate
Ugww85omsXJ9U4lXuoh4AaABAg,Z9PqVjgvSx8,It's almost more then 3 weeks....,1,2020-09-12T11:21:44Z,candidate
UgyUPxuDgSoSVPBM_dJ4AaABAg,Z9PqVjgvSx8,Second episode kyare avse????,0,2020-09-12T10:35:34Z,candidate
Ugxr1kH4pDJNMhi1Gb94AaABAg,Z9PqVjgvSx8,Second episode kyare aavse ?,0,2020-09-11T17:33:18Z,candidate
UgwpooccSaTG_p4yUfN4AaABAg,Z9PqVjgvSx8,Aano 2nd episode kyare aavse ????,0,2020-09-11T06:50:00Z,candidate
UgxqS9EELi0Gm6Bd9dB4AaABAg,Z9PqVjgvSx8,kavya nu performance gamiyu. thodi thodi shradha ni yaad apavi didhi,1,2020-09-10T18:46:00Z,candidate
UgyA_8G68J_5oVGozZt4AaABAg,Z9PqVjgvSx8,2nd episode kya?,0,2020-09-10T18:45:24Z,candidate
UgxQFcc-6KIqNJY1i1h4AaABAg,Z9PqVjgvSx8,2nd episode avano che ke nai?,0,2020-09-10T18:08:41Z,candidate
UgzC-qh6k0cOvMbEv4h4AaABAg,Z9PqVjgvSx8,Second episode kyara ava cha bhai,0,2020-09-10T17:49:55Z,candidate
UgyHQGiqwj664YXeBQN4AaABAg,Z9PqVjgvSx8,Actor Sara Lavo,0,2020-09-10T12:57:37Z,candidate
Ugy8MXoCSpgGWutIvdR4AaABAg,Z9PqVjgvSx8,Bhkwas acting 😂😂😂,2,2020-09-10T12:57:02Z,candidate
Ugwd27s4hMCGsMBAYVx4AaABAg,Z9PqVjgvSx8,Superb story,1,2020-09-10T08:27:56Z,candidate
UgyBuHsBUAm4B1l57Hd4AaABAg,Z9PqVjgvSx8,"Bro story jorrr darrr lagi, kem ke je man no behaviour che just like mara jevo j che and mota bhagg ni habit pan mare che eevi j bata va ma aavi che. Eetle maneee khuubb gamiii aaa *story table* no part -- 1.  ❤️❤️",5,2020-09-10T08:17:10Z,candidate
UgyYi-NmV3LgLqfgJbt4AaABAg,Z9PqVjgvSx8,Areh bijo episode mukvano bhuli gaya ke su? it's 3 weeks.,3,2020-09-09T07:34:08Z,candidate
UgzTsxy5_bl38O04UkZ4AaABAg,Z9PqVjgvSx8,Cool story,0,2020-09-09T06:34:40Z,candidate
Ugx7epv49wSL91msi794AaABAg,Z9PqVjgvSx8,Ep 2 plz.... ??,0,2020-09-09T05:42:21Z,candidate
Ugxmp1cVfk_VtNJEC7N4AaABAg,Z9PqVjgvSx8,Superb....Well-done .... I m Curious to watch the next...Will it continue....Get the next soon...All the best,1,2020-09-07T18:32:31Z,candidate
Ugwrpn6t6w18BszQxFp4AaABAg,Z9PqVjgvSx8,Ketli var bija episode ni,0,2020-09-07T18:17:00Z,candidate
UgyqNWmqEQb-WPF9k2p4AaABAg,Z9PqVjgvSx8,Waiting for next one,0,2020-09-07T16:23:18Z,candidate
UgztiD4I3MQPKzHEh-l4AaABAg,Z9PqVjgvSx8,Yaar bijo episode kyare aavse yaar jalde lavo ne,0,2020-09-07T15:21:04Z,candidate
Ugz02O2mNYUdi3FDaqh4AaABAg,Z9PqVjgvSx8,"Story gami mane episode 2 kya chhe jaldi,😍😍😍",2,2020-09-07T11:47:31Z,candidate
Ugydo_ggmmZcweblaFF4AaABAg,Z9PqVjgvSx8,Bhai regular lavo episode ni to pachi... Maja ni aave.. Nd channel unsubscribe karvi padse,0,2020-09-07T05:19:21Z,candidate
UgwF04lPfmaMqnmTnWZ4AaABAg,Z9PqVjgvSx8,Second episode kub aayega bahot wait krvaya aap ne to,1,2020-09-07T05:13:37Z,candidate
UgxogT_dq9RaRoTX51Z4AaABAg,Z9PqVjgvSx8,"1st episode super hit, everything was fantastic. when 2nd episode will release. please increase the frequency of episodes",8,2020-09-07T03:46:37Z,candidate
UgweRtEwzyeLrcOuFWx4AaABAg,Z9PqVjgvSx8,boy ni acting sari chhe... girl thik thaak,0,2020-09-06T17:25:02Z,candidate
Ugz0irCCIiDhvMm2EIx4AaABAg,Z9PqVjgvSx8,Kindly upload 2nd episode,0,2020-09-06T17:08:20Z,candidate
Ugwp7O_4poJU5Hy5u3p4AaABAg,Z9PqVjgvSx8,Waiting for next episode,0,2020-09-06T15:37:58Z,candidate
UgyAvM777LV2LXjRjdh4AaABAg,Z9PqVjgvSx8,waiting for Next episode plzzzz soon 😍😍😍,1,2020-09-06T09:37:18Z,candidate
UgwH3ETlN15Rq2_bJKJ4AaABAg,Z9PqVjgvSx8,Sache jordarrrr..... waiting for 2nd episode 😍🤗 doctor & businessmen interesting 😛😅,3,2020-09-06T08:38:27Z,candidate
UgygUNUvqK8tvTo6rL14AaABAg,Z9PqVjgvSx8,Jabar dast chhe bossss 2 episode kyare,1,2020-09-05T19:10:41Z,candidate
UgySYNIUdMxsofLZ6hl4AaABAg,Z9PqVjgvSx8,Wen is 2nd episode gonna cum,0,2020-09-05T15:50:00Z,candidate
UgxV9s1dw7utEt5t1Al4AaABAg,Z9PqVjgvSx8,I like this web series 😆😆😘,0,2020-09-05T15:18:43Z,candidate
UgxjHk5nyOThLg5rrAh4AaABAg,Z9PqVjgvSx8,Wohhhhhh I loved storyline,1,2020-09-05T14:24:30Z,candidate
UgzHy3_gMNv1qlT3brd4AaABAg,Z9PqVjgvSx8,Mail kro next episode kyare avse,2,2020-09-05T14:16:26Z,candidate
Ugwy5PXj9Zn2V4FYuZV4AaABAg,Z9PqVjgvSx8,"2 episode kb upload karo ghe ????
Please jalde upload karo",1,2020-09-05T11:02:19Z,candidate
UgxyGudw4ZT-Mn5IDnp4AaABAg,Z9PqVjgvSx8,Next episode kyare ava no??,0,2020-09-05T06:20:57Z,candidate
UgwkHBlXI7Y1C4SJrOZ4AaABAg,Z9PqVjgvSx8,2 prte lai aavo plzzz 🙏🏻🙏🏻,0,2020-09-04T18:53:02Z,candidate
Ugwkt6ErAH0DPuZxhnt4AaABAg,Z9PqVjgvSx8,2nd episode jaldi upload karjo please,0,2020-09-04T17:28:20Z,candidate
UgwiKNjt-iWz7QW194R4AaABAg,Z9PqVjgvSx8,Superb,0,2020-09-04T17:26:54Z,candidate
UgylfACcv2ne7EGV4854AaABAg,Z9PqVjgvSx8,Fab story,0,2020-09-04T17:24:27Z,candidate
UgwUrhA1g_CX1AY56LN4AaABAg,Z9PqVjgvSx8,"I first time watched web series , ema Gujarati thi beginning karyu , kharekhar bv maza aavi jovani ....

Awesome ....  I waiting for 2nd episode",3,2020-09-04T12:06:13Z,candidate
UgzkKb-DKhSUTvst43d4AaABAg,Z9PqVjgvSx8,Please write in English.,0,2020-09-04T02:21:37Z,candidate
Ugx8dobZXSwhHghDdR14AaABAg,Z9PqVjgvSx8,Background music is too awesome...👍,1,2020-09-02T17:29:17Z,candidate
Ugxuwb97cyilszc8G5N4AaABAg,Z9PqVjgvSx8,Mast story👌👌,0,2020-09-02T17:00:56Z,candidate
UgyCWsdx8YAxN2H4c6Z4AaABAg,Z9PqVjgvSx8,2nd episode kyare aavse,1,2020-09-02T16:02:36Z,candidate
Ugx96n6ixy-RIs65ptd4AaABAg,Z9PqVjgvSx8,Superb  egrly waiting secong part,3,2020-09-02T15:56:51Z,candidate
Ugz0lr7w3467Hr6ZwGF4AaABAg,Z9PqVjgvSx8,Waiting for second episode 😍😍,1,2020-09-02T15:25:58Z,candidate
UgxqcJhB9XfvMCZXMvV4AaABAg,Z9PqVjgvSx8,Kyare avse next episode waiting 😍😍,7,2020-09-02T12:05:17Z,candidate
UgziEykdut1uJprfETp4AaABAg,Z9PqVjgvSx8,"Superb 👌👌👌👍
Eagerly waiting for next episode",3,2020-09-02T07:57:45Z,candidate
UgzH90ou1zyQkAEc4rl4AaABAg,Z9PqVjgvSx8,Tamari stori ek thum mst chhe,1,2020-09-02T06:48:03Z,candidate
Ugypn6_1eihh1qqOsEx4AaABAg,Es4DrKCXvgs,Halka gujarati o nu halku sahitya..hve kai no bachyu etle avu lava mandya,0,2026-08-12T16:57:49Z,candidate
UgzL-qh9F_Jk6u9nvnt4AaABAg,Es4DrKCXvgs,Arohi ae aa loda sathe lagan karya chhe bc loda jevu to modhu chhe musni nai tu funsi se,0,2026-08-05T19:21:50Z,candidate
UgzIV3ul-90y8WDZmgF4AaABAg,Es4DrKCXvgs,Aktar ni mani bhoshado,0,2026-05-28T15:03:12Z,candidate
UgzYQvtpTsQQ6XDi0794AaABAg,Es4DrKCXvgs,"00:36 
Title j naga jevu che 😂😂😂",0,2026-02-04T18:19:48Z,candidate
UgxJ7ETHOz2d4pfwwR14AaABAg,Es4DrKCXvgs,https://youtube.com/@boboyoutube0?si=c4tlORIAWjCdp2MS,0,2026-01-01T05:27:45Z,candidate
Ugzq64TCsQ-03AaufwV4AaABAg,Es4DrKCXvgs,😂,1,2025-12-02T15:27:52Z,candidate
UgxtDI1H-o-LIYnnMjp4AaABAg,Es4DrKCXvgs,Hun ek bihar chhu par aa video bahu gamiyo bhai 😂😂😂,0,2025-11-27T17:25:30Z,candidate
UgwW2I63cIb32FPs5fh4AaABAg,Es4DrKCXvgs,Please  sesasn 2,0,2025-11-16T15:42:47Z,candidate
Ugzo5_gY_llr-fX4BVp4AaABAg,Es4DrKCXvgs,Bhosdi ke ashi kon banata hai maderchod o,0,2025-11-16T05:14:53Z,candidate
Ugwan_CFdN8UInhfxh14AaABAg,Es4DrKCXvgs,Superb,1,2025-10-12T17:26:56Z,candidate
Ugyo9YVgJrCI5BWmJG94AaABAg,Es4DrKCXvgs,Kon kon instagram mathi aavyu jova 😂,0,2025-10-11T14:22:01Z,candidate
UgwzZgPpJgDelJB0woN4AaABAg,Es4DrKCXvgs,🤣🤣🤣🤣,0,2025-10-10T12:14:44Z,candidate
Ugyh3QJ0n_TQnG7D6Vh4AaABAg,Es4DrKCXvgs,Bov maja avi bhai bija banivio valaa 😂😂😂😂,1,2025-10-05T18:56:04Z,candidate
UgyzOjLo89sJoJEYEHR4AaABAg,Es4DrKCXvgs,To Su Tamari Maa Chodava Banavyo Che,1,2025-09-30T05:28:22Z,candidate
Ugz_A20X1hLYSWh2esZ4AaABAg,Es4DrKCXvgs,😂,0,2025-09-20T05:45:51Z,candidate
Ugwd7rzEDbLWTKJx3at4AaABAg,Es4DrKCXvgs,Na ..ho hu nago nathi😂,0,2025-09-17T04:45:31Z,candidate
UgxHFNdgMy9axQD4THB4AaABAg,Es4DrKCXvgs,Kon kon reels joine aayu chhe,0,2025-09-16T05:33:53Z,candidate
Ugy5XVnDNQibgEIRl6d4AaABAg,Es4DrKCXvgs,Kon kon 2025 ma joi,1,2025-09-11T17:21:42Z,candidate
UgxsL6CM_jJm_TvWFvd4AaABAg,Es4DrKCXvgs,BoBo,0,2025-09-10T05:38:32Z,candidate
UgzkSZitNfyigijqG9x4AaABAg,Es4DrKCXvgs,2025 ma kon jove che,3,2025-08-13T03:57:55Z,candidate
UgzCiMKbhXIH7SD1-U54AaABAg,Es4DrKCXvgs,Bobo આખી movie લાવો ને યાર,0,2025-08-12T18:25:38Z,candidate
Ugzrz4kUQ_EsrIxcYJJ4AaABAg,Es4DrKCXvgs,"Gujrat ni sanskruti gai eni ma chodava
Gujrat lode labde se you tube vada o na 
Paisa kamava mate nana sokra sokrio ne lode lai javana pasi randva randi bhale thai jay . Gujrat lode labde",0,2025-08-11T19:08:27Z,candidate
Ugy3NetGxpyDxiCqD5h4AaABAg,Es4DrKCXvgs,What a intro 😂😂😂😂❤,1,2025-08-04T10:15:19Z,candidate
Ugy_n0PeJErBWpbN1Vt4AaABAg,Es4DrKCXvgs,Aavo khrab time aavi gyo che gujarati movie no 😂😂😂,0,2025-07-23T09:01:30Z,candidate
UgyL-nvBf5C-Pqzagwp4AaABAg,Es4DrKCXvgs,Raval dev aaya🎉🎉🎉,2,2025-07-22T06:27:27Z,candidate
Ugx4bJ2v15OMRa_27Mh4AaABAg,Es4DrKCXvgs,7:09  😂😂😂😂,2,2025-07-20T20:28:28Z,candidate
UgxOoYcfO9c40LD8azJ4AaABAg,Es4DrKCXvgs,🎉🎉🎉😂😂😂🎉🎉🎉,0,2025-06-30T05:09:37Z,candidate
Ugzru_icZG9_YwDjmjB4AaABAg,Es4DrKCXvgs,OmMangalTues,0,2025-06-25T20:00:10Z,candidate
UgyA3InhjeBkqQwxVaB4AaABAg,Es4DrKCXvgs,in Gujarati ~ BoFeMare ~ also means fack a lot ~  Disney (Dictionary’s )~ OmMangalTues,0,2025-06-12T15:12:10Z,candidate
UgwjwcMZDuGaeSZDBRF4AaABAg,Es4DrKCXvgs,"Foking hell, it's funny as hell 😂😂",0,2025-05-18T13:40:52Z,candidate
UgyZ61oaHZuogJq9jYR4AaABAg,Es4DrKCXvgs,Dutti sudhi chati le👅👄💦🤣🤣🤣🤦🏼‍♀️🙌🏼oh bhai bhai,0,2025-05-10T12:25:27Z,candidate
UgzYLkAOv0-gpy0RSOt4AaABAg,Es4DrKCXvgs,Gujarati movies nu પતન,5,2025-03-20T14:55:54Z,candidate
Ugw_fjNx9rPF5XDToeJ4AaABAg,Es4DrKCXvgs,Hisicidr😂😂😂😂😂😂😂😂,0,2025-02-22T09:13:56Z,candidate
UgxIhoPb65q9Uf8cWz54AaABAg,Es4DrKCXvgs,x hamster was personal😂,0,2025-02-03T07:35:39Z,candidate
Ugy2hw2uevo8w0vEmVh4AaABAg,Es4DrKCXvgs,Reel joi tyare khabar padi k aa web series che😅 Y T par,1,2025-01-25T22:33:27Z,candidate
UgwEmu3Q1YPttnDPj2x4AaABAg,Es4DrKCXvgs,Kon kon aa web 2025 ma joi raya se 😅😅,0,2025-01-17T14:56:01Z,candidate
UgxwrFl_NWqP73AFyMN4AaABAg,Es4DrKCXvgs,😂😂,0,2025-01-10T08:47:04Z,candidate
UgxaVF26zU7pIda3fFV4AaABAg,Es4DrKCXvgs,Bobo karvanau😂😂,0,2025-01-07T11:11:07Z,candidate
UgzpSXWiswpclx6Yefh4AaABAg,Es4DrKCXvgs,Aa prakar ni vahiyat web se series Gujarat nu kalank che,0,2024-12-21T05:57:15Z,candidate
UgzsRHoLvpSlI5Q41xV4AaABAg,Es4DrKCXvgs,Kon 2025 ma jove chhe 😂,1,2024-12-16T17:44:11Z,candidate
UgxWe8vs-DVbWhh8xlR4AaABAg,Es4DrKCXvgs,Mu pan reel joi ne aaviyo,0,2024-12-12T16:43:24Z,candidate
UgxcK0J_ungNZZj5wc14AaABAg,Es4DrKCXvgs,7:24,0,2024-12-12T10:34:15Z,candidate
Ugxdp_CnItGdJW8StaZ4AaABAg,Es4DrKCXvgs,12❤❤😂😂😂,0,2024-12-09T13:49:07Z,candidate
UgwDCuwuFJYHblvBK-h4AaABAg,Es4DrKCXvgs,Ek number bhai moje moj avi gai next season jaldi aava do 😅,2,2024-11-28T16:09:02Z,candidate
UgzbV4jbX5UO6yB7Hyd4AaABAg,Es4DrKCXvgs,Nagai chalu j rakho 😂😂😂,1,2024-11-09T15:53:22Z,candidate
UgzF5ZOrK0b-OVC9f4t4AaABAg,Es4DrKCXvgs,Ye meri life story hai😂😅,0,2024-11-09T12:07:14Z,candidate
UgzKaiaCcpVaEAakKVl4AaABAg,Es4DrKCXvgs,Next part kayare Aavse bobo ❤❤❤😅,0,2024-11-05T07:10:55Z,candidate
UgwlBsENi4LpR6oGpVx4AaABAg,Es4DrKCXvgs,Badha,0,2024-10-30T08:08:36Z,candidate
UgyRDFvgvNDq0tHaIpx4AaABAg,Es4DrKCXvgs,Mara chinya dofa😅😅😅😅 maja aaye,0,2024-10-21T04:44:34Z,candidate
UgwxF5fo0N2KVp9necp4AaABAg,Es4DrKCXvgs,😂😂😂😂😅😅😅❤❤❤,1,2024-10-21T04:39:51Z,candidate
UgyfJJrbvQFq4EiFiWR4AaABAg,Es4DrKCXvgs,B.c atli badhi add,0,2024-10-17T14:50:05Z,candidate
Ugy_nho0QqsfzT9MZdV4AaABAg,Es4DrKCXvgs,Kon kon 2024 ma jove se 😅😂😂,0,2024-10-14T07:07:16Z,candidate
UgytMFbCVU81oDzGqDF4AaABAg,Es4DrKCXvgs,7:12,0,2024-10-12T09:38:21Z,candidate
UgxUPedUiiY2WYFbfw54AaABAg,Es4DrKCXvgs,Excellent!!! Bo maja aavi 😂😂😂😂😂,2,2024-09-28T06:00:42Z,candidate
UgyssLQclT8ahsnWmGV4AaABAg,Es4DrKCXvgs,Jordaar movie🎥,1,2024-09-27T07:38:49Z,candidate
Ugx2-Gdmh5-oMTFkgYN4AaABAg,Es4DrKCXvgs,Ek number ⚡,1,2024-09-27T06:31:57Z,candidate
Ugx2MkGBE1F0VmclT8l4AaABAg,Es4DrKCXvgs,Udaipur city ko like krni wale comments kre 😅,0,2024-08-21T16:32:30Z,candidate
Ugx9S6P45cI2cCi8FNh4AaABAg,Es4DrKCXvgs,Gujrati culture ni majak Kari cheye Bhai,3,2024-08-15T17:38:40Z,candidate
UgzXVSR8PCbtsxREvVx4AaABAg,Es4DrKCXvgs,😂😂,0,2024-08-15T06:31:23Z,candidate
UgxZZV_pWQzETAIFNoF4AaABAg,Es4DrKCXvgs,7.50😂😂😂,0,2024-08-04T11:12:18Z,candidate
Ugyq1ytGdwzxgnLrMHd4AaABAg,Es4DrKCXvgs,Nyc.....,1,2024-07-13T03:33:16Z,candidate
UgyWEdjM0mgwwl32MvF4AaABAg,Es4DrKCXvgs,jordar loda 😂layo layo baki🤣🤣😂😂,0,2024-06-06T09:55:19Z,candidate
UgxnMgIXrXzc3P5dGAd4AaABAg,Es4DrKCXvgs,Im come to learn gurjrati language,1,2024-04-11T14:12:07Z,candidate
UgyGvAPBvFq859gJzkl4AaABAg,Es4DrKCXvgs,""" Hay kutra choti gya "" 😂😂🤣🤣",0,2024-03-29T16:15:01Z,candidate
UgxZaRjmMDPBs0sRy8Z4AaABAg,Es4DrKCXvgs,Mari jode avo haji ganu badhu baki che sikhvanu lya tarar😅,0,2024-03-15T23:54:31Z,candidate
Ugz_rFNYoDkPB0keCux4AaABAg,Es4DrKCXvgs,😂😂😂,0,2024-03-02T11:26:02Z,candidate
UgyDtsd1IAzLUete7yd4AaABAg,Es4DrKCXvgs,bhai aa starting na intro nu akhu song muko ne mast che,0,2024-02-27T12:06:27Z,candidate
UgwNTbg7FovPwPvQ6mJ4AaABAg,Es4DrKCXvgs,Vah vaishakh bhai shu acting che yaar shu combination che Medal jevi tagadi film pan lakhi ne aa series pan actor to kamal j cho yaar,0,2024-02-09T16:09:12Z,candidate
Ugz2n4oKO3GHqed60V54AaABAg,Es4DrKCXvgs,Chodu o Gujarati ek maryada wadi language 6e aene sari rite present kro and Gujarati culture ek maryada wadu 6e,0,2024-01-19T10:38:02Z,candidate
UgzKVjh9eCfazVnPqoR4AaABAg,Es4DrKCXvgs,Season 2 laavo,1,2024-01-01T12:56:57Z,candidate
Ugy48VaQuym9k3kdByd4AaABAg,Es4DrKCXvgs,Amezing,0,2023-12-27T16:12:27Z,candidate
UgwRa8UV075ohZsmtz94AaABAg,Es4DrKCXvgs,Jordar,0,2023-12-26T16:50:05Z,candidate
Ugz5-l63VlUah4wA5P14AaABAg,Es4DrKCXvgs,😂 Bhai badha reels joi ne j aya che...... Pela jatoooo vari,0,2023-12-26T15:05:06Z,candidate
UgzIRzDwps58J4CFKvF4AaABAg,Es4DrKCXvgs,Movie name please? 😅,1,2023-12-25T12:38:50Z,candidate
UgyQ8SS7H__WurpIRUV4AaABAg,Es4DrKCXvgs,i think vulgarity increase in some channel or some episodes         public will never argue this   ??????????????,0,2023-12-25T10:46:02Z,candidate
UgznJIAtHlbp1RzYnIl4AaABAg,Es4DrKCXvgs,Gajab🎉,1,2023-12-24T12:24:04Z,candidate
UgwW_3trBQOXthf77rt4AaABAg,Es4DrKCXvgs,Navu laaya,0,2023-12-24T11:05:17Z,candidate
UgygQKCq5JmPRUYC7UN4AaABAg,Es4DrKCXvgs,Kaik saru sikhvo aavnari pedhi ne..,0,2023-12-24T08:51:59Z,candidate
UgzrPway6kL6CvPM_Cl4AaABAg,Es4DrKCXvgs,Jordar......mind blowing,1,2023-12-24T06:46:16Z,candidate
UgxtoR02XIS86Vcy-PB4AaABAg,Es4DrKCXvgs,Aek no. Bakwas 🤮🤮🤮🤮🤧🤧🤧🤧,0,2023-12-23T20:21:38Z,candidate
UgzI29JoXVjiWhZmr2N4AaABAg,Es4DrKCXvgs,"Hamter 

😂😂😂😂😂😂😂😂😂😂😂😂",0,2023-12-23T16:49:30Z,candidate
Ugz3CChD4wOgpuLaAdR4AaABAg,Es4DrKCXvgs,Tabaahi 🔥🔥🔥,0,2023-12-23T15:30:34Z,candidate
UgxZGX8JD0dSsWZUOSF4AaABAg,Es4DrKCXvgs,Sundar bhai yaha agay,1,2023-12-18T11:54:51Z,candidate
Ugyl2w1jGTJImqKRos54AaABAg,Es4DrKCXvgs,Aaj baki hatu... Gujarati bhasha ni pan maa Ben Kari nakhi bc tame to... Gujarati culture ni maa cho...I nakhi???,0,2023-12-17T19:47:39Z,candidate
UgzbYJK-0Cy7_GH2EZ14AaABAg,Es4DrKCXvgs,Chu...a jewu chhe intro????,0,2023-12-17T19:42:47Z,candidate
Ugz_y63-FBcMknKjF6h4AaABAg,Es4DrKCXvgs,Thuke che😂,0,2023-12-11T08:58:13Z,candidate
UgysZ6yRU4rByXcWyVR4AaABAg,Es4DrKCXvgs,The actors and directors shall Show this video to there parents and kids,29,2023-12-11T02:56:32Z,candidate
UgwZnU0s8myy90kM3Qh4AaABAg,Es4DrKCXvgs,Vah yaar maja padi gai ho😂😂😂,1,2023-12-09T19:07:45Z,candidate
Ugw63gsUNIbd80XAI7B4AaABAg,Es4DrKCXvgs,1:41 😂😂,3,2023-12-08T17:41:55Z,candidate
Ugy9A451K97QIXRzfzF4AaABAg,Es4DrKCXvgs,😅😅😅😅😅😅😅😮😢,0,2023-12-07T14:53:32Z,candidate
UgyRl6aOnxGlPC7hWPl4AaABAg,Es4DrKCXvgs,Mast🙈super 😂man med koy fimel nadhii ney,0,2023-12-06T10:24:47Z,candidate
UgxGwIeWDS79oVBs1_B4AaABAg,Es4DrKCXvgs,"What about Sanskari.....😅😅but 
I am so SANSKARI  NAGESH",0,2023-12-05T03:49:31Z,candidate
Ugx7Ov8yH1ysOVd8dc14AaABAg,Es4DrKCXvgs,"Aava bhosdinav ne to gujarati film maj na levay,gujarati film ne gujarati jevi reva dyo halkinao",0,2023-12-04T16:59:51Z,candidate
UgxZGX48PGiifanjtXF4AaABAg,Es4DrKCXvgs,Apde pan acting kriy che bhai koi web series ma Kam hoy to kehjo,2,2023-12-04T04:49:57Z,candidate
UgwpFVuisHQ7ldwODpB4AaABAg,Es4DrKCXvgs,Joddar ❤❤❤🎉😂,1,2023-12-03T16:27:00Z,candidate
UgyiVlbwG-uqhIIIAsN4AaABAg,Es4DrKCXvgs,Hu😂,0,2023-12-03T14:36:15Z,candidate
UgyH7tqjYKUurejHaJp4AaABAg,Es4DrKCXvgs,Ahiya pan Aaj chalu che.,1,2023-12-03T10:42:07Z,candidate
UgyjZRl1yyDpKNS0qgJ4AaABAg,Es4DrKCXvgs,Gajjab keep it up zordarrrrr,1,2023-11-30T22:06:57Z,candidate
Ugw7fTdxTxTPb5ezKWp4AaABAg,Es4DrKCXvgs,Gujratiyo ni sanskruti vay gai have,0,2023-11-30T10:20:44Z,candidate
UgxVU7Z9YcY0avkdHLV4AaABAg,Es4DrKCXvgs,Aa movei nu name su se,0,2023-11-30T09:58:42Z,candidate
Ugwp7aGMZp3pw36d6g94AaABAg,Es4DrKCXvgs,Jordar bhai 😂😂😂😂😂🎉🎉🎉🎉😢😮😅😊😊😅😮😢🎉😂❤❤😂😂🎉😢😅😊😊😅😢🎉❤❤❤❤😂😂😢😮😅😊😊,6,2023-11-29T04:29:43Z,candidate
UgxS1Bp3s2Cdliq38KF4AaABAg,Es4DrKCXvgs,"Bakwas , these series are rubbish compared to the old gujarati movies back in the days .",0,2023-11-28T19:16:48Z,candidate
Ugy58WM6jduz7nxhgV94AaABAg,Es4DrKCXvgs,Jo koine maro kharekhar levo hoy to aavi jao mehsana 😅😊,0,2023-11-28T17:19:38Z,candidate
UgyIS9QPyqObjDqJrV14AaABAg,Es4DrKCXvgs,Hu aayo reel joi ne aaviyo chhu,0,2023-11-27T10:25:52Z,candidate
Ugy2C0N_C0__fAkeH_94AaABAg,Es4DrKCXvgs,Bhakkam 😂,0,2023-11-27T06:08:27Z,candidate
UgzcC_r-9eY2JiC0zhx4AaABAg,Es4DrKCXvgs,Bija episode kyare aavse,0,2023-11-26T06:58:46Z,candidate
UgxHdQ-mOUSjNUx3ORh4AaABAg,Es4DrKCXvgs,Super 😂😂😂,0,2023-11-25T10:34:56Z,candidate
Ugwo4dLSikWuf4RSP7B4AaABAg,Es4DrKCXvgs,Jabaru laayaa 😂,1,2023-11-25T09:21:25Z,candidate
UgzA8uZ813pY_TUVrsR4AaABAg,Es4DrKCXvgs,Oooobhai Su seris che😂😂😂😂😂😂😂😂😂😂😂😂😂😂😂😂😂😂😂😂😂😂😂😂😂😂😂😂😂,0,2023-11-24T19:17:40Z,candidate
UgwAz12tT4ffeCl6FiF4AaABAg,Es4DrKCXvgs,Best gujarati series ❤😂,7,2023-11-24T13:25:27Z,candidate
UgxVZEu64vSlrxLnbX14AaABAg,Es4DrKCXvgs,Hu pan,0,2023-11-19T04:21:26Z,candidate
UgyiXfpc9a3SI8K7_MV4AaABAg,Es4DrKCXvgs,Be honest!! Kon Jaat vadi video joine avyu?😂,1,2023-11-18T08:32:06Z,candidate
Ugw2h_5lPqO_z3TAcoR4AaABAg,Es4DrKCXvgs,Hu reels joi ne aayvo chhu,0,2023-11-17T17:43:02Z,candidate
UgxgguRrKpEFd_4s-U14AaABAg,Es4DrKCXvgs,Joradar 😅😅😅,1,2023-11-17T02:52:47Z,candidate
Ugw62Xl7gUgWPzeOL0p4AaABAg,Es4DrKCXvgs,Laptop saru karo na sir😂😂😂,0,2023-11-16T11:47:48Z,candidate
UgzSC0S5zk4Smckb0l94AaABAg,Es4DrKCXvgs,Epishod 2 kiyare aavse,0,2023-11-16T10:42:19Z,candidate
UgyyDkYXTpT8z4DsF8N4AaABAg,Es4DrKCXvgs,Aapde to friend pase link Lai Ne aavya che,0,2023-11-16T08:24:44Z,candidate
Ugwqczdn1YzVSrzTQSl4AaABAg,Es4DrKCXvgs,Jaldi nava episode Lavo. Jordarr che sache,0,2023-11-15T03:27:06Z,candidate
Ugz8cLxVGiE4cfijBmp4AaABAg,Es4DrKCXvgs,Jene je kevu hoy a kye baki aapne to full moj aayvi ho 1no🤣🤣🤣🤣🤣🤣🤣🤣sanskari loko ni maaa no bhosdo🤞🔥🔥baki tme aavu chaluj rakho banavanu ame naga loko jova bethaj 6i ye hoo😅😅😅keep it up🙌🙌🙌,0,2023-11-14T19:34:55Z,candidate
UgyTyLlvWdrvJTqfn_54AaABAg,Es4DrKCXvgs,Kon kon rail joi ne jova aviyo,0,2023-11-14T17:08:52Z,candidate
Ugze_SSiTUp9jJip2G94AaABAg,Es4DrKCXvgs,I'm,0,2023-11-14T16:39:08Z,candidate
UgzeRMd4qbXwhkVwfCV4AaABAg,Es4DrKCXvgs,Rails joi ne aa episode jova aavyo😅😅😅😅,0,2023-11-14T15:16:13Z,candidate
UgwU26Y9fuNAB5iNlah4AaABAg,Es4DrKCXvgs,😂,0,2023-11-14T09:17:59Z,candidate
UgwKjn4tQPFhTqVSYVl4AaABAg,Es4DrKCXvgs,Hu,0,2023-11-09T17:57:48Z,candidate
UgznhAgZ_htxVvjaiNF4AaABAg,Es4DrKCXvgs,Xhamshter 😂😂,0,2023-11-07T17:49:25Z,candidate
UgxFiYNxvaCRl6g2k_Z4AaABAg,Es4DrKCXvgs,Is this supposed to be funny?,0,2023-11-06T23:04:30Z,candidate
Ugwfyo3m_y8rHjCrTNB4AaABAg,Es4DrKCXvgs,mara friends 100 group ma dhamal machi 6 boss nice 😜,1,2023-11-06T14:59:37Z,candidate
UgyPT0-wFva5NkrHdYx4AaABAg,Es4DrKCXvgs,Nex Web series kyare aavse,1,2023-11-06T12:56:26Z,candidate
UgzopYw0JcnFvwhTAKV4AaABAg,Es4DrKCXvgs,Movie name 😂😂,0,2023-11-06T11:36:02Z,candidate
Ugx74GpEJbpPFRFeKFd4AaABAg,Es4DrKCXvgs,Natako dandh karo nalayakko,1,2023-11-06T09:56:50Z,candidate
UgwzJz5tRKMevyfLoHZ4AaABAg,Es4DrKCXvgs,Ane te pan gujarati ma,0,2023-11-06T09:55:43Z,candidate
Ugy5X9lAUU2vHAvO1I14AaABAg,Es4DrKCXvgs,Madar Chod bhartiy shaskruti neve muki  aani par case thse,1,2023-11-06T09:55:13Z,candidate
UgxalnKcKDPVIK7WHfN4AaABAg,Es4DrKCXvgs,😮hmm,0,2023-11-06T05:00:51Z,candidate
UgzmDaaSUcebkRfMsjR4AaABAg,Es4DrKCXvgs,Kon kon 18+ nathi to bhi video jove che 😅,0,2023-11-05T18:20:56Z,candidate
UgzgA4ED0jYFOlyANqR4AaABAg,Es4DrKCXvgs,We want this comady 😂😂😂😂😂😂😂😂😂,0,2023-11-05T17:29:54Z,candidate
UgwLWKTEfZR-gtoqbvN4AaABAg,Es4DrKCXvgs,Bhenchodo su intro apyo  chhe 😂😂,0,2023-11-05T17:25:42Z,candidate
UgyXHB16lzyrP3WXA7d4AaABAg,Es4DrKCXvgs,Bhai biji seesion kyare avse ? 😂😂😂,1,2023-11-05T16:59:33Z,candidate
UgzoV8Sk01i8KIyHOy14AaABAg,Es4DrKCXvgs,I like it 😅😅😅😅😅😅😅,0,2023-11-04T12:53:44Z,candidate
Ugwy9AjVRGz8gBeFb0p4AaABAg,Es4DrKCXvgs,Aava nava video banavo plz so funny 🤣🤣,0,2023-11-04T10:48:52Z,candidate
UgxeOK64WZlY3HNgZpx4AaABAg,Es4DrKCXvgs,Majbut 😇🤞,2,2023-11-04T10:48:22Z,candidate
Ugyojb_4OwvEFgNVB4Z4AaABAg,Es4DrKCXvgs,1 number che bosss😂😂😂😂,1,2023-11-03T17:46:55Z,candidate
UgybhfTnc4HRE-u_yxN4AaABAg,Es4DrKCXvgs,Reels Join Kon Aayuu .....??,1,2023-11-03T15:09:47Z,candidate
UgwoRQWGNS8NhzVibYt4AaABAg,Es4DrKCXvgs,18 year under vada ni jova no video aj loko vadhre jova vada😅,3,2023-11-03T08:43:46Z,candidate
UgxKPR7l0-IwU56l-kN4AaABAg,Es4DrKCXvgs,😂🔥🔥🔥,0,2023-11-03T04:49:16Z,candidate
UgzGI395Awyqo2QG2EN4AaABAg,Es4DrKCXvgs,🤣🤣,0,2023-11-02T17:57:57Z,candidate
UgxsD3wEMjPt2VCmTaN4AaABAg,Es4DrKCXvgs,Kon kon instgram  comment  joyi ne aya😅,1,2023-11-02T16:20:18Z,candidate
UgzixtpnD6cidGKBM_54AaABAg,Es4DrKCXvgs,Kache kachi aava didhi 😂😂,1,2023-11-02T08:56:54Z,candidate
UgwlytTwvVciuCoe1OZ4AaABAg,Es4DrKCXvgs,Kon kon mari jem reels joine avyu...?,589,2023-11-01T19:39:12Z,candidate
Ugy8cbK2OfBluAnsz8Z4AaABAg,Es4DrKCXvgs,Wah maja avi gai....Navi series Lavo lya,2,2023-11-01T19:00:08Z,candidate
UgxEhX9QIo79FM8o0pp4AaABAg,Es4DrKCXvgs,😅😅,0,2023-11-01T15:18:34Z,candidate
UgzlnZ0ErgHCH70avUl4AaABAg,Es4DrKCXvgs,Kya malse a sirej,0,2023-11-01T15:04:06Z,candidate
UgyCR4_Fcs0jg6ynC4x4AaABAg,Es4DrKCXvgs,Ha ha naga j chiye 😂😂😂,3,2023-11-01T10:39:24Z,candidate
UgyrnQjSOMdhuRazTcV4AaABAg,Es4DrKCXvgs,અનુ તો bau nanu hase,0,2023-11-01T09:56:32Z,candidate
UgzzgoMfNdJYcLC0YVN4AaABAg,Es4DrKCXvgs,Xhamster 🤣🤣🤣,1,2023-10-31T21:55:32Z,candidate
Ugwntopm9oM9LRglObt4AaABAg,Es4DrKCXvgs,best new upcoming web series 😂,2,2023-10-31T20:09:31Z,candidate
UgyXYyXFfYgpvNsWSwt4AaABAg,Es4DrKCXvgs,Jordar laya laya corporate  office ni them laya ho with comedy with gado 😅😅😅😅😅,0,2023-10-31T14:46:09Z,candidate
UgyNioRpmaVNjJC9NZ54AaABAg,Es4DrKCXvgs,Kon mari jem reel joine avyu 😂,0,2023-10-31T08:14:13Z,candidate
UgyNNvynxjNsTVXqaIp4AaABAg,Es4DrKCXvgs,Nice 👍👍👍👍👍👍👍👍,0,2023-10-20T17:24:33Z,candidate
UgyAOv4PokWPfYadlFJ4AaABAg,Es4DrKCXvgs,Naam bobo rakhyu se te pela kon karse bobo maaro bolo😂😂😂😂,1,2023-10-04T14:37:25Z,candidate
UgzMSuRiBQKflSXR2sR4AaABAg,Es4DrKCXvgs,Report karyo,0,2023-10-02T08:20:04Z,candidate
UgyGHZ8-wUTx1ew1jax4AaABAg,Es4DrKCXvgs,I mean literally anything can be sold now a days. RIP to acting and comedy,0,2023-09-28T11:28:32Z,candidate
Ugw9eSA7vYbDrK0kWeZ4AaABAg,Es4DrKCXvgs,Bhai bhai bhai bhai... 😂😂😂😂 boss se gota najiik lain ashirwad jordar apya.... 😂🤣😂🤣😂,0,2023-09-27T09:01:19Z,candidate
Ugx9VEfn5ORKue0dG3d4AaABAg,Es4DrKCXvgs,Bus aavuj j bakavas malyu....😢😢😢 Third class..😢😢,0,2023-09-26T17:00:04Z,candidate
UgxmghfjTeo-Hu6c5DF4AaABAg,Es4DrKCXvgs,Ketlak Ava gam ma cho Ava sara kalakar he bhai.ghare ryi ne kakav,0,2023-09-26T14:50:34Z,candidate
UgwOhbp4Ebn5nnhBxah4AaABAg,Es4DrKCXvgs,bija video laavo bhai bija eppisodes banavo,0,2023-09-25T22:33:11Z,candidate
Ugw6W6Ipex7Z4s4hcp54AaABAg,Es4DrKCXvgs,Na maja avi bhai bakwaas ne ne અભદ્ર,0,2023-09-25T16:38:25Z,candidate
UgxUM-HxG39Dt55HHxN4AaABAg,Es4DrKCXvgs,To ganto karva aavi web series banavi lodavo...😂,1,2023-09-24T17:29:41Z,candidate
Ugx1a9ygUcPVXCtvAR54AaABAg,Es4DrKCXvgs,"jyare koi content na hoy etle series ma gaaro ane sexual content add kari dyo etle public jovanu chalu rakhse , bollywood na rawade chhe Gujarati cinema",0,2023-09-24T09:47:18Z,candidate
UgxHc7y5JZpDTD5XRYV4AaABAg,Es4DrKCXvgs,Based on real incident,0,2023-09-23T20:33:26Z,candidate
UgxldLI7jWIiIPwxoxR4AaABAg,Es4DrKCXvgs,Bandh Kari bhi didho anr abusing no report pan kari didho,1,2023-09-23T08:06:49Z,candidate
UgwKLG6OSVS82JIr0bp4AaABAg,Es4DrKCXvgs,"Kurta choti gya walo dailog, Karsandaas ma ""pela kaka keva liti jeva lage"" same timing che aa bhai ni 😂😂",6,2023-09-19T10:43:30Z,candidate
UgzyAJUdfyzzcXJiaot4AaABAg,Es4DrKCXvgs,"Jordar bhai, mast acting hemang ne badha ni",3,2023-09-18T03:37:33Z,candidate
UgzzD7osWIKPmYax-e94AaABAg,Es4DrKCXvgs,Aabru ni ma choday jay avi movie no banavay aa jova kon jase chuth mari nav😂😂😂😂,0,2023-09-17T18:35:55Z,candidate
Ugzpt4NmaxPc23Ha1-V4AaABAg,Es4DrKCXvgs,👌👌👌👌🤣🤣🤣🙈🙈🙈,0,2023-09-16T18:26:14Z,candidate
UgzAHLgfKViOMs-XGv54AaABAg,Es4DrKCXvgs,😂😂😂😂😂😅😅😅,0,2023-09-16T18:25:59Z,candidate
UgwQ6s3akNKG5YqQo2V4AaABAg,Es4DrKCXvgs,Ek number bhai,1,2023-09-16T18:25:46Z,candidate
Ugz6iSPeU6jKrSaG8vN4AaABAg,Es4DrKCXvgs,Aavi badhi Web Siries band karvi joiye Sarkar ne Web Siries bandh karvi joiye,0,2023-09-09T07:26:27Z,candidate
Ugwh6Bkeehf1XMXz_oZ4AaABAg,Es4DrKCXvgs,Vat to sachi j che job to chatu loko ni j taki rahe che ..bc apde job less..,0,2023-09-05T09:23:53Z,candidate
UgyaZQdOBzAIvX8npvZ4AaABAg,Es4DrKCXvgs,Bogash,0,2023-09-05T08:51:23Z,candidate
UgxufMYMEWG-qwJww3d4AaABAg,Es4DrKCXvgs,Third classs,0,2023-09-04T07:15:50Z,candidate
Ugzuiuqqy26p5CTMpw14AaABAg,Es4DrKCXvgs,laya baki,0,2023-09-04T04:10:43Z,candidate
UgwAJMUk6EVLWMY8oeF4AaABAg,Es4DrKCXvgs,❤❤❤,0,2023-09-04T01:19:19Z,candidate
UgyBHy5vX0RLhdxjdlp4AaABAg,wlKN23VDVJ0,Thriller series છે😮,3,2026-05-10T07:06:05Z,candidate
UgwzeTdl3i8nrTOZggV4AaABAg,wlKN23VDVJ0,😮😮😮😮,2,2026-05-10T06:22:18Z,candidate
UgwHuM7I4Pr_YioOIwh4AaABAg,wlKN23VDVJ0,❤❤❤❤❤,2,2026-05-10T06:22:07Z,candidate
UgyKQxfn5QGf9llA9hJ4AaABAg,wlKN23VDVJ0,❤❤❤,4,2026-05-10T05:18:34Z,candidate
UgweQnNuNC-RxJlm5r94AaABAg,wlKN23VDVJ0,Ha moj ❤❤,4,2026-05-10T05:17:18Z,candidate
UgznseRidD-Ttnnw6h94AaABAg,u9spCk1kRaQ,Relatable ❤,0,2026-06-24T11:16:12Z,candidate
UgxBZNJOSKdxyhH8yXJ4AaABAg,u9spCk1kRaQ,Bakwas che,1,2025-08-29T11:41:59Z,candidate
Ugw6RxlOX_2W4DBZLDZ4AaABAg,u9spCk1kRaQ,Beta hathodo 6. Over,0,2025-08-24T12:29:37Z,candidate
UgwI5si7b_lL9ibs7nh4AaABAg,u9spCk1kRaQ,"What nonsense is ""beta""",2,2025-08-12T16:18:32Z,candidate
UgzAbM6wEMUAasHcbwN4AaABAg,u9spCk1kRaQ,this 'beta beta' is bit irritating,5,2025-08-12T12:25:31Z,candidate
UgzcdjwuckugfU3Qgsp4AaABAg,u9spCk1kRaQ,Dubbing rj dhwanit e karyu che.??,2,2025-08-01T07:14:22Z,candidate
UgxLQ0-h1_KxDuTZTTB4AaABAg,u9spCk1kRaQ,https://youtu.be/x0I-FN0p_TA?si=WDQvkE_AD9_K3ekX😊,0,2025-07-30T08:02:29Z,candidate
Ugzk2ylZNnFHB2f-BrZ4AaABAg,u9spCk1kRaQ,😅,1,2025-07-29T17:15:13Z,candidate
UgwhIpfHljIV73h2uC94AaABAg,jSa_UIxlikk,"Bhai have to OHO Gujarati app j bandh thai gayi, ZEE5 ma enu content hatu , have to tya thi pan badhu j nikli gayu…such a shame",1,2024-11-18T15:11:20Z,candidate
UgxaxgBUxWtnMW6az614AaABAg,jSa_UIxlikk,Series kevi che ? Sari ke kharab ?,0,2024-07-26T15:08:40Z,candidate
UgzjH5dNbCQofEBGAg54AaABAg,pX9LXET_ejM,Episode 2,0,2026-05-23T10:24:37Z,candidate
Ugw4KeHYVHRdJumLrnh4AaABAg,pX9LXET_ejM,Such a rich family travelled in .mini car???,0,2026-05-10T20:11:32Z,candidate
UgzWVsLQpXrnG9yokwt4AaABAg,pX9LXET_ejM,❤❤❤❤❤❤,0,2026-04-10T03:47:35Z,candidate
UgzHDd1xiXxkOYcmklp4AaABAg,pX9LXET_ejM,Waiting for 2nd episode,0,2026-02-08T12:18:34Z,candidate
UgxbagvJXKgVeA_5fU54AaABAg,pX9LXET_ejM,Unnecessary feminism 🤮,0,2026-01-24T20:31:59Z,candidate
UgxaA-f7szYV-O2mlmh4AaABAg,pX9LXET_ejM,Next episode.. please,0,2026-01-22T22:14:21Z,candidate
UgwM8F4qSdCgVrF8nXR4AaABAg,pX9LXET_ejM,"Please Make a Video on
Modi-Shah's Involvement in
Godhra Kand,
Haren Pandya Case,
Judge Loya Case,
2014 Election Promises,
Note Bandi,
Covid-19 Deaths,
Farmers Protest Deaths,
Kumbh Mela Deaths,
Electoral Bond Fraud,
GST Fraud,
Vyapam Fraud,
Godi Media,
Supreme Court Comprised,
PM Care Fund Fraud,
PM Awas Scheme Fraud,
PM Internship Scheme Fraud,
100 Smart City Fraud,
Sonam Vanchuk Arrest,
Vote Chori,
How Modi-Shah using Religion to Destroy India' Social Fabric,
URI,
Pulwama,
Pahelgam,
Delhi Blast...",0,2026-01-04T23:06:19Z,candidate
UgwnI4S04bqJOvQr3Sl4AaABAg,pX9LXET_ejM,Hashmukh Patel lage se 😂😂,0,2024-01-02T07:21:27Z,candidate
UgyDrW6ZihiYuwK1CMd4AaABAg,pX9LXET_ejM,we cant see any Guajarati movies or web series on any sites...,0,2022-06-30T14:07:57Z,candidate
UgyfWWgDAvO1yc8eT5p4AaABAg,pX9LXET_ejM,Bahuj masttt  waitiinggg 2 nd part,0,2022-06-11T11:25:34Z,candidate
UgymMgVbbCWtjHng81t4AaABAg,pX9LXET_ejM,Pls share 2nd episode….,0,2022-06-11T07:01:52Z,candidate
UgySK2iS4qa_8z9IAMt4AaABAg,pX9LXET_ejM,O,0,2022-06-04T09:22:41Z,candidate
Ugx_2DM_yfgaGrknRqF4AaABAg,pX9LXET_ejM,Waiting for 2nd  one.,0,2022-05-26T17:34:20Z,candidate
UgwqbIv8lTBFfKB7rbZ4AaABAg,pX9LXET_ejM,Where to watch all episodes?,0,2022-05-19T14:55:42Z,candidate
UgzCDeAdXNk1o_qUC1p4AaABAg,pX9LXET_ejM,Plzz...second..epi..pl.maja avi,0,2022-05-18T16:55:27Z,candidate
UgxFHBSBv5YTd9hsOv54AaABAg,pX9LXET_ejM,bauj saras picturization,0,2022-05-16T10:21:19Z,candidate
UgyBarusAV8MGvK6rAB4AaABAg,pX9LXET_ejM,Next episode pl..,1,2022-05-11T09:51:05Z,candidate
UgwiWJ-8yYmOGfNqZdx4AaABAg,pX9LXET_ejM,Next video,0,2022-05-03T18:15:55Z,candidate
UgzSGC1yGL1I-lRnjih4AaABAg,pX9LXET_ejM,Next,0,2022-04-10T15:55:25Z,candidate
UgxEEVpqpGRjX8S7Pn54AaABAg,pX9LXET_ejM,Wonderfullllllll👌👌👌💙🧡💚💛♥️,0,2022-04-08T12:22:51Z,candidate
UgwfUdzTsNTXsLBFp1Z4AaABAg,pX9LXET_ejM,Very nice.,0,2022-03-29T12:36:23Z,candidate
UgzbVrHg-uq_Az6qDiB4AaABAg,pX9LXET_ejM,Plz next episode muko ne .. very interesting story,1,2022-03-27T06:48:33Z,candidate
UgydAW6exKb6VbP9QP14AaABAg,pX9LXET_ejM,Just beautiful no more words 👌,3,2022-03-27T01:48:08Z,candidate
Ugy9QOqrTh4v0yeFyeF4AaABAg,pX9LXET_ejM,Wonderful starting chhe 2 Episode please ....,1,2022-03-25T12:26:32Z,candidate
Ugy6Vvs2O10y3MzNb5Z4AaABAg,pX9LXET_ejM,When come  panni pori episode _2 ?,2,2022-03-24T07:13:28Z,candidate
Ugy9R__N2jTY0XgzNNV4AaABAg,pX9LXET_ejM,oh god. next episode plsss?????,0,2022-03-22T15:09:34Z,candidate
Ugzh8oo5Kuo7PscvcxB4AaABAg,pX9LXET_ejM,"Pl all episode forward,pl,pl,pl Nice episode 👌👌",0,2022-03-16T04:00:36Z,candidate
UgxmBCFyzDbNrxrqSGJ4AaABAg,pX9LXET_ejM,Nice 😘,0,2022-03-15T19:22:47Z,candidate
UgxhalAGm5I2U9LkkQ54AaABAg,pX9LXET_ejM,Pinki Parikh my favorite 🙏👍🏼👍🏼🌹,2,2022-03-13T07:02:33Z,candidate
UgyWWw_F8fGxr114OHZ4AaABAg,pX9LXET_ejM,Next  episode  kyare?,0,2022-03-12T18:15:16Z,candidate
UgxovwclAUpD1SxJuZJ4AaABAg,pX9LXET_ejM,Pls next episode...,4,2022-03-12T10:24:59Z,candidate
Ugz4jjjY7vsVQgAhII94AaABAg,pX9LXET_ejM,"Vaaaahh vaaaahh khrekhar jordaaaar 
Next episode please 👌👌👌👌👌",3,2022-03-12T08:20:09Z,candidate
UgxsocW99VabpA5FVat4AaABAg,pX9LXET_ejM,Very nice,1,2022-03-11T22:55:07Z,candidate
UgzXNnv0vNUHo_TsEpJ4AaABAg,pX9LXET_ejM,Next part kyare che,1,2022-03-11T11:47:06Z,candidate
UgzSkT0AB7lT9jNfjj94AaABAg,pX9LXET_ejM,Indian best snack dish.,0,2022-03-11T10:35:38Z,candidate
UgzieLi-kCis50QaPZN4AaABAg,pX9LXET_ejM,😀,0,2022-03-10T12:49:53Z,candidate
Ugy_3jV8bg1-_4EpbWB4AaABAg,pX9LXET_ejM,Bhaumik is very handsome,4,2022-03-09T18:00:43Z,candidate
Ugy3nJmCfGxyCkGqKmZ4AaABAg,pX9LXET_ejM,Nice one comedy,1,2022-03-09T14:57:25Z,candidate
UgyeDkbQ3Z9hd93V0vt4AaABAg,pX9LXET_ejM,Jordar 👍👌,0,2022-03-09T05:33:01Z,candidate
UgzNpa5LhMtr4KB4hLd4AaABAg,pX9LXET_ejM,Very nice 👌,1,2022-03-07T10:00:46Z,candidate
Ugx0Q9u6lrLFu20d4FN4AaABAg,pX9LXET_ejM,Mast please next episode….,11,2022-03-05T18:46:15Z,candidate
UgzzCJyL2NFfN5rkvjp4AaABAg,pX9LXET_ejM,second episode kyara aavasa,2,2022-03-02T09:20:09Z,candidate
UgxmV6d5dZ6E3NUKLt14AaABAg,pX9LXET_ejM,good,0,2022-03-02T09:19:47Z,candidate
UgxsOSvcKlXO2txt0u94AaABAg,pX9LXET_ejM,Common chhe kai navi vaat nathi.. Waste of time... 1990 ni story chhe... 2022 jevu kai nathi as episode story..,0,2022-03-02T08:11:27Z,candidate
UgzzAwji8paM1jrjva54AaABAg,pX9LXET_ejM,Second part kyare aavsheb,1,2022-03-01T16:43:07Z,candidate
UgwvdtfCxrdbBTkrSJN4AaABAg,pX9LXET_ejM,"really good, thank you",2,2022-03-01T12:00:51Z,candidate
UgxNfnj05Vha4Aziw-Z4AaABAg,pX9LXET_ejM,Nice👍,3,2022-03-01T08:31:43Z,candidate
UgxesBOVgCzt2uWv3rF4AaABAg,pX9LXET_ejM,Best,0,2022-02-28T10:29:39Z,candidate
UgwVYS6wWaaLHkg2aHN4AaABAg,pX9LXET_ejM,Badha episode mukidone….  vahla,2,2022-02-28T06:08:29Z,candidate
UgxBh0Ee0ljsY-tXo6l4AaABAg,pX9LXET_ejM,Episode 2 kyare mukso ???,1,2022-02-28T06:07:27Z,candidate
UgxH1IMCL5roneXRvN54AaABAg,pX9LXET_ejM,Jordar,0,2022-02-27T16:33:43Z,candidate
UgzUm9UVoQGvKMQrCTd4AaABAg,pX9LXET_ejM,5th,0,2022-02-27T16:24:12Z,candidate
UgxUpyhtLi3mbPYTI6l4AaABAg,pX9LXET_ejM,Nice video Bhai,1,2022-02-27T15:41:53Z,candidate
UgxRzxVI1nwJsqx9wdN4AaABAg,pX9LXET_ejM,Gjb Bhai,0,2022-02-27T15:07:14Z,candidate
UgwhqWaEbTIiYLShrqJ4AaABAg,pX9LXET_ejM,First 😍😍🤗🙂😂😂,3,2022-02-27T15:05:11Z,candidate
UgxZ7_JMHrWtwzSyhUp4AaABAg,JDOD8JqO-48,Bahuj supar che 5 out of 5 ❤️❤️❤️❤️❤️,1,2026-06-28T07:19:38Z,candidate
Ugz1Nuj0OYJHgBNP6vB4AaABAg,JDOD8JqO-48,Jordar.... series ma gujarati cinema e dhoom machavi.... theatre ma release krva jevu htu ❤️❤️❤️,1,2026-05-16T16:47:55Z,candidate
UgwyTdnq_Gt0LOo4yBJ4AaABAg,JDOD8JqO-48,Superb riveu sir,1,2026-05-16T05:11:30Z,candidate
UgzF8a_YdTFIWhejvSF4AaABAg,JDOD8JqO-48,Thank you so much ❤,1,2026-05-14T12:10:16Z,candidate
UgwJhRZYGyY_F9DoH1R4AaABAg,n527w8qD4WE,Gujarat Web series ma top per che KAJODU 🎉,0,2026-06-05T12:25:06Z,candidate
UgxFk47ao4CRUcPFCM14AaABAg,n527w8qD4WE,koi Hindi vada copy kari ne banavse remake evu lage,0,2026-05-17T09:57:23Z,candidate
Ugxb_aTFdL5cFpAcePF4AaABAg,n527w8qD4WE,superb web series feels like drishyam ...even better... number 1,0,2026-05-17T09:55:29Z,candidate
UgwazXYjCFBSRJuo-oZ4AaABAg,n527w8qD4WE,Music 1 number છે ❤,0,2026-05-15T04:32:51Z,candidate
UgwYCoCbEn63abGHA-R4AaABAg,n527w8qD4WE,Best Rieveu,0,2026-05-14T18:04:15Z,candidate
Ugxwj5HZZ_w6jw3K4394AaABAg,n527w8qD4WE,Story concluded or will have to wait for 2nd season  ?,0,2026-05-14T14:20:54Z,candidate
UgwSqRZTBBDLCKQ5w114AaABAg,m-IGAu_wUkI,"For More Such Videos Subscribe to our channels - 

https://www.youtube.com/@shemaroogujarati
https://www.youtube.com/@shemaroogujaratimusic1004
https://www.youtube.com/@gujaraticomedy5787
https://www.youtube.com/@shemaroogujaratimanoranjan2663

Follow us on
 
Facebook - https://www.facebook.com/shemaroogujarati/
Twitter - https://twitter.com/ShemarooGuj
Instagram - https://www.instagram.com/shemarooguj/?hl=en
WhatsApp - https://whatsapp.com/channel/0029VaAqVQi7Noa6f9VZzs1R",2,2026-07-31T11:22:37Z,candidate
UgxrG5qvtPh5aGzaOzB4AaABAg,m-IGAu_wUkI,Saras movie se joya jevu comment vachi mari jem movie jove a joy sake se😅❤,0,2026-08-12T17:05:24Z,candidate
UgwV9rxlR74rxIrriVF4AaABAg,m-IGAu_wUkI,Every actors are amezing❤ I just love the main lead actors acting really good✨,0,2026-08-05T17:10:49Z,candidate
UgzaCGaSsuid6GT2np94AaABAg,m-IGAu_wUkI,Very nice film ❤,0,2026-08-05T17:09:21Z,candidate
Ugx58Ac3WQCxE37poIB4AaABAg,m-IGAu_wUkI,"Bahuj saras film che, gujarati papa aavaj hoy Che, papa potana kids ne kadi harava nathi deta, hamesha majabut divar ni jam sathe rahe Che. Tamne khub khub thak you tame duniya ne sachi vato aapana gujarati family ne batavo cho baki ""Hindi serial""wala gujarati family ne bahuj kharab chitra che, I proud of you sir aacal gujarati calchar batava mate",3,2026-08-01T19:03:52Z,candidate
UgyB57H4F1gWOjs622t4AaABAg,aTz8iAomPJU,ek dum bakvas cha koi ni jota,3,2026-08-04T17:08:25Z,candidate
Ugx0GydQNmR9NgNA6sp4AaABAg,aTz8iAomPJU,Review aapvu easy che pn e loko ketli sari rite apda ne aware kre che e jovobhai kharab review aapta pehla....,2,2026-08-03T10:10:25Z,candidate
Ugxwb6W-NCvslR4mBml4AaABAg,aTz8iAomPJU,bakvaas ki had se upar,2,2026-08-02T01:19:45Z,candidate
Ugw1GBBoiEHJZJLDi3Z4AaABAg,aTz8iAomPJU,gajjab hathodo movie,1,2026-08-02T01:19:00Z,candidate
UgwsGUemZJh3jTZiEzN4AaABAg,aTz8iAomPJU,me.pelaj kidhu tu ke award malavo ek alag vat che. award male.etle badha ne game evi film hashe evu nw mani levay.. ane film ma wov factor nathi.,2,2026-08-01T10:00:03Z,candidate
UgyKI5AFYQ15bemXDAV4AaABAg,8hopyTlcnis,Oh my dog bolly wood hindi  movie no review karo😊,0,2026-08-13T11:10:27Z,candidate
UgxaC-aB6IlVAgIh89h4AaABAg,8hopyTlcnis,Oh my dog bolly wood hindi  movie no review karo,0,2026-08-13T11:10:27Z,candidate
UgwrXbHj4WbSthUc8k14AaABAg,8hopyTlcnis,Saras film 😊,1,2026-08-09T05:54:09Z,candidate
UgxwJM4jcHqYsZKZat54AaABAg,8hopyTlcnis,Agree with you 😊,1,2026-08-08T08:10:35Z,candidate
Ugy8vYOpdEuAfymxRNB4AaABAg,8hopyTlcnis,Saras,1,2026-08-08T03:11:29Z,candidate
Ugyn1acNfyLdb0oXgk14AaABAg,ZHCutupwuWk,CHELLO DIVAS,0,2026-07-22T14:33:14Z,candidate
UgwyA9tw-Jl41l6jSt14AaABAg,ZHCutupwuWk,Behad no aavi,0,2026-07-17T20:03:29Z,candidate
UgwCY-ClZGeQ2ffw9f14AaABAg,ZHCutupwuWk,Vikram Thakor gujarati indsrti jalvi rakhi che an aenu nam nathi wah,2,2026-06-22T12:52:13Z,candidate
UgwaieAQNsXIePJ1d5t4AaABAg,ZHCutupwuWk,Vash nahi lallo,3,2026-04-10T17:08:42Z,candidate
UgyXkT7DL4vKyqNdlgV4AaABAg,ZHCutupwuWk,"Where is laalo, chello divas, taaru man maaru thayu, dhabu no dha?",0,2026-03-30T12:56:13Z,candidate
UgznrObEIOtlF54NeYd4AaABAg,ZHCutupwuWk,Lallo is no 1,8,2026-01-30T16:12:42Z,candidate
Ugz0Hw2rgoNRR9HDT6t4AaABAg,ZHCutupwuWk,Where is chhello divas😮,3,2026-01-24T16:26:48Z,candidate
Ugz8EHfLo93z_A-2wkZ4AaABAg,u0w18NjmPWQ,Gujrati  nathi bolti to su khabar padi hoy tanay movie ma,5,2025-07-06T04:58:54Z,candidate
UgzJmc7gLIIsNICgTyl4AaABAg,u0w18NjmPWQ,"𝐇𝐮𝐫𝐫𝐲 𝐔𝐩, 𝐁𝐨𝐨𝐤 𝐘𝐨𝐮𝐫 𝐓𝐢𝐜𝐤𝐞𝐭𝐬 𝐍𝐨𝐰.

𝐁𝐨𝐨𝐤𝐌𝐲𝐒𝐡𝐨𝐰:- https://bookmy.show/Shubhchintak",2,2025-06-02T14:01:00Z,candidate
UgxFxlNSjauW3aiKc1R4AaABAg,u0w18NjmPWQ,Gujarati ma bol ne,3,2025-05-31T19:09:32Z,candidate
UgypcD7OsaRq4aZbqjt4AaABAg,X23iedoR2_k,Nice 🎉❤,1,2026-08-08T17:36:35Z,candidate
Ugz8XAYb0WTx-cyQccJ4AaABAg,X23iedoR2_k,"Hu em kau, Gujarati che JAvu joie e,",1,2026-08-02T17:06:24Z,candidate
UgzYms0qkbEoOHe52Lt4AaABAg,X23iedoR2_k,❤❤❤,0,2026-08-01T12:48:51Z,candidate
UgwWkL-IRGR1RpBMR9V4AaABAg,X23iedoR2_k,💀👳🎬 (dark gujarati movie),0,2026-08-01T02:19:49Z,candidate
UgxMBRCERm5ylu1wLNN4AaABAg,X23iedoR2_k,❤,0,2026-08-01T01:46:37Z,candidate
UgxlBoUKoob536PXTJ94AaABAg,X23iedoR2_k,❤❤,0,2026-07-31T14:31:20Z,candidate
UgwWb6zjWMsyNroosJJ4AaABAg,X23iedoR2_k,Super,1,2026-07-31T14:16:45Z,candidate
Ugx5qrvIzhegv4OAw1l4AaABAg,F6SwTen2weo,Mujhe jyada gujrati samajh me to nahi aata lekin kahi kahi Hindi me bhi tha to thoda thoda samajh me aayi mene poori moovie dekhi first time gujrati moovie likes this movie 🎉🎉🎉,5,2025-07-19T10:24:28Z,candidate
Ugx33zoVwh-zj8hORQ14AaABAg,F6SwTen2weo,NICE,0,2025-07-17T12:20:55Z,candidate
Ugwgvgc8s-sxWGnePtB4AaABAg,F6SwTen2weo,Jor daar muvie che 👏👏👏,1,2025-07-13T18:25:03Z,candidate
UgzQ5eyJO6CM8yzvW4F4AaABAg,F6SwTen2weo,Wah really ma bhu j mast movie banavyu❤,1,2025-07-13T15:38:28Z,candidate
UgyFUpyPTdpCEeMD5u94AaABAg,F6SwTen2weo,Nice movie location & super movie,0,2025-07-11T17:07:46Z,candidate
UgzDYLoY0mcathzqX5d4AaABAg,F6SwTen2weo,❤❤❤❤❤,0,2025-07-11T16:42:09Z,candidate
Ugw1ICDIs9-LPaDnDsF4AaABAg,F6SwTen2weo,Wow nice movie my favourite movie 🎥😊😊😊❤❤❤❤,5,2025-07-08T13:27:30Z,candidate
UgzzAvaiOtfL7B1T4vd4AaABAg,F6SwTen2weo,Super ho vala❤🎉,1,2025-07-07T18:56:03Z,candidate
Ugym4eNdT_9u8T0eMQ94AaABAg,F6SwTen2weo,Best movie in horror n best story😂😂😂❤,2,2025-07-06T18:45:57Z,candidate
Ugx8nsYj0q0Zjr1y7xN4AaABAg,F6SwTen2weo,❤,1,2025-07-06T14:34:47Z,candidate
UgzIaPSAp2Uex_7kbip4AaABAg,F6SwTen2weo,Super movie....,1,2025-07-05T06:06:44Z,candidate
UgzrsV0p9_THdm8c-Y94AaABAg,F6SwTen2weo,Gdgdggdtdgh😊,0,2025-07-03T16:32:00Z,candidate
UgzL66eTKyWdOxrUeJB4AaABAg,F6SwTen2weo,Nice movie,1,2025-07-03T10:55:53Z,candidate
UgycLmNnEM9sYRUp9B94AaABAg,F6SwTen2weo,"Khubaj Saras Movie Bhaio ....
Saru Thayu Aaa Movie Joyu...
Saras Msg Che Movie ma...😊",11,2025-07-03T09:32:04Z,candidate
Ugypy2DHGbHJcmTmoGJ4AaABAg,F6SwTen2weo,Best ❤ movie 😮😮😮,3,2025-07-02T05:34:09Z,candidate
UgwAD0gCAnO8Rjvf0c94AaABAg,F6SwTen2weo,Super hit movie❤❤,1,2025-07-01T17:51:14Z,candidate
UgymTQWFpj9J-j9oHGd4AaABAg,F6SwTen2weo,Very nice and entertaining 👌🏻,1,2025-06-30T17:38:23Z,candidate
UgxiDMDZwDgGv9Owt8N4AaABAg,F6SwTen2weo,Gana Time pachi Koi movie Jova Ni maja Avi ❤ ki,2,2025-06-29T12:00:56Z,candidate
UgzyN-e_Ug-N8WH-z2R4AaABAg,F6SwTen2weo,👌,1,2025-06-28T20:15:51Z,candidate
UgxHpU2r0PQTsqDLrbt4AaABAg,F6SwTen2weo,Jamku +Ronit =jamro 😂😂 jordar baki,1,2025-06-28T18:24:02Z,candidate
Ugz63Ly_H1IeEEC_RbR4AaABAg,F6SwTen2weo,Maja aai gayi ❤❤❤😂🎉,1,2025-06-28T10:23:48Z,candidate
UgwzKVxBRN44ozY1YOB4AaABAg,F6SwTen2weo,Kon kon Sunday movie dekh rhe h 😅,4,2025-06-28T05:47:43Z,candidate
UgxkGKH6CKPSi1wbslJ4AaABAg,F6SwTen2weo,Jordar movie... Bahu saras ..,1,2025-06-27T10:08:28Z,candidate
UgzkEnMEoC9E_0WbUrR4AaABAg,F6SwTen2weo,😢😢😢,1,2025-06-26T17:27:11Z,candidate
UgzuZ9eG0Os4bjIG7IF4AaABAg,F6SwTen2weo,❤❤❤❤❤,1,2025-06-25T15:42:45Z,candidate
Ugw86RElnrx_j-N9DXB4AaABAg,F6SwTen2weo,Nice movie ❤,1,2025-06-25T11:25:29Z,candidate
Ugy_AwnOEjLobR-0bmF4AaABAg,F6SwTen2weo,Mst muvie che maja aavi gy 😅,1,2025-06-24T19:53:53Z,candidate
UgwoOjQbM60_EKBSyGd4AaABAg,F6SwTen2weo,😂😂,1,2025-06-23T17:19:54Z,candidate
UgwcGSON5LQDjmJMBAF4AaABAg,F6SwTen2weo,Full Moj aavi ho🎉😂❤,1,2025-06-23T16:21:17Z,candidate
UgzY51avL9qwQASLRYR4AaABAg,F6SwTen2weo,Jordar movie chhe ek pn hasya vagar na chale😂😂,1,2025-06-23T13:13:59Z,candidate
UgxXZlETLWOzsz1WXZB4AaABAg,F6SwTen2weo,What a climax 😮👏 superb.,24,2025-06-23T08:31:56Z,candidate
UgzeCh9YH4Syu8SyWLF4AaABAg,F6SwTen2weo,"Saras film che, ek vaar jarur jo jo👍",1,2025-06-22T19:28:53Z,candidate
UgwOmiaQ8aRQzd-H2uR4AaABAg,F6SwTen2weo,❤❤❤❤,1,2025-06-21T17:13:10Z,candidate
UgxI1D2qy-ibjXnmJdh4AaABAg,F6SwTen2weo,Nice horror movie and imotional ending,1,2025-06-21T15:53:36Z,candidate
UgzlqNlGDYc7dTszQGZ4AaABAg,F6SwTen2weo,Bau Mast movie che aakhu jojo sache bau mojj padi jase,1,2025-06-21T15:19:55Z,candidate
UgwOl6JA-_PAQlGGXjZ4AaABAg,F6SwTen2weo,Jeni boot thi fatiti ena j boot avi gyu😅😅😂😂😂😂by god,2,2025-06-21T09:52:17Z,candidate
Ugy6dHGrsS5_K7H8ym14AaABAg,F6SwTen2weo,Hu tri sarita nti tu mri sarita j see😅😅😂😂😂😂.bau mst che comedy a podar kone lagadiyo😅😅😅,3,2025-06-21T09:46:41Z,candidate
UgzM49dAGAPlcyihlYF4AaABAg,F6SwTen2weo,Jsbru movie che😅😅😅😅😅atla jada msns nu atlu patdu hadku😅😅😅😅😅,2,2025-06-21T09:08:13Z,candidate
Ugzn--3YMDwcUn2MS_h4AaABAg,F6SwTen2weo,Jordar movie 😂😂,2,2025-06-20T11:23:30Z,candidate
UgyqbXF5_gfsiAjXO4V4AaABAg,F6SwTen2weo,Jordar movie bnai,1,2025-06-18T20:48:21Z,candidate
UgxAGfgkeWT_Jmv9GCN4AaABAg,F6SwTen2weo,Nice 👍 movie,1,2025-06-18T18:03:17Z,candidate
UgxkdCtt_XPV7nz8X2p4AaABAg,F6SwTen2weo,🎉🎉🎉 1 nmbr che muvie 👌👌👌,1,2025-06-18T15:40:51Z,candidate
UgwdUL8OhuWr6Az0i9J4AaABAg,F6SwTen2weo,"Nice nice nice,& nice",2,2025-06-18T10:17:30Z,candidate
UgwqD5F3pFw6HtbEGY94AaABAg,F6SwTen2weo,Nice movie 😊 making part 2,2,2025-06-17T17:10:14Z,candidate
UgwdIfHwOqY_nNH0NY94AaABAg,F6SwTen2weo,Fani movie 🥰🥰🥰🥰🥰😁👍,1,2025-06-17T12:45:24Z,candidate
UgwjDRm0smK6DWShc5J4AaABAg,F6SwTen2weo,Movie to gujrati j jovani mja aave yar,1,2025-06-17T06:32:32Z,candidate
UgxLB4psoLh_OgsHzmB4AaABAg,F6SwTen2weo,Gujju jabardast nice movie 🍿 ha gujrati haa,2,2025-06-15T18:13:50Z,candidate
Ugxcr9aBod9qnY_UbxN4AaABAg,F6SwTen2weo,Supaul movie 😂😂😂😂😅😅😅😅😅🎉🎉❤❤❤❤❤,1,2025-06-15T17:50:49Z,candidate
UgyjYRtDHzS6VHSgmbB4AaABAg,F6SwTen2weo,Ek number movie,1,2025-06-15T10:19:17Z,candidate
Ugy13XJEhc7_Z6bIeNx4AaABAg,F6SwTen2weo,Hi,1,2025-06-15T10:00:27Z,candidate
UgxvGQCBKrMxi4n0dcN4AaABAg,F6SwTen2weo,𝑱𝒐𝒓𝒅𝒂𝒓 𝒎𝒐𝒗𝒊𝒆 𝒄𝒉𝒆 𝒃𝒐𝒔𝒔❤,1,2025-06-15T06:45:57Z,candidate
UgwQEp10YyEKzSicRgZ4AaABAg,F6SwTen2weo,Wah beautiful movie ❤❤❤❤,1,2025-06-14T19:38:08Z,candidate
Ugx28Sch9ujf-MnEoep4AaABAg,F6SwTen2weo,Super,2,2025-06-14T18:48:50Z,candidate
UgxLT59QZnB47XIaI054AaABAg,F6SwTen2weo,Bahot mjaaa aaya has hske lot pot😅😂,1,2025-06-14T12:02:11Z,candidate
UgytmGCp5ja1HQiwlqx4AaABAg,F6SwTen2weo,Very nice movie.. superb story.. thank you for uploading,1,2025-06-13T17:46:29Z,candidate
UgydZhBxu3TeIlH_Fg94AaABAg,F6SwTen2weo,Thido dar Lage che kyarek kyarek pan mast picher ho,3,2025-06-13T08:56:13Z,candidate
Ugwo7x_MqlytlVT7wUV4AaABAg,F6SwTen2weo,Hii 👋☺️🙂😊😌,1,2025-06-12T17:44:50Z,candidate
Ugzh4XZKET--lCJPUxR4AaABAg,F6SwTen2weo,Nice movie,1,2025-06-12T11:19:31Z,candidate
UgxKnuvEcWbQ3weuMoN4AaABAg,F6SwTen2weo,❤❤,1,2025-06-12T08:06:50Z,candidate
UgzUNfmfWxe8mBmPN8R4AaABAg,F6SwTen2weo,Me 23 years old hu fast time gujarati movie dekhi halaki samaj kam parti hai pan ye movie ache se samaj para very very very nice movie I really like it ❤,2,2025-06-11T17:01:50Z,candidate
UgxEN7SL-NPGqk_TPHp4AaABAg,F6SwTen2weo,Koi comparison nathi.... Salute ❤️❤️❤️,3,2025-06-11T15:52:12Z,candidate
UgwxNoYLx837AktlInh4AaABAg,F6SwTen2weo,🎉🎉,1,2025-06-11T12:55:39Z,candidate
UgxWFTtgVyoHUqI9JTp4AaABAg,F6SwTen2weo,A... Best muvi in my field by gujrati ❤😂,3,2025-06-11T11:32:56Z,candidate
UgzITF1SbhqeUO07C3R4AaABAg,F6SwTen2weo,Best movie😂😂,1,2025-06-10T11:31:36Z,candidate
UgyGWjo6y23JfstFTqd4AaABAg,F6SwTen2weo,Excellent superb duper movie ❤,2,2025-06-10T07:04:20Z,candidate
Ugx-BwUI8SlIIcPkI2t4AaABAg,F6SwTen2weo,MOm❤❤😢,1,2025-06-08T17:02:06Z,candidate
Ugwq55FqVmix6m8g39V4AaABAg,F6SwTen2weo,Rating 5 out of 10,1,2025-06-08T07:36:43Z,candidate
Ugx8Rlg1zeYeZHouyjB4AaABAg,F6SwTen2weo,Nice bro picture 😊😊😊,1,2025-06-07T21:13:03Z,candidate
UgxaqP8UQhyEk9e3BPJ4AaABAg,F6SwTen2weo,Mast movie hai....,3,2025-06-07T19:15:58Z,candidate
UgwxqRP2-EThFaSxZEF4AaABAg,F6SwTen2weo,Movie mast se ho❤️❤️❤️❤️,1,2025-06-07T17:54:26Z,candidate
UgwhAI-EEogHEOgqSXB4AaABAg,F6SwTen2weo,Very nice and comedy also ❤❤,1,2025-06-07T17:26:54Z,candidate
Ugz8r_rFd7O6Yt05yIp4AaABAg,F6SwTen2weo,Sabse best movie 😊😊😊😊❤,3,2025-06-07T10:45:20Z,candidate
Ugy24ObBdAi0Phmhagx4AaABAg,F6SwTen2weo,❤❤,1,2025-06-07T07:41:37Z,candidate
UgxpFxp4uOlzDxrZgDZ4AaABAg,F6SwTen2weo,Va super movie maja aavi gai comedy and emotional 😢😢😊very nice 🎉,8,2025-06-07T06:09:43Z,candidate
UgybO3MiREreaqrMnrh4AaABAg,F6SwTen2weo,Jordaar 😮 maing below ing,1,2025-06-06T07:51:02Z,candidate
UgxPqG2SxkLoKPquLGR4AaABAg,F6SwTen2weo,Best move❤❤❤,1,2025-06-05T19:46:27Z,candidate
UgwbaBboxyyUVZr-YrB4AaABAg,F6SwTen2weo,Best moovi 5 star,3,2025-06-05T13:09:15Z,candidate
UgwsaBZ66W8l3_ujn4p4AaABAg,F6SwTen2weo,Nice movie 🍿🎉🎉🎉,1,2025-06-05T07:55:13Z,candidate
Ugw6U8fODWhA07HWm0F4AaABAg,F6SwTen2weo,Nice,1,2025-06-05T03:33:05Z,candidate
UgwLAEhei6vrHccviqt4AaABAg,F6SwTen2weo,Jay maa harshidhi maa❤❤,4,2025-06-04T19:36:48Z,candidate
UgxbFlZVLVq0ztKTAhB4AaABAg,F6SwTen2weo,😂😂😂 nice movie 🍿,1,2025-06-04T11:41:28Z,candidate
Ugzqi0DFSjyUU8hNy8V4AaABAg,F6SwTen2weo,🤗😭👍,3,2025-06-03T16:52:36Z,candidate
UgzbMaF8Xts2izghWjF4AaABAg,F6SwTen2weo,Khodiyar maa ni Jay ❤,1,2025-06-03T16:39:09Z,candidate
UgwF42tT_bC3oV3OMXd4AaABAg,F6SwTen2weo,Super duper movie,1,2025-06-03T13:34:13Z,candidate
UgyDfg0RJ2kqJR_k_ER4AaABAg,F6SwTen2weo,Jordar movie,1,2025-06-03T09:22:50Z,candidate
Ugwt6Q_UVE9jDYZZ3-R4AaABAg,F6SwTen2weo,"Mujhe gujarati nhi aati tabhi maine iss film ko enjoy kiya 😂🤣😂🤣😂
 Love from Patna Bihar ♥️♥️♥️🇮🇳🇮🇳🇮🇳🇮🇳🇮🇳",7,2025-06-02T21:32:50Z,candidate
UgwQiH2LspIiZ_KHQjZ4AaABAg,F6SwTen2weo,"Bahut achhi film hai, khas kar raat ko dekhne mein 👻👻👻👻👻
 Love from Patna Bihar ♥️♥️♥️🇮🇳🇮🇳🇮🇳🇮🇳🇮🇳",8,2025-06-02T21:32:06Z,candidate
UgyH-g5gCs5JK9QiFSZ4AaABAg,F6SwTen2weo,Aa story to mara sapana ma hati jya aakhu gaam bhut hoy😂😂,9,2025-06-02T15:13:49Z,candidate
Ugz2738qN9aEosvdRGl4AaABAg,F6SwTen2weo,Jordar 😂,1,2025-06-01T16:21:19Z,candidate
Ugz4FGnHL1pyugHVRip4AaABAg,F6SwTen2weo,#mast...baki...maza padigai,2,2025-06-01T11:49:23Z,candidate
UgwaoBVzcjJcg4_AYk14AaABAg,F6SwTen2weo,good movie ☺,1,2025-06-01T06:51:22Z,candidate
Ugyv2qIu7OmRlJx-Za54AaABAg,F6SwTen2weo,Super movie😂,1,2025-05-31T20:19:47Z,candidate
UgxiLEwtEaIHA7OOXJp4AaABAg,F6SwTen2weo,"Excellent movie.....
Superbly acted and directed movie. 4.5/5
100 times better than jhamkudi. (Based on entertainment and story wise)",3,2025-05-31T19:47:23Z,candidate
UgzPJMrL75iiHIplbFt4AaABAg,F6SwTen2weo,Nifhivanrasleelsadaandianightgllinathtevasiddhunaathtaan,0,2025-05-31T19:35:27Z,candidate
UgwBc0s_l6iQGvhOsN54AaABAg,F6SwTen2weo,Mayanbayanbilquistailors,0,2025-05-31T19:31:23Z,candidate
UgzcrgmB-hX2MWCBMaR4AaABAg,F6SwTen2weo,Uttamlalitrestaurantrollasaedtsgujratrestauranrmeenabazardubai,0,2025-05-31T19:30:17Z,candidate
UgwmJC7ghH1TtDarNdR4AaABAg,F6SwTen2weo,Antiquestreasuredeiracitycentrearafashionsranibaghshamahetalpatelbrothes,0,2025-05-31T19:29:37Z,candidate
UgyagzRe8pr2lrHj9x54AaABAg,F6SwTen2weo,Sanjayduttanzanisa,1,2025-05-31T19:28:41Z,candidate
UgyrTeveKg1SXGoyQlZ4AaABAg,F6SwTen2weo,Bayanmayan,1,2025-05-31T19:27:37Z,candidate
UgwR7H80yFFRYnBuJvl4AaABAg,F6SwTen2weo,Delhifarmhousrjallandharmodeltownludhianamodeltown,0,2025-05-31T19:27:12Z,candidate
Ugx9aewFbLXBL00U3Rx4AaABAg,F6SwTen2weo,Pasvhimviharpunjabibaghranibaghvikaspuritilknagar,0,2025-05-31T19:26:39Z,candidate
UgyJr-c9dw-_JpG-O_h4AaABAg,F6SwTen2weo,Shaktivihartilknagarjodhewalibastihaunted,0,2025-05-31T19:25:50Z,candidate
UgwwRqaoeICi9NCdtdN4AaABAg,F6SwTen2weo,Mayanbayan,1,2025-05-31T19:24:10Z,candidate
UgwIWssgcVHRGyH7zKV4AaABAg,F6SwTen2weo,Talawandisabohaunted,0,2025-05-31T19:22:39Z,candidate
UgwAaH5GeyaiEioI8KJ4AaABAg,F6SwTen2weo,Sharjahcitycentresofitelpullmantomwryethdeiracitycentredubaihillsmalldubaimallceaserspalacesofitelpullmanwryeth,1,2025-05-31T19:22:09Z,candidate
UgxbkuRH0VH_g0ugAlt4AaABAg,F6SwTen2weo,Best story and best acting,3,2025-05-31T18:23:50Z,candidate
UgyUJgDMFUyv9Y7Tf2h4AaABAg,F6SwTen2weo,Good movie,1,2025-05-31T14:13:19Z,candidate
UgxLrSIWaa0PIIR9Mvh4AaABAg,F6SwTen2weo,"Good 😊😊😊😊😊
funny not scary",1,2025-05-31T13:04:41Z,candidate
UgwXwKH6dM3L3zN5Z9p4AaABAg,F6SwTen2weo,Gajjab 6e ho bakii😄👻,3,2025-05-31T11:39:01Z,candidate
UgwfEJ6ge0e-fMwAODB4AaABAg,F6SwTen2weo,Best best bestest movie chhe💕,1,2025-05-31T10:04:10Z,candidate
Ugxx0ZNXkwszmVfprMB4AaABAg,F6SwTen2weo,❤️❤️❤️,1,2025-05-31T06:26:22Z,candidate
Ugwuc13RrkdTFcki7iJ4AaABAg,F6SwTen2weo,"Nice movie, must watch",1,2025-05-30T19:29:53Z,candidate
UgyOj16be4a-CDW_EfV4AaABAg,F6SwTen2weo,Khub khub maat,1,2025-05-30T10:29:15Z,candidate
Ugy_QrvBNEmaTFMfFG94AaABAg,F6SwTen2weo,Really superb movie 🍿😍,2,2025-05-30T09:59:55Z,candidate
Ugw-KhW6RyI2mWv9tZZ4AaABAg,F6SwTen2weo,Su film che yarr❤,1,2025-05-30T09:46:58Z,candidate
Ugz8u76BHmRWeI43AVd4AaABAg,F6SwTen2weo,Wonderful movie ❤,1,2025-05-30T09:26:14Z,candidate
UgzPpgB2BioqqjplhWR4AaABAg,F6SwTen2weo,Dukh dard bhari story 😢😢😢❤❤,2,2025-05-29T18:35:23Z,candidate
Ugwp6UYjQBKW7lOWqwN4AaABAg,F6SwTen2weo,Maja avi gai yaar  mast movie che ❤❤❤,1,2025-05-29T17:58:30Z,candidate
UgzLgaA6xSqHKI6kTzZ4AaABAg,F6SwTen2weo,Great movie 😊,1,2025-05-28T22:00:53Z,candidate
Ugwq9Ocbmq6kUXavZ5V4AaABAg,F6SwTen2weo,Abe yarr 😂😂 taklif padi jayne aakhi zindagi night shift krvani 😂😂shu dialogue che 👌🏻👌🏻👌🏻 Mastt jordar movie chee 🙌🏻🙌🏻🔥🔥,3,2025-05-28T19:52:03Z,candidate
UgyznAFIteTL2RIjTdx4AaABAg,F6SwTen2weo,Jordar movie chhe mind blowing🤯,3,2025-05-28T18:28:07Z,candidate
Ugz23x_efMeXiCmZlSR4AaABAg,F6SwTen2weo,"Mast story h or acting bhi bahot mast thi , Gujarati movie h best to  hogi na",1,2025-05-28T10:46:28Z,candidate
UgzzX0xIwBuR2YzfJ-J4AaABAg,F6SwTen2weo,"Very nice movie che 100/100
Aavi movie banavta rejo ❤☺️",8,2025-05-28T09:09:42Z,candidate
Ugwu78kUoXlIjXLFyEd4AaABAg,F6SwTen2weo,Bhut movie,1,2025-05-28T06:36:56Z,candidate
Ugwz9kgGJ5QfRv-jSjB4AaABAg,F6SwTen2weo,"Hu maharashtrian chhu pan balpan gujarat surat ma vitayu , so proud to be gujju😊 maja padi gai , sala aapdi movie etli jordaar aave bas majja padi jay ❤",124,2025-05-27T21:56:20Z,candidate
UgzEeCvwZN47mH1CFpN4AaABAg,F6SwTen2weo,Mane vishvas nathi aavto ke aa gujarati movie chhe vat thi solid vah jabaru mojj padi gay,1,2025-05-27T20:48:04Z,candidate
UgzUkPmYYtD0ygmOsoN4AaABAg,F6SwTen2weo,Jay vadevada,3,2025-05-27T16:06:08Z,candidate
UgwkgJHK1R7NwZxYzR54AaABAg,F6SwTen2weo,Superhit movie ❤,2,2025-05-27T15:18:18Z,candidate
UgzH76rX2UQsIOvZE0R4AaABAg,F6SwTen2weo,❤❤❤🎉🎉❤🎉🎉❤🎉❤🎉🎉,1,2025-05-27T11:10:03Z,candidate
Ugx9CE9iEZGh1PVSvOl4AaABAg,F6SwTen2weo,so funny and cute move❤,2,2025-05-27T10:26:46Z,candidate
UgwuH5abuzqEjZTrAs14AaABAg,F6SwTen2weo,❤❤❤❤❤,1,2025-05-27T06:23:55Z,candidate
Ugx2JXeV5fmELNzsjmR4AaABAg,F6SwTen2weo,Part 2 please ❤❤❤❤❤😢😢😢😢,3,2025-05-27T05:35:50Z,candidate
UgwaK0MewfaCfRe34Ht4AaABAg,F6SwTen2weo,Supar hit movie,2,2025-05-26T14:53:07Z,candidate
UgzEu8mEW47ddz3cg3d4AaABAg,F6SwTen2weo,Nice concept 👌 horror comedy and motherhood emotional story 👍💖,1,2025-05-26T10:45:00Z,candidate
UgzDq_u3pkyW5sYnxb54AaABAg,F6SwTen2weo,Khub saras lovely story lovely narration,3,2025-05-26T10:17:08Z,candidate
UgzbncaQ7LEeQwoszYd4AaABAg,F6SwTen2weo,emotional movie and funny pan,1,2025-05-26T09:11:08Z,candidate
UgzucJG3Hi3y-qcMyK14AaABAg,F6SwTen2weo,Srs Movie 🫶,1,2025-05-25T19:32:19Z,candidate
UgzZOYqt9m7AiWzmwWd4AaABAg,F6SwTen2weo,Nice horar stories 👌,1,2025-05-25T19:21:34Z,candidate
UgwFOoVD_KYs75Tq6DV4AaABAg,F6SwTen2weo,Superb movie boss,1,2025-05-25T12:21:48Z,candidate
Ugya7gvoSLntkYaWI0h4AaABAg,F6SwTen2weo,Seriously very diffrent storry. Apdu Gujarati movies have bollywood ne be takar apva lagu 6e.❤,17,2025-05-25T11:22:12Z,candidate
Ugz6eQuOzGBHGrUhsVB4AaABAg,F6SwTen2weo,Nice movie,1,2025-05-25T08:44:18Z,candidate
UgzkctysvQNEwI7YrpR4AaABAg,F6SwTen2weo,OMG sache ma movie hoy to aavi nake na hoy kevay che ne jya vase gujarati tya vase gujarat ❤ jakas maja aavi gai 😂 funny pan che and bhut vadi pan che ane je shbad ma ત na badle ટ bolay to to khabar ja padi Jay ke aa to gujarati ho 😅😂😂😂😂😂😂,3,2025-05-25T08:20:50Z,candidate
UgyHUz8KK61iwrQfpMF4AaABAg,F6SwTen2weo,Bav j mast story che.best movie,1,2025-05-24T19:45:31Z,candidate
UgzkDzH4ZVz8S9FObK94AaABAg,F6SwTen2weo,😂😂😂😂😂😂,1,2025-05-24T16:45:30Z,candidate
Ugx6jUDXo0R49Mbg-IN4AaABAg,F6SwTen2weo,Nice commedy,1,2025-05-24T12:20:15Z,candidate
UgyMDZ4vXrS5kV6uDXN4AaABAg,F6SwTen2weo,Awesome 😮😅,2,2025-05-24T07:25:38Z,candidate
UgxRfNPZT66BkqLY5Od4AaABAg,F6SwTen2weo,Nice movie,1,2025-05-24T07:18:54Z,candidate
Ugz-b71rLkQcLsKzwQJ4AaABAg,F6SwTen2weo,❤❤❤❤😂😂😂😂🎉🎉🎉🎉😅😅😅mind blowing  movie   beautiful  suspense ane horror  comedy thi bharpur,1,2025-05-23T19:41:07Z,candidate
UgwRn9kHlcTA9Ir_nEJ4AaABAg,F6SwTen2weo,Jordar prem bhai 😊nice  story 👍,1,2025-05-23T19:22:59Z,candidate
UgwZ_STPy7Pbevzx0K54AaABAg,F6SwTen2weo,Nice movie 😊🎥,2,2025-05-23T18:04:17Z,candidate
UgwCCclZQegPUiojpIt4AaABAg,F6SwTen2weo,Nice movie👍👍👍👍ek number,1,2025-05-23T10:09:27Z,candidate
Ugz3IqkBnBy1oaL3lNV4AaABAg,F6SwTen2weo,Woww amazing❤ must watch!,10,2025-05-23T07:45:20Z,candidate
UgzFrfQ_Lo8Rq8VjPsx4AaABAg,F6SwTen2weo,Nice movie ❤,1,2025-05-23T07:33:48Z,candidate
UgwWrlLCbbCihqeMyRh4AaABAg,F6SwTen2weo,Ame kasu nathi kariyu amne java do 😂😂,2,2025-05-22T18:53:27Z,candidate
UgwJPSjlU2HFxjdmyml4AaABAg,F6SwTen2weo,55,1,2025-05-22T18:32:23Z,candidate
UgwqrLpbC49yXW6n9qV4AaABAg,F6SwTen2weo,"Wow,mast thriller movie che",1,2025-05-22T16:06:51Z,candidate
UgzP28tjEZzwPYCBtt54AaABAg,F6SwTen2weo,Nice movie 🍿🎥,0,2025-05-22T13:27:04Z,candidate
UgxWKbJJV_7YtonwN114AaABAg,F6SwTen2weo,Bovv jjjj mast movie che❤,0,2025-05-22T13:19:51Z,candidate
UgzQVsBKrCh0l0KmdGR4AaABAg,F6SwTen2weo,Nice movie 🍿🍿 mja avigyo 😅😅😅😅,8,2025-05-22T10:53:30Z,candidate
Ugw3GuGpJQsZwJFwObR4AaABAg,F6SwTen2weo,Su movie che yaar😮❤❤,1,2025-05-22T10:05:46Z,candidate
Ugz129VJPnQfwMz6WO14AaABAg,F6SwTen2weo,Super jordar che movies ho.,0,2025-05-22T08:16:56Z,candidate
UgxAqs__QfLEUIKRzfp4AaABAg,F6SwTen2weo,😊,1,2025-05-21T17:14:09Z,candidate
UgyMBgX2zNUEWD6OdzN4AaABAg,F6SwTen2weo,Bestest movie ever 😍,4,2025-05-21T11:31:18Z,candidate
UgzQUIkg2Zo4emtkfWd4AaABAg,F6SwTen2weo,The end is excellent.... Acting is next level at the end ... ❤,1,2025-05-21T11:12:11Z,candidate
UgzU-hO0p6y88UofzQN4AaABAg,F6SwTen2weo,Nice move 🎉🎉😊,2,2025-05-21T08:53:43Z,candidate
UgylrFt6kTiflkw2a-h4AaABAg,F6SwTen2weo,😊,0,2025-05-20T20:09:34Z,candidate
UgwbGiiflbS0-9IJLER4AaABAg,F6SwTen2weo,Nice movie,0,2025-05-20T18:43:40Z,candidate
UgxBMTaWm9d-YVPpcx14AaABAg,F6SwTen2weo,Su movie banavi che yaar gajjab 😊 emotional . Comedy  😊😂,38,2025-05-20T17:41:18Z,candidate
Ugz0rJhUDpi3z9STWpR4AaABAg,F6SwTen2weo,Nice movie👌,0,2025-05-20T17:20:40Z,candidate
Ugyxjr5VqzG576nmGkl4AaABAg,F6SwTen2weo,👌👌👌,0,2025-05-20T13:56:57Z,candidate
UgyMCqa7woKGhUmJmzN4AaABAg,F6SwTen2weo,Super 👌,0,2025-05-20T13:16:36Z,candidate
UgzNU0LgQofSQXGTpAF4AaABAg,F6SwTen2weo,Su keo chow party.... maja aya ???? 😅😂😂😂😂❤❤❤❤❤,0,2025-05-20T13:13:30Z,candidate
UgwlPkAZLMtfSTwLZKh4AaABAg,F6SwTen2weo,𝗡𝗶𝗰𝗲 𝗺𝗼𝘃𝗶𝗲 ❤,1,2025-05-20T10:26:34Z,candidate
UgyFE2S_brLgM9nACTd4AaABAg,WpjIvgiILrg,"Gunarati movie apne dikhi abash mastan, mehul kumar, ramanand sagar, ketan maheta ne banavi hai, dhola maru, hiral ne kathe, pakhida o pakhida, raj rajvan mahiyar ma mandu nathi lagtu, me to palvde badhi preet, manvi ni bhavai, desh re joya dada pardes, dod  joya, mahiyar ni chuddi, a bdhi super movie che ayre badhi ek na ek jevi lage che🙏",0,2026-06-07T06:46:28Z,candidate
Ugxm73bBlgUA4x7j0Rp4AaABAg,WpjIvgiILrg,Mujhe lgta hai guja gujarati films ko aur yha ki industri ko koi protsahit nhi krta isliye nhi bnti par ab achi filme banne lgi hain aur umeed hai dhere dhere inme b sudhar ayega,0,2026-05-25T19:33:14Z,candidate
Ugx3Ctkb9v920-u-20N4AaABAg,WpjIvgiILrg,"Gujarat main natak chalte hai movies nahi, par kuch time se Vash, Raado, Lalo jaisi movies ke kaaran logo ko movie main interest aane laga hai!",2,2026-03-01T00:59:56Z,candidate
UgwMs-0Wj4oF_nG4Tfx4AaABAg,WpjIvgiILrg,"Popat tu gujrat rehta nahi hai aur gujrati content follow karta hai nahi aur bolta hai gujrati success nahi movie successful 

lalo movie - 100cr
Original Vash 1/2   remake. Shaitan hindi 
Chal jivi lay ae...
Chaniya toli
Maney more",0,2026-01-12T12:22:25Z,candidate
UgzfSn4PTxFw3m_0mjt4AaABAg,WpjIvgiILrg,Laalo movie dekhi aapne ?,0,2026-01-12T04:55:20Z,candidate
Ugzre5qJ4xO5UXa0UiR4AaABAg,WpjIvgiILrg,Laalo movie Achi hai ❤,0,2026-01-10T15:29:27Z,candidate
UgwwteKMheX_X9UL8RV4AaABAg,WpjIvgiILrg,Laalo movie best hai❤,0,2026-01-10T15:29:16Z,candidate
UgxldS5rlpNpBpzfn-F4AaABAg,WpjIvgiILrg,Laalo Movie Hindi me aai Hai,1,2026-01-10T15:29:07Z,candidate
Ugw46snugw-kxGiCAaF4AaABAg,WpjIvgiILrg,Laalo Movie Hindi me aai Hai,0,2026-01-10T15:29:05Z,candidate
UgwyBIoSeLYdvnScUhl4AaABAg,WpjIvgiILrg,Ek Baar Laalo Movie Dekh ❤,0,2026-01-10T15:28:43Z,candidate
UgxxYbKwY-1WVvXYj4R4AaABAg,WpjIvgiILrg,Aap Donone Laalo Movie Dekhi ❤,0,2026-01-10T15:28:27Z,candidate
UgwvWtbmiSKb2w4H3vB4AaABAg,WpjIvgiILrg,Apne Laalo Movie Dekhi ❤,0,2026-01-10T15:28:05Z,candidate
UgxLwUDkIBf7bZWMQux4AaABAg,WpjIvgiILrg,Lalo ki team se milo,0,2026-01-09T05:32:59Z,candidate
UgyF0-33hqY8GMXVdMF4AaABAg,WpjIvgiILrg,"Abhi esa nahi hai... Now gujarati movies are fabulous 🎉 gujarati film industry is on its peak point 🎉🎉
...",1,2026-01-05T08:57:50Z,candidate
UgxcL3ydYX-EAwRls3x4AaABAg,WpjIvgiILrg,Laalo,0,2026-01-02T09:13:17Z,candidate
Ugwwpt855FFPAQDrLdF4AaABAg,WpjIvgiILrg,Lalo juyu,0,2025-12-26T18:07:03Z,candidate
UgytbRQNmpsR5qWxW7l4AaABAg,WpjIvgiILrg,Lalo ki team ko bulavo,0,2025-12-24T13:02:40Z,candidate
Ugw2k5KqRW4l9szZ-Wl4AaABAg,WpjIvgiILrg,Laalo ❤,0,2025-12-19T04:27:23Z,candidate
UgxU4lG7mlGb5VAY5B54AaABAg,WpjIvgiILrg,Bey yaar has to be the best gujarati film .,0,2025-12-06T19:58:35Z,candidate
UgyBLN_wFjC9SK1PteB4AaABAg,WpjIvgiILrg,Oscar ki mohtaj nai gujarati movies bro,0,2025-12-02T02:49:21Z,candidate
UgxiV5satu4S9YQk3vV4AaABAg,WpjIvgiILrg,Isne bhai reva movie nai dekhi lagta he,1,2025-12-02T02:48:07Z,candidate
UgwWLs2EeafGwlgpJgp4AaABAg,WpjIvgiILrg,Watch laalo,1,2025-12-01T13:06:27Z,candidate
UgyTsLRd4W7bwwNN4iB4AaABAg,WpjIvgiILrg,Telented logo ko moka nahi diya jata,0,2025-12-01T12:41:06Z,candidate
UgwOZopclo9WD2NwBHp4AaABAg,WpjIvgiILrg,Watch laalo: shree krishna sada sahayate 100 +cr collection world best movie laalo 💯,0,2025-12-01T10:30:56Z,candidate
UgyUxjRFVf_bLuARIT14AaABAg,WpjIvgiILrg,Lalo moovie 102cr collection,0,2025-11-30T07:27:42Z,candidate
UgzYzOeJR5MFZO9Zmex4AaABAg,WpjIvgiILrg,Chelo show,0,2025-11-28T14:34:12Z,candidate
UgyFT8WNF-JK6LURez14AaABAg,WpjIvgiILrg,Lalo .....,1,2025-11-26T17:21:25Z,candidate
UgyeWouduR-sduO-NHF4AaABAg,WpjIvgiILrg,Haha,0,2025-11-26T10:50:44Z,candidate
Ugx7ORADPZ1DgHSeqN14AaABAg,WpjIvgiILrg,"Lalo dekho ,bollywood ka kachara Samaj mai aa jayega original movie ka matalab kya hai sabko achi sikh mile vo kaam lalo film ne Kiya hai",12,2025-11-24T16:18:06Z,candidate
Ugy3lhRGR3JdEuscuPB4AaABAg,WpjIvgiILrg,Lalo,1,2025-11-19T12:59:05Z,candidate
UgyYzZMASiuMjN5-ccR4AaABAg,WpjIvgiILrg,Mostly Gujarati people abroad chale jaate hai to ab apne roots se connected bhi nahi hote apni language bhi kai log clearly nahi bol pate ye bhi ek wajah ho sakti hai,3,2025-11-19T06:36:35Z,candidate
UgwRXJF_Wq-F_j6UWu54AaABAg,WpjIvgiILrg,"Bhai kabhi Hellaro,chal jeevi laiye,chello divas,sharto lagu,kutch express,papa tamne nai samjaay,lalo,mom tamne nai samjaay,golkeri,dear father,kehvatlaal parivaar,wrong side Raju,bey yaar,vitthal teedi, gujjubhai the great,nayika devi,hahakaar dekh lo pata chalega kya hai Gujarati movies ka jaadu",5,2025-11-19T06:35:05Z,candidate
Ugz-EP--v1mAE-z9IPt4AaABAg,WpjIvgiILrg,Gujarat mein movie achhi banti hai but audiance south movie zyada pasand hoti baki abhi to Bollywood bhi wahiyaat film banata hai Bollywood se zyada regional movies best hoti hain,70,2025-11-19T06:30:40Z,candidate
UgwQj4T2RadxgXBX6z54AaABAg,WpjIvgiILrg,"Chello Diwas, Lalo, Vash, Vash 2, Lalo, Chal Jiwi laie, tum dhundhte nahi o varna filme to kau he. Gujarati Movie me hamesha sikh hoti he. Vahi yaar movie nahi banate Gujarati cinema ko art ki tarah leta he",22,2025-11-19T00:49:57Z,candidate
UgyNhXAa76X_JdY28Ct4AaABAg,WpjIvgiILrg,Lalo movie ke director.Ankit sakhiya ko bulavo bhai podcast karne keliye sir maja aayega ❤❤,102,2025-11-15T05:11:33Z,candidate
Ugz6AOtPV4Nw9rcQbYJ4AaABAg,WpjIvgiILrg,Gujrati fhilm Lalo dekhona bhai bahut aschi he 👌,38,2025-11-09T08:49:38Z,candidate
Ugy3KGk2wxhiBkYA9c14AaABAg,WpjIvgiILrg,Vash,1,2025-10-01T08:58:41Z,candidate
UgwhmHDDwXNZItpeki94AaABAg,WpjIvgiILrg,Punjabi balle balle 🙌🙌,1,2025-02-23T15:07:52Z,candidate
UgzT8POP08M_YkaVrOp4AaABAg,WpjIvgiILrg,Gujarati zyada stage pasand karte hai. Mast stage artist hote hai aur story ek number,20,2025-02-22T13:48:32Z,candidate
UgzXmpYz8epFzGO6ol14AaABAg,b5uKAz_dBFw,Hangover hollywood movie ni bethe bethi sasti copy kri didhi,0,2026-08-13T02:09:39Z,candidate
Ugy5SjhBioTRJA4X3Jd4AaABAg,b5uKAz_dBFw,Akash rocks,0,2026-08-12T18:28:34Z,candidate
UgyJiwgVmYkUvqPNb4h4AaABAg,b5uKAz_dBFw,Copy and paste 😂😂😂 the hangover,0,2026-08-12T12:48:35Z,candidate
UgyQWF0w7DnlHV02mVB4AaABAg,b5uKAz_dBFw,Hangover ne gujrati ma lai avya?? bhai...,0,2026-08-12T10:22:18Z,candidate
UgyW5S9gew8Ndb_610x4AaABAg,b5uKAz_dBFw,Gujju hangover 😅with not so famous cast🎉 let's gooi,0,2026-08-12T08:24:31Z,candidate
Ugze1ATtSA2wO6WdF3Z4AaABAg,b5uKAz_dBFw,Hang over ni copy Kari didhi bolo ...🤦,0,2026-08-12T02:09:11Z,candidate
Ugyc-MySPN3fH_mckhF4AaABAg,b5uKAz_dBFw,Hangover nu Gujarati version…😅,0,2026-08-11T16:46:46Z,candidate
UgyQgKLzg-rmCQvLIfd4AaABAg,b5uKAz_dBFw,hangover in gujarati … will be fun,0,2026-08-11T14:53:36Z,candidate
UgwqEtbiYNgRC6XcV3t4AaABAg,b5uKAz_dBFw,Typical Hangover remake,0,2026-08-11T14:32:32Z,candidate
Ugw1zPlx207KD2XmJR94AaABAg,b5uKAz_dBFw,"Why do this ?? Why copy a franchise like ""Hangover? """,0,2026-08-11T12:03:27Z,candidate
UgzM5P-q5Dr52mCKS1d4AaABAg,b5uKAz_dBFw,Bhrahst pursho matey😅,0,2026-08-11T10:10:56Z,candidate
Ugw-hbzryyR7gda80QR4AaABAg,b5uKAz_dBFw,"Gujrati movie ek j jeva feel thay che
Rom com n comedy 
Feel j na ave k jova jaiy",0,2026-08-11T03:59:15Z,candidate
UgzoYeZY4r0Fj0OOMlN4AaABAg,b5uKAz_dBFw,Hangover 😂😂😂😂😂,0,2026-08-10T11:52:20Z,candidate
Ugws6l22fWgoQBUTOP94AaABAg,b5uKAz_dBFw,Hangover's Gujarati Version,1,2026-08-10T09:16:57Z,candidate
Ugw_bkmsZd0gzt3Swqt4AaABAg,b5uKAz_dBFw,😂🎉,1,2026-08-10T03:44:04Z,candidate
UgzfaE0Y0sQ_nIOT3wN4AaABAg,b5uKAz_dBFw,Copy of hangover movies of english please guys at least don't make copies and make original,2,2026-08-09T14:41:02Z,candidate
Ugz0BUtnLdbzA94IT9p4AaABAg,b5uKAz_dBFw,Agar Asha Amar che ....to dhyan rakhjo....tame Bangkok ma cho!!!!!,1,2026-08-09T13:49:22Z,candidate
UgzKP_FU3iLsCursCeN4AaABAg,b5uKAz_dBFw,Comedy system Breckdown 😂😂🎉🎉,0,2026-08-09T09:55:08Z,candidate
Ugxt8a87CGdv0SQu3NZ4AaABAg,b5uKAz_dBFw,😂😂😂😂❤,0,2026-08-09T04:21:01Z,candidate
UgzSt_8mTdVhfVopIPB4AaABAg,b5uKAz_dBFw,"Gujarati version of HANG OVER movie 😂 
Maza aavshe waiting ❤❤❤",0,2026-08-09T03:29:20Z,candidate
Ugwzz46qES55566q99J4AaABAg,b5uKAz_dBFw,Alya hangover ni sasti copy,1,2026-08-09T00:56:04Z,candidate
UgzfTjNJiKpjr0WdxmF4AaABAg,b5uKAz_dBFw,Legends know copy from,0,2026-08-09T00:10:15Z,candidate
UgzqumzcsuXocjNFGrV4AaABAg,b5uKAz_dBFw,"Looks like Hangover - Literal translate in Gujarati is "" Pidha Pachi""",4,2026-08-08T17:27:47Z,candidate
UgyejAP5mhI0FjLgC6l4AaABAg,b5uKAz_dBFw,Only Smit pandya best actors,1,2026-08-08T17:01:46Z,candidate
UgyyD6M9bZcIKTWihzp4AaABAg,b5uKAz_dBFw,Gujarati Hangover 😂😂,12,2026-08-08T15:26:27Z,candidate
UgxnPtlEmWa2MFDyQmR4AaABAg,b5uKAz_dBFw,"wow, super excited❤️❤️",0,2026-08-08T14:46:33Z,candidate
Ugy-TlEZo73Lwkc4vv14AaABAg,b5uKAz_dBFw,Hangover mathi idea lidho lage che,1,2026-08-08T13:59:23Z,candidate
UgyLkvxpg_EAaqepXYN4AaABAg,b5uKAz_dBFw,Hangover Gujarati,0,2026-08-08T13:22:29Z,candidate
UgzJwIoNa_m9myG0WhN4AaABAg,b5uKAz_dBFw,Hang over ni,0,2026-08-08T13:20:33Z,candidate
UgyL1lDRSuTFD0BMTkd4AaABAg,b5uKAz_dBFw,Copy j che,0,2026-08-08T13:20:18Z,candidate
UgzHbZuRi7Ppo3kli7Z4AaABAg,b5uKAz_dBFw,Hangover જેવું lages,0,2026-08-08T12:59:27Z,candidate
UgxO33eQrcvnMDq6mMJ4AaABAg,b5uKAz_dBFw,Hangover movie ni remake chhe,0,2026-08-08T12:40:59Z,candidate
Ugx9rIIaqm1O34q5lI94AaABAg,b5uKAz_dBFw,hangover gujarati remake ......what else we can except from dhollywood,0,2026-08-08T11:30:36Z,candidate
UgyEWOtZ_8GkOQfc-9h4AaABAg,b5uKAz_dBFw,Gujarati The Hangover😂,0,2026-08-08T11:26:00Z,candidate
Ugw2LQ2uZ-FITC5RJKd4AaABAg,b5uKAz_dBFw,"""Hangover"" કોણ બોલ્યું? ગુજરાતીઓ copy ન કરે. એ તો inspire થાય.",0,2026-08-08T11:12:10Z,candidate
Ugy9LMpNSOa1f6Xg-nx4AaABAg,b5uKAz_dBFw,Hangover,0,2026-08-08T09:29:32Z,candidate
UgzP-f4k-HD0SmTJNqN4AaABAg,b5uKAz_dBFw,It's Look Like Hangover Movie Of  Gujarati Cinema..😊,0,2026-08-08T09:25:07Z,candidate
UgyERRcEoCFOOClX0nF4AaABAg,b5uKAz_dBFw,Bhai Teaser Aaavu hase jordar toh trailer kevu hase ane e pachi Film toh kevi hase faadu m sure  kaik alag j jova malvanu laage che NISHITH brahmbhatt Gujarati industry na David Dhavan che bhai,0,2026-08-08T09:09:04Z,candidate
Ugxbnv1SlYcYvBRqefV4AaABAg,b5uKAz_dBFw,Looks great,0,2026-08-08T05:25:01Z,candidate
UgwUdpGgMPD7JDTRujF4AaABAg,b5uKAz_dBFw,Awesome...🎉,0,2026-08-07T10:40:00Z,candidate
Ugxdg1NdJNM3J9uDomV4AaABAg,b5uKAz_dBFw,"wahhh great  Comedy blast 🎉👌👌👌👌

waiting 😊

 Anilbhai Mehta ji",1,2026-08-07T09:29:15Z,candidate
UgyBY6TWimXzrUlq5pN4AaABAg,b5uKAz_dBFw,Waiting for this rollercoaster😂,2,2026-08-07T07:54:44Z,candidate
UgxqGc99eFGtGDDmzcl4AaABAg,b5uKAz_dBFw,Superb funny and comedy 😂 must watch,0,2026-08-07T06:47:30Z,candidate
UgyDwpj4IMN1eZ8nr5h4AaABAg,b5uKAz_dBFw,Super excited waiting for the movie,0,2026-08-07T05:52:44Z,candidate
UgzbQ0jjA_swR7pgR9x4AaABAg,b5uKAz_dBFw,Super ❤,0,2026-08-07T04:29:23Z,candidate
UgxrNgGOkNxbawn7sw54AaABAg,b5uKAz_dBFw,Can't wait to see the full movie 🎥🎥🎥,0,2026-08-07T03:56:17Z,candidate
UgyebuIHdhfrU4uOpEJ4AaABAg,b5uKAz_dBFw,Superb performance,0,2026-08-07T03:56:00Z,candidate
UgzQWqbzcqD9s8M-WQ94AaABAg,b5uKAz_dBFw,Super,0,2026-08-07T03:36:24Z,candidate
UgzCM6BjPq70LhX3vPx4AaABAg,b5uKAz_dBFw,Trailer looks so good😂😍,0,2026-08-07T03:00:47Z,candidate
UgzOIFK_tBea1fHf6kt4AaABAg,b5uKAz_dBFw,Jordar tailor che!!!! It must be entertaining.....,0,2026-08-07T02:27:20Z,candidate
Ugw8XG8UJa1iV1dJIRJ4AaABAg,b5uKAz_dBFw,Nice trailer,0,2026-08-07T00:56:52Z,candidate
Ugz7iPRfFHoMgh6Bv1R4AaABAg,b5uKAz_dBFw,Amazing 🤩🤩🎉,0,2026-08-06T22:16:30Z,candidate
UgwVbAEdcWEIXa3s4Dt4AaABAg,b5uKAz_dBFw,"Excellent Teaser!! Full of laughter, comedy and chaos.. Majja aa gaya! 🎉",3,2026-08-06T19:52:27Z,candidate
UgwplGJc5qJ7e_15wjt4AaABAg,b5uKAz_dBFw,Superhit ❤❤ blockbuster 🚀🚀,3,2026-08-06T17:58:22Z,candidate
UgxaINtJIiBTxawGMv94AaABAg,b5uKAz_dBFw,Trailer joyu ane goosebumps aavi gaya!. Must watch! 🔥,2,2026-08-06T17:50:57Z,candidate
UgxgTO7d7mKaDOUZA4J4AaABAg,b5uKAz_dBFw,Look like great comedy Hope all will enjoy 😂😂🤟🏻,3,2026-08-06T17:11:10Z,candidate
Ugx6UUg2zL6LMyCQAqJ4AaABAg,b5uKAz_dBFw,Jordar - mast trailer che - jovu j padse,3,2026-08-06T17:03:18Z,candidate
UgydSwEz0233SV_RSS54AaABAg,b5uKAz_dBFw,Super,2,2026-08-06T16:09:04Z,candidate
Ugw4TkBhtR0SqTUy7V94AaABAg,b5uKAz_dBFw,Superb che,4,2026-08-06T16:08:50Z,candidate
UgyOYHKTJCyoPB2Zv8R4AaABAg,b5uKAz_dBFw,Can't wait to see in theater ❤🎉,3,2026-08-06T16:08:13Z,candidate
Ugz6hsruzmP2peFXBzp4AaABAg,b5uKAz_dBFw,Super …. excited …,3,2026-08-06T15:38:34Z,candidate
Ugwec02nH7OMgT9S9AN4AaABAg,b5uKAz_dBFw,Congratulations!  Wishing Aanshi and the entire team all the very best.,2,2026-08-06T15:36:01Z,candidate
Ugx_PMZQzZAlbpVIGJV4AaABAg,b5uKAz_dBFw,Vah Anilji....🎉❤,3,2026-08-06T15:15:20Z,candidate
Ugzr87a0hg2rkxtI6_54AaABAg,b5uKAz_dBFw,"Trailer looks amazing, looking forward to watching the movie.😍",3,2026-08-06T15:01:33Z,candidate
Ugwt-vaKH0kqCcIwPnh4AaABAg,b5uKAz_dBFw,Ekkk numberr!! Can wait to see this on big screen ❤,3,2026-08-06T14:30:44Z,candidate
Ugyv7sT_yGIZa2munTd4AaABAg,b5uKAz_dBFw,Copy of Hangover Movie 🤣🤣,2,2026-08-06T14:24:53Z,candidate
UgxoxPUziZJMlOtys114AaABAg,b5uKAz_dBFw,Fun unlimited 😅 too much comedy 🤣,3,2026-08-06T14:22:28Z,candidate
UgzMD8OIaABshbjadTx4AaABAg,b5uKAz_dBFw,"A movie 1 number lage che gujarati movie aj na samay prmane che,ek dum perfect 5 star che mara taraf thi",2,2026-08-06T14:13:22Z,candidate
Ugz3wY40JoaX_WPBjOt4AaABAg,b5uKAz_dBFw,Pure Good Comedy... it's look like a crazy and funny all the way. All The artists are well known for the comedy timing and best dialog delivery. Must be seen on big screen.... 👍👍😘,3,2026-08-06T13:47:19Z,candidate
UgxpCI23fFf9APWFM8x4AaABAg,b5uKAz_dBFw,Nice pic,2,2026-08-06T13:41:26Z,candidate
Ugy3lxoPNNNhzLfl1Hp4AaABAg,b5uKAz_dBFw,Awaiting comedy blast,3,2026-08-06T13:03:28Z,candidate
UgyXJUeHthIwonNEj6d4AaABAg,b5uKAz_dBFw,"Very nice
Congratulations",3,2026-08-06T12:32:20Z,candidate
UgzcnO8hlHB9zbIJsmx4AaABAg,b5uKAz_dBFw,Movie  to.jordar hase bhai..❤❤,3,2026-08-06T12:08:58Z,candidate
UgzCxH3vH9Do5xk_zFB4AaABAg,b5uKAz_dBFw,Moj moj moj 🎉🎉🎉🎉🎉,3,2026-08-06T11:47:10Z,candidate
Ugxmrae2MtYUQl6eZTB4AaABAg,b5uKAz_dBFw,Nice 😊,2,2026-08-06T11:45:44Z,candidate
Ugy_SEG1K5jqWCwnSr54AaABAg,b5uKAz_dBFw,Comedy. જરૂર jojo,2,2026-08-06T11:45:15Z,candidate
Ugzg7vj6NQoNmQhWV_B4AaABAg,b5uKAz_dBFw,❤❤❤❤❤,2,2026-08-06T11:44:25Z,candidate
UgzVy6d9dQG5xFh2l314AaABAg,b5uKAz_dBFw,"Will surely wait for it . ❤❤

Satu",4,2026-08-06T11:43:26Z,candidate
Ugw288iEbR_YxvPGvCh4AaABAg,b5uKAz_dBFw,Amazing,2,2026-08-06T11:37:37Z,candidate
UgwN46eD1bXHe2acS994AaABAg,b5uKAz_dBFw,Nice,1,2026-08-06T11:23:40Z,candidate
UgxS6z4O3f1kpbTDTTp4AaABAg,b5uKAz_dBFw,Gajab !!!,2,2026-08-06T11:08:57Z,candidate
UgxqBSBo8vLS4ZO7kU14AaABAg,b5uKAz_dBFw,Vaah... Gujarati... Badhi jagya e chhavai gaya.. Pet pakdi rakhjo.. Aavi rahi che maza ni comedy train... 👍👍👌👌👏👏🤓🤓🤓😂😂😂🥰,2,2026-08-06T11:06:45Z,candidate
UgzUnGSnNUWxRqHOjtR4AaABAg,b5uKAz_dBFw,Gajab🎉🥰❤️😇🥳,2,2026-08-06T11:05:54Z,candidate
UgxWIDuJJLrdBxI_LIR4AaABAg,b5uKAz_dBFw,Good movies trailer. Waiting for watching❤,2,2026-08-06T11:00:16Z,candidate
UgzJ8VkpbiIM095ba-R4AaABAg,b5uKAz_dBFw,Nice trailor,1,2026-08-06T10:55:13Z,candidate
UgwYCrFHKfJhCuRKEVd4AaABAg,b5uKAz_dBFw,Amazing! Waiting for the movie! 😊🎉,2,2026-08-06T10:53:15Z,candidate
UgxvWOrcRoK9IQkEKRt4AaABAg,b5uKAz_dBFw,👌👌👌👍👍,1,2026-08-06T10:48:05Z,candidate
UgxChqKQgsQp094n6M94AaABAg,b5uKAz_dBFw,Exited 🎉😛🤩,1,2026-08-06T10:25:06Z,candidate
UgwiyeTYv29uj_o86Fd4AaABAg,b5uKAz_dBFw,Jordar,1,2026-08-06T10:16:33Z,candidate
UgwbmK8Dol4GFZzK-3t4AaABAg,b5uKAz_dBFw,Majjjjaaa aavani che September 11th na!!!,1,2026-08-06T10:16:17Z,candidate
UgxdTWHftZN_8k5Wamp4AaABAg,b5uKAz_dBFw,🧿💯🙌🏻😍,1,2026-08-06T10:11:06Z,candidate
Ugwje7pNUYdifYpLw9p4AaABAg,b5uKAz_dBFw,Naa maza ave to paisa pachhhaaaa 🎉,2,2026-08-06T10:04:04Z,candidate
UgxM1YJaCuOnM0m6JFx4AaABAg,b5uKAz_dBFw,Full On Entertainment,1,2026-08-06T09:54:21Z,candidate
UgxQ8mLrxNnDsWNZgRR4AaABAg,b5uKAz_dBFw,Dhamal 🫶❤️😍,1,2026-08-06T09:46:12Z,candidate
UgzoZNL78K3LXQHkvBh4AaABAg,b5uKAz_dBFw,Looks quite interesting 👍,1,2026-08-06T09:42:02Z,candidate
Ugx1I-U4uyRHbFIC-RV4AaABAg,b5uKAz_dBFw,🎉🎉🎉,1,2026-08-06T09:39:47Z,candidate
UgxuSZ0F2_N2QI5nKRZ4AaABAg,b5uKAz_dBFw,Eagerly waiting...,1,2026-08-06T09:34:03Z,candidate
UgxlYS9dpVCjXb54ly54AaABAg,b5uKAz_dBFw,Dhamaaal,2,2026-08-06T09:33:51Z,candidate
Ugy7ApqkaxAdn5c8mQN4AaABAg,b5uKAz_dBFw,Superb 👌 ❤❤❤,1,2026-08-06T09:27:50Z,candidate
Ugx5U1iylwKWr9KOPfB4AaABAg,b5uKAz_dBFw,Vaaah Jordar zakaas Acting,2,2026-08-06T09:27:44Z,candidate
Ugwbcq9iE3J-d4G2nhd4AaABAg,b5uKAz_dBFw,Very nice Clips and interesting movie,1,2026-08-06T09:26:09Z,candidate
Ugx7QoRJHiAyCEYllPd4AaABAg,b5uKAz_dBFw,RJ Akash Bhai. Very excited to see you,1,2026-08-06T09:24:02Z,candidate
UgzLFRnRV1YPo8bw5xV4AaABAg,b5uKAz_dBFw,Boom padi ho bhai bhai,2,2026-08-06T09:19:26Z,candidate
Ugx1t7FnJeJ2So7YcBd4AaABAg,b5uKAz_dBFw,Boom boom 🎉,1,2026-08-06T09:19:06Z,candidate
UgxOZkQ95SvcB3E8b5t4AaABAg,b5uKAz_dBFw,Pure comedy gold incoming! 🤯🔥 This bachelor trip looks completely crazy. Best of luck to the entire team! 🚀❤️,6,2026-08-06T09:18:38Z,candidate
UgzAvoKJnGkCiHMbqMZ4AaABAg,b5uKAz_dBFw,Bhukka kadhi nakhvani j vat chhe ho❤❤,2,2026-08-06T09:18:08Z,candidate
Ugw5uJqNeWyg-zS-E_N4AaABAg,b5uKAz_dBFw,Jor jor... Fun unlimited. Looking forward to it,2,2026-08-06T09:16:29Z,candidate
UgxFi6hhn081xZyRpm54AaABAg,b5uKAz_dBFw,🎉,0,2026-08-06T09:13:05Z,candidate
UgwkHl5hVhBAdp_Bemh4AaABAg,RWWCSzJW0dI,Wasted my 2 hours,0,2026-06-28T14:12:41Z,candidate
UgxU2qienQJ8-YoEWMd4AaABAg,RWWCSzJW0dI,"5000% nhi 20000% 😂 , check kar lo 100cr paar hai aur sirf 50 lakh budget 👍",0,2026-06-17T04:57:05Z,candidate
UgzzbvStz62LVbUidd54AaABAg,RWWCSzJW0dI,Remake loading in bollywood version 😂,0,2026-05-23T20:20:10Z,candidate
Ugz4W_LykQQibn8571N4AaABAg,RWWCSzJW0dI,"Today I watched this movie 
And got to know about life
The instinct of decisions can change your fate .. 

Awesome 
Highly recommend 

Jai Shri Krishna ❤❤",0,2026-05-18T12:58:44Z,candidate
UgyCoFaUtZ0EsqTz3Pp4AaABAg,RWWCSzJW0dI,50 cr. Me ye atank macha skte he kiyoki mere pass bhi ek kamal ki story he jo 50 cr. Ke budget me ban skti he 700 800 cr. Garenty ke sath,0,2026-04-26T06:44:43Z,candidate
Ugzj9AQzucJZpfq2GdF4AaABAg,RWWCSzJW0dI,Hamre yahan aaja lagi hai ye film,0,2026-04-25T06:42:49Z,candidate
UgwY1TPr6VXoFNNS0yd4AaABAg,RWWCSzJW0dI,Laalo 50 lakh business 120 crore,0,2026-04-18T08:16:22Z,candidate
Ugzi7wixx2zdUuarmCV4AaABAg,RWWCSzJW0dI,Gujrati indrtrey day by day📈,0,2026-03-10T03:52:26Z,candidate
UgwOluakjYv9agjQEEJ4AaABAg,RWWCSzJW0dI,The director of this movie is my mami's brother friend 😊,1,2026-03-08T08:42:22Z,candidate
UgyPLJRJLOsL7l5WcBt4AaABAg,RWWCSzJW0dI,Who is watching this video after 100 crore,1,2026-03-08T08:39:58Z,candidate
UgzCXK2w3AH_xyarudJ4AaABAg,RWWCSzJW0dI,Movie dekh kr anshu hi nai rook paya mein Jai shri krishna,0,2026-03-07T02:39:19Z,candidate
UgwkSRwl0cT7wbiUOZp4AaABAg,RWWCSzJW0dI,They sold release it in pan India by dubbing else how will the rest of India know,0,2026-03-05T02:51:53Z,candidate
UgydVaLbmLN-9lgjLIF4AaABAg,RWWCSzJW0dI,"This movie made me believe in krishna 
May lord krishna help every needy",0,2026-02-08T18:18:43Z,candidate
Ugys5r5fE5cBD34Voml4AaABAg,RWWCSzJW0dI,Krishna kanhaiya ko jaadu kyu banna pada?krishna is bhagwan for ....sake😢,0,2026-02-03T11:29:28Z,candidate
UgyCuHQQz1Lxpb_ZLUh4AaABAg,RWWCSzJW0dI,Jay garvi gujrat ❤,0,2026-01-22T19:36:06Z,candidate
UgziR7EQ_JIXI8l6grl4AaABAg,RWWCSzJW0dI,Where I can watch movie online,0,2026-01-20T05:04:49Z,candidate
Ugyf7NFiFlWHUHO-vaJ4AaABAg,RWWCSzJW0dI,Best film hai.,0,2026-01-14T08:41:06Z,candidate
Ugymxskwsl5cXIYbx6N4AaABAg,RWWCSzJW0dI,Kuti,0,2026-01-13T19:26:48Z,candidate
UgwViGmgf4RUZAfGqvZ4AaABAg,RWWCSzJW0dI,Dil khush hogaya movie super 👌 hit he,0,2026-01-13T16:40:31Z,candidate
UgyrX6nSoxsl5UqHnh94AaABAg,RWWCSzJW0dI,श्री गोपाल कृष्ण भगवान की जय 🙏,1,2026-01-12T02:41:56Z,candidate
Ugw8gvsVNe3Mvka4Kyp4AaABAg,RWWCSzJW0dI,Best❤❤❤ movie,0,2026-01-11T19:40:21Z,candidate
Ugwz-VGkqhM8MvLOFKx4AaABAg,RWWCSzJW0dI,Now it's earns 120cr.❤,0,2026-01-11T18:14:17Z,candidate
UgzCsRwAVZevsi_Tkyd4AaABAg,RWWCSzJW0dI,कृष्ण सदा सहायते,0,2026-01-11T11:14:09Z,candidate
UgxWefBC0B-SIc8WCVR4AaABAg,RWWCSzJW0dI,Review me puri movie bata di,1,2026-01-11T06:33:15Z,candidate
Ugx4rEkgG2K6Cz5WE7Z4AaABAg,RWWCSzJW0dI,"Please madam , review again for Hindi",0,2026-01-10T15:53:00Z,candidate
UgxPv5_zuaHDGawddcZ4AaABAg,RWWCSzJW0dI,कल मैं movie dekhne jau ...?,1,2026-01-10T15:10:37Z,candidate
UgzE10bvLxgdBzJzRX14AaABAg,RWWCSzJW0dI,120 crore now ☠️☠️☠️,0,2026-01-10T14:46:32Z,candidate
UgwbCZjGKxpBQytOS1F4AaABAg,RWWCSzJW0dI,Madam hindi bhi aa gai uska bhi review de dijiye,1,2026-01-10T11:05:35Z,candidate
UgzK_wecNPK1MOmwZlF4AaABAg,RWWCSzJW0dI,RADHA RADHA🦚🪈,0,2026-01-10T09:45:06Z,candidate
UgwGLYgSOZ7h73bMUWp4AaABAg,RWWCSzJW0dI,"Lalo hindi me bhi release ho gai hai, toh dekh ke aavo...",4,2026-01-09T14:12:08Z,candidate
UgznSGIaCCW1YcCojER4AaABAg,RWWCSzJW0dI,Aaj hindi laalo movie ke baare main sabko bataiye,1,2026-01-09T10:29:53Z,candidate
Ugxm3am4Pwuyv_sHmGJ4AaABAg,RWWCSzJW0dI,"Aaj ki date main 9 jan,26 ko hindi main release hua hai",1,2026-01-09T10:29:19Z,candidate
UgyAuwoQr0m7bP-l9uJ4AaABAg,RWWCSzJW0dI,Now it has completed 100 crore and on 9 January 2026 releasing in hindi,1,2026-01-08T21:39:53Z,candidate
Ugz_qWjoWATzUy-XwBl4AaABAg,RWWCSzJW0dI,"I saw a movie last Tuesday (30/12/2025) in theatre, till today I feel the devine magic of this movie ❤😊",1,2026-01-06T14:47:05Z,candidate
UgxjzNldb_avIO42ODV4AaABAg,RWWCSzJW0dI,45 dekhiye same hai but bgm best hai🎉❤,1,2026-01-04T15:55:24Z,candidate
UgxCwt_Bjwhj1Fxv9rd4AaABAg,RWWCSzJW0dI,Laalo movie is releasing in Hindi on Jan 9th. Something for you to reveal and review the biggest blockbuster Gujarati movie of 2025.,1,2026-01-04T03:06:55Z,candidate
UgzH2KypdRbNwsjW_TZ4AaABAg,RWWCSzJW0dI,Lalo Hindi Me Movie aa gaye Hai Aap ke Pas ke Cinema📽️ Garo Me ❤ Jay Shree Krishna 🙏,1,2026-01-02T17:47:19Z,candidate
Ugyw_MYnrvOejUbhhmJ4AaABAg,RWWCSzJW0dI,अब हिंदी में आ रही हे 9 जनवरी को,1,2026-01-02T14:07:32Z,candidate
UgyX5dipDrZXe8DDAKt4AaABAg,RWWCSzJW0dI,Latest news it’s releasing in  Hindi now in January 2026 !!! For Hindi audience across India !,0,2025-12-31T23:46:25Z,candidate
Ugw7QqkapI25O-Rk4kZ4AaABAg,RWWCSzJW0dI,Ab hindi me bhi aa rahi h,0,2025-12-31T14:58:37Z,candidate
UgxgkeHWE2NSD_C5YYV4AaABAg,RWWCSzJW0dI,6 January coming in Hindi,1,2025-12-31T14:50:39Z,candidate
UgxEEHfkIdX3IFJHJe94AaABAg,RWWCSzJW0dI,Akshay nahi kar payega kyunki iska hindi dubbed announce ho gai,1,2025-12-31T10:49:19Z,candidate
Ugzj0GnUFHGb-W_rhjt4AaABAg,RWWCSzJW0dI,Nice movie,0,2025-12-31T06:52:36Z,candidate
UgzPzXU8fJQDitSbVwF4AaABAg,RWWCSzJW0dI,@filmiindian hindi me trailer aagya❤,0,2025-12-31T05:13:14Z,candidate
UgyJq5fNw2jxnbDZji54AaABAg,RWWCSzJW0dI,And now it's available in hindi also.... release in January so please go and watch this,1,2025-12-30T16:15:38Z,candidate
UgzA1KdSFWBlmSMnNKh4AaABAg,RWWCSzJW0dI,Lalo movie ka hindi trailar aa gaya hai.,0,2025-12-30T07:09:34Z,candidate
UgxVb-THN86bugPUl_J4AaABAg,RWWCSzJW0dI,See and Review the all time best Gujarati movie trailer. It will be release on 9th January in Hindi..,0,2025-12-30T03:04:21Z,candidate
Ugx5ZNCdsIQMUXsdWRB4AaABAg,RWWCSzJW0dI,Watch Hindi Trailer and give review plz,1,2025-12-29T16:04:40Z,candidate
UgwnwN-VedDSDouUUNZ4AaABAg,RWWCSzJW0dI,"Movie hindi me aa rahi he ,all hindi audiance pls enjoy this movie 🙏",1,2025-12-26T13:16:15Z,candidate
Ugwwm8VsbI6hYL33MzV4AaABAg,RWWCSzJW0dI,"9th January 
Laalo And The Raja Saab Clash 🎉",1,2025-12-25T11:00:46Z,candidate
Ugyt_fexNo0CWnXjLht4AaABAg,RWWCSzJW0dI,Sree krishna sada sahay te,0,2025-12-19T10:11:15Z,candidate
UgxaThPrgHf_F7IWsp54AaABAg,RWWCSzJW0dI,Radhe Krishna radhe Krishna radhe Krishna radhe Krishna radhe Krishna radhe Krishna radhe Krishna radhe Krishna radhe Krishna radhe Krishna radhe Krishna radhe Krishna radhe Krishna radhe Krishna radhe Krishna radhe Krishna radhe Krishna radhe Krishna radhe Krishna radhe Krishna radhe Krishna radhe Krishna radhe Krishna radhe Krishna radhe Krishna radhe Krishna radhe Krishna radhe Krishna radhe Krishna radhe Krishna radhe Krishna radhe Krishna radhe Krishna radhe Krishna radhe Krishna radhe Krishna radhe Krishna radhe Krishna radhe Krishna radhe Krishna radhe Krishna radhe Krishna radhe Krishna radhe Krishna radhe Krishna radhe Krishna radhe Krishna radhe Krishna radhe Krishna radhe Krishna radhe Krishna radhe Krishna radhe Krishna radhe Krishna radhe Krishna radhe Krishna radhe Krishna,0,2025-12-19T06:38:42Z,candidate
UgzELDdahkz0rjcDBsR4AaABAg,RWWCSzJW0dI,।। ❤ जय श्री कृष्ण ❤ ।।,0,2025-12-18T18:22:44Z,candidate
Ugw9KhAKRKBH20IuuyF4AaABAg,RWWCSzJW0dI,116 cr collection,0,2025-12-16T15:03:57Z,candidate
UgxjONwvtdXUHrwlyYZ4AaABAg,RWWCSzJW0dI,U have to watch new Gujarati movie ''jiv'',0,2025-12-15T10:27:29Z,candidate
UgzLnjBhBkohno42wAN4AaABAg,RWWCSzJW0dI,100 cr ho gaya hai ❤🎉😢,0,2025-12-10T17:05:16Z,candidate
UgwBjF-Qjpowb9LLBRB4AaABAg,RWWCSzJW0dI,Logical bhi he aur Megical bhi he,0,2025-12-10T16:25:36Z,candidate
UgwRP78XOdiMwVN6AGt4AaABAg,RWWCSzJW0dI,Now this movie was crossed 100 cr and still counting ❤ Jay Dwarkadhish,0,2025-12-10T15:18:30Z,candidate
UgyKxhFQ-vSmN7mzqxl4AaABAg,RWWCSzJW0dI,100 cr worldwide🎉,0,2025-12-08T04:20:13Z,candidate
Ugz-EYuJC8Ql2XWWYyd4AaABAg,RWWCSzJW0dI,100 CR cross yesterday night ❤❤❤❤,0,2025-12-07T19:38:04Z,candidate
Ugxik98DsySU9EtGsJZ4AaABAg,RWWCSzJW0dI,"Jaha pe krishna aate hai

Waha pe bhadve Bollywood ki baja dalte hai 

Chu.   Le khan ka",0,2025-12-07T03:48:21Z,candidate
UgzSL6EzaL6IKUQBwl54AaABAg,RWWCSzJW0dI,Crazy collections 🎉. This should be case study on ROI,0,2025-12-07T02:35:45Z,candidate
UgxUr2Dg3r3sF3dmnit4AaABAg,RWWCSzJW0dI,Lalo❤❤❤❤,0,2025-12-06T12:36:11Z,candidate
Ugy738rZ-KVcaZZ9pmR4AaABAg,RWWCSzJW0dI,Ott pe he kya?,0,2025-12-06T06:32:31Z,candidate
UgxGLhtnFAVVzcEokzt4AaABAg,RWWCSzJW0dI,100 cr don,0,2025-12-06T04:30:12Z,candidate
Ugz_9jPOS8fwFSZWSLJ4AaABAg,RWWCSzJW0dI,star nai diye didi ?,0,2025-12-05T16:49:49Z,candidate
UgyHHWbLU1P_Ygb-TVh4AaABAg,RWWCSzJW0dI,Aap gujrati tabhi ye movie dekh paye 😊,0,2025-12-05T03:32:55Z,candidate
UgwuNz2J5UBCzFoKJhl4AaABAg,RWWCSzJW0dI,bekar movie...Koi sense nahi hai puri movie me.....,0,2025-12-03T17:39:35Z,candidate
UgxWwLHB6Btg86k0PDV4AaABAg,RWWCSzJW0dI,Reached 100 cr😊,0,2025-12-02T16:44:24Z,candidate
UgzxKEzWmxUANLSiPZd4AaABAg,RWWCSzJW0dI,i think first time shegave the clear and best review,0,2025-12-02T11:32:28Z,candidate
UgydyWeEBeCE-wSy8GR4AaABAg,RWWCSzJW0dI,Aapko gujrati language samaj aati hai,0,2025-12-02T10:42:15Z,candidate
UgyN64_7QXMniKce9nt4AaABAg,RWWCSzJW0dI,100 cr club,0,2025-12-01T13:20:07Z,candidate
UgwxWpnUPwhaMpBGCb14AaABAg,RWWCSzJW0dI,15000 %,0,2025-12-01T13:19:45Z,candidate
UgzPrlyAwkAAJkPr0UN4AaABAg,RWWCSzJW0dI,Hindi me nhi hai thodi problem ho rhi h dekhne me,0,2025-12-01T11:15:22Z,candidate
UgwwSRVv6OpegsOFqEJ4AaABAg,RWWCSzJW0dI,"For me it’s rubbish movie, there is no intellectual.",0,2025-12-01T08:06:25Z,candidate
UgxthGr7ddTOG4RtXk94AaABAg,RWWCSzJW0dI,100 cr +❤❤❤❤❤❤,0,2025-12-01T02:07:06Z,candidate
UgxFtR7CrkSlKCbpp1R4AaABAg,RWWCSzJW0dI,180CR tk Jane wali hai 200cr ho sakta hai,0,2025-11-30T21:51:06Z,candidate
UgwcScwRnWInTxEBwl54AaABAg,RWWCSzJW0dI,now Collection 103 CR,0,2025-11-30T20:00:30Z,candidate
UgyuNwQrCHamNTyV7bt4AaABAg,RWWCSzJW0dI,Now 100 cr💓,4,2025-11-30T17:04:50Z,candidate
UgyNYGxMUIeE-IjtAfR4AaABAg,RWWCSzJW0dI,Gujarati is best,0,2025-11-30T13:30:51Z,candidate
UgwCd7OZKJWK8pZpQWV4AaABAg,RWWCSzJW0dI,Ab to 100cr 50lack  Se uper Chali gayi hai dear,0,2025-11-30T08:32:32Z,candidate
UgwY5w9CroRU00DNPMZ4AaABAg,RWWCSzJW0dI,LALOO is a feeling of divinity,0,2025-11-30T04:52:02Z,candidate
Ugz-LPca4N0DBFs1u_Z4AaABAg,RWWCSzJW0dI,1 number movie ❤Bhau,0,2025-11-30T02:59:18Z,candidate
UgymrV34xQkQb6yVZd94AaABAg,RWWCSzJW0dI,i am Gujraati and Me lalo film ki hiroin riva ko jaanta hu. or me uske ghr jaata rehta hu🙏,0,2025-11-29T20:31:09Z,candidate
UgwhgCUrAzRS5_OPuDh4AaABAg,RWWCSzJW0dI,100 Crore+ On 29 Nov. 2025,0,2025-11-29T13:02:26Z,candidate
Ugyz1KN_2CVlbF5Xecp4AaABAg,RWWCSzJW0dI,5000 nhi 16000 persent profit hai I am gujrati bollywood ki gandki dekhne se behtar saaf sutri film enjoy all with family..,0,2025-11-29T07:04:24Z,candidate
UgyHPASF1FLbsDgovnJ4AaABAg,RWWCSzJW0dI,❤,0,2025-11-28T17:44:12Z,candidate
Ugyp-O-PCF6yhlcifn54AaABAg,RWWCSzJW0dI,Radhe.krishna,0,2025-11-28T16:41:56Z,candidate
UgzFUkiy3MRUw5lRYjh4AaABAg,RWWCSzJW0dI,Superhit movie ❤❤,0,2025-11-28T16:29:03Z,candidate
UgyL36t9V1jX1EwjpdZ4AaABAg,RWWCSzJW0dI,"I saw this movie and could not understand what people liked in this movie. It was lame and I could not wait, for the movie finished. I won’t trust reviews from India.",0,2025-11-28T12:57:05Z,candidate
UgyP7PBzGHvgFPc1an14AaABAg,RWWCSzJW0dI,All time mega bolkbuster 🔥🔥🔥,0,2025-11-28T11:26:55Z,candidate
UgxTXbwh_u22yeXrvjd4AaABAg,RWWCSzJW0dI,I am gujarati ❤❤,0,2025-11-28T11:25:39Z,candidate
Ugw7L_Kk8xdFwG0AsZh4AaABAg,RWWCSzJW0dI,70 crore Today 28/11/2025,0,2025-11-28T07:57:03Z,candidate
UgyiatIDqoXdpd31wu14AaABAg,RWWCSzJW0dI,Mein bhi gujrati hu bhai ❤❤❤,1,2025-11-28T05:55:56Z,candidate
UgzmEbiR_Kr0d45XnxV4AaABAg,RWWCSzJW0dI,Didi ek aur video bana lo 50 lakhs budget 90 cr 😂 collection means profit margin is on World record level 😂❤,0,2025-11-28T03:12:00Z,candidate
UgzteLP5hzPFk025Q8p4AaABAg,RWWCSzJW0dI,I m gujrati super hit movie love you movie ❤ jai shree krishna,0,2025-11-27T17:34:09Z,candidate
UgwNuNS9JXXHXyyrmIx4AaABAg,RWWCSzJW0dI,Now movie cross 60 cr,0,2025-11-27T13:24:16Z,candidate
UgxxMeq1FRKopJNvYmZ4AaABAg,RWWCSzJW0dI,"14000% profit is running now..😅😅😅

.",1,2025-11-27T12:03:22Z,candidate
Ugy0WScejui8T1-7KHJ4AaABAg,RWWCSzJW0dI,100 caror par ja chuki he,0,2025-11-27T07:46:50Z,candidate
Ugzq155ToupsprJaTJt4AaABAg,RWWCSzJW0dI,"Inwest 50lk

Now 100cr 🤞🏻",0,2025-11-27T06:12:37Z,candidate
Ugxte_xZ5W4WNyarzm94AaABAg,RWWCSzJW0dI,Waah meri Gujarati movie ❤❤❤❤Jai Shree Krishna,0,2025-11-26T15:36:19Z,candidate
Ugzfvh-eiJTPst3VnWx4AaABAg,RWWCSzJW0dI,Proud that this movie touching 100.Crore,0,2025-11-26T11:47:53Z,candidate
UgxO8jNhYpDTp11VkVN4AaABAg,RWWCSzJW0dI,Radhe Radhe 🦚🦚,0,2025-11-26T10:31:58Z,candidate
UgyFLnuApjDrrYiYmwJ4AaABAg,RWWCSzJW0dI,"Budget :- 1 Cr..
Total Collection ( 25-11-2025 ) :- 88.4 Cr Worldwide 

Thats our Dhollywood 🤌🏻",4,2025-11-26T04:38:16Z,candidate
Ugx5tGoWBWBOSBD55J54AaABAg,RWWCSzJW0dI,24 Nov 2025 tak 75 crore,1,2025-11-25T15:38:40Z,candidate
UgwgBovav4Tua-vAfj54AaABAg,RWWCSzJW0dI,One of the best movie❤,1,2025-11-25T14:36:48Z,candidate
UgzkUXWFp97YRa5sxpl4AaABAg,RWWCSzJW0dI,ll_લાલો_श्री कृष्णा सदा सहायते_ll👑👑👑,0,2025-11-25T14:22:56Z,candidate
UgyIp7P0NWlvIb3It5d4AaABAg,RWWCSzJW0dI,Bhagwan ne add Kari dyo aetle logo jova jase wahh 😂😂,0,2025-11-25T09:19:20Z,candidate
Ugw2hvAKoLrywtZy-wt4AaABAg,RWWCSzJW0dI,Mem lalo review  pe subscribe  kiya ❤,0,2025-11-24T20:43:00Z,candidate
Ugyup3eCkwp0RzzuInJ4AaABAg,RWWCSzJW0dI,Abhi 73crore ho gaye hai❤,1,2025-11-24T10:22:43Z,candidate
Ugzl7rZG3aq3AZGR30h4AaABAg,RWWCSzJW0dI,Me gujrati hu. Aur muje proud fill hota he .  Meri gujrati industry pe.  Ki ab vo bhi aesi movie bana rahe he jo.  All time block buster ho ❤❤.  Bhai log dashera movie bhi  jaldi aa raha he ho bhi dekh lena.  Gujrati movie he,0,2025-11-23T17:16:07Z,candidate
Ugwu9_GptQZLAjL7tiJ4AaABAg,RWWCSzJW0dI,"Now it has crossed 55+++ cr..
Budget 50 lakh only ❤❤

Edit 120 cr+++",0,2025-11-23T17:00:24Z,candidate
Ugzyk2oxAsOmONfcp554AaABAg,RWWCSzJW0dI,A wonderful movie to watch with  family,0,2025-11-23T12:40:45Z,candidate
Ugw1LNXesLCAAxyTFFF4AaABAg,RWWCSzJW0dI,❤जय जय गढ़वी गुजरात❤,0,2025-11-23T12:35:28Z,candidate
UgzZEepaf_iSg4xGKY14AaABAg,RWWCSzJW0dI,Overrated asf movie ......your video is interesting than whole movie,0,2025-11-22T18:56:00Z,candidate
UgwnYhwU6Yohm3lHs6J4AaABAg,RWWCSzJW0dI,80 cr  croos,1,2025-11-22T15:59:42Z,candidate
UgyRW0US0VLmA-LA4PF4AaABAg,RWWCSzJW0dI,👍Lallo Blockbuster🎥Movie I Am Kaathiyawadi🙋Gujarati🚩Jay🌹Shree💖Krishna🕉️Jay🌹Girnari🙏,0,2025-11-22T12:35:43Z,candidate
UgxdUXDERMu5NSYmyf54AaABAg,RWWCSzJW0dI,"Jaise hum south indian movies ko dub karke dekhte hai, waise hi aise gujarati movies ko bhi dub karani chahiye",2,2025-11-21T19:17:45Z,candidate
UgwdguHeR4DyG0ZwVFt4AaABAg,RWWCSzJW0dI,"I watch it twice, & I want to watch it again, it's too good movie, & songs are hearttouch",0,2025-11-21T19:16:33Z,candidate
Ugwm-1AnyoHBGgbIayd4AaABAg,RWWCSzJW0dI,"Please watch ""chaniya toli""....it's beautifull movie",2,2025-11-21T11:56:37Z,candidate
Ugw82m2WPK_Ziia22hh4AaABAg,RWWCSzJW0dI,Proudly  I m gujrati ❤❤❤❤❤❤❤❤,1,2025-11-21T09:59:46Z,candidate
UgzAg-5JeUInTwgAYgF4AaABAg,RWWCSzJW0dI,"Maine dekhi 
Bhut achi hi👍
I am marathi",2,2025-11-20T18:20:27Z,candidate
UgzZpgTlop3kb-ki_-V4AaABAg,RWWCSzJW0dI,75cr cross kar liya aaj ... Krishna sada sahayte ❤,2,2025-11-20T15:37:03Z,candidate
Ugza86peT2Vhb6DAOM54AaABAg,RWWCSzJW0dI,1:43 pe stop aage ki story theatre me Jake dekhenge ❤ jay shree krishna 🙏❤️,6,2025-11-20T15:01:07Z,candidate
Ugwl9JRfnHz_yzMeC3x4AaABAg,RWWCSzJW0dI,Garvi Gujarat ❤,1,2025-11-20T14:59:05Z,candidate
UgwRXQBn6lHRYggE1gd4AaABAg,RWWCSzJW0dI,Great movie ❤❤ I see this movie two times in theatre but then after I want to see again lovely movie ❤❤❤❤,0,2025-11-20T14:47:03Z,candidate
Ugxw4iA_1IRsmqGvU8J4AaABAg,RWWCSzJW0dI,I am gujrati,1,2025-11-20T14:32:37Z,candidate
Ugw7mj19dxFy0LiVkIF4AaABAg,RWWCSzJW0dI,"जब जब धर्म की हानि होगी तब भगवान किसी को ना किसी को...किसी भी रूप में भेजेंगे..ये फिल्म आपके अंदर इतनी कृष्णभक्ति जगा देगी कि आप हर वक्त बस अच्छे कर्म करने के लिए प्रेरित रहेंगे...इसीलिए कहते हैं कि ''  श्री कृष्ण सदा सहायते "" .",0,2025-11-20T14:15:38Z,candidate
UgzQicv2Nk01J5HLLuB4AaABAg,RWWCSzJW0dI,OMG 1 & 2 were subtly insulting of religion,0,2025-11-20T09:42:32Z,candidate
Ugw23-OFOC3Fk8yP4Zx4AaABAg,RWWCSzJW0dI,They should also dubbed in hindi,1,2025-11-20T09:26:22Z,candidate
Ugx8tdfnWQPPWzMkRPV4AaABAg,RWWCSzJW0dI,Hamare Gujarati community k liye Ye film  sanmaan aur Gauravpurn lamha hai. Shri krishna sada sahayte🙏🙏🙏,0,2025-11-20T07:33:40Z,candidate
Ugz7N98tWRzKg0a_6P14AaABAg,RWWCSzJW0dI,Hu iqbal best movie for every please watch,0,2025-11-20T03:15:53Z,candidate
UgwBNnX6oBcG-7P6F4x4AaABAg,RWWCSzJW0dI,Gujarati ❤,0,2025-11-20T02:51:48Z,candidate
UgwpKf9HYzn9O-m91MF4AaABAg,RWWCSzJW0dI,Bahot proud hota he jab mere gujarat ka nam roshan hota he❤❤,1,2025-11-19T18:56:08Z,candidate
UgyMSL8o13c19KVNAr54AaABAg,RWWCSzJW0dI,Budget 1.10 cr and advertising 1 cr total 2.10 cr,0,2025-11-19T18:14:43Z,candidate
UgwL45G3RbO-J91Cg254AaABAg,RWWCSzJW0dI,Ye puri kahani yahi bata deti hai for kuch maja nahi aata movie ka🫤😕,0,2025-11-19T17:43:55Z,candidate
Ugw93Fn4b0sJkW_QYaR4AaABAg,RWWCSzJW0dI,"ShriKrushna Sada Sahayte 🙏
Jai Jai Shri Dwarikadhish ji🙏
Jai ShriKrushna 🙏",0,2025-11-19T16:20:38Z,candidate
UgwvhCfmsqup6dfj4Dt4AaABAg,RWWCSzJW0dI,Very nice ji sir Ram,1,2025-11-19T15:30:09Z,candidate
Ugx041Q0xGv832xclc14AaABAg,RWWCSzJW0dI,❤,0,2025-11-19T15:12:41Z,candidate
Ugw9humC95YQWX_AFqB4AaABAg,RWWCSzJW0dI,Jai shree Krishna radhe 😊,0,2025-11-19T14:11:07Z,candidate
UgybOxC1Nqlm6EKiAyJ4AaABAg,RWWCSzJW0dI,Maru gujrat,2,2025-11-19T04:25:23Z,candidate
UgxuiHGk-2y6hjTORwJ4AaABAg,RWWCSzJW0dI,vikram thakor gujarati iss king,0,2025-11-18T23:48:09Z,candidate
UgxRrVrvKDNBr0lx-n14AaABAg,RWWCSzJW0dI,Dholywood industry ❤,0,2025-11-18T18:30:57Z,candidate
UgxFwlBXh6w1iqrK9Qh4AaABAg,RWWCSzJW0dI,"Watch ""chal jeevi layiye"" you will learn to live life.",0,2025-11-18T17:05:04Z,candidate
UgzKkXN8wkMjdHo_mBN4AaABAg,RWWCSzJW0dI,dusshera review,0,2025-11-18T14:51:48Z,candidate
Ugz7Mnpqikzb1-0PJg14AaABAg,RWWCSzJW0dI,Aaj 10300% profit ho gya 🤩🤩 52cr collation,1,2025-11-18T14:47:43Z,candidate
UgwkTJ7Q2Ld6AuC4QG14AaABAg,RWWCSzJW0dI,Super duper gujrati movie,0,2025-11-18T09:20:24Z,candidate
UgzAJLTaYD_qmRHSiW94AaABAg,RWWCSzJW0dI,53 cr 🎉 ho gaya,0,2025-11-18T08:10:59Z,candidate
UgzEZablYoEYjBX82nh4AaABAg,RWWCSzJW0dI,Average movie thi bus krisna kaa naam liya hai aice sab girl' paagal hoo gayi hai,0,2025-11-18T08:09:39Z,candidate
UgyhvQ9jEnBvH84TyeZ4AaABAg,RWWCSzJW0dI,0:36,0,2025-11-18T04:52:52Z,candidate
UgyDmfzY87r4_8j4sL14AaABAg,RWWCSzJW0dI,50 Cr Cross❤,1,2025-11-18T04:38:12Z,candidate
Ugze8WP1zGQoNIIH5gJ4AaABAg,RWWCSzJW0dI,Me kal hi dekh kar aaya hu pura theatre housefull tha,1,2025-11-17T17:59:24Z,candidate
Ugw1QHMFNmH4dfgURY54AaABAg,RWWCSzJW0dI,Akshay kumar is watching for remake.,1,2025-11-17T17:49:41Z,candidate
UgyRK_8tYBn5RpPmTep4AaABAg,RWWCSzJW0dI,It is available in hindi?,0,2025-11-17T15:32:45Z,candidate
UgyAj72ekRkoxGlxmjh4AaABAg,RWWCSzJW0dI,લાલો. It's good movie,1,2025-11-17T15:17:02Z,candidate
UgxGZa5JiGuG45RXlw94AaABAg,RWWCSzJW0dI,Subtitles honge kya theatre me?,0,2025-11-17T14:30:58Z,candidate
Ugxvqs-XwiGIL9TXZm94AaABAg,RWWCSzJW0dI,Being gujarati it is worth less movie to watch !,0,2025-11-17T10:10:45Z,candidate
Ugz-E4McXRHZn3IoPsp4AaABAg,RWWCSzJW0dI,"Abhi to ""DASERA"" Movie baki hai 📈🔥🔥🔥🔥🔥",0,2025-11-17T06:50:45Z,candidate
Ugxvt5DVeLVVroZi46l4AaABAg,RWWCSzJW0dI,Watched it today and I have never seen a movie like this !,0,2025-11-17T04:14:01Z,candidate
Ugw2LJHpPwECwst51nt4AaABAg,RWWCSzJW0dI,Yah film log 2 to 3 bar jakar dekh kar aaye Hain,0,2025-11-17T04:02:03Z,candidate
Ugzpwq-2NnKgDN9Hmg54AaABAg,RWWCSzJW0dI,Oscar me jani chahiye,6,2025-11-16T22:38:36Z,candidate
UgzPIdSr2p_dVkVa95h4AaABAg,RWWCSzJW0dI,ajj  16-11-25 is movie ka total collection 52cr ho gaya hai or abhi bhi sab show full hai 🍂💜,2,2025-11-16T20:06:03Z,candidate
Ugy09CjT1daZtHZ8wBV4AaABAg,RWWCSzJW0dI,Proud gujarati ❤...,0,2025-11-16T18:24:13Z,candidate
UgxD8BUWEoWOdbiIbkR4AaABAg,RWWCSzJW0dI,The movie budget is 1 carore 10 lakhs not 50 lakhs. Refer to the director's interview with Komal Nahata.,0,2025-11-16T17:30:04Z,candidate
UgxY5DlRGGXz3FXw9eF4AaABAg,RWWCSzJW0dI,GUJARATI MOVIES DAY BY DAY...📈 🙌🏻,7,2025-11-16T15:42:26Z,candidate
UgzEqFeY5i_Qphxbc-F4AaABAg,RWWCSzJW0dI,lalo ho baki,1,2025-11-16T15:24:44Z,candidate
UgxvdGmb5S9CeVqHIYh4AaABAg,RWWCSzJW0dI,"Laalo Krishna Sada Sahaayate is the best Indian film of 2025 ❤ A must watch whole family movie for every Indian! We must support such films showing Sanatan culture, tradition and philosophy of Bharat with great respect and pride, by watching them at the theatre. 😊 Jai Shree Krishna! 🚩🚩🚩",1,2025-11-16T14:28:04Z,candidate
Ugydx8FP1qepNUwAbnF4AaABAg,RWWCSzJW0dI,Jai shree krishna 🙏,0,2025-11-16T14:10:07Z,candidate
UgxFD4YU88yaBmJjn-14AaABAg,RWWCSzJW0dI,Looks intresting.. Will watch. From Kerala.,3,2025-11-16T14:05:58Z,candidate
Ugw3UEQ-pXq59zpzNuh4AaABAg,RWWCSzJW0dI,Best Gujrati movie...❤,0,2025-11-16T13:52:03Z,candidate
Ugw4fDkx2A3p5wiHHuR4AaABAg,RWWCSzJW0dI,I also felt that I should have watch earlier,0,2025-11-16T13:22:03Z,candidate
UgzjLNx0W5sRP01Ia6V4AaABAg,RWWCSzJW0dI,Gujarati movie day Bay day 📈📈📈📈✅✅✅,4,2025-11-16T12:29:24Z,candidate
UgyeExs7NOqeTM6JE9h4AaABAg,RWWCSzJW0dI,जय द्वारकाधीश 🙏🏻,2,2025-11-16T12:07:28Z,candidate
Ugw864GOR9DNWPulYuh4AaABAg,RWWCSzJW0dI,Gujarati oo ee pachu batavi didhu ke 'Krishna' j apdi Dharti na saccha Raja che,0,2025-11-16T09:23:46Z,candidate
Ugyiv5ZFyZfxnrdn6sp4AaABAg,RWWCSzJW0dI,"As a Marathi...I am proud of Gujarati Cinema...
This movie was revoked from the theatres but people requested theatres to re run this movie...",8,2025-11-16T07:56:43Z,candidate
Ugyc1izzh8vVhnC97SJ4AaABAg,RWWCSzJW0dI,Bhagwaan ke name par business karoge to profit hi hoga chahe film ho ya iskon temple bhale vo india me shree Krishna ke liye hai lekin vo foreigners chala rahe hai unke liye to ye business hai ...,0,2025-11-16T07:15:19Z,candidate
Ugyr5lHfFGcT9shHtYZ4AaABAg,RWWCSzJW0dI,Fir se is movie par video banao,0,2025-11-16T06:03:48Z,candidate
UgwAVWBmHZXZPJJSk2J4AaABAg,RWWCSzJW0dI,Very boring movie,0,2025-11-16T06:03:42Z,candidate
UgwGctJj5ojeahCUpMZ4AaABAg,RWWCSzJW0dI,Fir se AK video is topik par banao❤❤❤❤❤,0,2025-11-16T06:02:58Z,candidate
UgxzDV9K9KEQV9PDMj14AaABAg,RWWCSzJW0dI,Best Movie,0,2025-11-16T05:53:01Z,candidate
UgxHDnzXrdInMNBaui54AaABAg,RWWCSzJW0dI,Lalo super movie,0,2025-11-15T19:08:03Z,candidate
Ugwd7a9gczhPYX3PBOh4AaABAg,RWWCSzJW0dI,Dasera movie dekhiye...gujrati.....,0,2025-11-15T15:49:13Z,candidate
UgyZYv-rmLfAp6TIesx4AaABAg,RWWCSzJW0dI,Jai shree radhe Radhe Jai shree Krishna 🙏🌹🙏🌹🙏🌹🙏🌹🙏🌹🙏🌹🙏🌹🙏🌹🙏🌹🙏🌹🙏🌹🙏🌹🙏🌹🙏🌹🙏🌹🙏🌹🙏🌹🙏🌹🙏🌹🙏🌹🙏🌹🙏🌹🙏🌹🙏🌹🙏🌹🙏🌹🙏🌹🙏🌹🙏🌹🙏🌹🙏🌹🙏🌹🙏🌹,0,2025-11-15T15:41:39Z,candidate
UgzkgBDgiZ1tgLMRrLJ4AaABAg,RWWCSzJW0dI,Great gujarati movie,0,2025-11-15T14:52:52Z,candidate
UgyNRDjWsQQlgdGnOdF4AaABAg,RWWCSzJW0dI,Hindi language me hai ?,0,2025-11-15T14:28:39Z,candidate
Ugwyk5war-nWDky8phV4AaABAg,RWWCSzJW0dI,"Amara Gujarati je vastu ma pade ena bhuka kadhi nakhe 

Ee ગુજરાત na ગુજરાતી મોદી સરકાર na",0,2025-11-15T11:59:35Z,candidate
UgwHZWG0mdSZ5RASiwx4AaABAg,RWWCSzJW0dI,"Achha  hai ab hindi media bhi gujrati movie ko bhi positive  nazrie સે dekhti hai.
Jayshrikrushn",0,2025-11-15T09:16:39Z,candidate
UgwfQ2IYJRQFTz3EiyJ4AaABAg,RWWCSzJW0dI,"Jay ho gujju maharaj..
Jay hind 
જ્ય શ્રીકૃષ્ણ",0,2025-11-15T09:14:30Z,candidate
Ugz-B7VjxeV0ySXR5NZ4AaABAg,RWWCSzJW0dI,"Gujrati  best ho  
Mota bhai",1,2025-11-15T08:23:57Z,candidate
UgxvO6_DPmhF8judEUF4AaABAg,RWWCSzJW0dI,Hamne aapko instagram kiyatha,0,2025-11-15T07:26:54Z,candidate
Ugx1_SRk4rj4THRt9_h4AaABAg,RWWCSzJW0dI,New Gujrati VFX Film dussehra movie review please Support Gujrati movies❤🙂,0,2025-11-15T06:40:01Z,candidate
UgyIQmWTs_AbHat3pzF4AaABAg,RWWCSzJW0dI,"Please also watch the ""Dusshera"" gujarati movie.",0,2025-11-15T06:29:07Z,candidate
Ugy1W84Bb5KX3KH0Usl4AaABAg,cxtJ9h__98o,Kya hi pyari movie hai... Movie nahi balki emotion hai... Deep meaning wala jisme aap agar gehrai se samjh jaaye to aapko zindagi jeena aasan ho jaayega wo dikhaya gaya hai is movie me,2,2026-05-17T08:57:36Z,candidate
UgzzFB4UBduGbRVEFe54AaABAg,cxtJ9h__98o,Omg ki yaad to mujhe bhi aayi thi movie dekhte hue,0,2026-05-09T16:06:45Z,candidate
UgxaOFgOTFwOXS6sjKl4AaABAg,cxtJ9h__98o,Kiss channel p ha,0,2026-05-04T11:51:54Z,candidate
UgxoF1chcItFn4BUZcR4AaABAg,cxtJ9h__98o,Amazing,0,2026-05-02T16:24:16Z,candidate
UgztRnnSHY4bsLn4h0F4AaABAg,cxtJ9h__98o,That chanting was honest or Bro you drop reference for some people who use Religion for even film reviews 😂,0,2026-04-17T11:19:42Z,candidate
UgwSfHMvwph8HiLJAVx4AaABAg,cxtJ9h__98o,Ek number ki movie hai lalo❤️❤️,0,2026-03-30T22:08:52Z,candidate
UgzdqFKH8n7vafCNKlN4AaABAg,cxtJ9h__98o,Very very good movie❤❤❤❤,0,2026-03-26T06:04:02Z,candidate
UgyDmOA5YwZE_1zxrQh4AaABAg,cxtJ9h__98o,0:02 yah sab nautanki karne ki jarurat thi 😂😂😂😂😂😂😂,0,2026-03-25T21:00:53Z,candidate
UgwZnUP0QyTRhzcPefl4AaABAg,cxtJ9h__98o,Om Namo Bhagwate Vasudevay Namah 🙏🏻🙏🏻🙏🏻🙏🏻🙏🏻🙏🏻,3,2026-03-14T10:09:49Z,candidate
UgyFgthqQ6GwfHMcz614AaABAg,cxtJ9h__98o,Bahut badiya movie❤❤❤❤❤,1,2026-03-11T05:50:16Z,candidate
Ugz3lH_Uwo_YWVenm9B4AaABAg,cxtJ9h__98o,Dil chune waale movie h,0,2026-03-10T03:25:11Z,candidate
Ugyi8r_x4TZ8GGL3kpF4AaABAg,cxtJ9h__98o,🙏 जय श्री कृष्णा 💐,0,2026-03-09T14:46:55Z,candidate
Ugx-_1_axrNvrr4Zhut4AaABAg,cxtJ9h__98o,भाई भगवान के प्रति इमोशन इस मूवी को देखने के बाद कई गुना बढ़ गए ❤❤❤😢🙏,0,2026-03-08T13:07:04Z,candidate
UgwuLxZB656HKQmE_WB4AaABAg,cxtJ9h__98o,Bakwas lgi,1,2026-03-07T05:40:00Z,candidate
Ugz0GnFdj_FDu07w7Vx4AaABAg,cxtJ9h__98o,Itni bhaddi movie h kya hi batau,1,2026-03-05T21:44:25Z,candidate
UgxMUFL-NGTzFg3-1sh4AaABAg,cxtJ9h__98o,Bhai koi aesi b movie ha JIS KO ap ne 5 ⭐ diye hon?,0,2026-02-04T11:52:48Z,candidate
Ugz5ydnmrt-nhtgyCCN4AaABAg,cxtJ9h__98o,"Yogi ji, thank you for an honest review and suggestion to watch this movie with family 👍
Yeh movie bhaashan na dekar, chhoti chhoti clips me, bahot saari baat bata gayi hai 😊
Totally, a movie to be experienced, to be felt... 😊👍🙏",0,2026-01-29T15:32:31Z,candidate
UgwV3ceLzXIscGtmgPl4AaABAg,cxtJ9h__98o,Bahut achhi movie he😮❤,0,2026-01-20T18:45:44Z,candidate
Ugw1jYQ9aDNh3f51lsF4AaABAg,cxtJ9h__98o,lalo ❤❤❤❤❤,0,2026-01-20T18:17:48Z,candidate
UgwtsWQvBnUqBcB7U894AaABAg,cxtJ9h__98o,Mango Hit or de SUPER HIT❤❤❤❤❤❤❤VO mwea Thakur Dwarikadhish ❤❤❤❤,0,2026-01-20T17:36:55Z,candidate
UgyXrFREqiO8Ekz9rGR4AaABAg,cxtJ9h__98o,Shreeju kripa kevalam ❤❤❤❤❤❤❤,0,2026-01-20T17:36:10Z,candidate
UgycPNctb8NWM0kQZ8d4AaABAg,cxtJ9h__98o,"Sir please ek bar he Marathi movie dekho "" एप्रिल मे 99 "" please sir "" April may 99""",2,2026-01-17T20:15:03Z,candidate
UgzQ9zMtKEtFtgBG04t4AaABAg,cxtJ9h__98o,AA 23 ka review do bhai,1,2026-01-17T11:39:02Z,candidate
UgyJ5mS_OPGpRNS-aeh4AaABAg,cxtJ9h__98o,Hindi me a gayi nahi to ❤ Ajay Devgan ❤ Baithe hai 💞,1,2026-01-17T09:27:11Z,candidate
Ugx765nm8EE9yliD-B94AaABAg,cxtJ9h__98o,"Malayalam ka naya movie aaya hai 
Eko    Ka review laiyee",1,2026-01-17T04:56:55Z,candidate
UgyJI6mfhYRGoEdapdl4AaABAg,cxtJ9h__98o,Please Review Chaniya toli Movie it's an Gujarati Movie too,2,2026-01-17T02:26:25Z,candidate
Ugw3YFl0av7uWWGzHOp4AaABAg,cxtJ9h__98o,"Great review Dost. If people have supported Dhurandhar with conviction, and that gives me strong faith that they’ll also stand by Laalo – Krishna Sada Sahaayate. This is not just another film—it’s a deeply emotional, thought-provoking journey with a powerful social and spiritual message that lingers long after the screen fades. What makes it even more remarkable is the fact that it marks the debut of both the director and the actors—yet there is a maturity, honesty, and emotional depth in the storytelling that feels far beyond first-time filmmaking.

Laalo is not driven by scale, spectacle, or marketing noise; it is driven by heart, belief, and unwavering conviction. Every frame reflects faith in the story being told, and a quiet courage to say something meaningful in a time dominated by surface-level cinema. Films like these deserve to be seen, discussed, and supported—because they remind us why cinema exists in the first place.",1,2026-01-16T20:45:01Z,candidate
UgxH88WrzjVoVWc40Rp4AaABAg,cxtJ9h__98o,Ka  movie ko dekha,2,2026-01-16T17:22:57Z,candidate
UgzF6rjmDzPLX1ty8Bp4AaABAg,cxtJ9h__98o,अजय देवगन – बोलो जुबा केसरी 😅,0,2026-01-16T17:12:24Z,candidate
UgzIxxk0aLLm99fsAJV4AaABAg,cxtJ9h__98o,Great movie,0,2026-01-16T17:05:01Z,candidate
Ugx5gL50nHvTv7xGJ514AaABAg,cxtJ9h__98o,Aap to paise wale he,0,2026-01-16T13:57:30Z,candidate
UgyQFYeSjO6fnpwQYXV4AaABAg,cxtJ9h__98o,1lakh dijiye na bhaiya loun bharna hai😢,1,2026-01-16T13:55:32Z,candidate
UgwPu7pv6gizeB8kBGV4AaABAg,cxtJ9h__98o,Dear Hindi audience… Being a gujrati I request you please watch this masterpiece in cinema… its so divine and amazing ❤,3,2026-01-16T10:28:12Z,candidate
UgxLdtpBfADKu8W57op4AaABAg,cxtJ9h__98o,Brilliant 🔥🔥🔥🔥🔥🔥🔥🔥🔥🔥🔥🔥🔥🔥🔥🔥🔥🔥🔥🔥🔥🔥🔥🔥🔥🔥🔥🔥🔥,0,2026-01-16T10:21:46Z,candidate
UgwvOhx2CK8on1ouRzd4AaABAg,cxtJ9h__98o,काय yar faltu chipka di 😡😡😡😡,1,2026-01-16T07:41:41Z,candidate
Ugxwm7ElDoeTaN7FGvJ4AaABAg,cxtJ9h__98o,2:27 after Rajasahab review i don't have enough courage😂to watch,0,2026-01-16T03:12:09Z,candidate
Ugygz1zgkOvn-NWMliJ4AaABAg,cxtJ9h__98o,2:41 😂,0,2026-01-16T03:10:23Z,candidate
Ugyu_3ij_ODonwBUgAx4AaABAg,cxtJ9h__98o,❤❤,0,2026-01-15T15:44:24Z,candidate
UgxHOepbt_gFMh2u8LZ4AaABAg,cxtJ9h__98o,लालो मूवी अच्छा हे लेकिन कृष्ण की भूमिका कोई और कर लेता तो और भी अच्छा होता ये कृष्ण बियर सिगरेट पिने वाले जैसा दिखता हे 😂😂,1,2026-01-15T10:50:04Z,candidate
UgwG-rKXCNJoKejiJdl4AaABAg,cxtJ9h__98o,Thank you from Gujarat ❤❤❤,0,2026-01-14T16:00:06Z,candidate
UgzRKUNl1pdKicAW2jF4AaABAg,cxtJ9h__98o,Gujarat❤,0,2026-01-14T13:30:47Z,candidate
UgwNvTOaqc8JEuyCjdJ4AaABAg,cxtJ9h__98o,Ajay devgan to bethe hai ..😂😅,0,2026-01-14T12:29:11Z,candidate
UgwOvhBmmf2YBcPk3Y54AaABAg,cxtJ9h__98o,1:38 😍,0,2026-01-14T06:54:02Z,candidate
UgwnXc89WDBU8RP0uF54AaABAg,cxtJ9h__98o,Movie jordar ❤❤❤❤❤❤❤,0,2026-01-14T05:40:26Z,candidate
UgyHkwWOZM7CFPqW1g14AaABAg,cxtJ9h__98o,Gujrati blockbuster movie he,0,2026-01-14T03:59:31Z,candidate
UgwOtQW3hsImw0PdDR54AaABAg,cxtJ9h__98o,"Hanostly just one demand, no bollywood remake otherwise they will distroy  the sole of movie.",0,2026-01-14T03:50:32Z,candidate
UgzGq19aUyKWoSz8GvN4AaABAg,cxtJ9h__98o,Gujrati ✅🎉,0,2026-01-13T17:21:36Z,candidate
Ugz5rbhAqQK3fcwD2vt4AaABAg,cxtJ9h__98o,Radha Krupa kevlam ❤❤,0,2026-01-13T17:01:04Z,candidate
UgxTAevGYUoiNxsx1CV4AaABAg,cxtJ9h__98o,Shree radhe kripa kevalam ❤❤,0,2026-01-13T17:00:51Z,candidate
Ugw4Pkymgmhz0yJYamF4AaABAg,cxtJ9h__98o,Shreeju kripa kevalam ❤❤,0,2026-01-13T17:00:35Z,candidate
UgwgxDy1ESiHywJJ1NJ4AaABAg,cxtJ9h__98o,Nepali audience 😂,0,2026-01-13T16:08:41Z,candidate
UgxXAMgUTjE_HLkNjwB4AaABAg,cxtJ9h__98o,❤❤❤,0,2026-01-13T15:47:07Z,candidate
Ugw7NLiGP2mAhSQuhMV4AaABAg,cxtJ9h__98o,Must watch,0,2026-01-13T15:41:10Z,candidate
UgxE3Jer4zcCR_MMhG54AaABAg,cxtJ9h__98o,Maine gujarati me dekhi hai. Good movie ❤,0,2026-01-13T15:15:07Z,candidate
UgyQAtSXhicvjhY2Zz14AaABAg,cxtJ9h__98o,Best,0,2026-01-13T14:51:18Z,candidate
UgySMM6wRm-fYsMvAsV4AaABAg,cxtJ9h__98o,𝙂𝙪𝙟𝙧𝙖𝙩𝙞 𝙘𝙞𝙣𝙚𝙢𝙖 𝙙𝙖𝙮 𝙗𝙮 𝙙𝙖𝙮 📈,1,2026-01-13T14:34:40Z,candidate
Ugweu5rmwKOPEhk43Wh4AaABAg,cxtJ9h__98o,2:43 vash in gujarati & shaitan in hindi😂😂,1,2026-01-13T14:05:00Z,candidate
UgxXIIPNsPlOKpgvxrR4AaABAg,cxtJ9h__98o,Ajay devgan😂😂😂,0,2026-01-13T12:12:04Z,candidate
UgyRNL4fuMIQcZXyCBZ4AaABAg,cxtJ9h__98o,ऐसी सभी मूवी हिंदी में  भी आनी चाहिये ताकि बॉलीवुड के चोर कहानी का रिमेक बना में ना पाए 😂,0,2026-01-13T11:45:00Z,candidate
UgyXWo7Wv6q_v5G5RkV4AaABAg,cxtJ9h__98o,Radha Radha🦚🪈,0,2026-01-13T11:18:35Z,candidate
UgyNtVcsh22vrNmeMOx4AaABAg,cxtJ9h__98o,❤,0,2026-01-13T09:52:59Z,candidate
Ugyu5ciseuA6VCIstCB4AaABAg,cxtJ9h__98o,In my view...it's a five put five ... rating movie,0,2026-01-13T09:47:50Z,candidate
UgxWnqaGIXvH-tu1Wtl4AaABAg,cxtJ9h__98o,Sanjeeda,0,2026-01-13T09:46:08Z,candidate
Ugz0JQfGGcgNHkQes-V4AaABAg,cxtJ9h__98o,Men bhi gujarati hun 😊,1,2026-01-13T09:18:09Z,candidate
UgzRgsf1WPEBbaj3EJd4AaABAg,cxtJ9h__98o,Radha Radha 🌹,1,2026-01-13T08:19:49Z,candidate
Ugyf_rt3h_syuTyeUL54AaABAg,cxtJ9h__98o,Jab aai thi tabhi bola tha review karo yogi bhai magar chalo koi baat nhi naraj nhi kiya aapne sab ko ek bar to dekhni chahiye yeh movie,0,2026-01-13T07:32:10Z,candidate
UgzZ4mHGl6-ySAMG7z54AaABAg,cxtJ9h__98o,Hanji.. download kar raha hu abhi😊,0,2026-01-13T07:21:03Z,candidate
UgxU5vCTtpZMTg14S2d4AaABAg,cxtJ9h__98o,Ott pe hai kya,0,2026-01-13T06:29:03Z,candidate
UgwxuvydqjLlabjDCAN4AaABAg,cxtJ9h__98o,Jai Shri Krishna,0,2026-01-13T06:13:05Z,candidate
Ugy2fvglvays46_azaV4AaABAg,cxtJ9h__98o,As a Gujarati main yahi kahunga apni puri family ke saath yeh movie dekho tumhari zindagi badal jayegi...,0,2026-01-13T05:23:21Z,candidate
UgyZcyrZ4M1oF4OnTQR4AaABAg,cxtJ9h__98o,"It’s low budget but very well made 

Superb story 
Divine experience 
❤❤❤",0,2026-01-13T04:55:16Z,candidate
UgxDZYfEgS6tjJbAF_d4AaABAg,cxtJ9h__98o,Gujarati Always Rock Brother,0,2026-01-13T04:52:02Z,candidate
UgwSqLgAR43aogAl88p4AaABAg,cxtJ9h__98o,Hi Yogi aap ne Lalo Gujrati Movie Review kar hi diya hai to fir Ek baar aap Hu..Iqbal Gujrati Movie dekh ke uska bhi Review kardo. thodi kami hai Camera man ki par fir bhi ek baar dekh ke please karo review. woh movie aap ko dekhni hi chahiye yogi. please.. i m a film lover. from gujrat,0,2026-01-13T04:30:27Z,candidate
UgwWk4FSRpo4JzrwF9V4AaABAg,cxtJ9h__98o,Kuch khas nahi hai movie me simple story hai..,0,2026-01-13T02:12:52Z,candidate
UgzF3qGSz5pvRMS5LEt4AaABAg,cxtJ9h__98o,13 gwalior madhya pradesh,0,2026-01-12T18:21:23Z,candidate
Ugy007F4f6xI-fEdlbp4AaABAg,cxtJ9h__98o,Mere city me hi bani hai ❤ they don't had much money for movie somehow they mad e it by borrowed money its miracle like god krishna helped them its crossed more then 100cr,0,2026-01-12T18:21:00Z,candidate
UgwDBeGO1v01V5inKvV4AaABAg,cxtJ9h__98o,Assam ke movies ka review kyo nehin late..ho🥲😔,0,2026-01-12T17:36:45Z,candidate
UgxnySzorgFssa7kdeJ4AaABAg,cxtJ9h__98o,Yes mene 2 mahine pahle dekhi thi from gujrat ❤,0,2026-01-12T17:28:01Z,candidate
Ugxjjv_1c79WvyDaSoZ4AaABAg,cxtJ9h__98o,"Mne 10 jan ko rajasaab dekhi, 11 jan ko mne yeh laalo dekhi, kya masterpiece deki yrr gazab. Aur raja saab dekh kr to ultiyan aagye",1,2026-01-12T16:58:57Z,candidate
Ugxum6qoCKW3VZov3O54AaABAg,cxtJ9h__98o,Lallo ❤,0,2026-01-12T15:29:44Z,candidate
Ugzg-FWFX56ahbSR_UZ4AaABAg,cxtJ9h__98o,Ajay Devgan ke dar se hi ye karna pada 😂😂😂,0,2026-01-12T14:50:39Z,candidate
Ugx_38vBkV-Rfslk1GF4AaABAg,cxtJ9h__98o,4 out of 5 Star ❤ 3:05,3,2026-01-12T14:37:06Z,candidate
Ugw0mZi1yqh8vOY_3XJ4AaABAg,cxtJ9h__98o,Sk ki new released movie. Parashakti ka review dijiye please please 🙏🥺,0,2026-01-12T14:24:46Z,candidate
UgyRGLfRp5vvfd4IOsJ4AaABAg,cxtJ9h__98o,Proude to be a gujjuuu❤❤❤,0,2026-01-12T14:16:40Z,candidate
UgxncPO7YlNfy6IeplV4AaABAg,cxtJ9h__98o,Mast hai ee babab😊😊😊😊,0,2026-01-12T12:36:36Z,candidate
UgxiGRNDyN-SViG5GyB4AaABAg,cxtJ9h__98o,Jordar 🎉🎉🎉🎉Lalo mimd blowing movie,1,2026-01-12T12:31:21Z,candidate
Ugx17SrUnykVvzL2py14AaABAg,cxtJ9h__98o,Ajay devgan bethe he kuch samja nai 😅 koi bat he to batao,1,2026-01-12T12:07:21Z,candidate
UgzXuGtNflbgbrPKKSV4AaABAg,cxtJ9h__98o,Gujrati movie day by day 📈😊😊😊,13,2026-01-12T11:54:54Z,candidate
Ugza2kViKuvFH8Rz8vR4AaABAg,cxtJ9h__98o,Yogi Bhai aapka age 40 years hai toh 25 yrs ka Suraj Kumar aur Abhishek aapki dost kaise ? How? Aap tinoki dosti hai yaa Baap Beta ka ristaa. Answer me Yogi Bhai?🤣🤣😂,1,2026-01-12T11:49:00Z,candidate
UgxsplAidAQbzYO5KxB4AaABAg,cxtJ9h__98o,Technically accent is kathiyavaadi to be precise,1,2026-01-12T11:41:02Z,candidate
UgyQR0xwwyTZ-KIthTF4AaABAg,cxtJ9h__98o,Mast movie h,1,2026-01-12T10:44:20Z,candidate
UgyQK6d5BSNph1Chl5h4AaABAg,cxtJ9h__98o,As a gujrati I'm proud😍,0,2026-01-12T10:36:11Z,candidate
UgwxxJyMI-Uvui46jqJ4AaABAg,cxtJ9h__98o,Mast movie laga ji ❤😊,1,2026-01-12T10:17:38Z,candidate
UgwUpnHsWI4VkkBK0rZ4AaABAg,cxtJ9h__98o,Ye gujarat ki ek esi movie hai jo lag bhag kai year baad aai hai jaha hum gujarati apne mummy or papa or family ke sath dekh ne gaye hai or Gujarat me ye movie 60 se 70 year age wale log bhi dekhne ja rahe hai abhi bhi,3,2026-01-12T09:01:07Z,candidate
UgxldWS0zfE2w1aLS694AaABAg,cxtJ9h__98o,Movie to best hai hi but songs bhi bohot hi achhe hai ( in gujrati ) i am also Gujarati,2,2026-01-12T08:17:21Z,candidate
UgzYjw3NZram7FdmBGV4AaABAg,cxtJ9h__98o,1 hi camera se shoot huia hain movie,1,2026-01-12T07:58:59Z,candidate
Ugzza0cDcBR74LpAinV4AaABAg,cxtJ9h__98o,🚩🚩🚩🙏🏻🙏🏻,1,2026-01-12T07:50:33Z,candidate
Ugzq2NaqOgxf_i0ZoKJ4AaABAg,cxtJ9h__98o,Me toh bhai Gujarat se hi hu mene toh kad ki dekh Li hai gujarati mein ❤❤❤,29,2026-01-12T07:07:08Z,candidate
UgwLfLTChEmvAno3mj94AaABAg,cxtJ9h__98o,Superb Honest Honest Honest review 🎉,1,2026-01-12T07:06:24Z,candidate
UgzH83vszXCzGe2H5g94AaABAg,cxtJ9h__98o,❤❤❤❤bahut must hai,2,2026-01-12T06:50:42Z,candidate
UgyNxvVGUcVEIej0Zyp4AaABAg,cxtJ9h__98o,This is the only film that has crossed the 100 crore mark in the Gujarati film industry.🎉,1,2026-01-12T06:40:15Z,candidate
UgxktXtR7bG13H2OXFp4AaABAg,cxtJ9h__98o,Hindi audience must need to watch again and again 😊🎉,0,2026-01-12T06:38:42Z,candidate
UgwhkabV3iUn0Xamosx4AaABAg,cxtJ9h__98o,Ghanta honest review Illogical movie hAi mera 2:30 🕝 waste ho gya,3,2026-01-12T06:22:36Z,candidate
UgwEPEHRnQZ1xKrFgix4AaABAg,cxtJ9h__98o,Sir k-pop ka promo aya h review kriye,0,2026-01-12T06:06:13Z,candidate
Ugwh8yQhcAexldXOrep4AaABAg,cxtJ9h__98o,👌🏻👍🏻,0,2026-01-12T05:15:08Z,candidate
Ugyq0M7n9SlgxCYsJd94AaABAg,cxtJ9h__98o,Bhai jana nayagan kab release kab ho rahi hai,1,2026-01-12T05:06:25Z,candidate
Ugw9BMddrf86lgdrctF4AaABAg,cxtJ9h__98o,"Yogi bhi tiger safari movie teaser ka review 
Jo K.G.F chapter 1&2 ka writer ka ha",0,2026-01-12T05:02:57Z,candidate
UgwocB3-3E6Yzg2qTk94AaABAg,cxtJ9h__98o,Aadi Shambhala ka review Karo bahut hi mast or horror hai 💀🔥,0,2026-01-12T04:37:04Z,candidate
Ugz45gB8OiqRsWU5YVB4AaABAg,cxtJ9h__98o,"ॐ कृष्णाय वासुदेवाय हरये परमात्मने
प्रणतः क्लेशनाशाय गोविंदाय नमो नमः॥

Thank you Yogi bhai, ye movie suggest krne ke liye 

Interval ke time jb Dwarkadhish ko dikhaya, Just Goosebumps🔥❤",0,2026-01-12T04:22:08Z,candidate
Ugx6uB-Y41wrj1WizZR4AaABAg,cxtJ9h__98o,Proud to be gujarati (kathiyavadi)😊,0,2026-01-12T03:47:50Z,candidate
UgzNZix3a2y3k8d7Rrl4AaABAg,cxtJ9h__98o,Love from GUJARAT ❤❤,0,2026-01-12T03:31:59Z,candidate
Ugz5S9sabCJshhZNhP14AaABAg,cxtJ9h__98o,Mujhe boring laga 😂,1,2026-01-12T03:12:20Z,candidate
UgxJdV8mOrCsqAjtpQ14AaABAg,cxtJ9h__98o,"Har koi aisi movie nahi banata, Aisi movie baar baar nahi aati just watch it with family!",0,2026-01-12T02:55:00Z,candidate
Ugz39ayBEAsqprcOiN54AaABAg,cxtJ9h__98o,"This is not a movie it has become a FESTIVAL now .
Jai Shree Krishna",0,2026-01-12T02:53:01Z,candidate
Ugwmpcr_ReCvS39oSrZ4AaABAg,cxtJ9h__98o,I highli recommend this movie,0,2026-01-12T02:01:16Z,candidate
Ugxyplgb3Z6EvI5XxzF4AaABAg,cxtJ9h__98o,Shambhala movie reviews kariye bro,0,2026-01-11T22:52:06Z,candidate
UgxRfY82R87v_M9yzNZ4AaABAg,cxtJ9h__98o,❤❤❤❤❤❤,0,2026-01-11T21:49:38Z,candidate
UgyAjhuq-wdnTUQ9xil4AaABAg,cxtJ9h__98o,Kya movie hai❤,0,2026-01-11T20:31:43Z,candidate
Ugwy3uosDjeHF1Ttpdx4AaABAg,cxtJ9h__98o,Intro se Prateek Borade ki yaad aa gayi,0,2026-01-11T19:31:52Z,candidate
UgwpnZyVpZUYjvC5PSV4AaABAg,cxtJ9h__98o,Proud To Be Our Gujarati Cinema💙,0,2026-01-11T19:25:12Z,candidate
UgwdDkSlpLhTs1Xjsdh4AaABAg,cxtJ9h__98o,The jhund bakwas movie 🎉🎉🎉,1,2026-01-11T18:35:09Z,candidate
UgzP3awFzPbeIxln1wJ4AaABAg,cxtJ9h__98o,Jai Shri Krishna 🙏 Best Emotions Portrayed,0,2026-01-11T17:58:55Z,candidate
Ugzntr99VaO0GRoabSN4AaABAg,cxtJ9h__98o,"Thanks pratik borade bhaiya
Mene iss masterpiece ko phele he dekh li thi ❤",1,2026-01-11T17:41:56Z,candidate
UgwjnumRXofRAnqC0sx4AaABAg,cxtJ9h__98o,Jai Shiri ganesh ji jai Shiri Radhe Krishna ji 🙏,1,2026-01-11T17:37:09Z,candidate
UgzT8RtMOsmV9e-ePxp4AaABAg,cxtJ9h__98o,Wold is best move,0,2026-01-11T17:28:46Z,candidate
UgypIg89zmq9mYMOMhF4AaABAg,cxtJ9h__98o,Average movie hai,1,2026-01-11T17:09:51Z,candidate
UgyrLHJ_45Aq3XrBkGl4AaABAg,cxtJ9h__98o,"ॐ श्री गणेशाय नमः 💫😇✨
जय माता जी 🙏🏽 🕉️🌏🔱🙏🏽
ॐ नमः शिवाय 🙏🏽🔱🌏🕉️🙏🏽
वन्दे_भारत 🙏🏽💖 🇮🇳 💖🙏🏽
जय जय श्रीराम जी 🙏🏽 🕉️🌏🔱🙏🏽
जय श्री रामभक्त हनुमानजी 🔱🌏🕉️
हर हर महादेव। 🙏🏽🔱🌏🕉️🙏🏽",0,2026-01-11T17:09:06Z,candidate
UgyyQ_JXW3jkkCmnXFN4AaABAg,cxtJ9h__98o,"bhai ""Bhay: The Gaurav Tewari Case"" ka review karo na",0,2026-01-11T17:02:33Z,candidate
UgxAYDGMiIdotWra1u94AaABAg,cxtJ9h__98o,❤,0,2026-01-11T16:53:15Z,candidate
UgyoBy0nWfhhEAKLDMd4AaABAg,cxtJ9h__98o,लार्ड कृष्ण भगवान बोल दे भाई लार्ड बोल के किसको खुश कर रहा है,0,2026-01-11T16:52:14Z,candidate
UgzzshkUOyJUs4FYv_N4AaABAg,cxtJ9h__98o,I AM PURE GUJRATI...❤️,0,2026-01-11T16:49:31Z,candidate
Ugy7M27Wk6qmsA_iEdZ4AaABAg,cxtJ9h__98o,Thank s Bhaiiiii 🙏🙂,0,2026-01-11T16:46:15Z,candidate
UgxKOSo8efbxO9g8kHl4AaABAg,cxtJ9h__98o,समस्या ये है कि आपको बताना पड़ रहा है।।।  अब आप इसे हिंदी भाषा गुजराती भाषा जब भी देखो ये प्यारी ही है,0,2026-01-11T16:41:30Z,candidate
UgwKPp0alsAk6hl0gFh4AaABAg,cxtJ9h__98o,Mast😊😊😊😊,1,2026-01-11T16:41:06Z,candidate
Ugw35E6uo7yCodMLVkJ4AaABAg,cxtJ9h__98o,"Laalo-shree krishna sada sahayte, a blockbuster Gujarati movie is now in hindi so pls watch it once in life",0,2026-01-11T16:23:23Z,candidate
UgwU76HmkMGMzJ1wo9Z4AaABAg,cxtJ9h__98o,Thank u so so soooo much bro for share to the tongue honest review about this excellent movie/milestone ❤❤❤,0,2026-01-11T16:23:09Z,candidate
UgxdFIMbGv8ooMcICMp4AaABAg,cxtJ9h__98o,Jay Dwarkadhish 🙏,0,2026-01-11T16:16:31Z,candidate
UgydfsESQgTdX9o82xd4AaABAg,cxtJ9h__98o,😊😊😊😊,0,2026-01-11T15:59:37Z,candidate
UgxXy7aUVufElI0fm3Z4AaABAg,cxtJ9h__98o,I am gujarati and thank you for supporting gujarati movie,0,2026-01-11T15:34:57Z,candidate
Ugwb8q-DNCs8y8Bunvx4AaABAg,cxtJ9h__98o,Radhe radhe,0,2026-01-11T15:33:56Z,candidate
UgwN021CVl9bVI6Q-Sx4AaABAg,cxtJ9h__98o,Trapped and omg combination,0,2026-01-11T15:32:12Z,candidate
UgxTTIf6Q3KcJhoW4H54AaABAg,cxtJ9h__98o,Love from Gujarat 1:59,0,2026-01-11T15:25:06Z,candidate
UgyxO2yOlAzYKTZDUwl4AaABAg,cxtJ9h__98o,Yogi bhai mene dekhi hai itni bhi achi nahi hai ketna aap bol rahe hoa,0,2026-01-11T15:25:05Z,candidate
UgwvRrfbPjxkQKQ5Iap4AaABAg,cxtJ9h__98o,Bhai hamare gujrati ki bat hi Alag hoti hai કેમ સા છુ ને ❤,0,2026-01-11T15:24:33Z,candidate
Ugw-5evO8K89iZsoZGd4AaABAg,cxtJ9h__98o,is movie ka review ka kab ka itjar kar raha hu 👌,0,2026-01-11T15:15:53Z,candidate
UgxW40P8YLbEKIIf1xB4AaABAg,cxtJ9h__98o,Jay Shree Krishna 🙏🙇,1,2026-01-11T15:08:26Z,candidate
Ugy-JR-Qrg7y15QmA7l4AaABAg,cxtJ9h__98o,Thank you.,0,2026-01-11T14:43:32Z,candidate
Ugyx3bHMHtMihT8keMV4AaABAg,cxtJ9h__98o,Sorry prabhas sir. 👍👍👍👍,0,2026-01-11T14:43:26Z,candidate
Ugy5GUtOkO4-mu8EM3d4AaABAg,cxtJ9h__98o,Eko movie review please 🙏,0,2026-01-11T14:40:44Z,candidate
UgwfG_uXy6nF8XG5exF4AaABAg,cxtJ9h__98o,Must watch,0,2026-01-11T14:25:54Z,candidate
UgyPc_Zh5XlRRwRqgZJ4AaABAg,cxtJ9h__98o,"Laalo ... Waste of time 
Overhyped movie
It's like a sasti oh my god movie .. don't waste your time",1,2026-01-11T14:23:52Z,candidate
UgwRQy_e9-FaNwkqCTt4AaABAg,cxtJ9h__98o,Thalapathy ki movie ka review karo,0,2026-01-11T14:10:24Z,candidate
UgxU2V8wbmgjMOrm5a94AaABAg,cxtJ9h__98o,Thalapathy,0,2026-01-11T14:09:31Z,candidate
UgyYf36lyC6DYG57oSp4AaABAg,cxtJ9h__98o,O romro song 🤯,0,2026-01-11T14:03:14Z,candidate
UgyWgsO-0jTcFuZDHRR4AaABAg,cxtJ9h__98o,Yogi Bhaiyya Ek Video Ajay Devgan Ke Upar Banao 😂 Ke O Kon Konsi Movie Ki Xerox Karne Wale Hai 😂😂👍,1,2026-01-11T13:59:13Z,candidate
UgyVOwAj3U2gFdg9t694AaABAg,cxtJ9h__98o,"Lalo krishna sada sahayete ❤
Best movie",1,2026-01-11T13:57:44Z,candidate
UgwBaD2OH_jlR9DH7ql4AaABAg,cxtJ9h__98o,❤❤❤,0,2026-01-11T13:45:41Z,candidate
UgznOROyknlVcTWmxDJ4AaABAg,cxtJ9h__98o,"yeh movie gujarati mai 12 lakh mai bani thi, khud makers ne interview mai bataya hai",0,2026-01-11T13:40:48Z,candidate
Ugy9xMiNnS9OLLDm3Kt4AaABAg,cxtJ9h__98o,Radhe Radhe,0,2026-01-11T13:31:16Z,candidate
UgxWSK9dZ070aVjF_054AaABAg,cxtJ9h__98o,Regional movies has always comes with great story,1,2026-01-11T13:24:48Z,candidate
Ugyt1zpdsFKZZ6TgbbV4AaABAg,cxtJ9h__98o,Now you are acting like Pratik Borade ... Be who u r man... !!!! Radhey Radhey !!,0,2026-01-11T13:21:47Z,candidate
UgylPuz-VEk1559vftN4AaABAg,cxtJ9h__98o,2:46 ajay devgun 😂😂😂,1,2026-01-11T13:15:19Z,candidate
UgxMzVCaWOaj9TU4LwN4AaABAg,cxtJ9h__98o,@YOGI BOLTA HAI yogi ji app ke ab tak ke 5 star rated diye hue movies and series ki video banaiye....,0,2026-01-11T13:15:04Z,candidate
UgxaJv9Ijm_CpZE_0WB4AaABAg,cxtJ9h__98o,"Bhai bhram movie ka trailer dekho bas ek baar 2min nikal kar 
Edit: gujrati movie hai 😅",1,2026-01-11T13:01:51Z,candidate
UgwKMQ9GRqD6-vK-dcR4AaABAg,cxtJ9h__98o,Love you Gujarati ❤🙏🎉🥰,0,2026-01-11T12:53:41Z,candidate
UgweHElcaOAPBVLUHLF4AaABAg,cxtJ9h__98o,"At last Yogi Bhai aapne movie dekh hi liya and Thanks for reviewing it.
YogiBhai I would like to Highlight especially One scene of the movie I guess it wont be any Spoilers waise bhi Unke cast and directers ne bhi us scene ke bareme baat ki hui hai.
The moment of that breaking wall scene , its like a new born baby comes out from the mother's womb same way lalo ka bhi ek naya janam hota hai.
Baki aapne Review kardiya to jinhone nahi dekhi hai who bhi abb dekhne jayenge.
Thank you once again.",0,2026-01-11T12:52:29Z,candidate
UgyZiXFK3oyVef4dmcZ4AaABAg,cxtJ9h__98o,Mene bhi aaj dekho 😮❤❤kya movie h,0,2026-01-11T12:31:28Z,candidate
UgwO4NvDYJqIAqzlsIF4AaABAg,cxtJ9h__98o,Bhai jio Hotstar per 23 January ko space gen chandrayaan teaser aaya hai review karo 🎉🎉🎉🎉🎉🎉,1,2026-01-11T12:17:06Z,candidate
UgzBbZjBvCcbubnAksN4AaABAg,cxtJ9h__98o,"I saw ૩ time in theatre in Gujarati also take a photo with movie lead cast. Best one is it's background music... To stornge, specially on interval part.",0,2026-01-11T12:14:55Z,candidate
UgxwSvNTnJZb71aaVHp4AaABAg,cxtJ9h__98o,Yogi Bhaiya Please Give Review on new Marathi movie Aasha ❤️,0,2026-01-11T12:14:52Z,candidate
UgxozotIAhAwQ9_It6l4AaABAg,cxtJ9h__98o,Kyon rajasaab 😂😂😂,1,2026-01-11T12:08:26Z,candidate
UgxRcDNxPPu3TP0Y15R4AaABAg,cxtJ9h__98o,"bhayiya ""THE TIGERS APPRENTICE "" movie dekho animated hai bohot acchi hai animation, storyline kuch unique hai maza aa jayega meri taraf se 4.5",0,2026-01-11T12:00:26Z,candidate
UgwAqBSt_w3w7Ju1cbV4AaABAg,cxtJ9h__98o,Eco movie review kro,0,2026-01-11T11:58:40Z,candidate
UgxQyCeWCwmge8dMEmt4AaABAg,cxtJ9h__98o,Thanks for reviewing gujarati movie,0,2026-01-11T11:56:15Z,candidate
UgyAu90MdGXgiwUnNYN4AaABAg,cxtJ9h__98o,Lalo is amazing ❤,0,2026-01-11T11:55:35Z,candidate
UgwWdRZaaupYrQfE2EJ4AaABAg,cxtJ9h__98o,"Love from Gujarat ❤❤
Best movie ❤",0,2026-01-11T11:49:53Z,candidate
UgwJjjym8bLidK0ympB4AaABAg,cxtJ9h__98o,Space gen chandrayaan teaser dekha review karo 🎉🎉🎉🎉,2,2026-01-11T11:47:08Z,candidate
UgwYX-8Q16NOrdLirep4AaABAg,cxtJ9h__98o,😂bhai lambe baal wala thora steve herington jesa dikh rha he,0,2026-01-11T11:46:10Z,candidate
UgyD6jen_pw1PRr8Y-54AaABAg,cxtJ9h__98o,♥️♥️♥️Radha Radha Krishna ♥️♥️♥️,1,2026-01-11T11:43:20Z,candidate
Ugx4-W-DRynSs6pQrCt4AaABAg,cxtJ9h__98o,"Bhai aapne Bhay - Gaurav tiwari mystery ko review nahi kiya??
Is this serious??",0,2026-01-11T11:38:52Z,candidate
UgysSP6iVBY4WM1PdUJ4AaABAg,cxtJ9h__98o,Aapko ek Nepali movie dekhni chahie UMKO SWEATER bahut pyari movie hai,0,2026-01-11T11:37:53Z,candidate
Ugw3ZhEN73cDlENUWIF4AaABAg,cxtJ9h__98o,"Bhi maothy starer kalamkaval ka review kr do please 😢😢😅 please please please please please please please please please please 😢please 😢please please please please please please please please please please please please please please please please please please please please please please please please please please please please please please kalamkavalka review 
Please please please please please please please 🥺 please 🥺 please please 🥺 please please 🥺 please please 🥺 please please 🥺 please 🥺 please please 🥺 please please 🥺 please 🥺 please please 🥺 please please 🥺 please please 🥺 please please 🥺 please please 🥺 please please 🥺 please please 🥺kalamkaval movie ka review",0,2026-01-11T11:24:09Z,candidate
UgzzxAn-WFWzlmOQ7aR4AaABAg,cxtJ9h__98o,"Thank you yogi bhai , for reviewing it ❤ love from Gujarat",2,2026-01-11T11:06:26Z,candidate
UgwRX0i0js1y5G1McUB4AaABAg,cxtJ9h__98o,Nice video 📸,0,2026-01-11T11:02:40Z,candidate
UgyW1Ej64mjNvh4lNQt4AaABAg,cxtJ9h__98o,Thank you yogi bhai for your review,0,2026-01-11T11:02:33Z,candidate
Ugy5EdLh983rQhwd0x54AaABAg,cxtJ9h__98o,It's Divine Masterpiece,0,2026-01-11T10:51:34Z,candidate
UgwUHjgfZoXj9qcLtGV4AaABAg,cxtJ9h__98o,❤❤❤❤❤❤,0,2026-01-11T10:50:01Z,candidate
UgxsQuVG3ihX2IPvmF14AaABAg,cxtJ9h__98o,Iska trailer review bhi kiya tha....,0,2026-01-11T10:08:52Z,candidate
UgxXx4UNi6JcFFz6VQ94AaABAg,cxtJ9h__98o,Bahut hi acchimovi h mai dekh li hu❤,0,2026-01-11T09:56:22Z,candidate
Ugy0XRGRubCg3Z3Pffd4AaABAg,cxtJ9h__98o,❤,0,2026-01-11T09:52:13Z,candidate
UgwA7sdhDl6Ta5qbAY14AaABAg,cxtJ9h__98o,1:56  ye to hamara hindi wala suske ke awaz di he 😂😂,1,2026-01-11T09:49:56Z,candidate
UgyzQPD59hI1uCF24l94AaABAg,cxtJ9h__98o,Harekrsna❤,0,2026-01-11T09:49:15Z,candidate
UgyJTo1S9ozMkzewvE14AaABAg,cxtJ9h__98o,"Yogi ❌❌
Pratik borade✔️🤣🤣",0,2026-01-11T09:42:29Z,candidate
UgyoLGLL-_ne9WlIQ494AaABAg,cxtJ9h__98o,shambhala movie review,0,2026-01-11T09:36:54Z,candidate
UgzHSMKmIWKDpZ3gx1V4AaABAg,cxtJ9h__98o,❤❤❤❤,1,2026-01-11T09:35:46Z,candidate
UgzWOjCGarl5kqhfV1t4AaABAg,rrWFzeUxQSs,Kyathi jovi,0,2026-07-20T04:11:26Z,candidate
UgyRAY7utQyQl-C-_PV4AaABAg,rrWFzeUxQSs,Movie ek number se,1,2025-07-14T15:49:04Z,candidate
UgxiCkN2vwBFrDiJm8V4AaABAg,rrWFzeUxQSs,JOJO app ma ma,2,2025-04-09T15:37:40Z,candidate
Ugz3_OJB4r-2PdGs1QZ4AaABAg,rrWFzeUxQSs,Kya jova malse kevi rite download kariye,6,2025-02-13T08:06:31Z,candidate
Ugy3iICHHJsijLwsvmF4AaABAg,fJjIAbVvrOg,"- Movie is one time watchable 
- ⁠Good production value
- ⁠Surprisingly Aarohi patel has done really good job in this compared to Love ni Bhavai. She has matured her acting it seems. 
- ⁠Malhar bhai has also improved but need little less monotonous over acting 
- ⁠Felt like Aarohi’s her family’s movie. Most of her family members are involved in this movie.
- ⁠Vedika Kaul Vyas was good but I felt doesn’t fit for this role
- ⁠Biggest point: Background score is so unpleasant that really good emotional scenes also seems ineffective 
- ⁠Surprisingly I couldn’t find any music composer or director mentioned for this movie

Entire movie was clean feel good movie which can be watched with the entire family but at the end credit song is full of daaru. That didn’t fit well and felt like pushed into the movie for no reason.",2,2026-02-07T15:10:46Z,candidate
Ugxlej1iYrzYW_XMm754AaABAg,fJjIAbVvrOg,Bhai review kevano che tme to aakhi story keva besi gya😂,2,2026-02-06T18:14:46Z,candidate
UgygxF8pDABWtbua6px4AaABAg,fJjIAbVvrOg,Very nice,1,2026-02-06T15:43:37Z,candidate
UgwNMygYTCDt17NSSyV4AaABAg,fJjIAbVvrOg,Movie saras chhe jova javanu j chhe pn Valentine pr kadach na jou O'Romeo na lidhe😂😂😂,1,2026-02-06T15:28:26Z,candidate
UgwVgddJVIL1zGs_4LJ4AaABAg,fJjIAbVvrOg,Film sari che bahuj ❤,1,2026-02-06T14:38:17Z,candidate
UgwB3_fd5R8lrfPpDB94AaABAg,fJjIAbVvrOg,Pahelo hu .. ho.... 🎉🎉,2,2026-02-06T11:05:33Z,candidate
Ugw360hL3XRjwY3mtIZ4AaABAg,acWTjry8tmM,❤❤❤❤❤❤❤❤❤❤❤❣️❣️❣️❣️❣️❣️❣️❣️❣️😯💋,0,2026-08-12T17:40:16Z,candidate
UgzbOCkFQkw-FsnjN_54AaABAg,acWTjry8tmM,Lattari.tara.divana.mate.kankoda.moklje..shalesh.(sallu)at.sonsan..sabrkantha..koi.saro.bhag.banvo.aa.episode.ma.maja.na.aavi..kadavaji.methaji.tinaji.chehaji.popatji.koi.saro.bhag.banvo..jovani.maja.aave.hu.tamarj.video.jovuchu.maja.aaveche.pan.aa.apisode.gamtonathi.koi.story.nathi.koi.vartalap.nathi.ame.liketo.aapsu.my.favurit.team.tamari.che.kadvaji..vagaji.lattari.methaji.tinaji.binari.ranjan.yogta..gaturji.cherji.khataji.pasaji.takhji.domri.takhaji.all.dhe.best..tal.prantij.sabarkanta.sonasan.,0,2026-08-12T17:26:09Z,candidate
UgxZHbHYj_dGyic3zeZ4AaABAg,acWTjry8tmM,1 નંબર લોકેશન  ❤  Super cool ❤,1,2026-08-12T17:22:59Z,candidate
Ugw6JduPqFoNmGZ3pcZ4AaABAg,acWTjry8tmM,Video nu location  Nice one ❤,1,2026-08-12T17:22:00Z,candidate
UgyD06VGQQPV4rLJ2zp4AaABAg,acWTjry8tmM,Gattaji.(Sarpanch)konkoda.na.khata.vadhre.deta.lagso.aa.episode.ma.koi.bhalvivar.nathi.,2,2026-08-12T17:12:14Z,candidate
UgzNZLs-jYW0ajBTpcd4AaABAg,acWTjry8tmM,🎉🎉❤❤❤❤,1,2026-08-12T15:22:34Z,candidate
Ugz8CG75-LwFbWQ662d4AaABAg,acWTjry8tmM,Super 👌👌👌,1,2026-08-12T15:14:55Z,candidate
UgwfCodFapesn4V3z2N4AaABAg,acWTjry8tmM,❤❤❤❤❤,1,2026-08-12T15:02:31Z,candidate
Ugxrm279jpPqH-uXZaB4AaABAg,acWTjry8tmM,😊❤,1,2026-08-12T13:41:31Z,candidate
UgyPTTfkmD6JR0Bb6lN4AaABAg,acWTjry8tmM,Finally teqnical problem slow thai gai ❤❤❤❤ 2 week pachi video avy❤❤,1,2026-08-12T13:36:44Z,candidate
UgxOdQE0rxd3wKWAOcF4AaABAg,acWTjry8tmM,❤❤❤❤❤,1,2026-08-12T13:34:20Z,candidate
UgzP6f4b9l5Z8bMw8ch4AaABAg,acWTjry8tmM,Bhag 2,1,2026-08-12T13:33:05Z,candidate
UgyL1gcMG2-mDfAtnWJ4AaABAg,acWTjry8tmM,Nice ❤,2,2026-08-12T13:31:59Z,candidate
Ugx0NnstBqSRjWQX4r94AaABAg,acWTjry8tmM,Super,2,2026-08-12T13:31:51Z,candidate
Ugx8IMFeUXfPjQpVaBJ4AaABAg,acWTjry8tmM,❤ Jay mataji ❤,2,2026-08-12T13:31:46Z,candidate
Ugw7ILZilMrENVEpnLF4AaABAg,acWTjry8tmM,❤ Jay Dwarkadhish ❤,2,2026-08-12T13:31:35Z,candidate
UgxDC8uLiSAubLnNkw94AaABAg,acWTjry8tmM,Shree Ram,2,2026-08-12T12:43:24Z,candidate
UgzkqvOyQdgHQAWf0IZ4AaABAg,QregtY5fB9Q,Mafukaka paheli vaar nyay  chukya baskuji ne maar ane aabru na paisa na apavya uparthi vyaj apavyu,0,2026-08-13T10:11:05Z,candidate
Ugyo-9cAaY7R4bhuXBZ4AaABAg,QregtY5fB9Q,Bhagwant Maharaj ka bhai badhane model,0,2026-08-13T09:36:06Z,candidate
UgxU2JVpxyNqqs3_6gB4AaABAg,QregtY5fB9Q,❤❤❤❤❤ Bhagwat hamara batana video joya vagaira monogram,0,2026-08-13T09:30:50Z,candidate
UgwIUzGH7HvjRYHOUJh4AaABAg,QregtY5fB9Q,❤❤❤❤😊,0,2026-08-13T09:10:12Z,candidate
UgyPCILOidAEIpkX0H94AaABAg,QregtY5fB9Q,❤❤❤,0,2026-08-13T09:08:38Z,candidate
UgwPtJJqm0zgAzzUy214AaABAg,QregtY5fB9Q,Vadshama,0,2026-08-13T08:14:20Z,candidate
UgzyPopvelNHMHa3BrV4AaABAg,QregtY5fB9Q,sirohi rajsthan ❤,0,2026-08-13T08:13:26Z,candidate
Ugw-gCsmii72d51eUXt4AaABAg,QregtY5fB9Q,😅😅😅😅😅😅❤❤❤❤❤❤❤❤❤❤❤❤,0,2026-08-13T07:46:09Z,candidate
Ugx87zHNnsYDEWvwotd4AaABAg,QregtY5fB9Q,❤😅😊,0,2026-08-13T07:37:12Z,candidate
UgwK7Yb9HOhhkHbqiKV4AaABAg,QregtY5fB9Q,Jay mataji all friends ❤😊,0,2026-08-13T07:37:08Z,candidate
UgxReaFxh5MA1C7QxC94AaABAg,QregtY5fB9Q,Dhedhu mansa Taluko,0,2026-08-13T07:28:32Z,candidate
Ugyeag1Y2tjxcfEXqUp4AaABAg,QregtY5fB9Q,Fatehpura. Dahod,0,2026-08-13T07:13:03Z,candidate
UgyYszRukSy2rPIaqJx4AaABAg,QregtY5fB9Q,GJ 8 popatji nu gam valpura,0,2026-08-13T05:55:48Z,candidate
UgzSwdgSxwh6l4_kath4AaABAg,QregtY5fB9Q,जय पुरबाफय सधी मा 🙏🙏,1,2026-08-13T05:39:47Z,candidate
Ugzn5abOURaYgR0qIwt4AaABAg,QregtY5fB9Q,Super 💯🤍,0,2026-08-13T05:01:49Z,candidate
UgxqWd5uhRvZyb9QcOh4AaABAg,QregtY5fB9Q,Hu rakanpur thi jovu chhu ❤,0,2026-08-13T04:29:30Z,candidate
UgyvzlII5B-l8K6Z5l94AaABAg,QregtY5fB9Q,Bhadath,1,2026-08-13T03:56:34Z,candidate
UgwHrXoWBYjOPxDN4zZ4AaABAg,QregtY5fB9Q,T: petlad G: Aanad gam: kukvad boriya,0,2026-08-13T03:32:42Z,candidate
UgzZygygO5cSTC2yc514AaABAg,QregtY5fB9Q,Jay Mataji 🙏,1,2026-08-13T03:26:09Z,candidate
UgxXIglYZjeBKf_bldR4AaABAg,QregtY5fB9Q,❤😊,0,2026-08-13T03:02:28Z,candidate
UgwSehXmkZ4SQApOSyR4AaABAg,QregtY5fB9Q,Hi😢,0,2026-08-13T02:44:43Z,candidate
UgxaoGEQguPhdK5Ey4J4AaABAg,QregtY5fB9Q,Kadi,0,2026-08-13T02:19:24Z,candidate
UgxE_jXAyAYeggRS1l14AaABAg,QregtY5fB9Q,Jay dashama 🙏,0,2026-08-13T01:49:00Z,candidate
UgwNWXIUVL4HWsTFGkB4AaABAg,QregtY5fB9Q,Jay mata ji🎉🎉🎉🎉🎉🎉🎉🎉🎉🎉🎉🎉🎉🎉🎉🎉🎉🎉🎉🎉❤❤❤❤❤❤❤❤❤❤❤❤❤❤❤❤❤❤,0,2026-08-13T00:58:16Z,candidate
UgyfIDyQ9z3th9fsg5R4AaABAg,QregtY5fB9Q,"Ghana loko ne Mari comment nai game pan sachu to kehvu j pade bhale video hoy ke real life hoy ana Vaghubha ke che ke te emne marya nai etle aapdi abru gayi etle mara mari ne gunda giri karva thi samaj ma aabru vadhe em j ne pacha hari ke che Paisa alya pachi aabru pachi na lavu to maru naam hari nai etle ekla Paisa aapi ne aabru pachi nai laave khegar ne bhupatji ne maarse ne aabru pachi laavse gunda gardi no ne mara mari no samaj ma saro message pohnchado cho alya yuva no gunda gardi sikhvi hoy ne matter o sikhvi hoy to a video jojo ama thi sikhva malse ke Paisa time par pacha na ape ene kai rite uthai levay,maray,ane paisa pacha aapi ne mar no badlo mari ne Kai rite levay ena classes chalu che ahiya ha pan a loko ne to police case nathi banto pan tamare karvu hoy to jail ni taiyari raakhjo kem ke real ma to ama bns(bhartiya nyay sahitta 163 kidnapping,bns 115 maarpit,or maarpit mai khun nikala ya hathiyar se hamla kiya to ipc 307 half murder,or vo mar gaya to ipc 302 mai maximum 14 saal jail ke liye taiyari rakhna kyunki real life Mai to case darj hota hai inke video mai bhale kuch bhi crime kare to police nahi ati hai baaki real life Mai to ghatna ki jagah par 5 mint Mai 112 ki bolero a jayegi kyunki real Mai kisi ko bhi kanoon ko hath Mai lene ka adhikar nahi hai baaki aap bina crime kare paise vapas chahte ho to ipc 420 Dhokha dhadi ka case kar ke paise nikalva sakte ho ye case civil court Mai dekha jata hai isme  dono party ko aamne samne bulakar court paise dene vale ko order deti hai ki aap kuch bhi kar ke inke paise lauta do varna ipc 420 ke tahat aap ko 7 saal ki saja hogi jaise rajpal yadav ko paise na chuka ne par case hua tha or delhi ki tihad jail me bheja tha jab paise lautaye tab jaa kar unko jail se riah kiya.",0,2026-08-12T21:30:07Z,candidate
UgwlBPyWX5dUNGmAF0F4AaABAg,QregtY5fB9Q,Atyare police babal ke gundagiri karnar na tantiya todi nakhe Che ne a loko gamme tene road par thi uthai le Che ne maare che to y amne koi kaydo nadto nathi a loko Manas uthave ne babal Kari ne gunda giri ne badhavo aape che video 15 varas thi lai ne 25 30 ummar na yuvako pan video joi ne gunda gardi sikhe 15 16 varas na badako thi lai ne 25 varas sudhi kachi budhhi hoy etle a joi ne gunda gardi sikhe pan emne etli khabar na pade ke real ma aavu karva thi police vada pattar thoki nakhe Che atyare etle aavu Kari ne jail bhega Thai jaay ne jindgi barbad Kari nakhe.,0,2026-08-12T20:46:59Z,candidate
UgwFXi0EbAPjoweYhRt4AaABAg,QregtY5fB9Q,❤❤❤❤❤,0,2026-08-12T19:45:48Z,candidate
UgzYzvr_cBKxthWHGhJ4AaABAg,QregtY5fB9Q,❤❤❤,0,2026-08-12T19:45:33Z,candidate
UgzZs2Cm_TNDVXlnQUJ4AaABAg,QregtY5fB9Q,Hii,0,2026-08-12T18:56:49Z,candidate
UgxaqjU01Oe2ka2rk7t4AaABAg,QregtY5fB9Q,Jay.Mataji.,0,2026-08-12T18:23:49Z,candidate
Ugyk5BK7qEkyElK_AQN4AaABAg,QregtY5fB9Q,Mohabbat ke divane he  ...s.b..hidustani hamare dil ke taaz he s.b hidustani,0,2026-08-12T18:17:23Z,candidate
UgxuqL3TZdgdVEsQo0d4AaABAg,QregtY5fB9Q,❤❤❤❤❤❤,0,2026-08-12T17:39:38Z,candidate
Ugw5LTiHmXUaHgVaPoZ4AaABAg,QregtY5fB9Q,❤❤❤❤❤,0,2026-08-12T17:34:02Z,candidate
Ugz5oL1VSgj4K14ufCp4AaABAg,QregtY5fB9Q,❤❤,0,2026-08-12T17:21:05Z,candidate
Ugw6U0pL8g5JMwoiXRJ4AaABAg,QregtY5fB9Q,❤❤,0,2026-08-12T17:19:06Z,candidate
UgyJRDp5JuACK_TP1wV4AaABAg,QregtY5fB9Q,👋🏻👋🏻👋🏻,0,2026-08-12T17:08:10Z,candidate
Ugw4DNvt8X1EqOTJnOV4AaABAg,QregtY5fB9Q,😮😮,1,2026-08-12T17:07:25Z,candidate
UgyrA2GZWPwti0YcWtt4AaABAg,QregtY5fB9Q,Vaaah haribha chelle je dialogue bolya ruvata ubha thai gaya ho,0,2026-08-12T17:04:12Z,candidate
Ugyur88IoeAhgKimErp4AaABAg,QregtY5fB9Q,राजे स्थान नथी जीला बाड़मेर रथी मसरु भाई❤❤,0,2026-08-12T16:57:54Z,candidate
UgxFyq6qN4vB0xJFbTZ4AaABAg,QregtY5fB9Q,❤❤,2,2026-08-12T16:56:37Z,candidate
UgynLQFXi-nDuAP_PPd4AaABAg,QregtY5fB9Q,👍💯💯💯💯💯💯,1,2026-08-12T16:52:13Z,candidate
UgwW_Wwkd_06VpfLdBt4AaABAg,QregtY5fB9Q,Jay mataji ❤,0,2026-08-12T16:51:49Z,candidate
UgzQNbPOKQqy7q7CLnd4AaABAg,QregtY5fB9Q,❤❤❤,0,2026-08-12T16:43:06Z,candidate
UgxWlhf0GMFzoMn9zBZ4AaABAg,QregtY5fB9Q,BK,0,2026-08-12T16:42:14Z,candidate
Ugyyl63bx3T_nZII4qJ4AaABAg,QregtY5fB9Q,PAVTHI ⚜️🥷🏻,0,2026-08-12T16:38:47Z,candidate
Ugzz3mHpBRGuk_lLTvp4AaABAg,QregtY5fB9Q,Aravalli,0,2026-08-12T16:38:05Z,candidate
UgzQ1ODjKuyNJ9tytXp4AaABAg,QregtY5fB9Q,Jalodha,0,2026-08-12T16:32:54Z,candidate
Ugyq8ueeoBS-nLwKAmh4AaABAg,QregtY5fB9Q,Jay sadhai maa ❤❤❤❤❤,1,2026-08-12T16:32:45Z,candidate
UgyOewA7_Hct81tuiCJ4AaABAg,QregtY5fB9Q,Jay babari ❤❤❤❤❤,1,2026-08-12T16:32:38Z,candidate
Ugyy5PgO46aNTlNdlzV4AaABAg,QregtY5fB9Q,Jay meldi maa ❤❤❤❤❤,1,2026-08-12T16:32:32Z,candidate
UgyfV3uLrWD7RsSrvWR4AaABAg,QregtY5fB9Q,Mansa Gam  Gandhinagar Jillo,0,2026-08-12T16:28:04Z,candidate
Ugy7PStIjmaPNjKfCoN4AaABAg,QregtY5fB9Q,❤❤❤❤❤❤❤❤❤❤❤❤❤❤,1,2026-08-12T16:21:28Z,candidate
UgwaEuX3LJuRcw77US14AaABAg,QregtY5fB9Q,Amrut b thakor balasasan❤,2,2026-08-12T16:17:09Z,candidate
UgxkgqlWODe-qtaNoZt4AaABAg,QregtY5fB9Q,🎉,0,2026-08-12T16:15:55Z,candidate
Ugz23nUuG82l1ekJFxV4AaABAg,QregtY5fB9Q,🎉,0,2026-08-12T16:13:51Z,candidate
UgzdBK2eXtSQ1FLy_st4AaABAg,QregtY5fB9Q,Hu,1,2026-08-12T16:13:41Z,candidate
Ugz16V446_764AROgwJ4AaABAg,QregtY5fB9Q,😂,1,2026-08-12T16:05:26Z,candidate
UgyrVxjV8SgdYbY1OvZ4AaABAg,QregtY5fB9Q,JAY  mataji,2,2026-08-12T16:04:36Z,candidate
UgwV_wgD_VaMBHt2dgZ4AaABAg,QregtY5fB9Q,❤❤❤❤,1,2026-08-12T16:02:30Z,candidate
Ugywb8INaumtZSYF4lh4AaABAg,QregtY5fB9Q,Lajpor  ta - choriyasi Dis - Surat Gujarat,1,2026-08-12T16:02:03Z,candidate
Ugxr3dWEiifVdKCBm6V4AaABAg,QregtY5fB9Q,💓💓💓💓,1,2026-08-12T16:01:34Z,candidate
UgzSHI7YZBJl8MpUCDF4AaABAg,QregtY5fB9Q,Jay mataji,1,2026-08-12T15:58:52Z,candidate
Ugz7UsGgX0WAeGRBo8F4AaABAg,QregtY5fB9Q,❤❤❤❤,3,2026-08-12T15:57:41Z,candidate
UgxTHSu66N_Qz7ziBZt4AaABAg,QregtY5fB9Q,Ganjisar avo aek var vaghu bhai.......❤,2,2026-08-12T15:54:40Z,candidate
UgzVVNZgD1oqHbQUEix4AaABAg,QregtY5fB9Q,👌👌🇮🇳🇮🇳👌👌,1,2026-08-12T15:50:35Z,candidate
UgzIjEe0U1jkx_FPXat4AaABAg,QregtY5fB9Q,Avo badha,0,2026-08-12T15:50:34Z,candidate
UgysNZG1TezD-fBp90l4AaABAg,QregtY5fB9Q,Plz,1,2026-08-12T15:50:21Z,candidate
Ugw5HZ1Fpuz5qhs7VR54AaABAg,QregtY5fB9Q,"Gam: shatrunda 
Taluko:mahemdavad
Dist:kheda
Regular tamara video jovu chu bahu maja aave 6",0,2026-08-12T15:49:35Z,candidate
UgzskoRDYUZrbNLV2Fh4AaABAg,QregtY5fB9Q,❤❤❤❤,0,2026-08-12T15:49:33Z,candidate
UgwIv0gIsm_RFGAtH0h4AaABAg,QregtY5fB9Q,❤❤,0,2026-08-12T15:49:02Z,candidate
UgxkqiDsyMb-3IzwejF4AaABAg,QregtY5fB9Q,❤❤❤❤,0,2026-08-12T15:48:27Z,candidate
UgwzlE8eu8oUiAwko7V4AaABAg,QregtY5fB9Q,Vav satalsana,0,2026-08-12T15:45:29Z,candidate
UgzzdhAR9Qcm-QaLTid4AaABAg,QregtY5fB9Q,"Dev bhumi Dwarka 
Gam.khabhaliya",0,2026-08-12T15:45:18Z,candidate
UgyaUUg7dNEoQGH2sbJ4AaABAg,QregtY5fB9Q,Pune se,1,2026-08-12T15:43:43Z,candidate
UgwYCoPmbVpYp4MDOwB4AaABAg,QregtY5fB9Q,Deesa,1,2026-08-12T15:42:11Z,candidate
UgwdNK7tM8FuThzEBu54AaABAg,QregtY5fB9Q,❤,0,2026-08-12T15:40:07Z,candidate
UgwpUDkmw6uawtc1uNZ4AaABAg,QregtY5fB9Q,"डुंगरपुर,बिछीवाडा,झीझवा",0,2026-08-12T15:39:33Z,candidate
Ugxw_Kf9hYsvfXCKjHt4AaABAg,QregtY5fB9Q,Dashama,1,2026-08-12T15:33:38Z,candidate
UgyvUQbAX7fDd2gEBL54AaABAg,QregtY5fB9Q,Talo ko aogad,1,2026-08-12T15:32:46Z,candidate
UgxmVMp7c0_yF3kH0yd4AaABAg,QregtY5fB9Q,Maja na avi,0,2026-08-12T15:32:29Z,candidate
UgywXFgC6u1UTJ83UBJ4AaABAg,QregtY5fB9Q,Banashkada jilo,1,2026-08-12T15:32:09Z,candidate
Ugw-EWnST_l7VptLpMV4AaABAg,QregtY5fB9Q,Mandala,1,2026-08-12T15:31:54Z,candidate
UgxaLrK2ORPO2ozAuGZ4AaABAg,QregtY5fB9Q,❤❤😂😢😢😮🎉😅,0,2026-08-12T15:22:09Z,candidate
UgwEQJMXA8PMFBOv6Wx4AaABAg,QregtY5fB9Q,katosan mahesana,0,2026-08-12T15:21:39Z,candidate
UgwsZIBisLfqJWcyJdN4AaABAg,QregtY5fB9Q,Lambhavel  anand district,0,2026-08-12T15:21:15Z,candidate
UgzmOX6Css90y1jvvRB4AaABAg,QregtY5fB9Q,America,0,2026-08-12T15:20:39Z,candidate
Ugyqya_QEI9DsgyIL3Z4AaABAg,QregtY5fB9Q,Aisa main tumhare bahut pareshan hun aur mujhe aapki chai chahie aur mafu Kaka ka Suchi,0,2026-08-12T15:19:49Z,candidate
Ugy2LLSlAYA5HhXxP7J4AaABAg,QregtY5fB9Q,❤,1,2026-08-12T15:19:05Z,candidate
Ugx8LBwIwIhqhQjDz3p4AaABAg,QregtY5fB9Q,Bhaili dhi,0,2026-08-12T15:16:23Z,candidate
UgzBz0yBXg3bviI1ON54AaABAg,QregtY5fB9Q,Pachahmahal,0,2026-08-12T15:13:20Z,candidate
UgxLy8l1Pc2HcpACwkd4AaABAg,QregtY5fB9Q,😢😢,1,2026-08-12T15:11:19Z,candidate
Ugw-Ic9bBBY_fPPR9Yh4AaABAg,QregtY5fB9Q,❤❤,1,2026-08-12T15:10:51Z,candidate
Ugygwt4gOi_ezXEeH5V4AaABAg,QregtY5fB9Q,गाम : रांटीला   । तालूको : दीयोदर । जिलों : वाव थराद,1,2026-08-12T15:02:57Z,candidate
Ugw_-QCkzY4b8yDbJ854AaABAg,QregtY5fB9Q,B k kabirpura,0,2026-08-12T15:01:01Z,candidate
UgzpnTE_w3g3crh0-ct4AaABAg,QregtY5fB9Q,Prantij,0,2026-08-12T14:59:43Z,candidate
UgyFYssA4hAB2nTulS94AaABAg,QregtY5fB9Q,Kanabhaipura,0,2026-08-12T14:53:46Z,candidate
UgxgVNnTHmUGyw42aqB4AaABAg,QregtY5fB9Q,"Mahisagar, virpur bhavani-2",0,2026-08-12T14:53:20Z,candidate
UgxV7mxP1bAHxcMmZSh4AaABAg,QregtY5fB9Q,🎉🎉🎉,0,2026-08-12T14:52:07Z,candidate
UgwcT0_Yal5rf-iWMo54AaABAg,QregtY5fB9Q,Jay mataji 👏,0,2026-08-12T14:45:46Z,candidate
UgzJn4g9tSJrg7E-jFN4AaABAg,XDPCJwTngd0,Ha moj ha Jay mataji mara bhaiyo bahu maja aavi gay ❤❤❤❤❤❤,0,2026-07-28T09:02:18Z,candidate
UgyOcsfLexZyC6LDVRR4AaABAg,XDPCJwTngd0,Superb kadvaji ❤❤❤❤🎉🎉🎉🎉,0,2026-07-27T17:51:32Z,candidate
UgwRbWRp45lqPPtmEkB4AaABAg,XDPCJwTngd0,Superb kadvaji vaghubha 🎉🎉🎉🎉🎉❤❤❤❤,0,2026-07-27T17:51:18Z,candidate
UgwIBi1VM32XjpSOQFp4AaABAg,XDPCJwTngd0,Superb acting kadvaji vaghubha methaji chehaji All team 🎉🎉🎉🎉🎉❤,0,2026-07-27T17:51:04Z,candidate
Ugx-25GIS_vXZVIguId4AaABAg,XDPCJwTngd0,Superb acting kadvaji vaghubha methaji chehaji jode hoe atle video Jova ni mja j aave 🎉🎉🎉🎉🎉❤,0,2026-07-27T17:50:32Z,candidate
Ugw9MCkjXmq5pcd3z5x4AaABAg,XDPCJwTngd0,Superb acting kadvaji vaghubha methaji tinaji chehaji khataji Lata ben gatuji kadu❤❤❤❤❤❤,1,2026-07-27T17:50:02Z,candidate
Ugxus6R40iuCxhAiMBp4AaABAg,XDPCJwTngd0,😂😂,0,2026-07-27T16:08:50Z,candidate
Ugzjyz6s_DYZrNMNlNt4AaABAg,XDPCJwTngd0,Puro Karo Bhag,0,2026-07-27T13:23:55Z,candidate
Ugxsd0PcITwLgt-Zqhp4AaABAg,XDPCJwTngd0,Puro.karo,0,2026-07-27T08:50:03Z,candidate
UgyQAdV6KlUXQe0LSHh4AaABAg,XDPCJwTngd0,Kadvtinavdha,0,2026-07-27T08:49:12Z,candidate
UgxcLQVmIsV6N5vMKDZ4AaABAg,XDPCJwTngd0,Bakvas,0,2026-07-27T08:48:02Z,candidate
UgxdkPNj4Qquc_eSfRZ4AaABAg,XDPCJwTngd0,❤,0,2026-07-27T08:42:32Z,candidate
UgyppcMh5IEg7a-u55F4AaABAg,XDPCJwTngd0,❤,0,2026-07-27T08:42:28Z,candidate
Ugygugaf384Q7tz42Bl4AaABAg,XDPCJwTngd0,❤,0,2026-07-27T08:42:25Z,candidate
UgzgcF7uNdRRJGgUrZR4AaABAg,XDPCJwTngd0,❤,0,2026-07-27T08:42:17Z,candidate
Ugy3mJs_Q729r6HTa7J4AaABAg,XDPCJwTngd0,❤,0,2026-07-27T08:42:13Z,candidate
UgxtgxI-6Lwy-p-nY3B4AaABAg,XDPCJwTngd0,❤,0,2026-07-27T08:42:10Z,candidate
UgwBf13unJe5VRQZmBN4AaABAg,XDPCJwTngd0,❤,0,2026-07-27T08:42:07Z,candidate
Ugyg0iMnlFNSkapD_b14AaABAg,XDPCJwTngd0,❤,0,2026-07-27T08:42:01Z,candidate
UgwI0ZD_TrfyuyiATgJ4AaABAg,XDPCJwTngd0,❤,0,2026-07-27T08:41:55Z,candidate
UgzTARLDSQiv10R8vW54AaABAg,XDPCJwTngd0,❤,0,2026-07-27T08:41:52Z,candidate
UgxOXwpy5vaQJ-gZYFR4AaABAg,XDPCJwTngd0,❤,0,2026-07-27T08:41:49Z,candidate
UgzgRChgRZZ4shpV7QN4AaABAg,XDPCJwTngd0,કડવા.judha,0,2026-07-27T08:31:40Z,candidate
UgxdhVrxUQBDeOTdYUx4AaABAg,XDPCJwTngd0,Jay mataji 🙏,0,2026-07-27T07:43:31Z,candidate
UgxlV5WnkZVu0Z7nb0d4AaABAg,XDPCJwTngd0,"Jay mataji 
Jay mataji",0,2026-07-27T07:18:45Z,candidate
UgxZSgdYcbFtHlN8Apd4AaABAg,XDPCJwTngd0,Bakvas,1,2026-07-27T07:02:44Z,candidate
UgxOtX3KevUQm5N3B0R4AaABAg,XDPCJwTngd0,Shree Ram,0,2026-07-27T05:07:00Z,candidate
UgztmdmHjQ4Xx-z9CUF4AaABAg,XDPCJwTngd0,Bu na khecho puru karo,0,2026-07-27T04:39:28Z,candidate
UgxROQVNIaO4Xl0c8ip4AaABAg,XDPCJwTngd0,Uulu bana vve che badha ne sathe aav vu joeyene,1,2026-07-27T04:17:35Z,candidate
UgwqnuJBUPquqARDnhp4AaABAg,XDPCJwTngd0,Super 👌👌👌,0,2026-07-27T04:00:25Z,candidate
UgxK9JpiHCKO3y2DFjh4AaABAg,XDPCJwTngd0,👌👌👌👌👌👌,0,2026-07-27T03:09:46Z,candidate
UgzHg5JksCWAVCNz0AN4AaABAg,XDPCJwTngd0,🎉🎉🎉🎉🎉🎉👌👌👌🙏🙏🙏,0,2026-07-27T03:03:58Z,candidate
Ugzkow9jy8vOxr5B2Fd4AaABAg,XDPCJwTngd0,Nice,2,2026-07-27T02:52:44Z,candidate
UgxE5TvYfPg56CUXQ6h4AaABAg,XDPCJwTngd0,Super,1,2026-07-27T02:52:40Z,candidate
Ugzb0oxjXCUtS4AyxNl4AaABAg,XDPCJwTngd0,Ha Moj Ha,1,2026-07-27T02:52:36Z,candidate
UgzIFMroVI-wlOQRxuF4AaABAg,XDPCJwTngd0,Jay mataji,1,2026-07-27T02:52:25Z,candidate
UgwH-2YVa7eSdxuYHil4AaABAg,XDPCJwTngd0,Jay Dwarkadhish,2,2026-07-27T02:52:19Z,candidate
UgxJIzjp7xTar8NuPIx4AaABAg,XDPCJwTngd0,❤❤❤,0,2026-07-27T01:32:08Z,candidate
UgwTXNFmvp_-Uz-34px4AaABAg,-gbn4l4OJgU,Jay mataji,0,2026-08-12T19:20:19Z,candidate
UgxEp8SZTqluNgCzh_R4AaABAg,-gbn4l4OJgU,Super 👌👌👌,0,2026-08-12T15:15:17Z,candidate
Ugx_ENIbN-Pl1JVxORl4AaABAg,-gbn4l4OJgU,ChaMunD SaDaa SaHaaYaTe . ChaMunD TeRa SaHaaRa .,1,2026-08-12T06:21:19Z,candidate
UgwSp9jgOU-u5WY1Omp4AaABAg,-gbn4l4OJgU,🙏❤️,0,2026-08-11T16:58:59Z,candidate
UgzVSG5eSBOZcXBorNt4AaABAg,-gbn4l4OJgU,❤❤,0,2026-08-11T16:09:08Z,candidate
Ugzmhmr6PK0Mjjerq2F4AaABAg,-gbn4l4OJgU,Koi.ni.bhaktti.maa.bhangh.padavano.koi.bhi.manash.no.adhikar.natthi.sanatan.jay.sri.dasha.maa.,0,2026-08-11T14:37:16Z,candidate
Ugy8JkI4tzjSv0CXgaJ4AaABAg,-gbn4l4OJgU,❤,1,2026-08-11T13:41:17Z,candidate
Ugw76vpPa9EichlIeRR4AaABAg,-gbn4l4OJgU,7:46,1,2026-08-11T13:41:05Z,candidate
Ugwt5c8suVt8H-pU6Gx4AaABAg,-gbn4l4OJgU,Superb acting kadvaji vaghubha methaji node hoe atle video Jova ni mja j aave ❤❤❤,2,2026-08-11T11:06:39Z,candidate
UgzgP7KRRYmF87xxVaN4AaABAg,-gbn4l4OJgU,Superb acting kadvaji vaghubha methaji tinaji khataji Lata ben ❤❤❤❤,2,2026-08-11T11:06:10Z,candidate
Ugz0MPInMVDYBqVIWW94AaABAg,-gbn4l4OJgU,Superb acting kadvaji ❤,1,2026-08-11T10:43:04Z,candidate
Ugz7cmRC9J-vwy784tJ4AaABAg,-gbn4l4OJgU,Jai shree dasha maa,1,2026-08-11T09:32:57Z,candidate
Ugy3UAZ5ow7W73_aPGN4AaABAg,-gbn4l4OJgU,Bhag 2banavo,4,2026-08-11T09:12:46Z,candidate
UgytP3Qdahpx9fOo2F14AaABAg,-gbn4l4OJgU,VAGUBHA JORADAR KOIA PAN.BHAGAVANU.AAPNA.NAKARO❤❤❤❤❤❤,0,2026-08-11T08:29:34Z,candidate
Ugw4087s3nL68YOi7aZ4AaABAg,-gbn4l4OJgU,Shree Ram,1,2026-08-11T08:24:43Z,candidate
UgwuHXajujK3m4GjVhZ4AaABAg,-gbn4l4OJgU,Kadvabha aaeva nti aatoo video manoranjan mate banayo che,1,2026-08-11T07:42:08Z,candidate
Ugxrvpj0mfvtnLn1x-h4AaABAg,-gbn4l4OJgU,😅😅,1,2026-08-11T07:16:49Z,candidate
UgwiFwJiz8jKp9WuFQ94AaABAg,-gbn4l4OJgU,❤ Jay Ashapura ❤,2,2026-08-11T06:46:34Z,candidate
Ugx-6WW5TYpEvPZJyil4AaABAg,-gbn4l4OJgU,Kadva.dasama.tari.taridsakarab,0,2026-08-11T06:44:40Z,candidate
UgyjHVmTIyiZ_9jvYxd4AaABAg,-gbn4l4OJgU,Mataji Navratri hai,1,2026-08-11T06:41:08Z,candidate
UgzBIQ65my2O1oLsgs14AaABAg,-gbn4l4OJgU,Kadva Pan ke ayurvedic apman mat karo,1,2026-08-11T06:40:06Z,candidate
UgytL2Y3hSQX_An0cqV4AaABAg,-gbn4l4OJgU,Jay mateje ji kadv bhi,1,2026-08-11T06:38:46Z,candidate
UgwXIZyRIv8Voem1SsJ4AaABAg,-gbn4l4OJgU,Jay dada ma,1,2026-08-11T05:32:52Z,candidate
UgzXZOmWEDm9zDtu1i14AaABAg,-gbn4l4OJgU,Jay dasama ❤,2,2026-08-11T04:42:08Z,candidate
UgzHJNwqKtyGEn2xKiV4AaABAg,-gbn4l4OJgU,❤❤❤❤❤❤🎉🎉🎉🎉🎉🎉🎉👌👌👌👌🙏🙏🙏🙏🙏🙏🙏🙏🙏🙏🙏,2,2026-08-11T03:25:26Z,candidate
UgzeA4XVpNsEqfPU8v94AaABAg,-gbn4l4OJgU,Super,4,2026-08-11T03:23:16Z,candidate
UgxMvzTc2CamH3ayYYh4AaABAg,-gbn4l4OJgU,Jay Dwarkadhish ❤,3,2026-08-11T03:23:07Z,candidate
UgwV5UykxGNgQsyX47V4AaABAg,-gbn4l4OJgU,Jay mataji ❤,3,2026-08-11T03:22:52Z,candidate
Ugw6vvV4XyYZwZN5Yzh4AaABAg,-gbn4l4OJgU,2 jo bhag banavo super vedeo jay mataji,3,2026-08-11T02:33:01Z,candidate
UgzbWigeGQCT00osvLV4AaABAg,-gbn4l4OJgU,🎉🎉🎉,3,2026-08-11T02:29:16Z,candidate
UgzWlQVfxxDIOJqicgZ4AaABAg,EO-ST0pTiNg,😊😊😊😊,0,2026-08-13T10:44:21Z,candidate
UgzW0-M3J87oXBvPp7J4AaABAg,EO-ST0pTiNg,Nice video,0,2026-08-13T10:11:03Z,candidate
Ugxb8yqi-Z9oAR3RfDR4AaABAg,EO-ST0pTiNg,❤❤❤😊😊😊,0,2026-08-13T09:02:18Z,candidate
UgyuSzwBC5-7nkzCk1p4AaABAg,EO-ST0pTiNg,Hi,0,2026-08-13T08:37:55Z,candidate
UgwvgPo11xHu_w9YdTd4AaABAg,EO-ST0pTiNg,😊😊,0,2026-08-13T07:22:28Z,candidate
UgwDndhZrFw12aBXOtd4AaABAg,EO-ST0pTiNg,❤❤,0,2026-08-13T07:22:20Z,candidate
UgwRAcpWCBLs-DKi8ul4AaABAg,EO-ST0pTiNg,😂😂😂😂😂,1,2026-08-13T06:25:25Z,candidate
UgzvkQnMTNaixvTueT14AaABAg,EO-ST0pTiNg,😅😅😅😅😅😅,0,2026-08-13T05:55:26Z,candidate
UgwG9kk8EBS3hcU_cd94AaABAg,EO-ST0pTiNg,Jay mataji ❤❤❤,0,2026-08-13T02:04:53Z,candidate
UgwPJ70MAVBMIGfI3914AaABAg,EO-ST0pTiNg,❤❤😂❤❤,0,2026-08-12T21:59:56Z,candidate
Ugz2z0vLLn8nUzGfKWJ4AaABAg,EO-ST0pTiNg,25:26 haribha 😂😂,0,2026-08-12T20:23:32Z,candidate
UgzyRgWCRtL8DPj3fzB4AaABAg,EO-ST0pTiNg,❤❤,0,2026-08-12T17:53:58Z,candidate
UgxImVHSheCzKSvfQOh4AaABAg,EO-ST0pTiNg,♥️♥️♥️♥️,0,2026-08-12T17:10:40Z,candidate
UgwE62XrQwZVB_vd6_x4AaABAg,EO-ST0pTiNg,❤,0,2026-08-12T16:54:03Z,candidate
Ugy4WDNtxk7EE6D45Rp4AaABAg,EO-ST0pTiNg,❤❤❤❤❤,0,2026-08-12T16:01:01Z,candidate
Ugwgr2TD1f7-LSFEuwR4AaABAg,EO-ST0pTiNg,❤❤❤❤❤,0,2026-08-12T16:00:55Z,candidate
UgxN51KPT8PPR8Mqnwt4AaABAg,EO-ST0pTiNg,Jay mata ji🎉🎉🎉🎉🎉🎉🎉❤❤❤❤❤❤❤❤❤,0,2026-08-12T15:56:55Z,candidate
Ugz4swLJv0j832YIytF4AaABAg,EO-ST0pTiNg,Jay mataji,0,2026-08-12T15:04:11Z,candidate
UgyIvKMxR4SVDg5QhZp4AaABAg,EO-ST0pTiNg,Full support,0,2026-08-12T15:04:05Z,candidate
UgzaIkU2wcBALph7sBV4AaABAg,EO-ST0pTiNg,Super,0,2026-08-12T15:03:59Z,candidate
UgzGsTbJrDCfS2no5cN4AaABAg,EO-ST0pTiNg,❤❤❤❤❤❤❤❤❤,0,2026-08-12T14:46:40Z,candidate
UgzWchl-LcWpKFzG6Nx4AaABAg,EO-ST0pTiNg,DARBAR,0,2026-08-12T14:34:11Z,candidate
UgxqV58f6EV9cYLO36h4AaABAg,EO-ST0pTiNg,😊😢🎉🎉😂,0,2026-08-12T14:33:52Z,candidate
UgzZlKZmxyTPal7ikIV4AaABAg,EO-ST0pTiNg,Jay Ramapir,0,2026-08-12T13:44:38Z,candidate
UgzH7wJmwIWKvOVXnL14AaABAg,EO-ST0pTiNg,Jay babari,0,2026-08-12T13:12:19Z,candidate
UgzhwGF6pLkQTtaZQbB4AaABAg,EO-ST0pTiNg,🎉,0,2026-08-12T11:16:41Z,candidate
Ugy99QfQL5-ZQ2Ow7CZ4AaABAg,EO-ST0pTiNg,Mahisagar lunavada,0,2026-08-12T08:47:24Z,candidate
UgxPZ-wX9kxt7ZFG0Ip4AaABAg,EO-ST0pTiNg,Jordar,0,2026-08-12T08:46:43Z,candidate
UgzK35RghZfxODbIHTt4AaABAg,EO-ST0pTiNg,❤😅😊,0,2026-08-12T08:35:03Z,candidate
UgzqzpjNOcvfMoleQZR4AaABAg,EO-ST0pTiNg,Jay mataji all friend ❤😊,0,2026-08-12T08:35:00Z,candidate
UgxlUMihm3fbNBAfKTF4AaABAg,EO-ST0pTiNg,❤❤❤❤❤😂,0,2026-08-12T08:32:14Z,candidate
Ugzdqe4buPO-puhuYcZ4AaABAg,EO-ST0pTiNg,🧿🧿🧿,0,2026-08-12T08:20:26Z,candidate
Ugybyiss7LlV1cGJPJd4AaABAg,EO-ST0pTiNg,❤❤,0,2026-08-12T08:20:20Z,candidate
Ugy1tz5uK8jqPXwhP0p4AaABAg,EO-ST0pTiNg,Full sapot ❤❤❤❤❤❤,0,2026-08-12T07:44:38Z,candidate
UgxmEvItyKhFZeuRLSN4AaABAg,EO-ST0pTiNg,❤😂😢❤❤,0,2026-08-12T05:34:22Z,candidate
UgzQt5yw3W2vXFpyjR54AaABAg,EO-ST0pTiNg,Super 💯🤍💚,0,2026-08-12T05:05:40Z,candidate
Ugz06xtusOaE-phxzrF4AaABAg,EO-ST0pTiNg,Ano 6 bhag kayre avse,0,2026-08-12T03:30:34Z,candidate
Ugz_UF7VYrZXkcdQJAx4AaABAg,EO-ST0pTiNg,Jay Mataji 🙏,0,2026-08-11T20:02:58Z,candidate
Ugx9imleFgamglAV5VR4AaABAg,EO-ST0pTiNg,Jay mataji,0,2026-08-11T18:43:23Z,candidate
UgwjkhLz4kDjfLHKwxh4AaABAg,EO-ST0pTiNg,You have a real talent.,0,2026-08-11T18:24:50Z,candidate
UgzJhWRW60BfDMTwkgR4AaABAg,EO-ST0pTiNg,Nice,0,2026-08-11T18:16:16Z,candidate
UgxSmVvFJ_2fTRF_mLl4AaABAg,EO-ST0pTiNg,❤❤❤,0,2026-08-11T17:37:20Z,candidate
UgzPS6vy-URKy9TPkQ94AaABAg,EO-ST0pTiNg,❤,0,2026-08-11T17:34:49Z,candidate
UgxqOy5uluKJRBHa28J4AaABAg,EO-ST0pTiNg,Jaymataji,0,2026-08-11T17:13:29Z,candidate
UgyojVDggExUGY4V5mN4AaABAg,EO-ST0pTiNg,happy birthday,0,2026-08-11T17:01:31Z,candidate
UgxvhespF7ANBf8Cl9J4AaABAg,EO-ST0pTiNg,"Jaymataji.
S.B.Hindudstani.",0,2026-08-11T16:47:08Z,candidate
Ugz_7ji6bpBpEC7mUgR4AaABAg,EO-ST0pTiNg,👍💯,0,2026-08-11T16:46:08Z,candidate
UgzljAXfVkI0XY3Km8N4AaABAg,EO-ST0pTiNg,🎉🎉🎉🎉🎉,0,2026-08-11T16:31:17Z,candidate
UgwKD1Cj5LI3Rn6SMlF4AaABAg,EO-ST0pTiNg,Kharikhar vat na thay ho sb time top ❤,0,2026-08-11T16:24:44Z,candidate
UgwvNLUDeeaiMINCplt4AaABAg,EO-ST0pTiNg,❤❤❤❤❤❤,0,2026-08-11T16:23:30Z,candidate
UgwnwhyuL_QyTj1Pv2B4AaABAg,EO-ST0pTiNg,Jay mataji,0,2026-08-11T16:19:11Z,candidate
Ugwaj2oe2g-i1j7nk614AaABAg,EO-ST0pTiNg,❤❤❤❤❤❤❤❤❤❤❤❤❤,0,2026-08-11T16:12:49Z,candidate
UgwqVfOvec_Bu9tZ0M54AaABAg,EO-ST0pTiNg,Ha,0,2026-08-11T16:09:32Z,candidate
UgzJjebPUH9H46QhPKZ4AaABAg,EO-ST0pTiNg,👌👌🇮🇳🇮🇳👌👌,0,2026-08-11T15:47:00Z,candidate
UgwqnRTl1VjTI-OmzyF4AaABAg,EO-ST0pTiNg,❤❤❤❤❤❤❤❤❤❤❤❤❤❤❤❤❤❤❤❤❤❤❤❤❤❤❤❤❤❤❤❤❤❤❤❤❤❤❤❤,0,2026-08-11T15:45:13Z,candidate
UgyM_FBVpX5b8gxBfUh4AaABAg,EO-ST0pTiNg,0:26 ❤,0,2026-08-11T15:43:28Z,candidate
UgzPLlEwtHtReIc6SOp4AaABAg,EO-ST0pTiNg,🙏🚩JAY MATAJI JAY MAA ASHAPURA BHARATSHIN CHAUHAN LAVAD 🚩🙏,0,2026-08-11T15:40:40Z,candidate
UgzRsoB9AmuCl0x-5fp4AaABAg,EO-ST0pTiNg,😂😂😂,0,2026-08-11T15:40:19Z,candidate
Ugwt3pEsFlofLWDN_0l4AaABAg,EO-ST0pTiNg,😅❤❤😂😂😂,0,2026-08-11T15:39:01Z,candidate
Ugxe4h_qnefYl5n4PLN4AaABAg,EO-ST0pTiNg,🙏🙏🙏❤️❤️,0,2026-08-11T15:38:40Z,candidate
UgwdL6KTBq18zrxzf7h4AaABAg,EO-ST0pTiNg,Jay mataji ❤❤,0,2026-08-11T15:30:44Z,candidate
UgxZrh7sVYWx409d_Ql4AaABAg,EO-ST0pTiNg,Superhit episode,0,2026-08-11T15:23:15Z,candidate
Ugytvdm2fvVZ63sVWV54AaABAg,EO-ST0pTiNg,I love sb hindustani tim ❤,0,2026-08-11T15:19:14Z,candidate
Ugz3uZMVD-_oMsCiMMF4AaABAg,EO-ST0pTiNg,❤❤❤,2,2026-08-11T15:12:59Z,candidate
Ugxx1xSQERj55sUdFIR4AaABAg,EO-ST0pTiNg,Hu rah johu,0,2026-08-11T15:08:43Z,candidate
Ugx984NDBDB2MBroB1t4AaABAg,EO-ST0pTiNg,❤❤❤❤❤,0,2026-08-11T14:59:50Z,candidate
Ugwl1WLuAQlUwyk_FdB4AaABAg,EO-ST0pTiNg,😢😢😢😢😢,0,2026-08-11T14:52:55Z,candidate
UgwwGhwWx3PWW9oFDmp4AaABAg,EO-ST0pTiNg,Jay babari,0,2026-08-11T14:51:14Z,candidate
UgwzPuqRVJWN9jEQJJF4AaABAg,EO-ST0pTiNg,𝕁𝕒𝕪 𝕙𝕒𝕣𝕤𝕙𝕚𝕕𝕕𝕙𝕚🚩🚩🚩,0,2026-08-11T14:51:12Z,candidate
UgxYEqzuvxErMX9fVy14AaABAg,EO-ST0pTiNg,👌❤👌❤👌❤,1,2026-08-11T14:44:20Z,candidate
UgyNQn7EjcIrZfk2t554AaABAg,EO-ST0pTiNg,😅😅😅😅😅😅😅,1,2026-08-11T14:43:56Z,candidate
UgzbYXQ5ZfkQ1W7m0rZ4AaABAg,EO-ST0pTiNg,❤❤❤❤❤❤❤❤❤,1,2026-08-11T14:43:45Z,candidate
UgyrTh3C49vQN9UPAfl4AaABAg,EO-ST0pTiNg,❤❤❤❤❤,0,2026-08-11T14:39:57Z,candidate
UgxmGrOHOIIlIlZLCgR4AaABAg,EO-ST0pTiNg,Suppar 😂😂👌👌,0,2026-08-11T14:39:21Z,candidate
UgzJKym7oUnKdDZszTx4AaABAg,EO-ST0pTiNg,Jay mataji,0,2026-08-11T14:35:22Z,candidate
Ugw5RfpJZHrBv5sdedV4AaABAg,EO-ST0pTiNg,"51,139 like😊",0,2026-08-11T14:35:19Z,candidate
UgyuuuB_zGYvuQfsR7p4AaABAg,EO-ST0pTiNg,Jay mama Dev,0,2026-08-11T14:35:03Z,candidate
UgyEuioloeP6_-wSrZ94AaABAg,EO-ST0pTiNg,🎉🎉🎉,0,2026-08-11T14:29:17Z,candidate
UgyW0TLB-lGkwCxtAOp4AaABAg,EO-ST0pTiNg,🎉🎉🎉,0,2026-08-11T14:29:11Z,candidate
UgzjPC4hd601XczR-m54AaABAg,EO-ST0pTiNg,Mr India no episode moklo plz ❤,0,2026-08-11T14:22:31Z,candidate
Ugz94tVb8zOLgo4fiTt4AaABAg,EO-ST0pTiNg,Jay mataji 👏,0,2026-08-11T14:19:34Z,candidate
UgzB9oeUM9Y0oR7uC8Z4AaABAg,EO-ST0pTiNg,❤❤,0,2026-08-11T14:17:00Z,candidate
UgwsVEqagsT4Ic4WZZJ4AaABAg,EO-ST0pTiNg,Gamma rich no hahakar part 2 banavo❤🎉,0,2026-08-11T14:15:58Z,candidate
UgzKy6Ley_LPMJBgS1p4AaABAg,EO-ST0pTiNg,19:17,2,2026-08-11T14:08:26Z,candidate
UgxSiQwFIHh2KSuY4PR4AaABAg,EO-ST0pTiNg,19:11,1,2026-08-11T14:08:21Z,candidate
UgwKL2QmJRfloj-FWfR4AaABAg,EO-ST0pTiNg,19:02,1,2026-08-11T14:08:13Z,candidate
UgxtVRzM6goM6Yq3g214AaABAg,EO-ST0pTiNg,18:57,1,2026-08-11T14:08:07Z,candidate
UgxZuZhYVJZal78wFoh4AaABAg,EO-ST0pTiNg,❤,1,2026-08-11T14:08:01Z,candidate
UgwKFoJqUIFzU4jMGKF4AaABAg,EO-ST0pTiNg,❤❤❤❤,0,2026-08-11T14:06:34Z,candidate
Ugyd-fGhE_YFoWMjfKN4AaABAg,EO-ST0pTiNg,Jay shadhi maa,0,2026-08-11T13:57:12Z,candidate
UgzPgm85yZu6wHYhbb14AaABAg,EO-ST0pTiNg,Har har mahadev ❤❤❤❤❤,0,2026-08-11T13:54:00Z,candidate
UgxYdB6fhW8cMRIx-E54AaABAg,EO-ST0pTiNg,❤❤❤❤❤❤❤❤❤❤❤❤❤❤❤❤❤❤❤,1,2026-08-11T13:49:42Z,candidate
Ugx_J_xOr3y1rs92Id14AaABAg,EO-ST0pTiNg,😂,1,2026-08-11T13:20:57Z,candidate
Ugw1l3MkQfsa4mUom1N4AaABAg,EO-ST0pTiNg,❤❤❤❤,1,2026-08-11T13:06:29Z,candidate
UgzESRxvWWAesU7FMmR4AaABAg,EO-ST0pTiNg,Moj 😅😅,1,2026-08-11T12:58:02Z,candidate
Ugy2Unk3gCLx1DmW0gR4AaABAg,EO-ST0pTiNg,❤❤❤,1,2026-08-11T12:57:57Z,candidate
UgywzJYPMNNIn0eAfIF4AaABAg,EO-ST0pTiNg,❤🎉😊,1,2026-08-11T12:57:26Z,candidate
UgyNVzFFwPz8LPnryrl4AaABAg,EO-ST0pTiNg,❤🎉,1,2026-08-11T12:55:34Z,candidate
Ugy_In5YYYOKwYF-ldJ4AaABAg,EO-ST0pTiNg,HAPPY. BIRTHDAY.,1,2026-08-11T12:55:20Z,candidate
Ugwj6KdvMTnH_kS9obp4AaABAg,EO-ST0pTiNg,❤,0,2026-08-11T12:54:27Z,candidate
Ugx9R18tMH9qVL_P5n94AaABAg,EO-ST0pTiNg,Kaka bhatrija no bhag bahu time thai gayo aavyo nathi amno bhag banavo,0,2026-08-11T12:42:16Z,candidate
UgyE-OZUTXeyyFZbo1Z4AaABAg,EO-ST0pTiNg,❤,0,2026-08-11T12:25:32Z,candidate
UgynDkdKdeZgMWO4_q14AaABAg,EO-ST0pTiNg,Khub saras samajva jevi vaat kari che   Aa 5 episode ma 🙏👍,1,2026-08-11T12:04:26Z,candidate
UgwWqOsZ5WnuG_judgd4AaABAg,EO-ST0pTiNg,❤❤❤❤❤❤❤❤❤❤❤❤❤❤😂😂,0,2026-08-11T12:00:55Z,candidate
UgwLraCRJc05r_J3w714AaABAg,EO-ST0pTiNg,Matka change ki tha vagu bhai,0,2026-08-11T11:53:26Z,candidate
UgzKX32pxW4SUrEbxkp4AaABAg,EO-ST0pTiNg,😂😂,0,2026-08-11T11:43:31Z,candidate
Ugza6agRPENrpASSVBd4AaABAg,EO-ST0pTiNg,❤❤❤❤❤,0,2026-08-11T11:30:14Z,candidate
UgyhDcKmmeN5NPDryFN4AaABAg,EO-ST0pTiNg,Happy Birthday fumtar ji,0,2026-08-11T11:12:24Z,candidate
UgwOF5tG4wWJvtyhF3t4AaABAg,EO-ST0pTiNg,(😂😂),0,2026-08-11T10:37:46Z,candidate
Ugz6aKrjk4v93jc_VLV4AaABAg,EO-ST0pTiNg,❤❤❤❤❤❤❤❤❤❤❤❤❤❤❤❤,1,2026-08-11T10:34:54Z,candidate
Ugz90XKXKopk87WmqR14AaABAg,EO-ST0pTiNg,Mumtaj ji ne bata follow karo,0,2026-08-11T10:29:38Z,candidate
UgzXjGli-5ee2CYLKq54AaABAg,EO-ST0pTiNg,🤗Jay Mataji SB Team 💕✨,4,2026-08-11T10:25:17Z,candidate
UgyYPuSkmID4paiKD5R4AaABAg,EO-ST0pTiNg,Jay.mataji.,3,2026-08-11T10:22:30Z,candidate
UgxGpgi9Sv1zC9199_h4AaABAg,EO-ST0pTiNg,Amrajina muvada thi kon kon jove se  .S.RAJ,1,2026-08-11T09:59:42Z,candidate
UgxkdgDFR2otwN_sEgB4AaABAg,SR5eWfb5oYo,Sarpanch hoytoj maja aave tame samjo,0,2026-08-10T17:34:22Z,candidate
UgzYRRFTxJ6izTzAYiR4AaABAg,SR5eWfb5oYo,😂😂😂😂😂😂,0,2026-08-10T12:33:00Z,candidate
UgxZ5WCtGHZYgAoCEsJ4AaABAg,SR5eWfb5oYo,Aa.juni.team.hoytoj.video.jovani.maja.aaveche..shailesh.m.sindhiya..sonsan.prantij..sabarkantha..lattari.binari.roshnni.chandrika.yogita.ranjan.aa.ju.ni.team.jode.video.banavo.jovani.darekne.majapdeche.liko.pan.sarimalse.abhinadan.,1,2026-08-10T12:06:16Z,candidate
UgzwsxBGl5QLJVQ-WG14AaABAg,SR5eWfb5oYo,Kali. Garvali no. Bhag. Jaldi. Banavo,0,2026-08-06T07:56:40Z,candidate
UgxAqEeSjNcYem0zYPp4AaABAg,SR5eWfb5oYo,Super 👌👌👌,0,2026-08-06T07:25:30Z,candidate
UgzUYokGxZrb9Kq4DmN4AaABAg,SR5eWfb5oYo,❤❤❤❤,0,2026-08-06T05:24:41Z,candidate
Ugw-g2EJChyxOOow9f94AaABAg,SR5eWfb5oYo,😂,0,2026-08-05T17:29:37Z,candidate
Ugw41RXvO9cJ-M9mhRN4AaABAg,SR5eWfb5oYo,😮😮😅😅😅n all,0,2026-08-05T13:20:18Z,candidate
UgxAWE7orEKdF7ckS3V4AaABAg,SR5eWfb5oYo,Aa ledies badlo vagu bha kadav bha .....view gatase divas divas  ae kadva bha na gare thi che ne ae ledies sarpanch na gar thi amni to acting sari che .. please koi bejie ledies navo,0,2026-08-04T20:44:04Z,candidate
UgzVOIuzS4a6DxSmVCB4AaABAg,SR5eWfb5oYo,🎉🎉🎉🎉🎉,0,2026-08-04T18:37:07Z,candidate
UgwX05SakCtqv3He7v54AaABAg,SR5eWfb5oYo,❤❤,0,2026-08-04T16:39:13Z,candidate
UgxpRvIaYNvN_9kBYSV4AaABAg,SR5eWfb5oYo,aavo bijo bhag bnavo gtuji sarpanch kadvaji,0,2026-08-04T16:11:10Z,candidate
UgybTsQVbEYpF4VvgbJ4AaABAg,SR5eWfb5oYo,❤❤ Jay mataji 🙏,0,2026-08-04T14:50:49Z,candidate
UgxsgZ5lqJS2No8iM0J4AaABAg,SR5eWfb5oYo,Ava bhag banavo maza ave,0,2026-08-04T13:21:54Z,candidate
UgwycfSQPY6atgMQc-94AaABAg,SR5eWfb5oYo,Super bhag,0,2026-08-04T13:21:24Z,candidate
UgwEsIoOwOB1YbXx7ql4AaABAg,SR5eWfb5oYo,ChaMunD SaDaa SaHaaYaTe . ChaMunD TeRa SaHaaRa .,1,2026-08-04T09:45:02Z,candidate
Ugy5U9RIbQsA5qCLVcd4AaABAg,SR5eWfb5oYo,"Jay mataji 
Jay mataji",0,2026-08-04T08:21:03Z,candidate
UgzXV05nVJCPGKJBVA94AaABAg,SR5eWfb5oYo,At to bend azz the js Verma and smart,0,2026-08-04T07:31:41Z,candidate
UgyIbgNV0IQQ-E5AP-Z4AaABAg,SR5eWfb5oYo,At this time for you read,0,2026-08-04T07:31:22Z,candidate
UgzzVSKl9qiNPqaIU_J4AaABAg,SR5eWfb5oYo,Full screen and smart ways for the following ad listing the next,0,2026-08-04T07:30:59Z,candidate
UgytJrtbtZUISMRz9UV4AaABAg,SR5eWfb5oYo,JORADAR VAGUBHA GOOD BHULAKANIY.VAGUBHA.NOBHAG.BANAVO,0,2026-08-04T07:24:37Z,candidate
Ugz6pCWeQiSyhiwm_cR4AaABAg,SR5eWfb5oYo,🎉🎉😊😊😊,0,2026-08-04T07:03:25Z,candidate
UgyiBd6d31MfrxO9-TV4AaABAg,SR5eWfb5oYo,❤❤❤❤,0,2026-08-04T06:20:24Z,candidate
UgwkA4CVDwJ_gpoXhyR4AaABAg,SR5eWfb5oYo,Nice,0,2026-08-04T06:15:34Z,candidate
UgxeoQHMFt8k0A49KEh4AaABAg,SR5eWfb5oYo,Jiv...Jogni maa ❤❤,2,2026-08-04T05:18:17Z,candidate
UgxClmdOxegNEJDM-nN4AaABAg,SR5eWfb5oYo,Vemilu bairu banao laala ne batavo yaar,0,2026-08-04T04:48:03Z,candidate
UgyFuTHphQjGzJlELQN4AaABAg,SR5eWfb5oYo,Jay mataji,0,2026-08-04T03:21:34Z,candidate
Ugwbkw519HjLmZ98beh4AaABAg,SR5eWfb5oYo,Bhag 2,2,2026-08-04T02:40:38Z,candidate
UgyBGfTnzVPsIlWSksd4AaABAg,SR5eWfb5oYo,Ha Moj Ha,2,2026-08-04T02:33:55Z,candidate
UgxpzpdTwaRn181Y8KZ4AaABAg,SR5eWfb5oYo,Super,2,2026-08-04T02:33:45Z,candidate
UgzFl_3ezV6qFgKzX9d4AaABAg,SR5eWfb5oYo,Nice,2,2026-08-04T02:33:31Z,candidate
UgyYNhbOzgV17w7KkOV4AaABAg,SR5eWfb5oYo,Jay mataji,2,2026-08-04T02:33:20Z,candidate
UgxOIuk89x9E19u0QHN4AaABAg,SR5eWfb5oYo,Jay Dwarkadhish,3,2026-08-04T02:33:12Z,candidate
UgyCnqevW7GPb7x1Axx4AaABAg,SR5eWfb5oYo,Ava mast video banavo❤❤,1,2026-08-04T01:58:02Z,candidate
UgzGR2sdcvL848C0lOx4AaABAg,MgdQkfEKZ8A,😂😂😂,0,2026-08-06T11:07:59Z,candidate
Ugy-uV2jNubr3FVLFox4AaABAg,MgdQkfEKZ8A,😊😊,1,2026-07-28T15:45:13Z,candidate
UgyHS2tC-pZcgYOIc_14AaABAg,MgdQkfEKZ8A,❤❤,0,2026-07-26T17:22:37Z,candidate
Ugz0VmAx_QwUnQDp5nd4AaABAg,MgdQkfEKZ8A,❤❤,0,2026-07-26T16:23:53Z,candidate
UgyiEgu74Riyjgvmicx4AaABAg,MgdQkfEKZ8A,❤❤,0,2026-07-25T21:45:16Z,candidate
UgxTkGBE9qU1yaqRyt54AaABAg,MgdQkfEKZ8A,😂😂😂🤫🤫🤫🫵🫵🫵,1,2026-07-25T17:57:49Z,candidate
Ugwm6M9M7awSyWf1iWN4AaABAg,MgdQkfEKZ8A,Result Nahi Brabr Camera Nu,0,2026-07-25T17:14:54Z,candidate
Ugx9um_Vz4FT_KjwwDh4AaABAg,MgdQkfEKZ8A,Kanajithakorrandala,1,2026-07-25T15:28:06Z,candidate
UgyEtv0l_5RfZBvBmIZ4AaABAg,MgdQkfEKZ8A,Super 👌👌👌,1,2026-07-25T14:50:14Z,candidate
UgwKTyVWevLBS-WDfSV4AaABAg,MgdQkfEKZ8A,❤❤❤❤❤❤❤❤❤❤❤❤,0,2026-07-25T11:36:49Z,candidate
UgxWBMj6YFlultmKL0x4AaABAg,MgdQkfEKZ8A,Namo bhag bnao Jo,1,2026-07-25T11:20:28Z,candidate
Ugxfvee2rxtFyCUzESV4AaABAg,MgdQkfEKZ8A,Superb acting kadvaji ❤❤❤❤❤❤🎉🎉🎉🎉🎉🎉,0,2026-07-25T10:47:36Z,candidate
Ugz_FLrzXRj9dNk8q-N4AaABAg,MgdQkfEKZ8A,Superb acting kadvaji vaghubha ❤❤❤❤🎉🎉🎉🎉,0,2026-07-25T10:47:18Z,candidate
UgxXqGApxJWu4ve15ch4AaABAg,MgdQkfEKZ8A,Superb acting kadvaji vaghubha methaji chehaji jode hoe atle video Jova ni mja j aave ❤❤❤❤❤,1,2026-07-25T10:46:58Z,candidate
UgzZiT-qKfoUHVJyrt54AaABAg,MgdQkfEKZ8A,Superb acting kadvaji vaghubha methaji chehaji All team ❤❤❤❤,1,2026-07-25T10:46:18Z,candidate
UgzA73YOtQ2sREgKVr14AaABAg,MgdQkfEKZ8A,Superb acting kadvaji vaghubha methaji chehaji tinaji khataji Lata ben gatuji ❤❤❤❤❤❤,2,2026-07-25T10:45:45Z,candidate
Ugyvnr6Z7acSXkrI2PR4AaABAg,MgdQkfEKZ8A,नव मो भाग बनावो फटाफट,0,2026-07-25T09:23:31Z,candidate
Ugz-CApXWCp_tD8SSCB4AaABAg,MgdQkfEKZ8A,Ha moj ha Jay mataji bhaiyo ❤❤❤❤❤❤❤❤,1,2026-07-25T08:39:00Z,candidate
Ugy8_vlQsmIrm1GEVxZ4AaABAg,MgdQkfEKZ8A,Nich,0,2026-07-25T08:13:59Z,candidate
UgydaZZolAWRjNOsGdF4AaABAg,MgdQkfEKZ8A,Badha carecter na Face bahu red dekhay che camera nu setting karo,0,2026-07-25T07:31:11Z,candidate
UgztbE5Hk_TDztPJ2hN4AaABAg,MgdQkfEKZ8A,Shree Ram,1,2026-07-25T05:40:24Z,candidate
Ugzj3wVrZocplUqTTqV4AaABAg,MgdQkfEKZ8A,❤ Jay Ashapura ❤,3,2026-07-25T05:27:07Z,candidate
UgwuQsn8bY0rPnRaZuB4AaABAg,MgdQkfEKZ8A,Full injoy video..1 number એક્ટિંગ બધા ની ❤,5,2026-07-25T05:25:30Z,candidate
UgxCv-fSz0Qw513zjHZ4AaABAg,MgdQkfEKZ8A,Ha Moj Ha,3,2026-07-25T04:57:53Z,candidate
UgyeGECV_hw4_vCrPJF4AaABAg,MgdQkfEKZ8A,Nice,3,2026-07-25T04:57:34Z,candidate
UgzFdvoK5Xtv_-ktTDh4AaABAg,MgdQkfEKZ8A,Super,4,2026-07-25T04:57:26Z,candidate
UgyboA4UiEtGy6pXXG14AaABAg,MgdQkfEKZ8A,Jay mataji,3,2026-07-25T04:57:17Z,candidate
Ugwyek5_7Odua5y95WZ4AaABAg,MgdQkfEKZ8A,Jay Dwarkadhish,4,2026-07-25T04:57:09Z,candidate
UgwK4uJPfS_9JFg3f594AaABAg,MgdQkfEKZ8A,Sarpanch video bagade chhe,2,2026-07-25T04:38:37Z,candidate
UgwCCA3EjlBcXIkOqXF4AaABAg,MgdQkfEKZ8A,Papa Ni pari bhag banavo,2,2026-07-25T04:29:29Z,candidate
UgzX9-F036Txrc-d5714AaABAg,MgdQkfEKZ8A,Kadava bha best video se banavo so,1,2026-07-25T04:04:26Z,candidate
UgxcmoRcSC5-8UFmnlp4AaABAg,MgdQkfEKZ8A,🎉🎉🎉🎉🎉👌👌👌🙏🙏🙏👌👌❤❤❤❤💯💯💯💯💯💯🫂🫂🫂🫂🫂🫂🫂💯👑👑👑👑👑👑👑👑👑👑👑,0,2026-07-25T03:34:51Z,candidate
UgyCzllkRzfl0DwJXXt4AaABAg,MgdQkfEKZ8A,Jiv..Jogni maa ❤,4,2026-07-25T03:16:28Z,candidate
Ugw-DxoBfDlEh11XtTN4AaABAg,MgdQkfEKZ8A,Aa vagubha sandri bai bolu su e hobhrvani  maja Aav s,9,2026-07-25T03:06:01Z,candidate
UgwmuOHADzhna13UgZJ4AaABAg,MgdQkfEKZ8A,❤❤❤,2,2026-07-25T01:31:37Z,candidate
UgxKHe2jJ56BRJCEQER4AaABAg,VtjdCRG0uFc,"For More Such Videos Subscribe to our channels - 

https://www.youtube.com/@shemaroogujarati
https://www.youtube.com/@shemaroogujaratimusic1004
https://www.youtube.com/@gujaraticomedy5787
https://www.youtube.com/@shemaroogujaratimanoranjan2663

Follow us on
 
Facebook - https://www.facebook.com/shemaroogujarati/
Twitter - https://twitter.com/ShemarooGuj
Instagram - https://www.instagram.com/shemarooguj/?hl=en",71,2025-03-21T06:41:46Z,candidate
UgwiR5I1ZLdPFlaeksp4AaABAg,VtjdCRG0uFc,Witicy,0,2026-06-29T08:23:14Z,candidate
Ugzku7UcBI25pSBIQsp4AaABAg,VtjdCRG0uFc,❤❤❤❤❤❤🎉🎉😢😢,0,2026-04-11T17:42:39Z,candidate
UgyPdqHcIH7EX3ilC4l4AaABAg,VtjdCRG0uFc,😅,0,2026-04-08T16:26:04Z,candidate
UgxsAfDAl-g8wzLek5B4AaABAg,VtjdCRG0uFc,Bjii,0,2026-03-29T17:04:27Z,candidate
UgxEEi-GbF21MslNrgB4AaABAg,VtjdCRG0uFc,❤❤❤❤❤❤❤LoveEMJNHHij❤❤,0,2026-02-09T13:44:19Z,candidate
UgwAvq1tLQ0pkjel__54AaABAg,VtjdCRG0uFc,❤❤❤❤❤❤❤LoveEMJNHHij❤❤,0,2026-02-09T13:43:51Z,candidate
UgwPQW0RvVcWZxid5PR4AaABAg,VtjdCRG0uFc,❤😂,1,2026-01-16T14:09:33Z,candidate
UgyOCEJl7lScz9Kbe-J4AaABAg,VtjdCRG0uFc,❤❤❤❤❤❤❤❤❤❤❤❤❤❤❤❤🎉🎉🎉🎉🎉🎉🎉🎉🎉🎉🎉🎉🎉🎉😊😊😊😊😊😊😊😊😊😊,0,2026-01-16T13:50:22Z,candidate
UgxremTfHclFS0FwOgd4AaABAg,VtjdCRG0uFc,😂😂😂😂😂😅😅😅,3,2026-01-05T15:53:34Z,candidate
UgxVGaRKkmmahRasDW54AaABAg,VtjdCRG0uFc,"Aehfubfu
Tjrui5uf32268",0,2025-12-03T08:18:53Z,candidate
UgwzsjmKT_gjWH-mysp4AaABAg,VtjdCRG0uFc,❤❤❤❤❤,0,2025-10-18T16:03:34Z,candidate
Ugy0vG8c7xzxYPZJEzV4AaABAg,VtjdCRG0uFc,MC,0,2025-09-15T23:34:18Z,candidate
Ugwz7EgumaOCOqzHaCx4AaABAg,VtjdCRG0uFc,❤❤❤❤🎉🎉🎉🎉😊😊😮😮❤❤🎉🎉🎉🎉❤❤❤❤❤❤❤❤😊😊😊😊😊😊😊😊😊😊😊,0,2025-07-14T15:37:54Z,candidate
UgyX2tYZjkxo4K3Ue_Z4AaABAg,VtjdCRG0uFc,❤❤❤❤,0,2025-06-25T13:05:47Z,candidate
UgyskOAFTDKJerA_xWh4AaABAg,VtjdCRG0uFc,Aa film ma Akhi ne akhi jitu mangu ni teem che,0,2025-06-16T05:15:47Z,candidate
UgwjIDZiHBK_TscqMlJ4AaABAg,VtjdCRG0uFc,Jitu mangu ne pushpa 2 ma dakha hata ne banva aay gya don jitu,0,2025-06-16T05:14:17Z,candidate
UgyjuN9q24yAjo10WWh4AaABAg,VtjdCRG0uFc,❤❤❤❤😂😂😂😂,0,2025-06-14T07:52:56Z,candidate
Ugx_I2KKae5Pe_SrlM14AaABAg,VtjdCRG0uFc,❤❤😢❤😢❤😢😢😂😂,4,2025-06-13T06:47:11Z,candidate
UgyFP0ci00g3ohvbhN14AaABAg,VtjdCRG0uFc,Hi,2,2025-06-12T14:23:44Z,candidate
UgwDR5045nLsgvn_5Sl4AaABAg,VtjdCRG0uFc,🙏🙏🙏🙏🙏🙏👍👍👍,0,2025-05-13T09:58:32Z,candidate
UgxozwAoMG23vAINleR4AaABAg,VtjdCRG0uFc,Movie name,0,2025-04-08T07:25:14Z,candidate
UgxCbTCgW46ZZhefUzN4AaABAg,VtjdCRG0uFc,Ranjit gohil savli jitubhai ketanbhai imanadar dhara sabhay ni bajuma bhai,0,2025-04-07T09:19:37Z,candidate
UgwJ7LWJks5CPmGyUsV4AaABAg,VtjdCRG0uFc,Vaah. Vaah,1,2025-04-06T11:18:38Z,candidate
Ugy-IiV7kpWH6EGFW-x4AaABAg,VtjdCRG0uFc,❤❤❤❤❤❤❤❤❤🎉🎉🎉🎉🎉🎉🎉😊😊😊,2,2025-04-04T04:25:50Z,candidate
UgyEBqlFc0x564PmL0Z4AaABAg,VtjdCRG0uFc,Super comedy juti ho 🥰🥰👍👍,7,2025-04-02T16:29:25Z,candidate
Ugzh8eQmG2DMVCc-lu54AaABAg,VtjdCRG0uFc,सिंगर अजीत खेर सपोर्ट करिए भाई 🎉🎉🎉🎉❤❤❤❤ सबनी कोटेदा,11,2025-04-01T06:14:43Z,candidate
Ugx2m5uLuiF3_9SYwHl4AaABAg,VtjdCRG0uFc,❤❤❤❤,1,2025-03-29T16:36:49Z,candidate
UgxehnABenYqmOmqzVV4AaABAg,VtjdCRG0uFc,Andar t shirt colour baday lago k su,3,2025-03-27T08:10:54Z,candidate
UgwKb7L39FvmSpV7qSl4AaABAg,VtjdCRG0uFc,😮😮,2,2025-03-26T14:25:45Z,candidate
UgzZED8bf4xgKggY7zp4AaABAg,VtjdCRG0uFc,Hi,1,2025-03-25T07:45:55Z,candidate
UgwELdXWJPLFl9VWXXR4AaABAg,VtjdCRG0uFc,सागर भील 😅,2,2025-03-24T14:50:15Z,candidate
UgwkuStHB2NmLkhcWOl4AaABAg,VtjdCRG0uFc,Jitu mangu 😂😂,1,2025-03-24T14:35:10Z,candidate
UgylSPYmjXkhchqhXAh4AaABAg,VtjdCRG0uFc,Nice video,1,2025-03-24T07:59:58Z,candidate
UgyIz2Qveokiy6uP7dx4AaABAg,VtjdCRG0uFc,Nice😮,7,2025-03-24T04:22:01Z,candidate
Ugyst8uQBHYQghM1IC54AaABAg,VtjdCRG0uFc,खराडीसतराभाई विरमपुर,3,2025-03-23T15:21:16Z,candidate
UgwpUzo85ZzOwZZpR3R4AaABAg,D5TXJpbG7hk,Kadava bha,0,2026-08-13T09:33:11Z,candidate
UgwXbCbKDmghq-1Xusd4AaABAg,D5TXJpbG7hk,Bina ne laavo bhai,0,2026-08-12T14:40:48Z,candidate
UgzQwfC0ExlothtePGV4AaABAg,D5TXJpbG7hk,Super 👌👌👌,0,2026-08-12T14:37:43Z,candidate
Ugx0sJCz97IizfkpJEp4AaABAg,D5TXJpbG7hk,❤❤,0,2026-08-12T10:18:55Z,candidate
UgzhvLa3aqgh1dgT_Bx4AaABAg,D5TXJpbG7hk,Superb kadvaji ❤❤❤❤❤🎉🎉🎉🎉,1,2026-08-12T08:59:50Z,candidate
UgxZA-iu-dQ4mT58lSR4AaABAg,D5TXJpbG7hk,Superb acting kadvaji ❤❤ vaghubha ❤❤❤,2,2026-08-12T08:59:35Z,candidate
Ugz_s52gUZXgP-JXikx4AaABAg,D5TXJpbG7hk,Superb acting kadvaji vaghubha khataji All team ❤❤❤,1,2026-08-12T08:59:17Z,candidate
UgzHHhqEl-FUQtZtiid4AaABAg,D5TXJpbG7hk,Superb acting kadvaji vaghubha methaji chehaji jode hoe atle video Jova ni mja j aave ❤❤❤❤,2,2026-08-12T08:58:52Z,candidate
UgxPLEE02awba9Z4lRV4AaABAg,D5TXJpbG7hk,Superb acting kadvaji vaghubha methaji chehaji khataji tinaji kaluji popatlal lata ben,1,2026-08-12T08:58:16Z,candidate
UgyhSl_ucekKcpACasZ4AaABAg,D5TXJpbG7hk,❤❤🎉,0,2026-08-12T08:42:28Z,candidate
UgzbbS_CPd8i_yKqLM94AaABAg,D5TXJpbG7hk,Super  video,0,2026-08-12T07:27:35Z,candidate
UgyHzK8o0Xvs4EsmPBV4AaABAg,D5TXJpbG7hk,Biju badhu to thik chhe pan kadva bha jode barabar thayu😂,2,2026-08-12T06:34:49Z,candidate
UgxJhYYARjhouLNHtnp4AaABAg,D5TXJpbG7hk,Vah,1,2026-08-12T06:11:20Z,candidate
UgxFMG-NjF5S0f_VVOt4AaABAg,D5TXJpbG7hk,Jay mataji 🙏🙏,0,2026-08-12T06:05:11Z,candidate
UgxhdUUgO2kVvFv3x9p4AaABAg,D5TXJpbG7hk,👍👍👍,0,2026-08-12T05:36:02Z,candidate
UgynGwu9A1I3XDydLpp4AaABAg,D5TXJpbG7hk,દશામાં નો અવતાર | Dashama No Avtar | Full Gujarati Movie 2026   આ ફિલ્મ ખાસ જુઓ aI થી આખી ફિલ્મ બનાવેલી છે,2,2026-08-12T04:25:21Z,candidate
UgzQw-mfiskC4q_NmfN4AaABAg,D5TXJpbG7hk,❤ Jay Ashapura ❤,4,2026-08-12T03:49:21Z,candidate
Ugy0vT7Tp7Fxo62rCXd4AaABAg,D5TXJpbG7hk,Super,4,2026-08-12T03:37:09Z,candidate
UgzFkw9BZywaDdlrGXx4AaABAg,D5TXJpbG7hk,Nice,3,2026-08-12T03:37:02Z,candidate
UgwR69or6I7qhrakUKp4AaABAg,D5TXJpbG7hk,Jay mataji ❤,4,2026-08-12T03:36:57Z,candidate
UgykrSII3fnHYIXLEnJ4AaABAg,D5TXJpbG7hk,Jay Dwarkadhish ❤,4,2026-08-12T03:36:48Z,candidate
UgzQ9Y-GSw7E53FlFMZ4AaABAg,D5TXJpbG7hk,Vaghubhaa jordar acting che tamari,8,2026-08-12T03:26:12Z,candidate
UgyouaPl8Fm7t4-Zprx4AaABAg,D5TXJpbG7hk,3 bhag banavo,5,2026-08-12T03:21:53Z,candidate
UgymEQALiJAHjMJQSKN4AaABAg,D5TXJpbG7hk,❤❤❤❤3🎉🎉🎉🎉🎉🎉🎉🎉🎉👌👌👌👌👌👌👌🙏🙏🙏🙏🙏,2,2026-08-12T03:03:04Z,candidate
UgzEzAGkAzW3DYrplIJ4AaABAg,tTgA0SVMzQI,Nexpart.2,1,2026-08-13T09:47:11Z,candidate
UgxvGW1CiM2gQhJkHph4AaABAg,tTgA0SVMzQI,Jay mataji ❤❤❤😂😂😢😢😮😅,2,2026-08-13T07:16:48Z,candidate
Ugx-afWLzJiVR9Wxkkt4AaABAg,tTgA0SVMzQI,G,2,2026-08-13T07:14:57Z,candidate
UgypwHRMEQVCDys4cah4AaABAg,BF-zlNCs5Bw,❤❤😂😂🎉🎉😢,0,2026-08-12T19:47:16Z,candidate
Ugyg_OVTNROE4S0gKNR4AaABAg,BF-zlNCs5Bw,𝗔𝗶𝗸𝗹𝗮𝗷 𝘁𝗼𝗼.. 𝗝𝗶🌹,0,2026-08-12T08:50:27Z,candidate
UgwuanYRP47UEIotA-R4AaABAg,BF-zlNCs5Bw,❤❤❤❤,0,2026-08-11T17:45:40Z,candidate
Ugy-Xy3SiHjusaa2d154AaABAg,BF-zlNCs5Bw,Supar jox,1,2026-08-10T12:40:49Z,candidate
UgzE73UecuuHd8slBKd4AaABAg,BF-zlNCs5Bw,❤️❤️❤️,0,2026-08-09T09:51:22Z,candidate
Ugy-ecrVbtsmx0Ds-Fp4AaABAg,BF-zlNCs5Bw,Nice,1,2026-08-07T09:17:25Z,candidate
Ugy6yQtVaGPbAwyCWkZ4AaABAg,BF-zlNCs5Bw,Hmmm,0,2026-08-07T07:49:46Z,candidate
UgxjsLHtd3u6GASjce14AaABAg,BF-zlNCs5Bw,❤❤❤❤❤,0,2026-08-05T20:44:22Z,candidate
UgzT_21BuXM-zmztSB14AaABAg,BF-zlNCs5Bw,Tame.nichai.shu.pharu.chai.,2,2026-08-04T18:16:00Z,candidate
UgxAQNTneaAAEH3jAMh4AaABAg,BF-zlNCs5Bw,Tame.nicha.shu.pharu.chai.,5,2026-08-04T18:15:12Z,candidate
Ugy7fGd_Hmx77w5O5QZ4AaABAg,BF-zlNCs5Bw,"we like yr video but pls learn to resiprocate our comments, looks like it is one way street , we comment but u never give us feed back on our comments.That is not fair,so pls pls make two way street, give and take",2,2026-08-04T04:30:40Z,candidate
Ugw7eTYFv6qm7GPcWBV4AaABAg,BF-zlNCs5Bw,❤❤❤❤❤❤,4,2026-08-04T01:45:21Z,candidate
UgzFs-co4PEw4H8TX8N4AaABAg,bzraIFjSIEw,Reeffafsuegfyjudeh,0,2026-07-31T04:29:30Z,candidate
UgyQJMvpvIq58Z8WQ8V4AaABAg,bzraIFjSIEw,This is the stupidest thing on the internet,0,2026-05-09T05:02:45Z,candidate
UgwBq43Jy9V3fbs2qHV4AaABAg,bzraIFjSIEw,😂😂😂😂😂😂,0,2026-05-03T10:35:06Z,candidate
UgxPjOGMTzFEf0gHJY54AaABAg,bzraIFjSIEw,S xghd👹fteygolsyiox👁️yrkd,0,2026-04-29T03:14:04Z,candidate
Ugyy7al3jGR-6Cfn7fZ4AaABAg,bzraIFjSIEw,😂😂😂😂❤❤🎉,1,2026-03-22T08:34:49Z,candidate
UgxOlACAJaNvUns0YZR4AaABAg,bzraIFjSIEw,Vkg,0,2026-03-12T13:48:47Z,candidate
UgyLXZ7Vy3q7mfI12d54AaABAg,bzraIFjSIEw,Saport 😂,1,2026-01-06T21:24:24Z,candidate
UgwjRAZBBo8L1q8KJSx4AaABAg,bzraIFjSIEw,❤️😂😊,0,2025-12-28T01:32:45Z,candidate
UgwH67wPGdccPLWIwY14AaABAg,bzraIFjSIEw,Oioi,0,2025-12-13T06:41:36Z,candidate
UgwOeMLRxyfPPbcF5kF4AaABAg,bzraIFjSIEw,❤❤❤❤❤❤❤❤officer 😢😢😢😢😢😢😊😊😊😊😊,0,2025-09-17T05:18:51Z,candidate
UgzEu7lAfM_iaz3kbed4AaABAg,bzraIFjSIEw,মুসলমান হও,0,2025-09-03T03:24:24Z,candidate
Ugzc68TNFsJFHVEE-c54AaABAg,bzraIFjSIEw,🍀🌼🙂🎉❄️🎉😙🌾🤤🥀🌻🌻🌺🌻🌺🌺🤷🤷🤷🤤😍🤣😔🥴🥴🤪🤪🤪🤪🤔🤪🤪🤪🤔😜😝😝😛😛🙂😉😉😗,0,2025-08-22T08:13:36Z,candidate
UgyQXGyfEUvKKOlIfW54AaABAg,bzraIFjSIEw,😅,0,2025-08-22T00:53:51Z,candidate
Ugz1ZabOQnsGaCv1eKx4AaABAg,bzraIFjSIEw,❤❤❤,0,2025-08-21T03:54:44Z,candidate
UgzDjV3SK9cDktmYEPB4AaABAg,bzraIFjSIEw,অনেক সুন্দর আপু ডাক্তার,0,2025-08-15T06:41:47Z,candidate
Ugw5fSEPehQ_s1Vd_6p4AaABAg,bzraIFjSIEw,😅😅😅😅😅,0,2025-08-13T14:20:36Z,candidate
UgzpuhzoKbjGPzCek1h4AaABAg,bzraIFjSIEw,😅,0,2025-07-25T08:25:17Z,candidate
UgyecGhcFQOR0vocfxF4AaABAg,bzraIFjSIEw,❤❤❤❤❤❤❤eneet,77,2025-07-24T09:01:03Z,candidate
UgwSU1hNlS4rfbbQCy14AaABAg,bzraIFjSIEw,❤❤❤😂😂😂😅😅😅,0,2025-07-24T06:12:19Z,candidate
UgzLOMrtFdZ3ybiVu2B4AaABAg,bzraIFjSIEw,❤❤❤❤😂😂😂🎉🎉🎉😢😢😢😮😮😮😅😅😅😊😊😊,0,2025-07-23T13:43:44Z,candidate
UgwXXqRRKGVywAKqHft4AaABAg,bzraIFjSIEw,Pmvddjdjsikskwowoowoo😮😮😅😅😅,0,2025-07-19T10:25:42Z,candidate
Ugyuz8Uv0SjQs1YTXEN4AaABAg,bzraIFjSIEw,😂😂😂,0,2025-07-14T12:33:10Z,candidate
Ugw_0lRRzJLE9p10PFt4AaABAg,bzraIFjSIEw,Khoob bhasha sikhane,0,2025-07-13T03:45:17Z,candidate
UgwqxhodjhV9wtVbW1t4AaABAg,bzraIFjSIEw,😮😮😮😮😮😮ঢট্বডখড্রড 😢😢😢,0,2025-07-12T14:02:47Z,candidate
UgzllOXopyNrbbSlcSB4AaABAg,bzraIFjSIEw,😂❤❤❤❤❤❤❤❤❤❤❤😂😂😂❤❤❤❤❤❤❤❤❤❤amin,0,2025-07-12T08:55:37Z,candidate
Ugy8eSivjffjhxWgI_94AaABAg,bzraIFjSIEw,😅😅😅😅😅😅😅😅😅😅😅😅😅😅😅😅😅😅😅😅😅😅😅😅😅,0,2025-07-11T11:20:51Z,candidate
UgwWcqXCrD0ZC6KEUGl4AaABAg,bzraIFjSIEw,Hm साल 😊😊,0,2025-07-10T16:23:48Z,candidate
UgwVRFVhMiSWXxIhZvh4AaABAg,bzraIFjSIEw,❤❤❤❤❤❤❤❤❤❤,0,2025-07-10T08:44:41Z,candidate
UgzJERXw9fwxteK5ZtN4AaABAg,bzraIFjSIEw,Badass is,0,2025-07-10T04:37:22Z,candidate
UgzXYH2yHlGEDOQAWx14AaABAg,bzraIFjSIEw,वेरी नाइस 🎉🎉🎉🎉,0,2025-07-10T01:43:20Z,candidate
UgzE72KKDnGv1N4wEHF4AaABAg,bzraIFjSIEw,Return,0,2025-07-09T14:57:36Z,candidate
UgyU5mArrAVOo5BW9854AaABAg,bzraIFjSIEw,😅😅😅😅😅🎉🎉🎉,0,2025-07-09T13:07:56Z,candidate
Ugx0Oj_TyQe-IHziXVx4AaABAg,bzraIFjSIEw,😂😂😂,0,2025-07-09T11:58:17Z,candidate
UgyNzSKhNv_2nHS_QvR4AaABAg,bzraIFjSIEw,❤️🎉❤️🎉❤️🎉❤️,0,2025-07-09T11:46:07Z,candidate
UgzCjbmIDefeArNkZYF4AaABAg,bzraIFjSIEw,Tc sex,0,2025-07-09T05:36:31Z,candidate
UgwlvZb4iHVIl4AIg394AaABAg,bzraIFjSIEw,975 done ab aapki bari,0,2025-07-09T05:21:00Z,candidate
UgyTuYv9_aMJyjZZskp4AaABAg,bzraIFjSIEw,😂😂😂😂😅😅😊😊,0,2025-07-09T04:00:41Z,candidate
UgwTZq0EYr8miK8zpV94AaABAg,bzraIFjSIEw,Nice pic babhi ji💃💃💃🕺💃💃,0,2025-07-08T18:02:30Z,candidate
Ugxu2Byui6soFmgJKnl4AaABAg,bzraIFjSIEw,So cute 🥰🥰🥰,0,2025-07-08T18:02:06Z,candidate
UgzjZhBGYSsR9V-18yd4AaABAg,bzraIFjSIEw,😂😂😂😂😂🎉🎉🎉🎉😢😢😢😂😂😂😢😢😢😢😢😢😢😢😢😢😢,0,2025-07-08T16:49:28Z,candidate
UgzyqdzaC9x-jC0QKM14AaABAg,bzraIFjSIEw,❤❤❤❤❤,0,2025-07-08T14:33:13Z,candidate
Ugy96FtjjlDrtBxw0Tl4AaABAg,bzraIFjSIEw,যকিসড়ন র।মর েো😂❤🎉😢😮😅😊,0,2025-07-08T12:27:47Z,candidate
UgxAzkYv6zXcXQaQmmJ4AaABAg,bzraIFjSIEw,Bahut Sundar video ❤❤❤❤❤❤❤❤❤ Azamgarh se support kar rahe hai up,104,2025-07-08T08:53:27Z,candidate
Ugyn5Jynna7Rsw-k6z94AaABAg,bzraIFjSIEw,😅😅,0,2025-07-08T08:11:36Z,candidate
UgwLYeqnFAuwBkz60Jl4AaABAg,bzraIFjSIEw,Good🎉🎉❤🎉🎉,0,2025-07-08T07:21:11Z,candidate
Ugy055tbpboB85HolGR4AaABAg,bzraIFjSIEw,Hjj,0,2025-07-08T06:20:05Z,candidate
UgyMze4fzDpeKYfbd8B4AaABAg,bzraIFjSIEw,😏🤐😡🤬🤐🖤,0,2025-07-08T05:11:52Z,candidate
Ugwfk0GdFCL91UYTC6B4AaABAg,bzraIFjSIEw,Dissertation 😮😮,0,2025-07-07T15:54:31Z,candidate
UgyMFrp_u2rYVGQs9GV4AaABAg,bzraIFjSIEw,In o,0,2025-07-07T15:15:25Z,candidate
Ugzh1SbqwNEZqNKKPgV4AaABAg,bzraIFjSIEw,Pagal,0,2025-07-07T14:27:17Z,candidate
UgykitCokSI5p5-PFbl4AaABAg,bzraIFjSIEw,Hahaha❤,0,2025-07-07T10:12:01Z,candidate
UgyNObQ-1NpSOrtfcWd4AaABAg,bzraIFjSIEw,😮😮😮😅😅😅😅😅😅😅😅😅😅😅😅suqs7wsuuqsusqquwququequuuqequwqewqquwqwsusq7qqwyqsyqyeuqwuu7suqe7weqe77oq7equsqqusuqqsuqueqeqqeuqqueqquueuqsqsuqsqsuqhsqhsuqweqeiqwuqquduquzuqusqquqeusuqeqsuuqeuqqsuqewqeqèuqtueququequsqsiqsqwusuqsqsuqswqeuqsuqusqueuqeuqueqeusqueqqeueqssuuswus8equsuqsuqduqudqdqdquqqsuqusuqsuqqquzqusqqqusqieqqqeuwwuqswsuqsuqusuzuwaqeiqusjqsujquq,0,2025-07-07T05:16:00Z,candidate
UgxkGeOjpMt8a3UgQtF4AaABAg,bzraIFjSIEw,😅😢E.,0,2025-07-03T11:42:24Z,candidate
Ugw-_1vNiuB_zmaYIpp4AaABAg,bzraIFjSIEw,Been Opandolesgo,0,2025-07-03T07:31:25Z,candidate
UgxBwi_nsUPn5gMKjoB4AaABAg,bzraIFjSIEw,Asha karne ka galti❤😊,0,2025-06-28T14:14:24Z,candidate
Ugyt7eX0d-uDj4KM8Th4AaABAg,bzraIFjSIEw,😅,0,2025-06-28T10:54:32Z,candidate
UgyE6cvpptdZH377Dmp4AaABAg,bzraIFjSIEw,Bvdjfhhhogkv😅,0,2025-06-28T10:54:16Z,candidate
Ugy6ozpS289DriQ9OiN4AaABAg,bzraIFjSIEw,Hfnvvfj❤,0,2025-06-28T10:53:17Z,candidate
Ugyeo9wYP6ym9-1vFUl4AaABAg,bzraIFjSIEw,Nice,0,2025-06-28T06:31:32Z,candidate
UgyD0XznnT6Tccxtnox4AaABAg,bzraIFjSIEw,Good 👍❤️❤️❤️❤️,0,2025-06-27T14:27:27Z,candidate
Ugx7gTPCemllpd4Gu5R4AaABAg,bzraIFjSIEw,DbIobcfszvmi😮,0,2025-06-27T10:45:02Z,candidate
UgwxRguBz8BzvG1ZFdJ4AaABAg,bzraIFjSIEw,😮😮😮😮😮😮,1,2025-06-27T00:55:23Z,candidate
Ugz-fANgw0ppH3Lt1bd4AaABAg,bzraIFjSIEw,🎉🎉🎉🎉❤,0,2025-06-25T16:31:37Z,candidate
UgwN9CAILxInYOhSAA54AaABAg,bzraIFjSIEw,🎉😢😮😅😊,0,2025-06-25T08:28:52Z,candidate
UgzxO7xiTQO5TddV8Wl4AaABAg,bzraIFjSIEw,Plz tell me what is the meaning so I can laugh,0,2025-06-25T07:13:57Z,candidate
Ugxt1_RChF7pUv1l2gV4AaABAg,bzraIFjSIEw,😢😂😢🎉❤🎉❤🎉❤😢❤❤🎉🎉🎉😢❤🎉❤❤❤😢❤🎉❤,0,2025-06-25T02:59:14Z,candidate
UgwrQ6r8yxOSh88Fqxd4AaABAg,bzraIFjSIEw,যডবঁন,0,2025-06-24T16:48:19Z,candidate
UgypMWX7DS89UIXgPoJ4AaABAg,bzraIFjSIEw,যকটিােি।্ুম😮😮😢🎉🎉❤❤❤❤জড্ড়,0,2025-06-24T16:48:02Z,candidate
Ugxyho8FRIRLFeY4H1R4AaABAg,bzraIFjSIEw,❤🎉🎉❤❤🎉🎉❤😢❤,0,2025-06-24T14:14:27Z,candidate
UgzD9fcdYVrXu8O-3rB4AaABAg,bzraIFjSIEw,😊উ🎉😮🎉😮😂😮😂😮❤😮🎉😂❤😊😊ঊ😢🎉🎉😢😢🎉😢😢😅😅,0,2025-06-24T08:22:26Z,candidate
UgyiQyKU7-HxI-T17XR4AaABAg,bzraIFjSIEw,ঢতম🎉ভবড😢ঙভঙ😮চণঘ😊😊চঢগঢথগগ,0,2025-06-24T08:21:37Z,candidate
UgxhJzia4zv0iK6mIhF4AaABAg,bzraIFjSIEw,😂😂😂😂😂😂😂,0,2025-06-23T16:55:14Z,candidate
UgzWFffKihsTmXnU5N94AaABAg,bzraIFjSIEw,N,0,2025-06-23T16:30:05Z,candidate
UgxXYZFBQkFEia7qTtd4AaABAg,bzraIFjSIEw,"Lp



😊😊",7,2025-06-23T15:58:46Z,candidate
UgxMSvdkYxuptW2IKfN4AaABAg,bzraIFjSIEw,🤭😐😠😕🩵,0,2025-06-23T14:17:00Z,candidate
UgziNj-Z89FY5RZCvlV4AaABAg,bzraIFjSIEw,😂😂😂😂😂😂😂😂😂😂😂😂😂😂😂😂😂😂😂😂😂😂😂😂😂😂😂😂😂😂😂😂😂,0,2025-06-23T11:49:27Z,candidate
Ugx8Hq83E0mGy0wjJRZ4AaABAg,bzraIFjSIEw,🥲🥲🥲🥲🥲🥲🥲,0,2025-06-23T10:09:46Z,candidate
Ugy6uE-OdyeMUzmEnX54AaABAg,bzraIFjSIEw,"🎉DAMODAR ,KUIRY",2,2025-06-23T08:43:26Z,candidate
UgwfIM6fQiMD4z5orCN4AaABAg,bzraIFjSIEw,❤❤❤❤❤,0,2025-06-23T07:50:58Z,candidate
Ugzz0kFr-qXgBL79kC94AaABAg,bzraIFjSIEw,❤❤❤❤❤❤,0,2025-06-23T07:17:08Z,candidate
UgxdcKor4oS1as9s7qx4AaABAg,bzraIFjSIEw,हँसते-हँसते मेरा पेट दुखने लगा।😅😂😂😂,2,2025-06-23T07:13:02Z,candidate
UgwDmcOAzpi0tF-Eln54AaABAg,bzraIFjSIEw,😆😆😆,0,2025-06-23T06:32:30Z,candidate
Ugw9Wfsgq4Tk1b2mJk14AaABAg,bzraIFjSIEw,ं,0,2025-06-23T04:27:30Z,candidate
UgwkY-N1Z5H0S1WcXZ94AaABAg,bzraIFjSIEw,❤❤❤❤❤❤❤❤❤❤❤❤❤❤❤😂😅😂😅😂😅😂😅😂😅😂😅😂😅😂U3AsssU3Asss100,1,2025-06-23T03:09:40Z,candidate
UgyPMrwKr0gQ0nwSqz14AaABAg,bzraIFjSIEw,"good
😊😊😊😊😊",1,2025-06-23T02:05:45Z,candidate
Ugwjm2RcIljYsLFdtfV4AaABAg,bzraIFjSIEw,❤❤❤❤,0,2025-06-23T01:52:22Z,candidate
UgxaJUuoiaZ1lKGiEx14AaABAg,bzraIFjSIEw,Nice video ❤,0,2025-06-23T01:33:15Z,candidate
UgzYbRGy3t7uzjV595h4AaABAg,bzraIFjSIEw,😅😅😅😅😅😅😂😂😂😂😂,0,2025-06-22T16:31:59Z,candidate
UgxBxfkKoDHG6dbqrcJ4AaABAg,bzraIFjSIEw,Tvudjsybenoehdbkfnfjfjsjdhdnbsisjjdurehrussnmdjfjhdhns jshrncnnzsskdj 😅😅😅😅😅😅😅😅😅😅😅😅😅😅😅😅🫂🫂🫂🫂🫂,0,2025-06-22T14:39:09Z,candidate
Ugw0yk4cpV1-wJ5mzit4AaABAg,bzraIFjSIEw,😅😅😅😅😅😅😅😅😅😅😅😅😅😅😅😅😊😅😅😅😅😅😅😅😅😅,0,2025-06-22T10:53:32Z,candidate
Ugw04rmaroepbM56SKV4AaABAg,bzraIFjSIEw,😅😅😅😅😅😅😅 please hamen bhi support kijiye,1,2025-06-22T10:44:57Z,candidate
UgyLrMZlO-4ZJ_RTw7J4AaABAg,bzraIFjSIEw,বুদা😂😂😂😂😂😂,0,2025-06-22T10:04:26Z,candidate
UgwdzKO0UHY51Inkn2Z4AaABAg,bzraIFjSIEw,❤❤,0,2025-06-22T07:35:12Z,candidate
UgyM-F_rwM-sZ43D9Yl4AaABAg,bzraIFjSIEw,😂😂😂,0,2025-06-22T06:05:05Z,candidate
UgzSyC77XcIJubH8NyR4AaABAg,bzraIFjSIEw,😅😅😅😅😅😅,0,2025-06-22T05:46:24Z,candidate
UgyUg7RviAKu_cla2UR4AaABAg,bzraIFjSIEw,Saru❤,2,2025-06-22T04:45:05Z,candidate
UgyKQxuEo3J3g8Lr2Hp4AaABAg,bzraIFjSIEw,অনেক সুন্দর হয়েছে 😊😊😊😊😊😊😊,10,2025-06-22T04:10:09Z,candidate
Ugy9j7gYDv6KsFRcGe14AaABAg,bzraIFjSIEw,😡🤬🥶🤮🤮🙅🙅🙅🙅,0,2025-06-22T04:04:32Z,candidate
Ugz9Gecg7Ai_1R8_P9h4AaABAg,bzraIFjSIEw,Fuhyghiyghouhsryjvgo a 😂😂😂😂😂😂😂😂😂😂😂😂😂😂😂😂😂😂😂😂😂😂😂😂😂😂😂hijhjkjbhjhi,0,2025-06-21T11:19:10Z,candidate
UgyZBz05IM0_9JapcnN4AaABAg,bzraIFjSIEw,"😅😅😅😅😅😅😅😅😅😅😅😅😅😅😅😅😅😅😅😅😅😅😅😅😅😅😅😅😅😅😅😅😅😅😅😅😅😅😅
😅😅😅😅😅😅😅😅😅😅😅😅😅",0,2025-06-21T09:31:32Z,candidate
Ugz-YKqhNq_CxLg3HzZ4AaABAg,bzraIFjSIEw,😂😢😅😅😢😂😂😢😅😅😢😂😂😢😅😅😢😂🎉🎉🎉🎉🎉🎉🎉🎉🎉🎉🎉🎉,1,2025-06-21T05:22:11Z,candidate
Ugz15LwV5g4Y_r_N-Y54AaABAg,bzraIFjSIEw,"bhtgk ujkglfv f,jh",0,2025-06-20T12:46:37Z,candidate
UgxW3ByvAjcTYASU-k94AaABAg,bzraIFjSIEw,🎉🎉🎉🎉🎉❤❤❤❤,0,2025-06-19T15:47:20Z,candidate
UgzLKRxCG6hmvAfhmvJ4AaABAg,bzraIFjSIEw,❤❤🎉😮,0,2025-06-19T09:23:54Z,candidate
UgzCoyaWLlCb5iCBoiF4AaABAg,bzraIFjSIEw,😊😊😊😊😊😊😊😊😊😊😊😊😊😊😊😊😊😊😊😊😊😊😊😊😊😊😊😊😊😊😊😊😊😊❤❤❤❤,0,2025-06-17T09:58:05Z,candidate
UgzEEPwNGyepTpWDKop4AaABAg,bzraIFjSIEw,❤❤❤ सुपर सुपर❤❤ नाइसनाइस❤❤❤,9,2025-06-17T06:42:30Z,candidate
Ugy-vZuQN66KxxBNj354AaABAg,bzraIFjSIEw,❤,0,2025-06-17T05:36:19Z,candidate
UgzujbiuFGXTf9Tjh894AaABAg,bzraIFjSIEw,😊,0,2025-06-17T02:38:52Z,candidate
UgwdP2yti5sXdtN1nQB4AaABAg,bzraIFjSIEw,😅😅😂😅😅😂😅😂😅😅😂,0,2025-06-16T17:22:52Z,candidate
Ugx9n9pu2d4QZ4WduBh4AaABAg,bzraIFjSIEw,🎉🎉🎉,0,2025-06-16T14:54:15Z,candidate
UgzT9xyWGoLubdSCKuh4AaABAg,bzraIFjSIEw,🎉🎉🎉,2,2025-06-16T14:53:45Z,candidate
Ugy32kMuNz80-Uan7t94AaABAg,bzraIFjSIEw,सुपर❤❤❤,7,2025-06-16T08:37:33Z,candidate
UgwRP7c_xx6yCCJcotd4AaABAg,bzraIFjSIEw,"Ll
L",0,2025-06-15T11:05:59Z,candidate
UgzRjnX_DFaVHR0Xlqx4AaABAg,bzraIFjSIEw,"Ll
L",0,2025-06-15T11:05:58Z,candidate
UgyBd1RRiaVDcNLO2zN4AaABAg,bzraIFjSIEw,https://youtube.com/shorts/0_fi3T91Pt4?feature=share,0,2025-06-15T07:40:38Z,candidate
UgzhfgahLHoupbxj4Hh4AaABAg,bzraIFjSIEw,Hhjjjbcvihhu,0,2025-06-15T06:48:42Z,candidate
UgyiMiQRhFAilSmn9-B4AaABAg,bzraIFjSIEw,ঔ,0,2025-06-15T06:40:35Z,candidate
Ugx4vZW9sWD0pKJ1Ihl4AaABAg,bzraIFjSIEw,❤❤😂😂🎉🎉😊😊❤❤😂😂🎉🎉😊😊,0,2025-06-15T05:28:16Z,candidate
UgzoMNw_HFq83DqRiOd4AaABAg,bzraIFjSIEw,Moon,0,2025-06-15T01:42:34Z,candidate
UgxaNCQZAPrqMGVKGUJ4AaABAg,bzraIFjSIEw,❤❤❤❤❤❤❤😢😢😢😢😢😢😢😢😢,0,2025-06-14T13:36:00Z,candidate
Ugz3gmYoPCuoANXsrj14AaABAg,bzraIFjSIEw,😢😢😢😂😂😂😂😂😢😢😢,0,2025-06-14T10:27:57Z,candidate
UgzU7xIU5-6hsEIdkR54AaABAg,bzraIFjSIEw,❤❤❤❤🎉🎉🎉,0,2025-06-14T09:24:05Z,candidate
UgzGrrWCbw9rbZgm3kV4AaABAg,bzraIFjSIEw,😂😂😂😂😂😂😂😂Hi,3,2025-06-14T02:13:05Z,candidate
UgzQNZRAPDMppa7fClV4AaABAg,bzraIFjSIEw,😊❤😂🎉😢😮😮😅😊,0,2025-06-14T01:28:26Z,candidate
UgwYwbKVvNg4Diaz_VZ4AaABAg,bzraIFjSIEw,Veri nice video . thank you  😅😅😅😅,31,2025-06-13T18:09:00Z,candidate
UgxL81C3eNH8iR80xEh4AaABAg,bzraIFjSIEw,भाई नीचेसे डाल दो,1,2025-06-13T17:44:52Z,candidate
UgyhPzYCNuwHzGijBx54AaABAg,bzraIFjSIEw,مممك٨طط,0,2025-06-13T17:13:52Z,candidate
UgziohSCSchErRDDWC54AaABAg,bzraIFjSIEw,❤❤❤❤❤❤❤❤❤,0,2025-06-13T15:02:13Z,candidate
UgwuTPDGu2-pnEEtb754AaABAg,bzraIFjSIEw,❤❤❤❤❤❤❤,0,2025-06-13T15:02:04Z,candidate
UgwlPeiggUpVDyGRi6B4AaABAg,bzraIFjSIEw,😭😭😭,0,2025-06-13T12:40:43Z,candidate
UgxR0LT1xCmtn38Q1SR4AaABAg,bzraIFjSIEw,😛😝😛😛😋😋🤤🤤😏😏🙂‍↔️🙂‍↔️😹😹😹😹,0,2025-06-13T08:04:41Z,candidate
Ugx--o9H0h8Zx2SY9hR4AaABAg,bzraIFjSIEw,❤❤❤❤❤,0,2025-06-13T05:18:06Z,candidate
UgwmaS7z-yQj3eJtw_Z4AaABAg,bzraIFjSIEw,❤😂🎉🎉😢😮😮😅😅😅😊,1,2025-06-12T19:22:39Z,candidate
UgzkyzAcDoWAr6ljf_V4AaABAg,bzraIFjSIEw,अनोली मुंह में डाले छे,0,2025-06-12T15:42:39Z,candidate
UgzipNL_8DpqGOpkb2B4AaABAg,bzraIFjSIEw,🎉,0,2025-06-12T10:37:53Z,candidate
Ugxsk2mFkNPRsRLC4z14AaABAg,bzraIFjSIEw,❤❤❤❤❤❤,0,2025-06-12T04:53:00Z,candidate
UgwkstivAomEYWGytrp4AaABAg,bzraIFjSIEw,😢😅😢🎉i😅,0,2025-06-11T14:10:34Z,candidate
UgzJ0YNy97dQHKjyp2B4AaABAg,bzraIFjSIEw,"बहुत बढ़िया वीडियो, बहुत मज़ेदार और मनोरंजक, इंडोनेशिया से शुभकामनाएँ 👍❤😂😂😂❤❤",13,2025-06-11T13:33:45Z,candidate
UgyP9tIJqrhAOGDmzXZ4AaABAg,bzraIFjSIEw,😂😂😂😂😂😂😅😅😅😅😅😅😂😂😂,0,2025-06-11T05:22:00Z,candidate
UgyynFOTsnpx03_k0RR4AaABAg,bzraIFjSIEw,हेयर hm hthfgdbfbdbdbb jxjjejj3 91,0,2025-06-10T09:19:55Z,candidate
Ugy8IEON1mDMZSjCSz14AaABAg,bzraIFjSIEw,Hfufgiffbhf🎉😮😂,0,2025-06-09T07:38:49Z,candidate
UgypUJLIstL_WR1Kw4V4AaABAg,bzraIFjSIEw,Tshj❤❤❤❤❤❤❤😮,0,2025-06-09T06:56:47Z,candidate
UgwROjcjP9cLihvUM_t4AaABAg,bzraIFjSIEw,😂😂😂😂😂,0,2025-06-09T06:15:05Z,candidate
UgwA-hFE-eg9g4Gn5zx4AaABAg,bzraIFjSIEw,😓🫣🥹🥲🤣🤲,0,2025-06-09T06:09:14Z,candidate
Ugw6jISeRVSgzMRe6Nt4AaABAg,bzraIFjSIEw,কলম চহজ চ শসডা লকওহত. Vgdndzzkrfk,0,2025-06-09T06:08:28Z,candidate
Ugx2kG-EGnNhVD0FPFN4AaABAg,bzraIFjSIEw,Fmfjfg,0,2025-06-09T05:02:28Z,candidate
UgwhBMDeomcSqNzF2dB4AaABAg,bzraIFjSIEw,ডাক্তার আন্টিরা আপনারা কি পাগল এভাবে কেউ ফাইভ ঢ়ুকায়,0,2025-06-09T04:09:45Z,candidate
UgxW3Aq6-013oyIinzd4AaABAg,bzraIFjSIEw,MAAHIR 😅😅😅😅😅😅😅😅😅😅😅,407,2025-06-08T13:43:26Z,candidate
UgyKkDpLqolnNf5-Iyp4AaABAg,bzraIFjSIEw,😮😮😮😮😮😮😮😮😮😮,0,2025-06-08T05:32:27Z,candidate
UgypUAp9R_Z_6hDUg-V4AaABAg,bzraIFjSIEw,0,0,2025-06-07T09:29:22Z,candidate
UgztWSQXfuOwvml94Dl4AaABAg,bzraIFjSIEw,❤❤❤❤❤😂❤❤❤🎉🎉🎉🎉🎉🎉❤❤🎉🎉🎉🎉🎉😢😢😢😮😮😮❤,0,2025-06-06T13:10:21Z,candidate
UgxewhuLh_aKAfedMUt4AaABAg,bzraIFjSIEw,😂😂😂😂😂😂😂😂😂😂😂😂😂😂😂😂😂😂😂😂😂😂😂😂😂😂😂😂😂😂😂😂😂😂😂😂😂😂😂😂😂😂😂😂😂😊😊😊😊😊😊😊😊😊😊😊😊😊😮😮😮🎉🎉🎉🎉🎉Tasmim😊😊😊😊😊😊😊❤❤❤❤❤❤❤❤❤❤❤❤❤❤❤❤❤❤😂😂😂😂😂😂😂😂😊😊😊😊😮😮😮😮😮😮😮😮😮😮😮😮🎉🎉🎉🎉🎉🎉🎉🎉🎉🎉🎉😮😮,1,2025-06-05T12:18:36Z,candidate
Ugz9A9z_uIA8JUmOTux4AaABAg,bzraIFjSIEw,Gujarat Gujarati se nahin Gujarati hai yah mujhe pata hai main Gujarat mein hi rahti hun😂😂😂😂😂😂😂😂😅😅😂😂😂😂😂😂😂😂😂😂,1,2025-06-05T11:39:37Z,candidate
Ugzt0MjdgfNHz6LFtyZ4AaABAg,bzraIFjSIEw,Good 😊❤,68,2025-06-05T11:03:44Z,candidate
UgxIIMFbn5ROO0PsPfJ4AaABAg,bzraIFjSIEw,❤❤❤❤❤❤❤❤❤❤❤❤❤❤❤❤❤❤❤❤❤❤❤❤❤❤❤❤❤❤❤❤❤❤❤❤❤❤❤❤❤❤❤❤❤❤❤❤,0,2025-06-05T04:20:21Z,candidate
UgxrY54F5vdnNB-ay5F4AaABAg,bzraIFjSIEw,❤❤❤,0,2025-06-03T08:53:12Z,candidate
Ugx93Ech3epexpwNMO54AaABAg,bzraIFjSIEw,😂😂,0,2025-06-03T08:30:51Z,candidate
Ugx_Pji-nI8IfIDYtBN4AaABAg,bzraIFjSIEw,X,0,2025-06-03T02:31:54Z,candidate
UgypJamFphqg1fi9Ui54AaABAg,bzraIFjSIEw,৫টপ৪,0,2025-06-02T16:34:37Z,candidate
UgxT6hiqisDvw8Cu15R4AaABAg,bzraIFjSIEw,Uoi,0,2025-05-31T07:53:11Z,candidate
UgwCSlh7kQjjvJr3Hsl4AaABAg,bzraIFjSIEw,Urugìti0rĵ,0,2025-05-31T06:22:16Z,candidate
Ugy6amcBa8I9-kClSXd4AaABAg,bzraIFjSIEw,❤,0,2025-05-28T16:50:35Z,candidate
UgwSkSJscPDgU1EVW1x4AaABAg,bzraIFjSIEw,Radhe radhe ❤❤❤❤❤,0,2025-05-28T15:59:03Z,candidate
UgzgX6FHE0qldWyf2Ah4AaABAg,bzraIFjSIEw,No in  gujrati speak in hindi,1,2025-05-28T11:24:19Z,candidate
UgwIR4kzaMofwXqR_A14AaABAg,bzraIFjSIEw,ତୃତୀୟ ଦିନରେ,3,2025-05-28T06:58:32Z,candidate
UgydHOye7SiJQ1xICch4AaABAg,bzraIFjSIEw,Good 🎉🎉❤🎉🎉,47,2025-05-27T15:11:30Z,candidate
UgwiB-gp6L5r9KMF2454AaABAg,bzraIFjSIEw,😊😂😂😂😂😂😂😂😂😂😂😂😂😂😂😂😂😂😂😂😂😂😂😂😂😂😂😂😂😂😂😂😂😂😂😂😂😂😂😂😂😂😂😂😂😂😂😂😂😂😂😂,0,2025-05-27T12:21:38Z,candidate
UgwGKAZx7ey4UPlqIxh4AaABAg,bzraIFjSIEw,❤❤❤❤❤❤,0,2025-05-27T10:34:52Z,candidate
UgzOv_wkYtOMkVSdeth4AaABAg,bzraIFjSIEw,😂😂😂😂😂😂😂😂😂😂😂😂😂😂😂😂😂😂😂😂😂😂😂😂😂😂😂😂😂😂😂😂😂😁😁😁😁😁😁😁😁😁😁😁😁🤣🤣🤣🤣🤣🤣🤣🤣🔥🔥🔥🔥🔥😡😡😡😡😡😡,0,2025-05-27T09:54:25Z,candidate
UgwkLxrVxXVUWXqrGHl4AaABAg,bzraIFjSIEw,😂😂😂😂😂😂😂😂😂😂😂😂😂😂😂😂😂😂😂😂😂😂😂😂😂😂😂😂😂😂😂😂😂😂😂😂,0,2025-05-27T05:29:42Z,candidate
Ugyg0fzogO9FDjrLPKl4AaABAg,bzraIFjSIEw,🎉🎉😢😊😂tegu,0,2025-05-26T02:54:36Z,candidate
Ugyf4XMOKshm96eCKMN4AaABAg,bzraIFjSIEw,😂😂😂😂😂😂😂😂😂😂😂😂😂😂😂😂❤❤❤❤,15,2025-05-23T18:54:01Z,candidate
Ugw4RAkw_y1IeyLL6194AaABAg,bzraIFjSIEw,New subscribe.❤❤😃🤩😮😂🤣👌,0,2025-05-23T10:42:41Z,candidate
UgzRvHeiqS_71V2RFRt4AaABAg,bzraIFjSIEw,L👿👿👿👿👿👿👿😈😈😈😈😈😈😈😈😈😈😈😈😈😈😈😈😈😈😈😈😈😈😈😈😈😈😈😈😈😈😈😈😈😈😈😈😈😈😈😈😈😈😈😈😈😈😈😈😈😈😈😈😈😈😈😈😈😈😈😈😈😈😈😈😈😈😈🔥🔥🔥🔥🔥🔥🔥🔥🔥🔥🔥🔥🔥🔥🔥🔥💯💯💯💯💯💯💯💯💯🔥🔥🔥🔥🔥🔥🔥🔥,0,2025-05-23T09:33:06Z,candidate
UgwiYIpHLuMqPUGlPDV4AaABAg,bzraIFjSIEw,😂😂😂😂😂😂,0,2025-05-23T07:10:42Z,candidate
UgwpovUDCZZQTvzMvf54AaABAg,bzraIFjSIEw,😂,0,2025-05-22T17:16:32Z,candidate
Ugy0mSKOUzX_eZ0MuBB4AaABAg,bzraIFjSIEw,😂😂😂😂😂😂😂😂a,2,2025-05-21T22:43:12Z,candidate
Ugza7X1aI5Gq9_UAsON4AaABAg,bzraIFjSIEw,😂😂😂😂😂😂😂😂😂😂😂😂😂😂😂😂😂😂😂😂😂😂😂😂😂😂😂😂😂😂😂😂😂😂😂😂😂😂😂😂😂😂😂😂😂😂😂😂😂😂😂😂😂😂😂😂😂😂😂😂😂😂😂😂😂😂😂😂😂😂😂😂😂😂😂😂😂😂😂😂😂😂😂😂,0,2025-05-21T10:39:52Z,candidate
Ugyjka8IDfgC94ftBl14AaABAg,bzraIFjSIEw,❤❤❤बहुत ही बढिया सुंदर कॉमेडी गाजर वाली हलवा बनाओ गर्म गर्म खिलाना,13,2025-05-21T10:17:19Z,candidate
UgwrvIwv4t2MbX3BhkZ4AaABAg,bzraIFjSIEw,🎉acjshsjr,0,2025-05-20T16:04:33Z,candidate
Ugy1OwyuO9fyNfprFPp4AaABAg,bzraIFjSIEw,❤❤❤❤,0,2025-05-20T15:07:26Z,candidate
UgyuYYXVVc6Lj2bQUsF4AaABAg,bzraIFjSIEw,জয়😂চডধবঝবল🎉তছড,1,2025-05-20T08:34:29Z,candidate
UgyTY8nMdMcuz0LDmeV4AaABAg,bzraIFjSIEw,😂😂😂😅😅😊😂😂😂❤😂😂,3,2025-05-19T14:17:46Z,candidate
UgzxUXLDEyRdfnUTGll4AaABAg,bzraIFjSIEw,পাগল ছাগল,0,2025-05-19T12:05:50Z,candidate
UgxPxA2bK9tYrr209EZ4AaABAg,bzraIFjSIEw,Saumlyeu❤❤❤❤❤❤😊😊😊😊😢😢,0,2025-05-19T05:59:26Z,candidate
Ugy4_p-07yFuvf3fsad4AaABAg,bzraIFjSIEw,Ok,1,2025-05-19T01:45:12Z,candidate
UgzeA8PsfWkX054ULoR4AaABAg,bzraIFjSIEw,Ky ar na rud ky ar ky ar na 😂😂😂jajwcur ghhtrd 😅😅😅😅😅😅😅😅😂😂😂🎉🎉😂,0,2025-05-18T10:12:44Z,candidate
Ugxs4meX1ocPdo_8lCl4AaABAg,bzraIFjSIEw,😂😂😂😂😂😅😅😅,1,2025-05-15T06:51:05Z,candidate
UgyhSR3MVaBAYJm-k_B4AaABAg,bzraIFjSIEw,💉💉💉💉💉💉💉💉💉💉💉💉💉💉💉💉💉💉💉💉💉💉💉💉💉💉💉💉💉💉💉💉💉💉💉😂😂😂😂😂😂😂😂😂😂😂💉💉💉💉💉💉💉💉💉😓😓😓😓😓😓😓😓,0,2025-05-14T11:35:47Z,candidate
UgxBF7SO2DDQFORI6B14AaABAg,bzraIFjSIEw,💉💉💉💉💉💉💉💉💉💉💉💉💉💉💉💉💉💉💉💉💉💉💉💉💉💉,0,2025-05-14T11:34:21Z,candidate
UgwdCEHs98WmCQsID2F4AaABAg,bzraIFjSIEw,😅😅😅,0,2025-05-13T09:33:06Z,candidate
UgzQyZpsYqPKkdhrpTp4AaABAg,bzraIFjSIEw,kzgsjg🇮🇶🇮🇲🇯🇪🇯🇵🇺🇲,1,2025-05-08T07:08:25Z,candidate
UgwWW7Wx84ggwwY1T3x4AaABAg,bzraIFjSIEw,Tvhfyhoi,0,2025-05-07T14:23:43Z,candidate
UgyrN9pSgdwJI-OqLn14AaABAg,bzraIFjSIEw,Xf❤❤❤❤❤❤❤❤❤❤bbfjn,0,2025-05-07T10:17:08Z,candidate
Ugx93Vk_KS8z_ePmIw14AaABAg,bzraIFjSIEw,Very nice❤❤,4,2025-05-07T08:34:50Z,candidate
Ugz56WA3Nn50wH8LdY94AaABAg,bzraIFjSIEw,Radha Krishna,0,2025-05-07T07:40:06Z,candidate
Ugxd_2LYSOJmA147WiJ4AaABAg,3inT33v5y1g,Jordar video 😂😂❤❤❤,1,2025-12-19T15:20:51Z,candidate
UgzKkU1Y7yO59b8_Nvp4AaABAg,3inT33v5y1g,😂😂😂😅,0,2025-12-19T04:21:49Z,candidate
Ugwcd2hzzd4wOEQwoM54AaABAg,3inT33v5y1g,"‌ ,😂😝😂😂😂😂😝😂😝😍😍",0,2025-05-22T14:19:58Z,candidate
UgynaZCKmqt3MhyjVPx4AaABAg,3inT33v5y1g,❤😂🎉🎉🎉🎉🎉🎉,3,2025-05-22T13:35:41Z,candidate
UgyGN7FpCFU6GM1eZrh4AaABAg,3inT33v5y1g,😅😅😅😅🤣🤣🤣,1,2025-05-22T13:35:31Z,candidate
UgwXZhiXAQTuhBshVKh4AaABAg,3inT33v5y1g,😝🤩😇🤪😛,0,2025-05-22T13:35:17Z,candidate
UgxxbhGHme-if_VveoN4AaABAg,3inT33v5y1g,🎉🎉🎉,1,2025-05-22T04:20:54Z,candidate
Ugz2tCv-APMJbJZ3CmF4AaABAg,3inT33v5y1g,❤❤❤,0,2025-05-21T12:27:39Z,candidate
UgyaQlVnFYe3LQav0CR4AaABAg,3inT33v5y1g,Super duper che ho bhai,3,2025-05-21T12:27:27Z,candidate
Ugy8sqc-JNa8wqysIMt4AaABAg,3inT33v5y1g,hi ❤,2,2025-05-21T12:27:16Z,candidate
UgystMcZKQHOIMN-CYp4AaABAg,3inT33v5y1g,😂😂😂😂😂,0,2025-05-21T12:27:09Z,candidate
UgyLRtfmRtIyYbVhBcJ4AaABAg,3inT33v5y1g,Supar video ❤❤,2,2025-05-21T12:26:49Z,candidate
UgyFc454jq9Ghppa6XN4AaABAg,3inT33v5y1g,🎉😢🎉🎉😀😀😀,0,2025-05-21T12:26:39Z,candidate
UgwWdUpSijY6x-NCShF4AaABAg,3inT33v5y1g,😂😂😂😂,0,2025-05-21T12:26:38Z,candidate
Ugwo4e-lqFDF6lfpcLV4AaABAg,3inT33v5y1g,😂😂😂😂,0,2025-05-21T12:26:22Z,candidate
UgzNd-kYHN6bVin0qt94AaABAg,3inT33v5y1g,😢😢😢😢,0,2025-05-21T12:26:13Z,candidate
UgxoBirQI_yTJqlvo2V4AaABAg,3inT33v5y1g,Full comedy ho😂😂😂😂,2,2025-05-21T12:26:01Z,candidate
UgztLIxTOjb8eggYjvd4AaABAg,3inT33v5y1g,😂😂😂😂,0,2025-05-21T12:25:55Z,candidate
UgwmHcozuom4JptJhHd4AaABAg,3inT33v5y1g,🎉😢🎉🎉🎉🎉🎉,0,2025-05-21T12:25:44Z,candidate
UgyEizwjJ3Z6PR2yLiR4AaABAg,3inT33v5y1g,Radha😂😂😂😂,0,2025-05-21T12:25:32Z,candidate
UgwSlViANQjke7rOvfV4AaABAg,3inT33v5y1g,😂😂😂😂😂🎉🎉🎉🎉🎉🎉🎉🎉,0,2025-05-21T12:25:11Z,candidate
UgylB2HiwjkvelNGmyp4AaABAg,3inT33v5y1g,Fully moj😂😂😂😂,1,2025-05-21T12:24:51Z,candidate
UgzM3vi9ojI_v0jDWb94AaABAg,3inT33v5y1g,Good🎉🎉🎉🎉,1,2025-05-21T12:24:35Z,candidate
Ugxivod4cNZSBBVD-jd4AaABAg,3inT33v5y1g,Video😂😂😂😂,0,2025-05-21T12:24:23Z,candidate
UgzcjD0a9SIYJjw7fcp4AaABAg,3inT33v5y1g,❤❤❤❤,0,2025-05-21T12:24:11Z,candidate
UgxYuOneoFQgaCNHa_J4AaABAg,3inT33v5y1g,😅😅😅,0,2025-05-21T12:23:56Z,candidate
Ugzi-kC6OFhZTjt5Awx4AaABAg,3inT33v5y1g,Saras😢😢😢,2,2025-05-21T12:23:55Z,candidate
UgzFJczH2Ng4FvXAS1B4AaABAg,3inT33v5y1g,😢😢😢😢,0,2025-05-21T12:23:36Z,candidate
UgwK8bHhHfQbDK8G4ll4AaABAg,3inT33v5y1g,🎉🎉🎉🎉,2,2025-05-21T12:23:01Z,candidate
Ugw4_LfaP6BbCQSbTPd4AaABAg,3inT33v5y1g,😂❤❤❤,1,2025-05-21T12:22:06Z,candidate
Ugy25HZCck9aS5v7VK54AaABAg,3inT33v5y1g,Full mpj😂😂,0,2025-05-21T12:21:39Z,candidate
UgyJkt2AsEm3NjBhB3J4AaABAg,3inT33v5y1g,😂😂,0,2025-05-21T12:19:33Z,candidate
Ugyvh9kGCJXJIJAEzHp4AaABAg,3inT33v5y1g,Hi,0,2025-05-21T12:19:31Z,candidate
UgwnwBxhuXkTLNITBL94AaABAg,3inT33v5y1g,Good 😂,0,2025-05-21T12:19:23Z,candidate
UgzVj95Me4f943DJZet4AaABAg,3inT33v5y1g,😂😂😂😂😂,0,2025-05-21T12:19:18Z,candidate
UgzeqKitJyDuXjYEtSh4AaABAg,3inT33v5y1g,😂😂😂😂,0,2025-05-21T12:19:14Z,candidate
Ugx62L7CrN8B-9ByAs94AaABAg,3inT33v5y1g,Hi,1,2025-05-21T12:19:06Z,candidate
UgyEAIDuc4wGHpvuiuB4AaABAg,3inT33v5y1g,Joradar,0,2025-05-21T12:19:02Z,candidate
UgxCKkY_498CntXe5NZ4AaABAg,3inT33v5y1g,😂😂😂😂,0,2025-05-21T12:18:56Z,candidate
UgyS8OsyHbGI_b0dw0x4AaABAg,3inT33v5y1g,😂😂😂😂😂supar,2,2025-05-21T12:18:54Z,candidate
UgzVBH9VrXmr0qVKR9x4AaABAg,3inT33v5y1g,Super vipul,13,2025-05-21T12:18:53Z,candidate
UgzWUxT3zmiaLA5qTXV4AaABAg,3inT33v5y1g,",,,,😂😂😂😂",0,2025-05-21T12:18:31Z,candidate
UgybdigSQH5qHmYR2-l4AaABAg,3inT33v5y1g,Vah vah 😂😂😂😂,2,2025-05-21T12:17:55Z,candidate
UgxCZ8WcWtlNEM8RMlx4AaABAg,3inT33v5y1g,Vipul Bhai ni moj😢😢😢😢,1,2025-05-21T12:17:36Z,candidate
UgzC8KCcDbFWWwqkX6l4AaABAg,3inT33v5y1g,Jordae vipul Bhai 😢😢😢,1,2025-05-21T12:17:08Z,candidate
Ugw-dGA-HjWMBvrWnvN4AaABAg,3inT33v5y1g,Exelent 😂😂😂,0,2025-05-21T12:16:52Z,candidate
UgzF5FbSkF_HaMCjqnd4AaABAg,3inT33v5y1g,Supprb😢😢😢😢,1,2025-05-21T12:16:35Z,candidate
Ugyvc_IC33Yzh30OmYN4AaABAg,3inT33v5y1g,Super,0,2025-05-21T12:16:15Z,candidate
UgyQRZV0aAyf8VsqE5N4AaABAg,3inT33v5y1g,❤❤❤❤,0,2025-05-21T12:15:56Z,candidate
UgwrYw5sOj48AfXoEKV4AaABAg,3inT33v5y1g,❤❤❤❤ chhagan ni moj,2,2025-05-21T12:15:39Z,candidate
UgynF0yYc1Nf4qUNJUh4AaABAg,3inT33v5y1g,😊😊😊😊,0,2025-05-21T12:15:20Z,candidate
Ugwu1T0qg4sjPAcb-Ql4AaABAg,3inT33v5y1g,😢🎉🎉🎉😢🎉,0,2025-05-21T12:15:04Z,candidate
Ugw2_dOjw8w4dK1gt2F4AaABAg,3inT33v5y1g,😅😢😊😮😅,0,2025-05-21T12:13:54Z,candidate
UgzbQN-PKhKZ36tzBph4AaABAg,3inT33v5y1g,😢😮😊😅,0,2025-05-21T12:13:52Z,candidate
UgxV4sd51dKXJ4cugrh4AaABAg,3inT33v5y1g,😅😢😊😮😅,0,2025-05-21T12:13:50Z,candidate
Ugz1mPtsV4XMp7HKO1h4AaABAg,3inT33v5y1g,Joker 😅😊,0,2025-05-21T12:13:43Z,candidate
Ugwu0MhsbF_Tmrc25Nt4AaABAg,3inT33v5y1g,Good 😮😅,0,2025-05-21T12:13:39Z,candidate
UgypWTu1eSbUCngbePd4AaABAg,3inT33v5y1g,Sadas😮😅,0,2025-05-21T12:13:36Z,candidate
Ugy1vGiUtMd7uIR0FfZ4AaABAg,3inT33v5y1g,Jay shree 😮😅,0,2025-05-21T12:13:33Z,candidate
Ugx2V8mZM-6GqSpvS914AaABAg,3inT33v5y1g,Jay shree ram 😅,0,2025-05-21T12:13:30Z,candidate
Ugz_jkiKC_rrfkQfsbp4AaABAg,3inT33v5y1g,Jokaaash😮super😅😊,0,2025-05-21T12:13:24Z,candidate
Ugx8TIyOS_dSAzjS6jp4AaABAg,3inT33v5y1g,King Kong 😅😅😊,0,2025-05-21T12:13:19Z,candidate
UgznE317ptoN7XhJlcF4AaABAg,3inT33v5y1g,😢😅,0,2025-05-21T12:13:18Z,candidate
Ugwi4q_8DLKZ8krSiRx4AaABAg,3inT33v5y1g,😅😢😊,0,2025-05-21T12:13:15Z,candidate
UgyJ06q66WLp3CPH6BB4AaABAg,3inT33v5y1g,Ga😮,0,2025-05-21T12:13:13Z,candidate
UgwdlpzMU4QkXyEzcRh4AaABAg,3inT33v5y1g,Full moj song,0,2025-05-21T12:13:11Z,candidate
UgzCM58537kRMxvV8it4AaABAg,3inT33v5y1g,King Kong 😅,0,2025-05-21T12:13:00Z,candidate
UgyObs-yBWvOu8tfktJ4AaABAg,3inT33v5y1g,Good 😮,0,2025-05-21T12:12:55Z,candidate
UgzPjJ5mlA0-pcFpWp54AaABAg,3inT33v5y1g,Jik 😅,0,2025-05-21T12:12:52Z,candidate
UgzkaOflfU5mNLWJb8R4AaABAg,3inT33v5y1g,Jik😮,0,2025-05-21T12:12:47Z,candidate
UgzVnQVN_SFPmrp_A414AaABAg,3inT33v5y1g,Full moj aavi,0,2025-05-21T12:12:44Z,candidate
UgyHWJgSHCgmOW8N6Eh4AaABAg,3inT33v5y1g,King Kong vs 😅,0,2025-05-21T12:12:37Z,candidate
UgyzYHJ3hLSt2dR2mC94AaABAg,3inT33v5y1g,Vsh in the world 😮😅,0,2025-05-21T12:12:33Z,candidate
Ugy_Jl1v8dc8ct-XK994AaABAg,3inT33v5y1g,Nahu to 😮😅,0,2025-05-21T12:12:30Z,candidate
Ugzh3cIsFC6W_8jt_T54AaABAg,3inT33v5y1g,Babu me to😅,0,2025-05-21T12:12:24Z,candidate
Ugz71R3K9x6at3vbTPR4AaABAg,3inT33v5y1g,Full moj aavi 😅,0,2025-05-21T12:12:20Z,candidate
UgyzdsqVQqfWNTUYbMR4AaABAg,3inT33v5y1g,Ha moj masti ha 😅,0,2025-05-21T12:12:13Z,candidate
UgzANrpRMressDvE9aF4AaABAg,3inT33v5y1g,Jay shree krishna 😅,0,2025-05-21T12:12:10Z,candidate
UgyybV82LSq-me3-o7h4AaABAg,3inT33v5y1g,Jay shree Krishna 😮😅,0,2025-05-21T12:12:06Z,candidate
UgwuLpaWZ9NWxQqSIDJ4AaABAg,3inT33v5y1g,Ha na to😅😊,0,2025-05-21T12:12:03Z,candidate
UgyV9FJvA9jH9JBvBhB4AaABAg,3inT33v5y1g,Ha taka ni hai 😅,0,2025-05-21T12:11:59Z,candidate
UgwrABp9jklfAvA0uoh4AaABAg,3inT33v5y1g,Hi vipul❤,1,2025-05-21T12:08:49Z,candidate
Ugy3D5rCjqRrsppRFj14AaABAg,3inT33v5y1g,❤😂😂,0,2025-05-21T12:08:40Z,candidate
UgwOR2GpPXGtnDInH_14AaABAg,3inT33v5y1g,😅😅😅😅,0,2025-05-21T12:06:29Z,candidate
UgxTOCnVVXjaOd9VG3V4AaABAg,3inT33v5y1g,Suppr😂😂😂,2,2025-05-21T12:06:08Z,candidate
UgzP3HBuNEl9bxFdlzJ4AaABAg,3inT33v5y1g,Ram Ram bhaiya ❤,0,2025-05-21T12:05:55Z,candidate
Ugzj2uY8u6AjWCiLCZp4AaABAg,3inT33v5y1g,Jordar🎉🎉🎉🎉🎉,0,2025-05-21T12:05:49Z,candidate
UgyctWzNiYk64otyZxV4AaABAg,3inT33v5y1g,Babalo 😢😢😢,1,2025-05-21T12:05:20Z,candidate
UgwTNLqRdTBLoG3K1Dt4AaABAg,3inT33v5y1g,Super 👌,1,2025-05-21T12:05:18Z,candidate
UgygWNlMeUTyNJ86EpN4AaABAg,3inT33v5y1g,😂😂😂😂😂,0,2025-05-21T12:05:08Z,candidate
UgwiAoDbXVLyHZeYsPV4AaABAg,3inT33v5y1g,Jay mataji ❤,6,2025-05-21T12:05:05Z,candidate
UgwwEhvKWELeQ28eA9x4AaABAg,3inT33v5y1g,Hi vipul bhai ❤,4,2025-05-21T12:04:47Z,candidate
Ugz02SA3zl08lVAH36l4AaABAg,3inT33v5y1g,Ha moj ha ❤,2,2025-05-21T12:04:41Z,candidate
UgyG5PTRk6RbhaKIjdx4AaABAg,3inT33v5y1g,❤,1,2025-05-21T12:04:15Z,candidate
UgzMn_NkbId4dgOv7zh4AaABAg,3inT33v5y1g,😅😅😅😅,1,2025-05-21T12:04:03Z,candidate
UgwzKywCv4y7tjL3dNx4AaABAg,3inT33v5y1g,Good morning sir,0,2025-05-21T12:03:59Z,candidate
Ugx3e8_m7JGLPuCRKch4AaABAg,3inT33v5y1g,Hi vipul,1,2025-05-21T12:03:47Z,candidate
UgyPkfgCkNRvyWdwUxh4AaABAg,3inT33v5y1g,Nice post❤,2,2025-05-21T12:03:28Z,candidate
UgzHwC6Is1ah0zz3oqh4AaABAg,3inT33v5y1g,🎉🎉🎉,0,2025-05-21T12:03:17Z,candidate
UgyvFvoHGk0vejQ1E-R4AaABAg,3inT33v5y1g,😂😂😂😂😂,0,2025-05-21T12:03:15Z,candidate
UgzrcE0NKAHgQCZRv3F4AaABAg,3inT33v5y1g,😅😢😊😮😅😊,0,2025-05-21T12:02:49Z,candidate
UgxRMokGm3Ow4MO9OTJ4AaABAg,3inT33v5y1g,😅😢😊😮😅😊,0,2025-05-21T12:02:47Z,candidate
Ugx54RGI6Q4vXfETUXV4AaABAg,3inT33v5y1g,😊😮😊😮😅,0,2025-05-21T12:02:45Z,candidate
UgxSL7wjPPEmOY1ojWl4AaABAg,3inT33v5y1g,Jik 😅😅,0,2025-05-21T12:02:42Z,candidate
UgyXD8CPvGpYwuQXKeB4AaABAg,3inT33v5y1g,Good 😮😅,0,2025-05-21T12:02:40Z,candidate
Ugz034CYAu970UuuhWZ4AaABAg,3inT33v5y1g,Saras😮😅,0,2025-05-21T12:02:37Z,candidate
UgxC85UJe24YgZ63IKR4AaABAg,3inT33v5y1g,Du 😮😅,0,2025-05-21T12:02:34Z,candidate
UgzuZPuqZKb6VRM_Qo94AaABAg,3inT33v5y1g,Super Ho video 😅,0,2025-05-21T12:02:31Z,candidate
UgxPNbmryvMLIO3rdyF4AaABAg,3inT33v5y1g,Super super super😅,0,2025-05-21T12:02:28Z,candidate
Ugxfmi3nK9TbYuiZsmB4AaABAg,3inT33v5y1g,😮😅,0,2025-05-21T12:02:13Z,candidate
UgxA5hA7n0B18-K27JZ4AaABAg,3inT33v5y1g,Moje 😮😊😮😅😅,0,2025-05-21T12:02:11Z,candidate
UgztstXDkJqF_47e7xp4AaABAg,3inT33v5y1g,😅😢😊😊,0,2025-05-21T12:02:09Z,candidate
Ugx66NhwWE5m0swtO7Z4AaABAg,3inT33v5y1g,😅😢😊😮😊,0,2025-05-21T12:02:07Z,candidate
Ugxc__gOL4mMI-uRXb14AaABAg,3inT33v5y1g,😅😢😊😮😅,0,2025-05-21T12:02:05Z,candidate
UgyQPszmcCCcwpdBiMd4AaABAg,3inT33v5y1g,😅😢😮😊😊😅,0,2025-05-21T12:02:02Z,candidate
UgyWaWbqhBqzEhH8Egp4AaABAg,3inT33v5y1g,Good 😮,0,2025-05-21T12:01:58Z,candidate
Ugw5H4sC1i9Fwtml-594AaABAg,3inT33v5y1g,Moje 😮,0,2025-05-21T12:01:56Z,candidate
UgwrrmISypZnm_IZnQN4AaABAg,3inT33v5y1g,Good 😅,0,2025-05-21T12:01:53Z,candidate
Ugy70HdOniYris5DBGx4AaABAg,3inT33v5y1g,Jok😅😊,0,2025-05-21T12:01:50Z,candidate
Ugw5uphwewDNUs2QpaF4AaABAg,3inT33v5y1g,Full moj aavi Ho,0,2025-05-21T12:01:48Z,candidate
Ugx3cxGEiyChw6essgZ4AaABAg,3inT33v5y1g,Jokas dilhi 😅,0,2025-05-21T12:01:39Z,candidate
Ugzu2u6auZTQev6efs54AaABAg,3inT33v5y1g,Full enjoy your 😅,0,2025-05-21T12:01:35Z,candidate
UgyWiA9XNikf74eyu_t4AaABAg,3inT33v5y1g,Nahu to dhibi 😅😊,0,2025-05-21T12:01:33Z,candidate
UgxfzDbdNBJC-CulmlV4AaABAg,3inT33v5y1g,Ga😮😅,0,2025-05-21T12:01:27Z,candidate
UgyZ2Bppo65w6jBfYyh4AaABAg,3inT33v5y1g,Saras 😢😅,0,2025-05-21T12:01:25Z,candidate
UgyrCxqE7qDnwTMVErd4AaABAg,3inT33v5y1g,Super Vipul bhai 😮😅,0,2025-05-21T12:01:17Z,candidate
Ugxon05xszfMWs3OvGh4AaABAg,3inT33v5y1g,Super vipul bhai 😮😊,0,2025-05-21T12:01:11Z,candidate
UgxfjjnQkblR7X2JAwV4AaABAg,3inT33v5y1g,Super duper vipul makwana ha ha 😅,0,2025-05-21T12:01:08Z,candidate
UgzJiWA5cW-aTfSfYlJ4AaABAg,3inT33v5y1g,Super cute😅😊,0,2025-05-21T12:01:04Z,candidate
Ugyo2Pxv804WajQTKQR4AaABAg,3inT33v5y1g,Super ho taka 😮😅,0,2025-05-21T12:01:00Z,candidate
UgyhJm8-3ZTw1ei3-nV4AaABAg,3inT33v5y1g,😂😂😂,0,2025-05-21T12:00:26Z,candidate
Ugz7kSbz0vcg641X9KB4AaABAg,3inT33v5y1g,😂😂😂,0,2025-05-21T12:00:17Z,candidate
Ugy8o5DjUy46XrKg7VN4AaABAg,3inT33v5y1g,😂😂😂,0,2025-05-21T12:00:09Z,candidate
UgwSOfVuJcXgTbALE_R4AaABAg,3inT33v5y1g,❤❤❤❤❤,0,2025-05-21T11:56:42Z,candidate
UgygnGcdxTeZyM0th6d4AaABAg,3inT33v5y1g,😂😂😂😂😂😂,0,2025-05-21T11:56:33Z,candidate
UgwYzIz_8vqQTw30GiZ4AaABAg,3inT33v5y1g,Jordaar 🎉🎉🎉,0,2025-05-21T11:55:00Z,candidate
Ugy49rEiuVW5wIbtxht4AaABAg,3inT33v5y1g,😂😂,0,2025-05-21T11:54:50Z,candidate
UgyXmJhdpZqUigMKCed4AaABAg,3inT33v5y1g,😂😂😂mast comedy,0,2025-05-21T11:54:46Z,candidate
Ugzzfn1Me5inKCBKcxB4AaABAg,3inT33v5y1g,Ha vipul Bhai ❤,0,2025-05-21T11:54:40Z,candidate
Ugzujd6ZLCBzfpIQN0N4AaABAg,3inT33v5y1g,😂😂😂😂,0,2025-05-21T11:54:25Z,candidate
UgzWqr0fGkq6yyCff754AaABAg,3inT33v5y1g,😂😂😂😂,0,2025-05-21T11:54:15Z,candidate
UgyEh4lE22sWtCEp8MB4AaABAg,3inT33v5y1g,Full comedy,0,2025-05-21T11:54:03Z,candidate
Ugz2MIZXa6q7kgdAwwd4AaABAg,3inT33v5y1g,Ha. Vipul Bhai ha😂😂😂😂,0,2025-05-21T11:53:45Z,candidate
UgwhiQ5DFH7x8l75beh4AaABAg,3inT33v5y1g,😅😅😅,0,2025-05-21T11:53:40Z,candidate
Ugy40MGOhu-7bV_bdap4AaABAg,3inT33v5y1g,😅😢😊😮😊😅,0,2025-05-21T11:53:30Z,candidate
UgzYNa7shJN5xUaVR9R4AaABAg,3inT33v5y1g,❤❤❤,0,2025-05-21T11:53:29Z,candidate
UgyDTqXnrBHFnVjGCoB4AaABAg,3inT33v5y1g,Ha Vipul Bhai ha 😂😂😂😂😂,0,2025-05-21T11:53:27Z,candidate
Ugwt6FqEBmMGXPAKs014AaABAg,3inT33v5y1g,😅😢😊😮😊😅,0,2025-05-21T11:53:25Z,candidate
UgzL_8Zi8VMla-uvX3l4AaABAg,3inT33v5y1g,😅😮😊😮😊😅,0,2025-05-21T11:53:23Z,candidate
UgyeXyRilcn1oEk3qGd4AaABAg,3inT33v5y1g,Kun hai 😅,0,2025-05-21T11:53:20Z,candidate
UgwppJecmUCtg4ngZSJ4AaABAg,3inT33v5y1g,😂😂😂😂😂,0,2025-05-21T11:53:16Z,candidate
UgzEIm2XUXnj9wbiS4p4AaABAg,3inT33v5y1g,Good,0,2025-05-21T11:53:16Z,candidate
UgzbK7Y4E3R2TF-E2Ed4AaABAg,3inT33v5y1g,Jokaaash😅😅,0,2025-05-21T11:53:13Z,candidate
UgyYHN6DfQlhEgwd9xJ4AaABAg,3inT33v5y1g,❤❤❤❤,0,2025-05-21T11:53:09Z,candidate
UgzII7EtZrvyYSr-tyd4AaABAg,3inT33v5y1g,Mast hai 😮,0,2025-05-21T11:53:08Z,candidate
UgyoY9eElDU3RCMPV0V4AaABAg,3inT33v5y1g,Mast vipul Bhai video 😅,0,2025-05-21T11:53:04Z,candidate
UgzdXIqqAt_oMXiW2M54AaABAg,3inT33v5y1g,Jordan video😂😂😂,3,2025-05-21T11:53:01Z,candidate
UgzWRRSUbCg_RSX98EZ4AaABAg,3inT33v5y1g,Madt😎😮😅😊,0,2025-05-21T11:53:01Z,candidate
UgydAIjmomFvirADhYJ4AaABAg,3inT33v5y1g,😂😂😂😂😊,4,2025-05-21T11:52:50Z,candidate
Ugyh9ae0IlNkY-LahNt4AaABAg,3inT33v5y1g,સુપર video 😂😂😂,27,2025-05-21T11:52:43Z,candidate
UgzHvGjXCpTHBXDEWQV4AaABAg,3inT33v5y1g,Moj😢😢😢,0,2025-05-21T11:52:43Z,candidate
UgxJAfKh4b667bSyT9R4AaABAg,3inT33v5y1g,😮😅😅,0,2025-05-21T11:52:36Z,candidate
UgxcbZc_GVOLsloL3eJ4AaABAg,3inT33v5y1g,😅😢😊😮😅,0,2025-05-21T11:52:33Z,candidate
UgwmEmG0X0jqnYsBsZl4AaABAg,3inT33v5y1g,😅😊😮😊😅😊,0,2025-05-21T11:52:33Z,candidate
Ugwz5Zi548P0H61A8194AaABAg,3inT33v5y1g,😂😂😂😂😂😂,0,2025-05-21T11:52:32Z,candidate
UgwwNO51WUDkZm93L2d4AaABAg,3inT33v5y1g,😅😢😊😮😅,0,2025-05-21T11:52:27Z,candidate
Ugywbpixg7ltUJ1sHR54AaABAg,3inT33v5y1g,😅😢😊😮😅😊,0,2025-05-21T11:52:26Z,candidate
UgzxI6rztqc5QhkYXwB4AaABAg,3inT33v5y1g,😅😢😊😮😊😅,0,2025-05-21T11:52:23Z,candidate
UgyL1GwRBsb-q_fHJlN4AaABAg,3inT33v5y1g,😂😂😂😂,0,2025-05-21T11:52:23Z,candidate
UgxdCLUlKHCk6f3z5Xl4AaABAg,3inT33v5y1g,😂😂😂😂😂😂😂,0,2025-05-21T11:52:21Z,candidate
UgzsMLgQuCEo97QeU194AaABAg,3inT33v5y1g,Gu😮😅,0,2025-05-21T11:52:20Z,candidate
UgwsM8ldq0knY-k_Vk14AaABAg,3inT33v5y1g,😂😂😂😂😂,0,2025-05-21T11:52:20Z,candidate
UgxKv-HPv0oziyyxII94AaABAg,3inT33v5y1g,Nice video 😂😂😂😂,1,2025-05-21T11:52:14Z,candidate
Ugz4PPHP3zKapMW9AK14AaABAg,3inT33v5y1g,Full enjoy your 😅😊,0,2025-05-21T11:52:13Z,candidate
UgxoA3ffB0xXimXKGj94AaABAg,3inT33v5y1g,Saeas 😅,0,2025-05-21T11:52:09Z,candidate
UgxUf2ESBSbaHj5sTEN4AaABAg,3inT33v5y1g,Jokaash😮,0,2025-05-21T11:52:06Z,candidate
UgzkMQt0j0TdnrbhqWJ4AaABAg,3inT33v5y1g,Nice post 🌹,4,2025-05-21T11:52:04Z,candidate
UgxeZdZsjg-D6f36_dR4AaABAg,3inT33v5y1g,Full moj aavi 😅,1,2025-05-21T11:52:00Z,candidate
UgxD5EX00NU_tKppbdZ4AaABAg,3inT33v5y1g,Ha Vipul Bhai ha 😂😂😂,0,2025-05-21T11:51:59Z,candidate
UgzxNZjaJk44V5M22G94AaABAg,3inT33v5y1g,😂😂😂😂😂,0,2025-05-21T11:51:52Z,candidate
Ugyn5fKYREER0RV7I3V4AaABAg,3inT33v5y1g,😮😅😅,0,2025-05-21T11:51:51Z,candidate
Ugxg-oFBf3A1ahtyqSB4AaABAg,3inT33v5y1g,😢😢😢😢,0,2025-05-21T11:51:51Z,candidate
UgxRQhL5yb6gEebBY7l4AaABAg,3inT33v5y1g,😂😂😂,0,2025-05-21T11:51:48Z,candidate
Ugz7vKY12ZiI-7zokvx4AaABAg,3inT33v5y1g,Saras 😮,0,2025-05-21T11:51:47Z,candidate
UgzGqh4ZPNHZgWEXohZ4AaABAg,3inT33v5y1g,Full time moj hai 😅,0,2025-05-21T11:51:44Z,candidate
UgxEo9-2WWd2cIfyDjt4AaABAg,3inT33v5y1g,Maja aa😮😅😊,0,2025-05-21T11:51:42Z,candidate
Ugy08dUkbuGpavrsX6J4AaABAg,MW_nvrz4kAs,7:34,0,2026-08-13T10:17:07Z,candidate
Ugw81J2ay7hTyxrwlN94AaABAg,MW_nvrz4kAs,🎉,1,2026-08-13T10:10:05Z,candidate
UgwRSSQGAC8HPEKK0sp4AaABAg,MW_nvrz4kAs,Jaldi,0,2026-08-13T09:47:54Z,candidate
UgyGIgX_lQ_pJUCjQ-x4AaABAg,MW_nvrz4kAs,Jagdesh takoar ❤,0,2026-08-13T09:17:10Z,candidate
UgzWSw-arhiqD9InCNp4AaABAg,MW_nvrz4kAs,Bala ne suting ma naa leso,0,2026-08-13T08:37:52Z,candidate
UgyU6lG4-OmDr5siWV14AaABAg,MW_nvrz4kAs,Bala tu jagdo na karavish,0,2026-08-13T08:36:31Z,candidate
Ugy4_2HBiCm2qYGh8LZ4AaABAg,MW_nvrz4kAs,Roshni avru bole che 😂,0,2026-08-13T08:35:15Z,candidate
UgxL66oxfoz4hW6Cal54AaABAg,MW_nvrz4kAs,Riyaba ❤❤❤❤ jordar auntri❤,0,2026-08-13T08:14:02Z,candidate
UgwE_iYMy5FYs0EqVip4AaABAg,MW_nvrz4kAs,Mast story ❤❤❤❤ jordar ❤❤❤❤,0,2026-08-13T08:11:04Z,candidate
UgwS5hrBFVzYaQw34Cp4AaABAg,MW_nvrz4kAs,Kali ni ma to koe bhagh ma batavi nathi to aavi kyathi  badha ne uulu banavo cho,0,2026-08-13T05:35:06Z,candidate
UgyHWMojNidsGZ74wMV4AaABAg,MW_nvrz4kAs,Best video nice 👌,0,2026-08-13T02:07:03Z,candidate
Ugyv2cnvU1q5DirBXFZ4AaABAg,MW_nvrz4kAs,Saro video che,0,2026-08-12T17:59:52Z,candidate
Ugxz_ud0zzUvkLJ02Zh4AaABAg,MW_nvrz4kAs,Vahh,0,2026-08-12T17:54:00Z,candidate
Ugw6F6vfgFEA5YB6scV4AaABAg,MW_nvrz4kAs,Very good riyaben Bahu saras jovani maja avi gyi,0,2026-08-12T17:18:15Z,candidate
UgzuQR3T-ssup0N0ZZJ4AaABAg,MW_nvrz4kAs,Dikari prtya bedarkari bhag batavo,0,2026-08-12T17:12:32Z,candidate
UgxmGfvY0aZaNjxwNCB4AaABAg,MW_nvrz4kAs,❤❤,0,2026-08-12T16:50:15Z,candidate
UgxLu8Z8p1n0o9byYAl4AaABAg,MW_nvrz4kAs,❤,1,2026-08-12T16:42:47Z,candidate
UgwDyNR0EesC2MGV7RN4AaABAg,MW_nvrz4kAs,Riya ben have chandrika ne lai jao,0,2026-08-12T16:36:51Z,candidate
Ugw-HwfJXfQYSu9NVtR4AaABAg,MW_nvrz4kAs,Jiv...Jogni maa ❤,1,2026-08-12T16:35:24Z,candidate
UgxztHLKmnBz6gbI6lV4AaABAg,MW_nvrz4kAs,Nice 👍,0,2026-08-12T16:33:29Z,candidate
Ugz5eu5xUHbg9VIrK4F4AaABAg,MW_nvrz4kAs,❤,0,2026-08-12T16:17:23Z,candidate
Ugw6lqaaUdrvg2t-Dq54AaABAg,MW_nvrz4kAs,36 banavo ❤🎉😊,0,2026-08-12T16:16:59Z,candidate
UgyV7rn6ZyDSTnzPMHR4AaABAg,MW_nvrz4kAs,Riya ben tame saru thyu aavu gya❤❤❤❤❤❤❤❤,0,2026-08-12T15:57:50Z,candidate
UgxURJrtUQgOVu1qast4AaABAg,MW_nvrz4kAs,Chandrika Benny  ni mummy Aaya Pachi video bahu saroLagyo   che😊,2,2026-08-12T15:57:20Z,candidate
UgxXbh9mIpc3iNL-te14AaABAg,MW_nvrz4kAs,Aa episode aagal naa 34 episode kartaa zabardast chhe.Reena bhabhi ni acting gazab ni chhe.,2,2026-08-12T15:34:29Z,candidate
UgwUL2pYqPY7HVL70tV4AaABAg,MW_nvrz4kAs,Jeva Sathe teva thava ma maja che,1,2026-08-12T15:28:03Z,candidate
UgymizOYfwoFQqqSzXl4AaABAg,MW_nvrz4kAs,Jay mataji 🙏🙏,3,2026-08-12T15:00:34Z,candidate
UgwpAdBc0-27wG6Lu0Z4AaABAg,MW_nvrz4kAs,Very good Riya 👌👌👌👍👍👍,2,2026-08-12T14:56:23Z,candidate
Ugwp5dFqUBC7_-5BsI94AaABAg,MW_nvrz4kAs,Tina mar khava tayar re chandrika ni ma aavi rahi che,2,2026-08-12T14:53:06Z,candidate
Ugx1QRyd2bDts7JQ5gR4AaABAg,MW_nvrz4kAs,Have last pat banvo hoo,2,2026-08-12T14:52:49Z,candidate
UgwkcTJA3DaI5Kz3inJ4AaABAg,MW_nvrz4kAs,Kantadiya haveee,2,2026-08-12T14:52:37Z,candidate
Ugx3e1CvW1TA0jZCGSR4AaABAg,MW_nvrz4kAs,Have last pat banvo hoo,3,2026-08-12T14:52:21Z,candidate
UgzxN-SsNVpUUm1pGCd4AaABAg,MW_nvrz4kAs,Bs karo have bhag puro karoo have maja nhi aavti jova nii,2,2026-08-12T14:51:53Z,candidate
Ugywd_F5TdsQTGFzV3p4AaABAg,MW_nvrz4kAs,👍,2,2026-08-12T14:45:29Z,candidate
UgwxUZueS0W4r7ymD1t4AaABAg,MW_nvrz4kAs,👌👌👌👌👌👌,1,2026-08-12T14:41:09Z,candidate
UgziMcO2Ov017eLtxyV4AaABAg,MW_nvrz4kAs,Bharti Ben ne lavo,2,2026-08-12T14:35:59Z,candidate
Ugx-S-8kc8RVEFxk9JF4AaABAg,MW_nvrz4kAs,Maja avi aje bhag jova ma,4,2026-08-12T14:35:09Z,candidate
UgwNPF_4LeLlHtJRiQp4AaABAg,MW_nvrz4kAs,Bijo. Bhag. Banavjo. Jaldi,2,2026-08-12T14:25:55Z,candidate
UgzZlXy22lKWImyaLjZ4AaABAg,MW_nvrz4kAs,Well-done Riya ben .. sasu maa tarike ni entry a bhag ne interesting banavi didho ho😅.. have bhag jaldi lavjo... Jay mataji 🙏.,5,2026-08-12T14:14:40Z,candidate
UgzdDOC0WpIRO5VxA5h4AaABAg,MW_nvrz4kAs,aj.sudhi.chandrai.ma.kya.gayata,2,2026-08-12T14:03:03Z,candidate
UgwJbL8JbYaUOb3iv_Z4AaABAg,MW_nvrz4kAs,Dery secretary ❤❤❤❤❤ jai mata ji.oll..tim❤❤❤❤❤❤,4,2026-08-12T13:33:00Z,candidate
Ugx-iHB_FkvUlGb9boN4AaABAg,MW_nvrz4kAs,Jai shree ambe maa,5,2026-08-12T13:32:52Z,candidate
Ugz8xQB7ljnVwg3-c5N4AaABAg,zL6ZIe4EPBs,Cheho teni sasarima kem nathi reto,0,2026-08-12T12:28:04Z,candidate
UgzO9e_lra9wCMWYxhl4AaABAg,zL6ZIe4EPBs,❤❤,1,2026-08-11T06:48:46Z,candidate
Ugwh5V8lq9MBpXibb2V4AaABAg,zL6ZIe4EPBs,Chandi ne kem hasu aave she,1,2026-08-10T09:55:38Z,candidate
UgzZOl38C0nWJ2F9WvJ4AaABAg,zL6ZIe4EPBs,Super,2,2026-08-10T03:27:05Z,candidate
Ugy6ub3lOZ3LkNQLySh4AaABAg,zL6ZIe4EPBs,Nice 😂,3,2026-08-10T03:27:00Z,candidate
UgyQ-QjpLMlNKA0Lmjp4AaABAg,zL6ZIe4EPBs,Jay Dwarkadhish ❤,2,2026-08-10T03:26:53Z,candidate
UgzKlTfG18xIptCTLjZ4AaABAg,zL6ZIe4EPBs,Jay mataji ❤,3,2026-08-10T03:26:44Z,candidate
UgxzkV6ToH6FbXtDiYR4AaABAg,zL6ZIe4EPBs,Kali gharvali navo episode batavo,1,2026-08-09T16:45:24Z,candidate
UgyfeSHGU73lH0pLQgt4AaABAg,zL6ZIe4EPBs,N D NAYAK FROM GUJRAT BARODA VILLAGE  RANIYA BHADRVA,1,2026-08-09T16:00:45Z,candidate
UgyHutqeV7Q-sEEh4xZ4AaABAg,zL6ZIe4EPBs,🙏🙏🙏🙏🙏🙏🙏🙏🙏🙏🙏🙏🙏👌👌👌👌👌👌👌👌👌👌👌👌👌👌,2,2026-08-09T15:59:16Z,candidate
Ugwm8i8Tmj9xKFeaTp94AaABAg,zL6ZIe4EPBs,Saras video,2,2026-08-09T15:30:22Z,candidate
UgwKLWXVD5_BVMH8mXp4AaABAg,zL6ZIe4EPBs,❤❤❤❤,2,2026-08-09T15:27:09Z,candidate
UgxBPV8xvbarHcIxrvp4AaABAg,zL6ZIe4EPBs,Jay Shri Krishna jay shree Ram meladi ma,2,2026-08-09T15:10:47Z,candidate
UgztZctFKardbfCFWgJ4AaABAg,zL6ZIe4EPBs,Super cool Sunday,3,2026-08-09T14:45:58Z,candidate
UgwGLyH3Qlqn4oT4hpl4AaABAg,zL6ZIe4EPBs,"Chehu bhai 

Jabho fati gayo che 
Ne 

Tamne ketla loko juve che 

Avu fatelu na pero kharab lage che",2,2026-08-09T13:53:44Z,candidate
Ugy_c-bDepPpOnuiIYB4AaABAg,zL6ZIe4EPBs,👌👌👌👌👌👌,3,2026-08-09T13:29:44Z,candidate
UgyThcW8HRORq-knzIV4AaABAg,zL6ZIe4EPBs,Vaghuji pet sukarva kuto cho,2,2026-08-09T12:10:07Z,candidate
UgwqhY-38Hng94VpMst4AaABAg,zL6ZIe4EPBs,Jay maayajo duperb video❤,3,2026-08-09T11:57:54Z,candidate
UgxMzrsK3-nHc9nEJD54AaABAg,zL6ZIe4EPBs,❤ Jay Ashapura ❤,4,2026-08-09T11:48:22Z,candidate
UgymWfXDNn2lSArJmRB4AaABAg,zL6ZIe4EPBs,Supar❤,2,2026-08-09T11:38:22Z,candidate
UgydrWtonWyEC-cqBJ14AaABAg,zL6ZIe4EPBs,Visnagarma jamai paru aavelu shhe,4,2026-08-09T10:16:26Z,candidate
UgwtawDtgdmqBE3uJAl4AaABAg,zL6ZIe4EPBs,Jay mataji 🙏,6,2026-08-09T09:13:46Z,candidate
Ugw5JUTRRBNqHFF-VGJ4AaABAg,zL6ZIe4EPBs,❤❤❤,5,2026-08-09T07:36:43Z,candidate
Ugx-5Eju7ktAa91eqeV4AaABAg,zL6ZIe4EPBs,First coment 😅,7,2026-08-09T07:35:57Z,candidate
Ugy7GjjglOCUSHZw7Wx4AaABAg,zL6ZIe4EPBs,Jiv....Jogni maa ❤❤❤,7,2026-08-09T07:35:51Z,candidate
UgyGd8baF6zRnO0ygW94AaABAg,2FPdqgnDRD4,Next Part Banavo Please,0,2026-08-07T05:58:18Z,candidate
UgwS1hwudAdAGaMZ1YR4AaABAg,2FPdqgnDRD4,😊 M1 Z1 C1 D2 D1🎉😢😢😊😊,0,2026-08-07T02:05:25Z,candidate
UgwMPy5V29KAC4smliB4AaABAg,2FPdqgnDRD4,Bhulkaniya vaghubha no video lavo ❤❤❤❤❤,0,2026-08-07T01:20:36Z,candidate
UgySChb8ypBFznF6rtZ4AaABAg,2FPdqgnDRD4,Bhag 2 lavo jema kadvabha saileshnbhai karta vadhare bole teva batvo,3,2026-08-06T17:05:36Z,candidate
UgyR7dN6jF2LXvjd4t54AaABAg,2FPdqgnDRD4,Aava vevai ne ghre na bolavai,0,2026-08-06T15:38:56Z,candidate
UgyGeqXtU9RVR_jiDFx4AaABAg,2FPdqgnDRD4,Abvel kapdwnj thhi mari family tmara vidio roj joishiye❤❤,1,2026-08-06T14:59:01Z,candidate
UgyXL2mJd02yaEZHCS14AaABAg,2FPdqgnDRD4,Vaguji papa ki pari walo bhag banavo,1,2026-08-06T14:38:36Z,candidate
Ugwkphh5RBBg2t_7arB4AaABAg,2FPdqgnDRD4,Vagu ji karta to metho ane metha nu bayru vadhare bole che,0,2026-08-06T14:37:12Z,candidate
Ugzr_-9rH2vzdC5Yz7B4AaABAg,2FPdqgnDRD4,❤❤❤❤❤❤❤,0,2026-08-06T14:37:03Z,candidate
UgxuINBF-dapxkNujDN4AaABAg,2FPdqgnDRD4,Super bhag,0,2026-08-06T12:54:37Z,candidate
UgzMw3LjrSImEb8VZ2F4AaABAg,2FPdqgnDRD4,Vaghubha super,1,2026-08-06T12:54:26Z,candidate
UgySOaC4A5iWBQ7tNMB4AaABAg,2FPdqgnDRD4,Vaghubha  dadhi ma dai lagai khari.darulagese,1,2026-08-06T12:54:08Z,candidate
UgyNYN6jcNklkec3Z-x4AaABAg,2FPdqgnDRD4,😂😂😂😂😂😂,0,2026-08-06T10:40:27Z,candidate
UgyyHcmShABdgsw_1TB4AaABAg,2FPdqgnDRD4,Jay mataji,0,2026-08-06T10:35:07Z,candidate
Ugzv3P0no2sPo1z582R4AaABAg,2FPdqgnDRD4,Bhag 2,2,2026-08-06T09:13:19Z,candidate
UgwtgBN8haiGrsehPhp4AaABAg,2FPdqgnDRD4,Jay Dwarkadhish,1,2026-08-06T09:05:50Z,candidate
UgwL80LPn2U25j3gK054AaABAg,2FPdqgnDRD4,Jay mataji,2,2026-08-06T09:05:43Z,candidate
UgznjvyLReeUILrrhzF4AaABAg,2FPdqgnDRD4,Super,1,2026-08-06T09:05:36Z,candidate
UgxH3l5oBqv4J4Vc5494AaABAg,2FPdqgnDRD4,Nice,1,2026-08-06T09:05:32Z,candidate
Ugz77uDl0PGLuU-Sk954AaABAg,2FPdqgnDRD4,Vastral Gaon Sharda BA Tamara video Roj joyche,6,2026-08-06T08:40:33Z,candidate
UgyXklz1mVCHpmddJ914AaABAg,2FPdqgnDRD4,Sidha nu hagu hodhvu kathu ho... Vaghubha 😂😂😂😂😂😂😂😂😂😂😂😂.,1,2026-08-06T08:31:32Z,candidate
UgwWTMwf7E2mdODe5954AaABAg,2FPdqgnDRD4,Jiv ...Jogni maa ❤,1,2026-08-06T08:18:19Z,candidate
UgxxR5zVVuMkjeNDKHx4AaABAg,2FPdqgnDRD4,🎉🎉🎉🎉🎉❤❤❤❤❤😂😂😂😂😅😅😅😮😮😢😢😊😊,0,2026-08-06T08:06:12Z,candidate
UgzH1Titc44hBy1OLqN4AaABAg,2FPdqgnDRD4,🎉🎉🎉🎉🎉🎉🎉❤❤❤❤🙏🙏🙏🙏🙏🙏🙏,0,2026-08-06T07:53:54Z,candidate
UgzaU4LNq8ezm0fpaeB4AaABAg,2FPdqgnDRD4,1 comment aapdo❤🎉,3,2026-08-06T07:34:02Z,candidate
UgwTp5b1LkBIhxtjlR14AaABAg,1qsXDCuPcMk,Nice acting riyaba ❤❤,0,2026-08-10T14:35:40Z,candidate
UgwMdO_zivT9Kh7hTxJ4AaABAg,1qsXDCuPcMk,Saras video,0,2026-08-09T14:10:35Z,candidate
UgxWrpklZ2wg4h8Q_9t4AaABAg,1qsXDCuPcMk,Hii,0,2026-08-09T08:29:05Z,candidate
UgwFQvxxcAlwjqirx2F4AaABAg,1qsXDCuPcMk,❤❤❤,0,2026-08-08T19:31:04Z,candidate
Ugzc8zH3rNkjumR9Ga14AaABAg,1qsXDCuPcMk,Jiv....Jogni maa,1,2026-08-08T16:57:53Z,candidate
UgxQih1FrlXGMR0pj314AaABAg,1qsXDCuPcMk,बलदेव☂️,0,2026-08-08T16:04:27Z,candidate
UgysTtispjulborUKMB4AaABAg,1qsXDCuPcMk,Jay mata ji,1,2026-08-08T14:22:07Z,candidate
UgwNptbpfzr1nMKD6WR4AaABAg,1qsXDCuPcMk,Bhai mani gyo ben mate sari vat chhe,1,2026-08-08T13:52:16Z,candidate
UgwbPO7E1WSiWLbMwK94AaABAg,1qsXDCuPcMk,Jay mataji 🙏.,0,2026-08-08T13:27:52Z,candidate
UgyYc_rzfMbMGDT8_Pl4AaABAg,1qsXDCuPcMk,Kanajirandala,2,2026-08-08T13:24:42Z,candidate
UgzTTzXFV1ziWOGDr3Z4AaABAg,1qsXDCuPcMk,Saro aaj bhag,0,2026-08-08T12:56:52Z,candidate
UgyVdlrDP9LEiVAyytx4AaABAg,1qsXDCuPcMk,❤ Jay Ashapura ❤,2,2026-08-08T11:36:56Z,candidate
UgzZuJ1ohX-Da9L8rdB4AaABAg,1qsXDCuPcMk,❤❤❤,2,2026-08-08T10:45:06Z,candidate
UgwzKooQwg6LoLudtV94AaABAg,1qsXDCuPcMk,❤❤❤❤❤🎉🎉🎉🎉🎉🎉🎉🎉👌👌👌👌👌🙏🙏🙏🙏🙏🙏🙏,1,2026-08-08T10:13:42Z,candidate
UgyUO9iri0PzoVvA9LN4AaABAg,1qsXDCuPcMk,Jay mataji 🙏🏻,2,2026-08-08T09:56:07Z,candidate
Ugw6LweDpeVopyhOAA14AaABAg,1qsXDCuPcMk,Kali gharvali navo episode batavo jaldi,3,2026-08-08T09:27:08Z,candidate
UgxhdwEUnYY-t95xDB14AaABAg,1qsXDCuPcMk,Ahmedabad tu Bikaner Nayak,2,2026-08-08T09:20:08Z,candidate
Ugx0ZIAbT96M6bnjyUl4AaABAg,eR1lj74tc2Y,❤❤❤❤❤❤❤❤❤❤❤,0,2026-08-03T16:47:03Z,candidate
Ugy_Cy_uu9m_P8mikh94AaABAg,eR1lj74tc2Y,Jay ramapir ❤❤❤😂😂,1,2026-07-22T15:22:22Z,candidate
UgwKgrypHHyFaUewmFZ4AaABAg,eR1lj74tc2Y,🎉🎉❤,0,2026-07-19T11:04:29Z,candidate
UgyejMkyvbvuB5rL_gt4AaABAg,eR1lj74tc2Y,મીઠાં ભાઈ kya gaya,1,2026-07-18T17:58:13Z,candidate
UgxFtmxrSChXs5UK4QF4AaABAg,eR1lj74tc2Y,Suti karido,1,2026-07-18T12:25:57Z,candidate
UgylBSN84J7_-oMWwU54AaABAg,eR1lj74tc2Y,❤,0,2026-07-17T17:23:04Z,candidate
UgwyhIVICW_JzzU13J14AaABAg,eR1lj74tc2Y,DR. kalpesh ajmalji Thakor jagatapura danta Ambaji banaskantha Gujarat India Jay shree Krishna shree sita MATA SREE Ram હનુમાન દાદા jay shree સંઘ ની સધી માતા એક આધાર એક વિશ્વાસ માઁ સધી મારો જીવ સધી માઁ,0,2026-07-17T16:11:34Z,candidate
Ugzqi1iXyQzw9S0r52J4AaABAg,eR1lj74tc2Y,19:16 19:17 19:20 19:21,0,2026-07-17T06:27:25Z,candidate
Ugw-kdIyMXQAZVdArLN4AaABAg,eR1lj74tc2Y,🎉🎉🎉,0,2026-07-17T06:27:15Z,candidate
Ugyx3cuYe7WsHwoDscV4AaABAg,eR1lj74tc2Y,Superb kadvaji 🎉🎉🎉🎉🎉❤❤❤,0,2026-07-16T19:17:24Z,candidate
UgzhWxaJnkp57Vw39Bl4AaABAg,eR1lj74tc2Y,Superb kadvaji vaghubha ❤❤❤❤🎉🎉🎉,1,2026-07-16T19:17:10Z,candidate
UgwQojYGtGxxUBeCLMR4AaABAg,eR1lj74tc2Y,Superb acting kadvaji vaghubha chehaji jode hoe atle video Jova ni mja aave❤❤❤,2,2026-07-16T19:16:54Z,candidate
UgwiQ0CSHEy2YVcmNu94AaABAg,eR1lj74tc2Y,Superb acting kadvaji vaghubha chehaji khataji gatuji ❤❤❤,3,2026-07-16T19:15:56Z,candidate
UgyNtYcXHCSV4AKxvld4AaABAg,eR1lj74tc2Y,Superb acting kadvaji vaghubha tinaji chehaji khataji 🎉🎉🎉🎉🎉❤❤❤,0,2026-07-16T19:15:15Z,candidate
Ugypp9LMHhe3hvWtJRh4AaABAg,eR1lj74tc2Y,Superb acting kadvaji vaghubha tinaji khataji Lata ben chehaji ❤❤❤❤❤🎉🎉🎉😢,3,2026-07-16T18:45:37Z,candidate
UgypmMk7XdxYn-Jksmh4AaABAg,eR1lj74tc2Y,Radhe Radhe,0,2026-07-16T18:01:10Z,candidate
UgxSwsTgl7AGUoFhiGt4AaABAg,eR1lj74tc2Y,ChaMunD SaDaa SaHaaYaTe . ChaMunD TeRa SaHaaRa .,2,2026-07-16T16:21:23Z,candidate
UgznqIStR2a45qlS6-R4AaABAg,eR1lj74tc2Y,Latta na modha na thekama nathi ane fesan ma bole che,0,2026-07-16T15:48:47Z,candidate
UgyXGPFpi7GLZCA9CtB4AaABAg,eR1lj74tc2Y,Vahvah kdvabha  thmaro jyjy kar,2,2026-07-16T15:45:54Z,candidate
UgzcTFof0mxQLTxVBHJ4AaABAg,eR1lj74tc2Y,Bina ne lavo video ma,1,2026-07-16T15:11:02Z,candidate
UgxqqGrf_DOZUDZXFLB4AaABAg,eR1lj74tc2Y,❤❤❤❤❤🎉🎉🎉🎉🎉🎉🎉🎉,0,2026-07-16T10:24:03Z,candidate
UgzOf32ex_tYAvjslrV4AaABAg,eR1lj74tc2Y,Super video 👍,0,2026-07-16T09:30:10Z,candidate
UgxwEi7qRll4jSChfRp4AaABAg,eR1lj74tc2Y,Vadu bah kadava na gare thi ledies ni bilkul acting thard class che please change karo jova ma moj nathe avati vagu bah kadava bha,0,2026-07-16T09:26:09Z,candidate
UgzNIxPm48tYmyY7mvp4AaABAg,eR1lj74tc2Y,Lata ane Balji shivay bija pehla badh juna hata ene lavo,4,2026-07-16T09:11:22Z,candidate
UgxLcU38asR_QmXHUlV4AaABAg,eR1lj74tc2Y,Balaji ne Lata banne na koi fer nthi banne ne kai keva jevu nthi aa banne goda veda j kare 6e,1,2026-07-16T08:50:50Z,candidate
UgxVI5hYmHcdRMXHsNJ4AaABAg,eR1lj74tc2Y,Super,1,2026-07-16T07:56:42Z,candidate
UgzQGj21FKGaUuRgATF4AaABAg,eR1lj74tc2Y,Jay mataji,1,2026-07-16T07:56:34Z,candidate
UgzA1DdNOoMZrumzd-J4AaABAg,eR1lj74tc2Y,Nice,2,2026-07-16T07:56:27Z,candidate
UgxwzCrNu0wxhmpvm0t4AaABAg,eR1lj74tc2Y,Jay Dwarkadhish,3,2026-07-16T07:56:21Z,candidate
UgzlryhZGi0_cRcT5vJ4AaABAg,eR1lj74tc2Y,Takhobha,0,2026-07-16T07:38:32Z,candidate
Ugw_6GylVQzZogNa9Ph4AaABAg,eR1lj74tc2Y,❤ Jay Ashapura ❤,3,2026-07-16T06:32:54Z,candidate
Ugxpucv17lwI3NPPq014AaABAg,eR1lj74tc2Y,😂❤❤❤❤❤😅😊,0,2026-07-16T05:57:15Z,candidate
UgwX_1r0KmQehsdteb94AaABAg,eR1lj74tc2Y,Super 👌👌👌,1,2026-07-16T05:37:07Z,candidate
Ugyu9JR04nndnBYgybp4AaABAg,eR1lj74tc2Y,Jay shree Ram,2,2026-07-16T05:11:35Z,candidate
UgwOYfV5oDduA6ZSLwd4AaABAg,eR1lj74tc2Y,Jay mataji,1,2026-07-16T03:49:21Z,candidate
UgxswZIs7IPuM42g3N94AaABAg,eR1lj74tc2Y,Tebada🎉🎉🎉,2,2026-07-16T01:49:25Z,candidate
Ugz1iAiSp-3IF5Ph7GZ4AaABAg,2gT7rtsSsTE,Pjyohofh,0,2026-07-12T03:33:22Z,candidate
UgznC7Jp-y23p_LqxTp4AaABAg,2gT7rtsSsTE,😅,0,2026-06-04T15:42:35Z,candidate
UgyUveMOZcjYfKz0vHd4AaABAg,2gT7rtsSsTE,Pikinyu saka jevyu aava land jeva vidiyo bnavvanu bandh karo,0,2026-05-27T14:56:49Z,candidate
UgxG6azW1grKFmP2qXR4AaABAg,2gT7rtsSsTE,❤❤❤❤,1,2026-05-25T19:51:21Z,candidate
UgyKJ3lJYI9tHo9X6A14AaABAg,2gT7rtsSsTE,A,1,2026-05-05T06:10:21Z,candidate
UgzlyEc24rXpbB4eqKp4AaABAg,2gT7rtsSsTE,ℕ𝕚𝕔𝕖 𝕧𝕚𝕕𝕖𝕠,0,2026-04-30T14:37:53Z,candidate
UgzIbeTa4Wo_gfi4Vo94AaABAg,2gT7rtsSsTE,😂😂,0,2026-04-25T07:07:34Z,candidate
Ugzk-bauqpQ8NX2Dctx4AaABAg,2gT7rtsSsTE,😊😊,1,2026-04-21T04:00:26Z,candidate
Ugy7SBcAYNiwK9SSnBN4AaABAg,2gT7rtsSsTE,😮😮😮😮😮 ha,2,2026-04-20T08:28:17Z,candidate
Ugz25nfaj1QHarxui9R4AaABAg,2gT7rtsSsTE,E,0,2026-04-20T08:23:32Z,candidate
UgwLNEPjB6APNzmU9WR4AaABAg,2gT7rtsSsTE,Selnkro,0,2026-04-20T06:22:49Z,candidate
UgxXEvPVPSNMRCA1t8l4AaABAg,2gT7rtsSsTE,TT😊😊,0,2026-04-20T05:04:32Z,candidate
UgxFBWDECepXTXmIlNt4AaABAg,2gT7rtsSsTE,😂😂😂😂😂,0,2026-04-16T16:06:35Z,candidate
UgzyqcBjCY5eJaCfbFB4AaABAg,2gT7rtsSsTE,😂,0,2026-04-16T12:13:14Z,candidate
UgxzaUTP_XklFO_dBUZ4AaABAg,2gT7rtsSsTE,😂😂,2,2026-04-16T12:13:06Z,candidate
UgwcL0tujceTJp4v7Ep4AaABAg,2gT7rtsSsTE,😂😂,0,2026-04-16T11:57:31Z,candidate
UgzmC41K4T8M1f0lA3B4AaABAg,2gT7rtsSsTE,🎉😂,0,2026-04-16T11:57:26Z,candidate
UgxOnLE6X_eajNLYy8p4AaABAg,2gT7rtsSsTE,❤😂😂,0,2026-04-16T11:34:43Z,candidate
Ugx6mlhatqagIhemsLV4AaABAg,2gT7rtsSsTE,C u 😀,0,2026-04-16T11:34:40Z,candidate
UgwsHC0BArQpi7Cfh114AaABAg,2gT7rtsSsTE,😂,0,2026-04-16T11:34:36Z,candidate
Ugybbt0JCudLAgZ5ZyN4AaABAg,2gT7rtsSsTE,Good,0,2026-04-16T11:34:34Z,candidate
Ugxeem78C0Dlt2WuK2V4AaABAg,2gT7rtsSsTE,😂,0,2026-04-16T11:34:30Z,candidate
UgxSU3KauWTy59ZRMz14AaABAg,2gT7rtsSsTE,😂😂,0,2026-04-16T11:33:56Z,candidate
Ugzp-yrR80NbumcKOyF4AaABAg,2gT7rtsSsTE,😂😂,0,2026-04-16T11:33:53Z,candidate
UgyBkttUs0FZzqcvax54AaABAg,2gT7rtsSsTE,🎉😂,0,2026-04-16T11:33:50Z,candidate
UgwryzzxZYbXL_rVoOV4AaABAg,2gT7rtsSsTE,😂😂,0,2026-04-16T11:33:45Z,candidate
UgyHp_TM2_MGvLybDXB4AaABAg,2gT7rtsSsTE,🎉😂,0,2026-04-16T11:33:42Z,candidate
Ugy5aaXGwOB5TNO3Fwl4AaABAg,2gT7rtsSsTE,😂😂,0,2026-04-16T11:33:39Z,candidate
UgxkM1ewb_7kSWR7K9J4AaABAg,2gT7rtsSsTE,😂😂,0,2026-04-16T11:33:25Z,candidate
UgwCUl8Oi5_8WPrQ_hp4AaABAg,2gT7rtsSsTE,😂😂,0,2026-04-16T11:33:25Z,candidate
UgwIRunZ259Ss12THfB4AaABAg,2gT7rtsSsTE,😂😂,0,2026-04-16T11:33:22Z,candidate
UgwTuScY2GsamzJU2f94AaABAg,2gT7rtsSsTE,❤😂,0,2026-04-16T11:33:21Z,candidate
UgzXrsN3xsS4nELjU-V4AaABAg,2gT7rtsSsTE,🎉🎉,0,2026-04-16T11:33:18Z,candidate
UgwLRoO9iUAyaEFFc0N4AaABAg,2gT7rtsSsTE,😂😂,0,2026-04-16T11:33:18Z,candidate
Ugwf2B439rSgSQQHceR4AaABAg,2gT7rtsSsTE,😂😂,0,2026-04-16T11:32:57Z,candidate
UgxZvx9f1pp7GoxuQQ14AaABAg,2gT7rtsSsTE,😂😂,0,2026-04-16T11:32:56Z,candidate
UgwN0eS-hQm0djXOUkl4AaABAg,2gT7rtsSsTE,😂😂,0,2026-04-16T11:32:53Z,candidate
UgwisG2rFby4kBqrPKh4AaABAg,2gT7rtsSsTE,😂😂,0,2026-04-16T11:32:51Z,candidate
UgzJtNRjcMp0CPwqMeV4AaABAg,2gT7rtsSsTE,😂😂,0,2026-04-16T11:32:50Z,candidate
Ugw1ruyJesIOypRGtO54AaABAg,2gT7rtsSsTE,🎉🎉,0,2026-04-16T11:32:48Z,candidate
Ugzkh42bp-3F67rMojV4AaABAg,2gT7rtsSsTE,😂😂,0,2026-04-16T11:32:46Z,candidate
UgxKZzdAKchlcmPZ-6p4AaABAg,2gT7rtsSsTE,🎉🎉,0,2026-04-16T11:32:44Z,candidate
Ugy8Zor9N4j59JoP-ox4AaABAg,2gT7rtsSsTE,😂,0,2026-04-16T11:32:43Z,candidate
UgwS8jEWoFR3oqB3CUN4AaABAg,2gT7rtsSsTE,🎉🎉,0,2026-04-16T11:32:41Z,candidate
UgyxO3bWO4nG7jmeSRJ4AaABAg,2gT7rtsSsTE,😂😂,1,2026-04-16T11:32:38Z,candidate
Ugzs0diGJ51ZnWwuWt94AaABAg,2gT7rtsSsTE,😂,0,2026-04-16T11:32:38Z,candidate
Ugy2hgOQFuflINNXwQ14AaABAg,2gT7rtsSsTE,😂😂,0,2026-04-16T11:32:35Z,candidate
UgxPHYMY6O1ZXvJmlEV4AaABAg,2gT7rtsSsTE,😂😂,0,2026-04-16T11:32:32Z,candidate
UgzDEHnvSikYOqJ1QJN4AaABAg,2gT7rtsSsTE,😂😂,0,2026-04-16T11:32:31Z,candidate
UgyXOw4-uh2ezj-ZBdp4AaABAg,2gT7rtsSsTE,😂😂,0,2026-04-16T11:32:30Z,candidate
Ugw6l6FtSAmPgu9j2-94AaABAg,2gT7rtsSsTE,😂😂,0,2026-04-16T11:32:27Z,candidate
UgwNsnTp4rbs8u0Vjnp4AaABAg,2gT7rtsSsTE,😂😂,0,2026-04-16T11:32:25Z,candidate
UgyZ9CPHBKavcJE-56F4AaABAg,2gT7rtsSsTE,😂,0,2026-04-16T11:32:24Z,candidate
Ugy-tqNE-RMAExx9yzV4AaABAg,2gT7rtsSsTE,😂😂,1,2026-04-16T11:32:19Z,candidate
UgyiFUK7P67-vLSWb2p4AaABAg,2gT7rtsSsTE,🎉🎉,0,2026-04-16T11:32:18Z,candidate
UgwZP7FouML7MSMjfHZ4AaABAg,2gT7rtsSsTE,😂,0,2026-04-16T11:32:16Z,candidate
UgwvHMv1TUkgrlzXFFZ4AaABAg,2gT7rtsSsTE,😂,0,2026-04-16T11:32:16Z,candidate
UgysQPZKT7bnm5U0bNJ4AaABAg,2gT7rtsSsTE,❤😂,0,2026-04-16T11:32:12Z,candidate
UgzBNzdiVnc1ltx5aGp4AaABAg,2gT7rtsSsTE,😂😂,0,2026-04-16T11:32:12Z,candidate
UgzkdhfR_XpiLBLi-YF4AaABAg,2gT7rtsSsTE,😂😂,0,2026-04-16T11:32:09Z,candidate
Ugxu3VZcf04mR_L5by54AaABAg,2gT7rtsSsTE,🎉,0,2026-04-16T11:32:08Z,candidate
UgxZVwHSU5ObS-TSCZh4AaABAg,2gT7rtsSsTE,Ha ha vipul bhai,0,2026-04-16T11:31:54Z,candidate
UgzOpwoZHuoUrQP0tTF4AaABAg,2gT7rtsSsTE,Moj 😅,0,2026-04-16T11:31:49Z,candidate
UgxZv3pOuEIBSgNK32h4AaABAg,2gT7rtsSsTE,Good luck,0,2026-04-16T11:31:40Z,candidate
UgxUUMP9Gfck9LKEwsZ4AaABAg,2gT7rtsSsTE,Sara's hai,0,2026-04-16T11:31:36Z,candidate
UgwNyHF19a3lqZctJld4AaABAg,2gT7rtsSsTE,Moj,0,2026-04-16T11:31:32Z,candidate
UgzCssBXogKZHQ-F1N54AaABAg,2gT7rtsSsTE,Ao😮😅,0,2026-04-16T11:31:27Z,candidate
Ugxrs5NaWEWp045Rs-J4AaABAg,2gT7rtsSsTE,Super duper video,0,2026-04-16T11:31:19Z,candidate
UgzIZ7KlGN-avGF09T54AaABAg,2gT7rtsSsTE,Moj aavi ako comedy,0,2026-04-16T11:31:11Z,candidate
Ugwm2qMr_XdW39U_tDJ4AaABAg,2gT7rtsSsTE,Good 😮😅,0,2026-04-16T11:30:56Z,candidate
UgyjIEMoWErz1HzVKj14AaABAg,2gT7rtsSsTE,Jami ho comedy video,0,2026-04-16T11:30:54Z,candidate
Ugz5ymoJDfizpob1PMd4AaABAg,2gT7rtsSsTE,Ako comedian,0,2026-04-16T11:30:42Z,candidate
Ugw35jQqt6um72wDnu54AaABAg,2gT7rtsSsTE,Vah,0,2026-04-16T11:30:39Z,candidate
UgxAUBG4L-Lh5jr4Vlt4AaABAg,2gT7rtsSsTE,Full time comedy,0,2026-04-16T11:30:35Z,candidate
UgxNrbu-3Djc4N5jeIZ4AaABAg,2gT7rtsSsTE,Jay shree Krishna,0,2026-04-16T11:30:34Z,candidate
UgxvQzMoz-uqhvsUEr54AaABAg,2gT7rtsSsTE,Maja aata,0,2026-04-16T11:30:07Z,candidate
UgxUpWIIb8fSjItlTxV4AaABAg,2gT7rtsSsTE,Ha moj masti ha,0,2026-04-16T11:30:02Z,candidate
Ugy7xh1M04SjPuetjGx4AaABAg,2gT7rtsSsTE,Mast he,0,2026-04-16T11:29:44Z,candidate
UgypNWgesqr_eL7kfO94AaABAg,2gT7rtsSsTE,Full enjoy,0,2026-04-16T11:21:41Z,candidate
UgxjNQSeGIKJPSzVpVV4AaABAg,2gT7rtsSsTE,Moj masti ki hai kya bat,0,2026-04-16T11:21:37Z,candidate
UgyAdVcMF7EjKDs6O2F4AaABAg,2gT7rtsSsTE,King 👑 vipul,0,2026-04-16T11:21:22Z,candidate
Ugzd2JmwxVO3t0HBanB4AaABAg,2gT7rtsSsTE,Jordar video,0,2026-04-16T11:21:13Z,candidate
Ugwzdw9yXLdtFlJRr3B4AaABAg,2gT7rtsSsTE,Maja aata hai,0,2026-04-16T11:21:08Z,candidate
UgyK8DqulAAk5YB3TTF4AaABAg,2gT7rtsSsTE,Ohh,0,2026-04-16T11:21:02Z,candidate
Ugw11VBP1Ad2UvkCeaF4AaABAg,2gT7rtsSsTE,Ha vipul bhaiya ha,0,2026-04-16T11:20:58Z,candidate
UgymrYATsGGZiW0ggJ94AaABAg,2gT7rtsSsTE,Vah😮😅,0,2026-04-16T11:20:24Z,candidate
UgyFxEUiornNqNSjLPp4AaABAg,2gT7rtsSsTE,Sara's hai,0,2026-04-16T11:20:20Z,candidate
UgxHGhnVv0Man5cATNN4AaABAg,2gT7rtsSsTE,Ako comedy,0,2026-04-16T11:20:17Z,candidate
Ugy01_HxH-NhSx5Zyhh4AaABAg,2gT7rtsSsTE,Masti😮😅,0,2026-04-16T11:19:38Z,candidate
UgzlmDfMA0H8FXzaRSt4AaABAg,2gT7rtsSsTE,Super Vipul bhai,0,2026-04-16T11:19:34Z,candidate
Ugyo1qmNiBci4FCpSHF4AaABAg,2gT7rtsSsTE,Moj😮😊,0,2026-04-16T11:19:31Z,candidate
UgzrtbkIf4eZyjbowKt4AaABAg,2gT7rtsSsTE,😂😂,0,2026-04-16T11:17:45Z,candidate
Ugz-Ws31VHdnHVXFyyJ4AaABAg,2gT7rtsSsTE,😂,0,2026-04-16T11:16:54Z,candidate
UgyXY2t51bZodklME0t4AaABAg,2gT7rtsSsTE,🎉🎉,0,2026-04-16T11:16:32Z,candidate
UgxS75YaGWeEutXQqMN4AaABAg,2gT7rtsSsTE,😂,0,2026-04-16T11:16:31Z,candidate
Ugx6UQ8ffRlG6Vg80rB4AaABAg,2gT7rtsSsTE,😂😂,0,2026-04-16T11:16:30Z,candidate
Ugz2I6UpXpaBg55n4d14AaABAg,2gT7rtsSsTE,😂😂,0,2026-04-16T11:13:34Z,candidate
UgxVNE0_cusHwRqCSTZ4AaABAg,2gT7rtsSsTE,😂🎉,0,2026-04-16T11:13:33Z,candidate
UgzSRjPeQMqltPZqOxN4AaABAg,2gT7rtsSsTE,😂😂,0,2026-04-16T11:13:30Z,candidate
UgwBlsZfkr1SeCvmKa94AaABAg,2gT7rtsSsTE,😂😂,0,2026-04-16T11:13:29Z,candidate
Ugyf58qAXr5ca_CmwG14AaABAg,2gT7rtsSsTE,😂😂,0,2026-04-16T11:12:35Z,candidate
Ugy7XCrZPHN0PFa3LVp4AaABAg,2gT7rtsSsTE,😂😂,0,2026-04-16T11:12:34Z,candidate
UgyDTWsKENwWeYfobhN4AaABAg,2gT7rtsSsTE,😂😂,0,2026-04-16T11:12:32Z,candidate
UgzxALU-6MHrkENYYxx4AaABAg,2gT7rtsSsTE,🎉😂,0,2026-04-16T11:12:31Z,candidate
Ugy1bnInlcGfQS-OhVh4AaABAg,2gT7rtsSsTE,Bahut bahut 😊😊,0,2026-04-16T11:12:18Z,candidate
Ugz-l03ylyz8ewcxrKt4AaABAg,2gT7rtsSsTE,Moj,0,2026-04-16T11:11:58Z,candidate
UgwGJ2vatN8BCuEhCvR4AaABAg,2gT7rtsSsTE,Vah kya baat hai,0,2026-04-16T11:11:55Z,candidate
UgwHjl1nwleDyue4paJ4AaABAg,2gT7rtsSsTE,Bahu Sara's comedy,0,2026-04-16T11:11:51Z,candidate
UgyolYec6VfxFfWKLi94AaABAg,2gT7rtsSsTE,❤😊,0,2026-04-16T11:07:55Z,candidate
Ugy-NMMudS3kXo3y73p4AaABAg,2gT7rtsSsTE,🎉😂,0,2026-04-16T11:07:54Z,candidate
Ugxol_pOoI8htts3Br14AaABAg,2gT7rtsSsTE,😂😂,0,2026-04-16T11:07:54Z,candidate
UgycPi5cGYr4icEsIsF4AaABAg,2gT7rtsSsTE,King 👑 vipul,0,2026-04-16T11:07:31Z,candidate
Ugy60YVRQZpn0VTWJid4AaABAg,2gT7rtsSsTE,Sara's video vipul Bhai,0,2026-04-16T11:07:28Z,candidate
UgzJ46WTQhA43UMEmf94AaABAg,2gT7rtsSsTE,😂😊,1,2026-04-16T11:07:27Z,candidate
Ugw9BFvxewvfmBwiNeh4AaABAg,2gT7rtsSsTE,🎉,0,2026-04-16T11:07:21Z,candidate
Ugzj9cwDkfHpUlzqA654AaABAg,2gT7rtsSsTE,😂😂😂,0,2026-04-16T11:07:21Z,candidate
UgyfzluHyL9lforZpNh4AaABAg,2gT7rtsSsTE,Good😮😊,0,2026-04-16T11:07:21Z,candidate
UgzBig-KyBVg2oMv0ih4AaABAg,2gT7rtsSsTE,🎉🎉,0,2026-04-16T11:07:20Z,candidate
Ugwhxcy1bqsfbbmHnYh4AaABAg,2gT7rtsSsTE,🎉🎉,1,2026-04-16T11:07:17Z,candidate
Ugyl42lCO4U2k1Fv6d94AaABAg,2gT7rtsSsTE,Ako 😮😅,0,2026-04-16T11:07:12Z,candidate
Ugw3wv1pbUkESfFq9414AaABAg,2gT7rtsSsTE,Saras,0,2026-04-16T11:07:07Z,candidate
UgwnQ7NP31C0bcY85JJ4AaABAg,2gT7rtsSsTE,Mast he,0,2026-04-16T11:07:02Z,candidate
UgwU-OQxa0d3-psK-ex4AaABAg,2gT7rtsSsTE,Madt,0,2026-04-16T11:06:56Z,candidate
UgznMXGJmOYL7zda5hh4AaABAg,2gT7rtsSsTE,😂,0,2026-04-16T11:06:52Z,candidate
UgymhadS7HwVMRKiwb54AaABAg,2gT7rtsSsTE,Maka😅,0,2026-04-16T11:06:29Z,candidate
Ugw9gL_BMtyJzueznHF4AaABAg,2gT7rtsSsTE,🎉😂,0,2026-04-16T11:06:28Z,candidate
UgwoGOuh2ugxcCOE_qB4AaABAg,2gT7rtsSsTE,Jokas 😅😊,0,2026-04-16T11:06:25Z,candidate
UgzNQn1e-IecURIPQP14AaABAg,2gT7rtsSsTE,😂😂,0,2026-04-16T11:06:24Z,candidate
UgxMO4Lz0881VziZJn94AaABAg,2gT7rtsSsTE,🎉😂,0,2026-04-16T11:06:23Z,candidate
UgyLHHUHBOLvq5BulJp4AaABAg,2gT7rtsSsTE,Mast lag😅😊,0,2026-04-16T11:06:21Z,candidate
UgzHRn6hFtvdPBKd6TZ4AaABAg,2gT7rtsSsTE,😂😂,0,2026-04-16T11:06:16Z,candidate
UgxNNyzHgA6ClF8T1mN4AaABAg,2gT7rtsSsTE,❤😂,0,2026-04-16T11:06:16Z,candidate
UgyrduOLo_0oiPhm0794AaABAg,2gT7rtsSsTE,😂,0,2026-04-16T11:05:56Z,candidate
Ugxtx7ihy1GLErLkx8F4AaABAg,2gT7rtsSsTE,🎉😂,0,2026-04-16T11:05:53Z,candidate
Ugz9PYParDS2ng3C2t94AaABAg,2gT7rtsSsTE,😂😂,0,2026-04-16T11:05:52Z,candidate
Ugy_J_WLdLbhQrCKzcp4AaABAg,2gT7rtsSsTE,❤😂,0,2026-04-16T11:05:51Z,candidate
UgyWAJE2szj3Z-T_YAJ4AaABAg,2gT7rtsSsTE,😂😂,0,2026-04-16T11:05:05Z,candidate
UgxUT1mpFuxqYQkXw1x4AaABAg,2gT7rtsSsTE,😂😂,0,2026-04-16T11:05:02Z,candidate
UgzCi0vunJET03l97KJ4AaABAg,2gT7rtsSsTE,😂😂,0,2026-04-16T11:05:02Z,candidate
UgybqoI-GdGOX7Lgkz54AaABAg,2gT7rtsSsTE,😂😂,0,2026-04-16T11:04:56Z,candidate
UgzcIubeGBC63DV05NV4AaABAg,2gT7rtsSsTE,😂😂,0,2026-04-16T11:04:53Z,candidate
UgyUVlv5FhL3_0GoJe54AaABAg,2gT7rtsSsTE,😂😂,0,2026-04-16T11:04:52Z,candidate
UgyaJSrCdSKSY88z1GV4AaABAg,2gT7rtsSsTE,🎉😂😂,0,2026-04-16T11:04:30Z,candidate
UgxDUvialZoW5fjatPl4AaABAg,2gT7rtsSsTE,❤❤,0,2026-04-16T11:04:25Z,candidate
UgyxqbtIXNURu5anO3h4AaABAg,2gT7rtsSsTE,😂,0,2026-04-16T11:03:49Z,candidate
UgyhJ2WFE4Tq_M60g-N4AaABAg,2gT7rtsSsTE,❤😂😊,0,2026-04-16T11:03:48Z,candidate
UgzGbqazEYyZWuCeRwp4AaABAg,2gT7rtsSsTE,😂😂,0,2026-04-16T11:03:23Z,candidate
UgzRBM8OxzSekufyf7t4AaABAg,2gT7rtsSsTE,😂😂,0,2026-04-16T11:03:22Z,candidate
UgxLgMc9jIibeB7S_VB4AaABAg,2gT7rtsSsTE,😂😂,0,2026-04-16T11:03:19Z,candidate
UgzIk8ZDymWiLguoJqN4AaABAg,2gT7rtsSsTE,😂❤,0,2026-04-16T11:03:17Z,candidate
UgyGQnStOQs1j8YmBIR4AaABAg,2gT7rtsSsTE,😂😂,0,2026-04-16T11:03:14Z,candidate
UgwE2jjIlxRdSjezAJ54AaABAg,2gT7rtsSsTE,😂🎉,0,2026-04-16T11:03:12Z,candidate
UgxCgDIlvUQ0uq_VDBN4AaABAg,2gT7rtsSsTE,😂🎉,0,2026-04-16T11:02:43Z,candidate
UgzkjnfR3ZhzDuPXzm94AaABAg,2gT7rtsSsTE,❤😂,0,2026-04-16T11:02:43Z,candidate
Ugx7r7KKnsQancIIfhp4AaABAg,2gT7rtsSsTE,😂😂,0,2026-04-16T11:02:41Z,candidate
UgwmD1Amee1DaScWhS54AaABAg,2gT7rtsSsTE,😂😂,0,2026-04-16T11:01:20Z,candidate
UgwVP4RBffrlubmSBRp4AaABAg,2gT7rtsSsTE,😂😂,0,2026-04-16T11:01:17Z,candidate
UgwL_iVV-coNdgiOasV4AaABAg,2gT7rtsSsTE,😂😂,0,2026-04-16T11:01:15Z,candidate
UgzSZV2YHK31pHS4JBB4AaABAg,2gT7rtsSsTE,😂😂,0,2026-04-16T11:01:11Z,candidate
UgyMlWoOMhon3v_-RaR4AaABAg,2gT7rtsSsTE,😂😂,0,2026-04-16T11:01:06Z,candidate
Ugx-IqbXvBJq_Dn9dlx4AaABAg,2gT7rtsSsTE,😂🎉,2,2026-04-16T11:01:03Z,candidate
Ugx3HyNBeQQahKjb3fh4AaABAg,2gT7rtsSsTE,😂😂,0,2026-04-16T11:01:02Z,candidate
UgzeKI9Qav_O1n1K9Cd4AaABAg,2gT7rtsSsTE,😂,0,2026-04-16T11:01:00Z,candidate
Ugw--dDeP5zWwipBvfd4AaABAg,2gT7rtsSsTE,😂😂😂,0,2026-04-16T11:00:47Z,candidate
UgzdMkUKdA19iQAvAxh4AaABAg,2gT7rtsSsTE,Nice video bhai,0,2026-04-16T11:00:40Z,candidate
Ugz8Q8dm4Evnkn5r9et4AaABAg,2gT7rtsSsTE,😂😂,0,2026-04-16T11:00:30Z,candidate
UgyNcZLIwh5MEE4JVcB4AaABAg,2gT7rtsSsTE,😂😂,0,2026-04-16T11:00:29Z,candidate
Ugz972NzFhUr19ZseE54AaABAg,2gT7rtsSsTE,😂😂,0,2026-04-16T11:00:09Z,candidate
UgwD6H5pq9lOt4zaBVV4AaABAg,2gT7rtsSsTE,😂🎉,0,2026-04-16T11:00:06Z,candidate
UgzSmnHOo3ZC47-bNsV4AaABAg,2gT7rtsSsTE,😂😂😂😂,0,2026-04-16T11:00:05Z,candidate
Ugz3zy-YJRxBrCxNbsJ4AaABAg,2gT7rtsSsTE,😂😂🎉,0,2026-04-16T11:00:02Z,candidate
UgwPy93iG0JjLCjBqgZ4AaABAg,2gT7rtsSsTE,Jordar video,0,2026-04-16T10:59:21Z,candidate
UgzQFbQd_OsYqc5t-sp4AaABAg,2gT7rtsSsTE,Supar video bhai,1,2026-04-16T10:58:43Z,candidate
UgxxekS7uJTMem7Fw-p4AaABAg,2gT7rtsSsTE,Good video,0,2026-04-16T10:58:05Z,candidate
UgzZwjMyV2L1zbW63394AaABAg,2gT7rtsSsTE,Good video bhai,2,2026-04-16T10:56:40Z,candidate
Ugx0pVEo-O7I0J3Do_14AaABAg,2gT7rtsSsTE,Jordar vipul bhai,4,2026-04-16T10:56:29Z,candidate
Ugw-Yf2DDyWSMWAMXB14AaABAg,2gT7rtsSsTE,Nice post,5,2026-04-16T10:55:46Z,candidate
UgzfqPAFCgzN0Sf-upJ4AaABAg,2gT7rtsSsTE,😂😂,0,2026-04-16T10:54:41Z,candidate
UgwlV6vcz6xHtKHjyQh4AaABAg,2gT7rtsSsTE,😂😂,0,2026-04-16T10:53:16Z,candidate
UgyQgSzi8YXIHPZZ8HJ4AaABAg,2gT7rtsSsTE,😂😂,0,2026-04-16T10:53:15Z,candidate
UgxTEtUPII9wopZNs2J4AaABAg,2gT7rtsSsTE,😂😂,0,2026-04-16T10:53:05Z,candidate
Ugz_bdWNqyWAHaaQgKp4AaABAg,2gT7rtsSsTE,🎉😂,0,2026-04-16T10:53:04Z,candidate
UgzzB-LgzF_EJP8FmNR4AaABAg,2gT7rtsSsTE,🎉😂,0,2026-04-16T10:53:00Z,candidate
UgwvYgAK4jVBIhFcFGZ4AaABAg,2gT7rtsSsTE,Jami ho vipa comedy,0,2026-04-16T10:51:38Z,candidate
UgyZbMvlrtKtHSlymzR4AaABAg,2gT7rtsSsTE,Vah vipul Bhai,0,2026-04-16T10:51:32Z,candidate
Ugxx70pjqp1kYhiJpQJ4AaABAg,2gT7rtsSsTE,Vah pagl,0,2026-04-16T10:51:29Z,candidate
UgwC-uvWbPPpe2INjn94AaABAg,2gT7rtsSsTE,Family,0,2026-04-16T10:51:20Z,candidate
UgwhsaO8-f6ZjdY2i014AaABAg,p3sb5EuUHJ4,ChaMunD SaDaa SaHaaYaTe . ChaMunD TeRa SaHaaRa .,1,2026-08-13T10:09:10Z,candidate
Ugwi-zGBxYGZoQWOdnV4AaABAg,p3sb5EuUHJ4,Sarpanch ne 50000 aapvase contact number moklo phone pe,0,2026-08-12T17:47:09Z,candidate
UgwyG9Y_OEaSWQHj97N4AaABAg,p3sb5EuUHJ4,❤❤❤❤❤,0,2026-08-11T07:52:08Z,candidate
Ugw6mj2-fvWZMo_xrkF4AaABAg,p3sb5EuUHJ4,રોબોટ ભાગ 2 જો બનાવો  super vedeyo,2,2026-08-10T15:13:47Z,candidate
UgzZnfLEr5A8X9KuSep4AaABAg,p3sb5EuUHJ4,sarpanch hoy toj video jova ni maja aave bhai bau sari acting che,2,2026-08-10T08:20:02Z,candidate
Ugxla_ZGVgZUuVXz6pF4AaABAg,p3sb5EuUHJ4,❤❤❤❤❤🎉🎉🎉🎉🎉🎉🎉🎉🎉🎉👌👌👌👌👌👌✌✌🙏🙏🙏🙏🙏,0,2026-08-09T19:19:04Z,candidate
UgxIpsBIlzHUDorctBZ4AaABAg,p3sb5EuUHJ4,Super 👌👌👌,0,2026-08-09T18:12:28Z,candidate
UgwynVtawjusuRO5Km14AaABAg,p3sb5EuUHJ4,❤,1,2026-08-09T16:42:04Z,candidate
UgzwTpypYjaR7HLnGxB4AaABAg,p3sb5EuUHJ4,जय माताजी,1,2026-08-09T16:29:12Z,candidate
UgxFhnkJpOzBuZ2kW114AaABAg,p3sb5EuUHJ4,बिजोभगनाबनावतानयीमजवे,1,2026-08-09T16:17:03Z,candidate
UgxSTICogfCgR9hKbAl4AaABAg,p3sb5EuUHJ4,😂😂😂😂😂😂,1,2026-08-09T16:06:48Z,candidate
UgwCFono9_Z1SV4Q0Nt4AaABAg,p3sb5EuUHJ4,Super video😅😅😂,1,2026-08-09T16:05:49Z,candidate
Ugy0vPU_W5VGL55b_tF4AaABAg,p3sb5EuUHJ4,vdudeuveikqopvsftrbvyuhgsaokytiubrudeyhdigrhyvjtftuvmgrnovrbvsk❤,0,2026-08-09T14:50:46Z,candidate
UgzWGqWXx-uJ8WcSNN94AaABAg,p3sb5EuUHJ4,Song badlo sarpanji...hv,1,2026-08-09T14:01:34Z,candidate
Ugw5lsRU8q2Kh9E5L2d4AaABAg,p3sb5EuUHJ4,❤❤❤❤❤❤🎉🎉🎉🎉🎉🎉🙏🙏🙏🙏👌👌👌👌👌👌,1,2026-08-09T11:02:35Z,candidate
UgylfXhfrea_ak6WPI94AaABAg,p3sb5EuUHJ4,Vaghu ભા.નાતk,0,2026-08-09T08:45:00Z,candidate
Ugx8U6jxQ2wQKOp-QZ14AaABAg,p3sb5EuUHJ4,Superb acting vaghuji chehaji methaji ❤❤❤,2,2026-08-09T08:35:32Z,candidate
Ugwl7jm1zWrKMdZqQzB4AaABAg,p3sb5EuUHJ4,Very good video,1,2026-08-09T08:28:36Z,candidate
Ugzlj0Y3xZMVDH3c9Al4AaABAg,p3sb5EuUHJ4,My.darling.lattari.aa.robat.nu.night.ni.khabar.rakhje.karnke.aa.robat.varshothi.hanimoon.nahikarel.varshothi.hangri.rakhel..ice.crime.tane.khavdavse.robat.no.koi.bharoso.nathi.good.video.lattaji.vagaji(robat)chehaji.popatji.kalaji.(robat).gaturji..sabarkanth.prantij..,1,2026-08-09T08:22:27Z,candidate
UgyfFKa318EbVl3IzXF4AaABAg,p3sb5EuUHJ4,Phone to lal robot no ayo hato,1,2026-08-09T08:13:30Z,candidate
UgzZmEPRit-x5lwr8jV4AaABAg,p3sb5EuUHJ4,"Aa,vidio
Thi,kayo,smaj,sudhar,se",1,2026-08-09T08:13:22Z,candidate
UgzOZVZWzG4ndpY1vId4AaABAg,p3sb5EuUHJ4,Bekar video 6,2,2026-08-09T08:02:39Z,candidate
UgzcMy2JonuZ2Ycygp14AaABAg,p3sb5EuUHJ4,Fine,1,2026-08-09T07:50:05Z,candidate
Ugzema_i2IVKlFmS7zt4AaABAg,p3sb5EuUHJ4,Superb,2,2026-08-09T07:49:55Z,candidate
UgwHPQif3YCP0Ozals14AaABAg,p3sb5EuUHJ4,Jay mataji,3,2026-08-09T06:32:59Z,candidate
UgwcfXia8lfQHggZQdV4AaABAg,p3sb5EuUHJ4,Jay Dwarkadhish,3,2026-08-09T06:32:52Z,candidate
UgwpExyVmMnrk6XTO-R4AaABAg,p3sb5EuUHJ4,Nice,2,2026-08-09T06:32:47Z,candidate
UgxBN6ERqlVoQY3LzHh4AaABAg,p3sb5EuUHJ4,Shree Ram,1,2026-08-09T06:27:16Z,candidate
UgwEFXfOPmVcT60Z41l4AaABAg,p3sb5EuUHJ4,🎉🎉🎉🎉🎉🎉🎉,1,2026-08-09T06:15:37Z,candidate
Ugzou2uRdHP6t5v6g094AaABAg,p3sb5EuUHJ4,Vemilu bayru vado to video to banavo gano time thai,2,2026-08-09T05:36:03Z,candidate
UgzHMdXukcuWzdu_chN4AaABAg,p3sb5EuUHJ4,Jay mataji 🙏🙏,3,2026-08-09T05:20:29Z,candidate
UgwOUHsdfwvZfTIa4Vp4AaABAg,p3sb5EuUHJ4,VAGUBHA JORADAR VAGUBHA LAYA.NAVU,0,2026-08-09T05:07:09Z,candidate
Ugz_bLMQUfEtFb7qAAB4AaABAg,p3sb5EuUHJ4,Gatu gadi jova. Rakhi che,2,2026-08-09T04:07:53Z,candidate
UgyjE31ARDjrJE9jidt4AaABAg,p3sb5EuUHJ4,Good 👍,4,2026-08-09T03:47:38Z,candidate
UgxHV8nnpffVhPF-8bV4AaABAg,p3sb5EuUHJ4,❤sarpanchsahebshreeniceacting,4,2026-08-09T03:36:24Z,candidate
UgwRy7IwVihxEKG5-8V4AaABAg,p3sb5EuUHJ4,❤ Jay Ashapura ❤,7,2026-08-09T03:32:13Z,candidate
UgzaWSeKU0It08K_7tl4AaABAg,p3sb5EuUHJ4,Virampur thi joye seye,5,2026-08-09T02:47:31Z,candidate
Ugx8BO7zs_e8oIAwhph4AaABAg,p3sb5EuUHJ4,❤❤❤❤,3,2026-08-09T02:44:30Z,candidate
UgwVFt4OXh_VOQXMVOd4AaABAg,p3sb5EuUHJ4,jay sikotar maa,14,2026-08-09T01:36:05Z,candidate
Ugwu8RTr-Qa017RONyF4AaABAg,v7nxRhdTMXA,Waah dhirubhai waah👌👌,3,2026-08-01T16:34:46Z,candidate
UgyOGVwxItK3poCGUbN4AaABAg,v7nxRhdTMXA,https://www.youtube.com/watch?v=ez8dRvx60DE&t=8s&pp=ygUiYmFwcyBwcmF2YWNoYW4gbW90aXZhdGlvbmFsIHNwZWVjaA%3D%3D,0,2026-07-30T11:19:37Z,candidate
UgzX6Ilxfxfc66gIa7t4AaABAg,v7nxRhdTMXA,😂,0,2026-07-30T08:49:49Z,candidate
Ugy0wIwU1VS0cV_8QL14AaABAg,v7nxRhdTMXA,Mojj aavi gai Ho Bhai 🤩 Jay shree Ram 🚩🇮🇳🚩,12,2026-07-28T13:51:09Z,candidate
Ugzv3abI5JhoiRgVuVp4AaABAg,v7nxRhdTMXA,"Dhiru Bhai next level , Khub Saras thank you 😊",13,2026-07-28T00:25:31Z,candidate
UgzfSUf9BSYIDLI-PmR4AaABAg,v7nxRhdTMXA,❤😂🎉😢😮😅😊,1,2026-07-27T22:56:41Z,candidate
Ugxlhi08W8qSvPysLTh4AaABAg,v7nxRhdTMXA,FEL,7,2026-07-27T15:35:03Z,candidate
Ugx0esvrdcQCxU6X7fV4AaABAg,1KoPevr6pIM,QQ eww 1 QQ Q and,0,2026-08-12T15:05:32Z,candidate
UgwC-GhhE8CvhbXI7sN4AaABAg,1KoPevr6pIM,😂😂,0,2026-08-11T13:40:53Z,candidate
UgyrjygvdS7ykzf7Ivt4AaABAg,1KoPevr6pIM,Sharpach  ne  su  karva  leso  bala jevo lage chhe🤧,0,2026-08-09T11:22:35Z,candidate
UgxQ8y8awC22DL-7Lnh4AaABAg,1KoPevr6pIM,Radeo.lattri.sudhre.tem.nathi.ek.kamkar.aa.redeo.bhangar.ma.vechimaro.etle.redeo.boltobandh.thaijay.gharma.redeo.hoyto.vagene..gharma.redeo.yo.na.hoyto.kyothi.bhajno.vagse.aa.redeo.no.aaje.nikalkaro..nahito.taru.fitnes.bahuj.kharab.karidese.lattari.khoob.saras.video.kadvaji.methaji.tinaji.chehaji.vagaji.khataji.tamari.juni.team.che.bahuj.maja.aaveche.lattari.ne.marakhoob.abhinadan.lattri.ni.speech.bolvani.super.che.i.love.you.latta..sabarkantha.prantij.,1,2026-08-09T10:41:47Z,candidate
UgxilMujuDbspZcmjlh4AaABAg,1KoPevr6pIM,❤❤,0,2026-08-08T08:31:29Z,candidate
UgwsufdtAyL-hjFR0UB4AaABAg,1KoPevr6pIM,😅,0,2026-08-07T07:32:13Z,candidate
UgxBqUtTj-ubaq-BWRd4AaABAg,1KoPevr6pIM,Nice video,0,2026-08-06T16:58:12Z,candidate
UgzVmVwo6DSpppVioM94AaABAg,1KoPevr6pIM,👌👌👌👌👌❤❤❤❤,0,2026-08-06T16:17:57Z,candidate
Ugz1VXuXfforBw2yBR14AaABAg,1KoPevr6pIM,Super duper mast ❤❤❤❤❤,0,2026-08-06T15:30:05Z,candidate
Ugzp3IcVXfZloc3qn3R4AaABAg,1KoPevr6pIM,❤❤❤❤❤❤❤❤❤❤❤❤❤❤❤❤❤❤❤❤❤❤❤❤❤❤ 4:13 4:14 ❤❤❤❤❤❤❤❤❤❤❤❤❤❤❤❤❤❤❤❤❤❤❤❤❤❤❤❤❤❤❤❤❤❤❤❤❤❤❤❤❤❤❤❤❤❤❤❤❤ 4:34 4:35 4:35 4:35 4:35 ❤❤❤❤❤❤❤❤❤❤❤❤❤❤❤❤❤❤❤❤❤❤❤❤❤❤❤❤❤❤❤❤❤❤❤❤❤❤❤❤❤❤❤❤❤❤❤❤❤❤❤ 4:50 ❤❤❤❤❤❤❤❤❤❤❤❤❤❤❤❤❤❤❤❤❤❤❤❤❤❤❤❤❤❤❤❤❤❤❤❤❤❤❤❤❤❤❤❤❤❤❤❤❤❤❤❤❤❤❤❤❤❤❤❤❤❤❤❤❤❤❤❤❤❤❤❤❤❤❤❤❤❤❤❤❤❤❤❤❤❤❤❤❤❤❤❤❤❤❤❤❤❤❤❤❤❤❤❤❤❤❤❤❤❤❤❤❤❤❤❤❤❤❤❤❤❤❤❤❤❤❤❤❤❤❤❤❤❤❤❤❤❤❤❤❤❤❤❤❤❤❤❤❤❤❤❤❤❤❤❤❤❤❤❤❤❤❤❤❤❤❤❤❤❤❤❤❤❤❤❤❤❤❤❤❤❤❤❤❤❤❤❤❤❤❤❤❤❤❤❤❤❤❤,1,2026-08-06T15:01:53Z,candidate
Ugw50ufZaFOASR7JFAV4AaABAg,1KoPevr6pIM,❤❤❤❤❤❤❤❤❤❤❤❤❤❤❤❤❤❤❤❤❤❤❤❤❤❤❤❤❤❤❤❤❤❤❤❤❤❤❤❤❤❤❤❤❤❤❤❤❤❤❤❤❤❤❤❤❤❤❤❤❤❤❤❤❤❤❤❤❤❤❤❤❤❤❤❤❤❤❤❤❤❤❤❤❤❤❤❤❤❤❤❤❤❤❤❤❤❤❤❤❤❤❤❤❤❤❤,1,2026-08-06T14:54:13Z,candidate
UgxNDPgsv2wIznlqnG14AaABAg,1KoPevr6pIM,Hii 👋👋👋👋👋👋👋👋👋👋👋👋👋👋👋👋👋👋👋👋👋👋👋👋👋,1,2026-08-06T14:53:27Z,candidate
UgylJOVVpOEk1Z2t9KV4AaABAg,1KoPevr6pIM,❤❤,0,2026-08-06T14:53:10Z,candidate
UgxJ_HZOfv0AebdxlCB4AaABAg,1KoPevr6pIM,Super 👌👌👌,0,2026-08-06T14:51:03Z,candidate
UgyETGTCAuNTzRS7fPh4AaABAg,1KoPevr6pIM,Kadavabha kevay,0,2026-08-06T13:26:32Z,candidate
Ugw1fov-oxNngHlT7jJ4AaABAg,1KoPevr6pIM,Kadavabha superb super,0,2026-08-06T13:22:49Z,candidate
Ugyb9Wr8HSXcGAz1Rq54AaABAg,1KoPevr6pIM,Dabal super bhag,0,2026-08-06T13:22:33Z,candidate
UgzVRu2pM9oh_Gjbd2x4AaABAg,1KoPevr6pIM,Bija badha umar layak doha lage k na lage kadva bhai perfect lage chhe aa role ma white kapda ma,0,2026-08-06T11:26:24Z,candidate
UgwvHt_twdGFR8RDaZl4AaABAg,1KoPevr6pIM,"Amuk shabdo jeva ke
Still, toweriyo, khepti, radio, mari mani sogan, bahuj maja ave chhe sambhlvani",0,2026-08-06T11:24:43Z,candidate
Ugz2G4OIbv-p6vdR32R4AaABAg,1KoPevr6pIM,Jay ramapir,0,2026-08-06T09:56:14Z,candidate
UgzAB-JBWo67A5cFXg14AaABAg,1KoPevr6pIM,1namabar bhag,1,2026-08-06T08:44:50Z,candidate
UgwnVu3j8LpcS_X0bBR4AaABAg,1KoPevr6pIM,Bijo bhag bnavo kadvaji ❤❤❤❤❤❤,0,2026-08-06T08:44:40Z,candidate
UgyNveyG4MyHaIRVpwd4AaABAg,1KoPevr6pIM,Superb acting kadvaji ❤❤❤,0,2026-08-06T08:33:45Z,candidate
Ugxmyi8qpXJ1w7jsU_F4AaABAg,1KoPevr6pIM,Superb acting kadvaji chehaji ❤❤❤❤❤❤❤❤,2,2026-08-06T08:33:33Z,candidate
UgxfsZusxhi57ZzH7gR4AaABAg,1KoPevr6pIM,Superb acting kadvaji methaji chehaji jode hoe atle video Jova ni mja j aave che ❤❤❤❤,0,2026-08-06T08:33:10Z,candidate
UgxOZ9xwQw46lt0EiC94AaABAg,1KoPevr6pIM,Superb acting kadvaji methaji chehaji tinaji gatuji Lata ben ❤❤❤❤❤,1,2026-08-06T08:32:39Z,candidate
UgzZ9k_yLyAPElIq-zx4AaABAg,1KoPevr6pIM,Bijo bhag 2,0,2026-08-06T08:06:54Z,candidate
UgztYuLOJ2YbOneKjDp4AaABAg,1KoPevr6pIM,❤ Jay mataji 🌹🙏,0,2026-08-06T07:31:40Z,candidate
UgxVCtmt2Z3b5OZ16jl4AaABAg,1KoPevr6pIM,Tremendous,2,2026-08-06T07:07:36Z,candidate
Ugx7PYIA-x784CoptWN4AaABAg,1KoPevr6pIM,Jay mataji,0,2026-08-06T06:06:11Z,candidate
UgwByML1slAH4ls32rx4AaABAg,1KoPevr6pIM,😂😂😂😂😂😂,0,2026-08-06T05:13:01Z,candidate
UgyHrQ5vJJAC-77vlmp4AaABAg,1KoPevr6pIM,Maro jiv mari meladi ma se maro mara ram se,5,2026-08-06T04:40:45Z,candidate
UgxnHTkAK1b2LFCassl4AaABAg,1KoPevr6pIM,"ONE MAN SHOW HO 
KADVA BHA 😎😎🙏🙏",3,2026-08-06T03:58:56Z,candidate
UgyEKJ_7_QSj-h2yuCt4AaABAg,1KoPevr6pIM,❤ jay Ashapura ❤,3,2026-08-06T03:40:03Z,candidate
UgywZM4H6Ae-yZJIAkd4AaABAg,1KoPevr6pIM,Bhag 2,4,2026-08-06T03:20:50Z,candidate
UgyGw_80afKp_3jcyJ14AaABAg,1KoPevr6pIM,Jiv...Jogni maa ❤,3,2026-08-06T03:19:49Z,candidate
UgwEqnagAeuaTs0cMx54AaABAg,1KoPevr6pIM,Super,3,2026-08-06T03:18:28Z,candidate
Ugz_NjgdD1Fh0XsEC5B4AaABAg,1KoPevr6pIM,Nice,3,2026-08-06T03:18:20Z,candidate
Ugxrkt-Fkp-p-0qos8B4AaABAg,1KoPevr6pIM,😂😂😂😂😂,3,2026-08-06T03:18:16Z,candidate
Ugwl6Bd8BEfr6Aov0pB4AaABAg,1KoPevr6pIM,❤❤❤❤❤,3,2026-08-06T03:18:10Z,candidate
Ugw1PRXonU5s_QRLLPB4AaABAg,1KoPevr6pIM,Jay Dwarkadhish,3,2026-08-06T03:18:03Z,candidate
UgxvksyZEmbea3cMHmh4AaABAg,1KoPevr6pIM,Jay mataji,3,2026-08-06T03:17:58Z,candidate
UgzvRZ45Lg5TCnuyLV14AaABAg,1KoPevr6pIM,🎉🎉🎉🎉🎉👌👌👌👌👌🙏🙏🙏🙏🙏🙏🙏🙏🙏🙏🙏🙏🙏❤❤❤❤❤❤❤❤❤❤👏💯💯💯💯💯💯💯💯💯💯,0,2026-08-06T02:57:24Z,candidate
UgxCEvdYFUZWYk5CRaF4AaABAg,1KoPevr6pIM,😊,2,2026-08-06T01:52:50Z,candidate
Ugyfxz-ntjbrflRjTQh4AaABAg,CefhAG3dda0,RAJU SETH NE PET BRABAR BNAVTA NA AAVDIYU,0,2026-08-12T08:39:48Z,candidate
UgwJVQwUkzeVMbpdc-d4AaABAg,CefhAG3dda0,जय श्री क्रीष्ण🙏,1,2026-08-11T10:43:26Z,candidate
UgyV2eaHY401naoUw5h4AaABAg,CefhAG3dda0,❤❤❤❤❤🎉🎉😮,1,2026-08-11T09:50:44Z,candidate
UgwFKkl83Ccwc-BC0Np4AaABAg,CefhAG3dda0,Wah vijudi wah,1,2026-08-11T09:06:02Z,candidate
Ugzj1WYIdPTml86hGmp4AaABAg,CefhAG3dda0,Vah viju,1,2026-08-11T07:50:30Z,candidate
Ugx3I8yKt3LgiZHZtHJ4AaABAg,CefhAG3dda0,Jay mataji 🙏,1,2026-08-11T07:35:05Z,candidate
Ugyt2bS4ou78NOpOakx4AaABAg,39YdQ1sc508,Rent ketlu chhe,0,2026-08-13T11:03:20Z,candidate
UgwcB0Jfx3--qUVup_x4AaABAg,39YdQ1sc508,Very nice vlog pinku Ben 🙏🙌🙌🙌🙌,0,2026-08-12T16:29:34Z,candidate
UgylURKf9Xi-VupZMhJ4AaABAg,39YdQ1sc508,Hii pooj,0,2026-08-12T15:57:59Z,candidate
UgyR_DuIhrr52XUKBuZ4AaABAg,39YdQ1sc508,Jay bhim 💙💙💙💙,0,2026-08-12T15:56:22Z,candidate
Ugywx3KG7866iIWIDEt4AaABAg,39YdQ1sc508,Tme khub prgti kro ne khub Aagl vadho ne tmara mmmy papa ne tmara upad graw thay 🫶🏻🫶🏻🫶🏻🫶🏻🫶🏻🫶🏻🫶🏻🫶🏻🫶🏻🫶🏻🫶🏻🫶🏻🫶🏻🫶🏻 jay bhim 💙💙💙💙💙💙💙💙💙💙💙💙💙💙💙💙💙💙💙💙💙💙💙💙💙💙💙💙💙💙💙💙💙💙💙💙💙💙💙💙💙💙💙💙💙💙💙💙💙💙💙💙💙💙💙💙,0,2026-08-12T15:56:02Z,candidate
UgxhmE4ak5Dn4LYZrVp4AaABAg,39YdQ1sc508,Hu una rav chu ane junagdh ketli var Aavi pn tme jova na mlya,0,2026-08-12T15:53:12Z,candidate
Ugwp7eVBOXtmIySOZmZ4AaABAg,39YdQ1sc508,Didi atyre tmare aatlu bdhu ghr ma levani jrur pn nathi hall simple j bv srs lage che bed room mst decor krai baki bdhi item atyr purchase kri ne budget na bagadai,2,2026-08-12T15:05:50Z,candidate
Ugy4SvBP1rec5P0JkIR4AaABAg,39YdQ1sc508,Super,0,2026-08-12T13:14:51Z,candidate
UgwwmlZEEIZ9k-Fk-Sh4AaABAg,39YdQ1sc508,To. Junagadh. Kem. Mekiyu?,0,2026-08-12T10:58:29Z,candidate
UgxevLCh7blHS_qjVQV4AaABAg,39YdQ1sc508,And lots of love ❤️ bossy lady ❤🎉🎉🎉,1,2026-08-12T10:11:53Z,candidate
Ugxlw5IV9UxxiwEn-YZ4AaABAg,39YdQ1sc508,Didi aek haircare tips recommend Kari’s ke please hair procity chake Kari ne hair oil use karjo bhu j different pade che hair ma hu pela almond oil and castor oil use karti pachi khbar padi ke aa hair oil mati low procity mate banya j nathi jar thi me jojoba oil and argon oil chalu karyu sache bhu j different dekhayo aetle please 🙏 tamari hair porosity chke kar jo j ❤❤,1,2026-08-12T10:10:34Z,candidate
UgySZCt83m-exyNmUzp4AaABAg,39YdQ1sc508,"Tme a shoe rack tya kitchen area jode na rakho agr set thay to bdli do tyathi kmk jmvanu bnavta hoiye pooja krta hoiye tya a na rakhay, kitchen jode na rakhay 
Hall ma b mast lagtu htu a",0,2026-08-12T09:53:42Z,candidate
UgzreaUq_oJaUkqUjxN4AaABAg,39YdQ1sc508,Di su reck ma pasti pathri ne rokho etale kharab pan nai taay ne cleen pan rese❤ nice volg di Tamra mummy papa ne prowood hase ke tame ena aa va saras dikri cho ketltu potana family mate vichare che nice di❤ bhgwan badha ne aavi saras dikri aape❤,0,2026-08-12T09:49:27Z,candidate
UgxbDWhDhuH8VEqQJvN4AaABAg,39YdQ1sc508,Tame deit nu dhyan aapo..tamara face par boj fat che...no hate for u...tame actor cho etle just  suggest  karyu,0,2026-08-12T09:49:17Z,candidate
UgyFDI9LXshS9eQpmRB4AaABAg,39YdQ1sc508,Jamnagar kyare aavso didi ❤,0,2026-08-12T09:39:17Z,candidate
UgzdasoOr01n62p8mzJ4AaABAg,39YdQ1sc508,Super beautiful 😍❤,0,2026-08-12T09:26:25Z,candidate
Ugwipgt4AnMj29Sagad4AaABAg,39YdQ1sc508,Castor oil,0,2026-08-12T09:22:41Z,candidate
UgxmJo3JXQxqciQBg0p4AaABAg,39YdQ1sc508,Welcome 😂,0,2026-08-12T09:14:49Z,candidate
Ugw3Hp8dAfEcecshO_B4AaABAg,39YdQ1sc508,Congratulations 🥳,0,2026-08-12T09:14:37Z,candidate
UgxsNg5_GmFUOkx9AXt4AaABAg,39YdQ1sc508,🎉🎉🎉🎉🎉,0,2026-08-12T09:14:28Z,candidate
Ugw8dopKmMx8VMI1pNp4AaABAg,39YdQ1sc508,Mast❤vlog,0,2026-08-12T09:14:01Z,candidate
Ugwau1SACukSAxymk7R4AaABAg,39YdQ1sc508,First,0,2026-08-12T09:10:03Z,candidate
UgxETSEE_jLylZAP-MR4AaABAg,XovZr0N8gIU,💯🙏👍🎉,1,2026-08-10T10:37:17Z,candidate
UgwwgG9Auf06aSl9WTJ4AaABAg,XovZr0N8gIU,"Jay. Mataji
Om. Shiv. Family",0,2026-08-03T17:16:48Z,candidate
Ugz9eIeppxkMmhRCRMt4AaABAg,XovZr0N8gIU,Thakor fameli bast❤,0,2026-07-30T05:51:20Z,candidate
Ugx6SG_hukNL6ubJrAV4AaABAg,XovZr0N8gIU,Jaydip patel ne Bharti & ramdena 😊,0,2026-07-24T05:36:30Z,candidate
UgzRf8gT7MIN2GOxGaF4AaABAg,XovZr0N8gIU,Jay dip patel,0,2026-07-21T11:02:38Z,candidate
Ugz5xtmNvqeW1UXOhR54AaABAg,XovZr0N8gIU,Vilage life om family 👌,0,2026-07-20T17:24:56Z,candidate
Ugwx664MjjINNZwA3il4AaABAg,XovZr0N8gIU,Shiv om,0,2026-07-19T20:27:11Z,candidate
UgzZ686xCGwwRqPMH3l4AaABAg,XovZr0N8gIU,Thokar family,0,2026-07-19T05:50:56Z,candidate
Ugx-TXQ9qwa6sk5JZnJ4AaABAg,XovZr0N8gIU,Om and family ❤,0,2026-07-18T05:51:15Z,candidate
Ugy7qCrm-zsB9LFmd-p4AaABAg,XovZr0N8gIU,🎉🎉🎉🎉🎉❤🎉🎉❤🎉❤,0,2026-07-17T09:00:47Z,candidate
UgwXy8NwBMuWDfgHrWd4AaABAg,XovZr0N8gIU,Bharat ahir,0,2026-07-14T04:57:47Z,candidate
UgxciYEhnmaOaIexV-t4AaABAg,XovZr0N8gIU,Ramdev ane Bharti બહુ સારા વીડિયો હોય છે,0,2026-07-12T04:00:30Z,candidate
Ugyz4j9b4i3PjNr85yx4AaABAg,XovZr0N8gIU,Omshiv family,0,2026-07-11T11:59:00Z,candidate
UgxDfZyMS6Hod2hz8Sh4AaABAg,XovZr0N8gIU,Siv family,0,2026-07-11T04:52:45Z,candidate
Ugx-mQxI70kdOPyM4a54AaABAg,XovZr0N8gIU,Thakor family,0,2026-07-10T21:14:38Z,candidate
Ugy5bxRE52uNc-FzxqN4AaABAg,XovZr0N8gIU,"J d patel na 
En yearly income ketli Che ?",0,2026-07-10T12:10:53Z,candidate
UgwNsyZAAmO5OsQMB_d4AaABAg,XovZr0N8gIU,Thakor femeli vlog,0,2026-07-10T04:06:25Z,candidate
Ugx6fnG3jR5vyGnn_s14AaABAg,XovZr0N8gIU,Life of thakor,0,2026-07-09T10:43:27Z,candidate
UgxZ2PBe-05hR9dJcOp4AaABAg,XovZr0N8gIU,Thakor family,0,2026-07-09T06:24:58Z,candidate
UgwSFpqL4SgppWxFhZN4AaABAg,XovZr0N8gIU,My most favourite Thakor family na sanjay bhai ranjit bhai nd my sweet 😍 chote chote Tika bhai ❤❤❤❤❤❤❤❤❤ Nd full family so sweet 😍😍😍😍😍😍😍😍,0,2026-07-09T02:33:13Z,candidate
UgzVJmuWIJ-JNy77j2p4AaABAg,XovZr0N8gIU,Thakor family,0,2026-07-08T15:41:58Z,candidate
Ugz5n1tXQi6qbwOoB5N4AaABAg,XovZr0N8gIU,Ham to Koi channel ke bare mein Jante hi nahin the Khali Bhartiya aur Om wala video dekhte hain Ramdev log ka,0,2026-07-08T15:28:21Z,candidate
UgxFjWrm_8-QaMsudCZ4AaABAg,XovZr0N8gIU,Shiv om na blog bahu mast hoy che ne hu jov chu,0,2026-07-08T14:32:56Z,candidate
UgyiphwEg1RnT2ken8d4AaABAg,XovZr0N8gIU,Thakur family,0,2026-07-08T08:45:49Z,candidate
Ugz02ax3V-f45fA10qB4AaABAg,XovZr0N8gIU,Om n family,0,2026-07-08T06:39:33Z,candidate
UgymNpmqdL_qnM37yF94AaABAg,XovZr0N8gIU,Life of thakor  and thakor family,1,2026-07-08T01:37:53Z,candidate
UgyQe5p5Nkaj2isuwjl4AaABAg,XovZr0N8gIU,Thakor family and life of Thakor,1,2026-07-08T00:37:34Z,candidate
Ugyvnr7qhk4dCWSKn954AaABAg,XovZr0N8gIU,🎉,0,2026-07-07T16:43:18Z,candidate
UgyBOKuu5WUfdxCvQmJ4AaABAg,XovZr0N8gIU,Koi na joya nathi,0,2026-07-07T16:03:27Z,candidate
Ugw90LJX8nhqIJncF454AaABAg,XovZr0N8gIU,Murkh log ka Kami nay desh may apna time beegadta hay income a logo ka ho raha hay sandas kartay nay deekhata utna mayrbani,0,2026-07-07T11:26:53Z,candidate
UgwYTKIqGokOaaRZbPp4AaABAg,XovZr0N8gIU,Life of thakor family ni na amana vlog joya vagar nay chaltu kay jovu chu nice family 6 thakor family,0,2026-07-07T10:00:01Z,candidate
Ugwzgduho5HPGBzFFe14AaABAg,XovZr0N8gIU,SB Hindustani only,0,2026-07-07T08:20:46Z,candidate
UgzoVFzquqHJPW0G3bJ4AaABAg,XovZr0N8gIU,Thakor family ❤❤❤,0,2026-07-07T08:12:44Z,candidate
UgxsrUTcsM_IsJzS7lZ4AaABAg,XovZr0N8gIU,Life of Thakor,0,2026-07-07T08:11:48Z,candidate
UgxUKZpMEIJ5447g1-94AaABAg,XovZr0N8gIU,Thakor  family,0,2026-07-07T06:45:22Z,candidate
UgyTSKOuIYim8_Li5Vt4AaABAg,XovZr0N8gIU,Thakor  famalij barabar che ano fast nambar aawe saukt kutumb ak the jamwu baswu maja awech jowane bja bahana  wlogma motay khali animalsnuj bataay che Thakor f bast❤❤❤❤,0,2026-07-07T05:47:44Z,candidate
UgxMJdnphbOQxZaQgE94AaABAg,XovZr0N8gIU,Thakor family na,0,2026-07-07T04:24:37Z,candidate
UgzOUeTPMEq_3Lk7iaZ4AaABAg,XovZr0N8gIU,Thakor family na❤❤,0,2026-07-06T19:13:10Z,candidate
Ugx8nXVgqElw9KhOSAR4AaABAg,XovZr0N8gIU,Thakor femeli 🎉,1,2026-07-06T18:59:32Z,candidate
Ugy9T99ojBih-PqIF6d4AaABAg,XovZr0N8gIU,Thakor femily na,0,2026-07-06T16:37:04Z,candidate
UgxVY3XSIC_KxC6C36Z4AaABAg,XovZr0N8gIU,J s k laif,0,2026-07-06T16:27:38Z,candidate
UgweKt2hX2ymVhCYCkR4AaABAg,XovZr0N8gIU,Life of thakor,0,2026-07-06T14:24:30Z,candidate
UgyNiPqMmRYKvXRcTHF4AaABAg,XovZr0N8gIU,Om and family porbandar Maher samaj,0,2026-07-06T12:53:26Z,candidate
UgxrMsc-ZTZ_Ly0YY_14AaABAg,XovZr0N8gIU,Thakur family,0,2026-07-06T09:51:47Z,candidate
UgybUjbYS1J-RoeKIPJ4AaABAg,XovZr0N8gIU,Thakor femily,0,2026-07-06T09:45:35Z,candidate
UgyHr8OxuQJ1FzQ7Vo54AaABAg,XovZr0N8gIU,Thakur family,0,2026-07-06T07:13:55Z,candidate
UgxozXo5VuQCfI748RF4AaABAg,XovZr0N8gIU,Khajur bhai na video,0,2026-07-06T06:42:55Z,candidate
UgzzcMBY3oI3Z9PeF_B4AaABAg,XovZr0N8gIU,Only life of Thakor & Thakor family,1,2026-07-06T05:56:04Z,candidate
Ugxi22x47WU5CK-sYi14AaABAg,XovZr0N8gIU,Om shiv family ❤️❤️👍👍👍,0,2026-07-06T02:28:15Z,candidate
UgznO9-h3qB2W7nAulF4AaABAg,XovZr0N8gIU,Thakor fhemeli,1,2026-07-05T15:38:20Z,candidate
Ugwu2PIB0wjBMwbI9oF4AaABAg,XovZr0N8gIU,Jaydeep Patel & darshak kathrotiya payal & virali Patel,0,2026-07-05T14:42:06Z,candidate
UgzCmTPHmpcs7z5aJlt4AaABAg,XovZr0N8gIU,Shiv Om family,0,2026-07-05T02:17:34Z,candidate
UgxcEo2Do_E3tvXXrfB4AaABAg,XovZr0N8gIU,Thakor family ❤😊❤,1,2026-07-04T16:39:06Z,candidate
UgwkxXaGahCi45pSGIh4AaABAg,XovZr0N8gIU,*village life with shiv om family na vlogs vadhare jou chhu*,0,2026-07-04T15:26:55Z,candidate
Ugxw-6vlBBqCMdozsSd4AaABAg,XovZr0N8gIU,Thakor Family ❤❤❤,1,2026-07-04T10:24:25Z,candidate
UgxAgzJEdIz1pqaW_Q94AaABAg,XovZr0N8gIU,Siv and om family ramdev bhai barti ben,0,2026-07-04T06:03:54Z,candidate
UgziTEiUQEVDFfxRmfB4AaABAg,XovZr0N8gIU,❤❤❤❤❤❤,0,2026-07-04T01:35:36Z,candidate
UgyteLXPGf90wWLTG0h4AaABAg,XovZr0N8gIU,Dr Bharat Ahir and Mayur bansuri female,1,2026-07-03T16:59:45Z,candidate
Ugy_gdmE7xiDJz_LGLV4AaABAg,XovZr0N8gIU,Thakur family,0,2026-07-03T14:33:45Z,candidate
UgxKb8dhPQOd6jeY0Bl4AaABAg,XovZr0N8gIU,Jaydeep patel  and shiv om family,1,2026-07-03T13:27:15Z,candidate
UgzKGkc52UTDNw8Kx5d4AaABAg,XovZr0N8gIU,Jayadeep patel,1,2026-07-03T13:13:55Z,candidate
UgyuPNf_1TWxAV0lDIh4AaABAg,XovZr0N8gIU,Thakor family,0,2026-07-03T11:28:14Z,candidate
UgzbTF2DkeW9ENlnpsR4AaABAg,XovZr0N8gIU,Gujrat sothi hamir nahi pan 1 lakh ni niche pan ano number nathi avto😂😂😂😂,0,2026-07-03T08:52:23Z,candidate
UgxJAqPp5kiEwD03tHt4AaABAg,XovZr0N8gIU,Life of thkor & thakor family,3,2026-07-03T05:19:50Z,candidate
UgxqohugiLqwdzz-PNZ4AaABAg,XovZr0N8gIU,Thakor family,0,2026-07-02T19:51:50Z,candidate
UgyrKFRbxa1we4nasAN4AaABAg,XovZr0N8gIU,"Thakor famili,dhamu palak",1,2026-07-02T16:10:38Z,candidate
UgzWVW8d3xp0niNASfh4AaABAg,XovZr0N8gIU,Bharti,0,2026-07-02T11:33:40Z,candidate
UgxzsHtayGnRfGaTgi94AaABAg,XovZr0N8gIU,Thakor family na❤❤❤,2,2026-07-02T08:23:30Z,candidate
Ugx4rpm1q7Eh3fCdU_h4AaABAg,XovZr0N8gIU,Thakor famili na.,1,2026-07-01T08:19:44Z,candidate
UgxjGhATQSHAAYqAAk94AaABAg,XovZr0N8gIU,Thakor family,0,2026-06-27T13:18:27Z,candidate
UgxRXwlqugkYdSyccfB4AaABAg,XovZr0N8gIU,Shiv om female,0,2026-06-20T06:18:42Z,candidate
Ugz2fMkYALK7cI5h3b54AaABAg,XovZr0N8gIU,Tax bharaay che ke nai  ?  😂,0,2026-06-18T04:10:00Z,candidate
UgyF8zalyj4BzDMUawN4AaABAg,XovZr0N8gIU,Thakor family,0,2026-06-17T08:23:34Z,candidate
Ugx3un8fpCx9eXbadxp4AaABAg,XovZr0N8gIU,Dhamu palak ❤,0,2026-06-16T12:46:43Z,candidate
UgwVhxGx3dUC0tb-Qjp4AaABAg,XovZr0N8gIU,❤Neel chavda family❤,1,2026-06-13T07:28:22Z,candidate
UgwUBxk3iTAwMeA-hKl4AaABAg,XovZr0N8gIU,Om shiv family..❤,1,2026-05-30T16:03:45Z,candidate
Ugx7HoytyIVZKrU4voF4AaABAg,XovZr0N8gIU,Jay. Mataji,1,2026-05-22T18:42:43Z,candidate
UgwZK04_7xliK5Ci9_N4AaABAg,XovZr0N8gIU,Om and family👍🚩🌴🌄,0,2026-05-18T16:03:29Z,candidate
UgxAo17wsS_u8uStwiZ4AaABAg,XovZr0N8gIU,Jaydeep Patel,6,2026-05-12T12:23:56Z,candidate
UgwCzu3WkkqcNb0X6nR4AaABAg,XovZr0N8gIU,#shortsrr1220,0,2026-05-10T05:22:42Z,candidate
Ugzz-Qc3rS6dy3yPv0R4AaABAg,XovZr0N8gIU,Om. And. Shiv. Family,1,2026-05-05T03:05:47Z,candidate
Ugxtpez7XhVBXCQBwb94AaABAg,XovZr0N8gIU,Sauthi vadhare om village life five years thi every day amari family juveche and usa  uk and india ma baroda ma three family and anana ma five  family and gujratma amara relativ badha j regular joveche,0,2026-04-24T19:45:11Z,candidate
UgwYGXnODayqYYSllBB4AaABAg,XovZr0N8gIU,Om and family,0,2026-04-24T05:12:58Z,candidate
UgzCFCFm0jXVSTxnSH14AaABAg,XovZr0N8gIU,Dr bharat ahir,1,2026-03-25T16:54:52Z,candidate
UgyfzgF-mxn7rO4NQTF4AaABAg,XovZr0N8gIU,Shiv and om,1,2026-03-25T05:57:20Z,candidate
Ugzt1c0KUo00a7LrVQZ4AaABAg,XovZr0N8gIU,Thakor family,1,2026-03-10T03:56:21Z,candidate
UgzqAughF2SiBaWSs7p4AaABAg,XovZr0N8gIU,Thakor family 😊,2,2026-02-28T16:35:17Z,candidate
Ugx8t030tjHw8hJzKAN4AaABAg,XovZr0N8gIU,Bharat Ahir Ane bharti ne ramde na vlog joy chi,1,2026-02-21T18:24:19Z,candidate
UgxXMw-CG35Pj9u3oIV4AaABAg,XovZr0N8gIU,Koina nahi,1,2026-02-21T05:58:30Z,candidate
UgxOfYbHmpTc10kUPCB4AaABAg,XovZr0N8gIU,Aa vat to bhura ni khoti che,1,2026-02-07T13:53:30Z,candidate
Ugybvd5J4jN34-W4a-h4AaABAg,XovZr0N8gIU,Thakor family,1,2026-01-27T07:26:06Z,candidate
Ugw8lrcW3WlucgudJmd4AaABAg,XovZr0N8gIU,Thaler family,2,2026-01-22T13:35:01Z,candidate
UgyFP9E30VkP8fo1k4N4AaABAg,XovZr0N8gIU,Life of Thakor family 👌 👌👌👌👌👌👌👌👌👌👌👌👌👌👌👌👌👌👌👌👌👌👌👌👌👌👌👌👌👌👌,4,2026-01-22T09:45:07Z,candidate
UgwXt10OMRNuwaHB54p4AaABAg,XovZr0N8gIU,Thakor family na bahu Sara's hoy 6 very nice life of Thakor family 👌👌👌👌👌👌👌👌👌👌👌👌👌👌👌👌👌👌👌👌👌👌👌👌👌👌👌👌👌,1,2026-01-22T09:43:34Z,candidate
Ugyy0mOvPFmwrENDFXt4AaABAg,XovZr0N8gIU,Thakor family life of thakor dono,6,2026-01-22T08:06:59Z,candidate
UgxQdSRat9mXWPiMVFd4AaABAg,XovZr0N8gIU,S b hindustani,1,2026-01-22T01:26:47Z,candidate
UgwgsBJZIBAbelql3ax4AaABAg,XovZr0N8gIU,Siv om femilyi❤❤❤❤❤❤❤❤❤❤,1,2026-01-20T15:38:28Z,candidate
Ugwa4hUbvrxmjTUCUA94AaABAg,XovZr0N8gIU,Dhamu palk,1,2026-01-17T15:08:13Z,candidate
UgxJBsdTjAweqW7IB514AaABAg,XovZr0N8gIU,Thakor femily ♥️,1,2026-01-16T14:11:15Z,candidate
Ugy9D3Tnaw-3eEnlL8h4AaABAg,XovZr0N8gIU,Sbhindustani,1,2026-01-15T07:35:31Z,candidate
UgwRRBe7GtHesDgh1pV4AaABAg,XovZr0N8gIU,JanilaannayandayajLpanajoocjea,0,2026-01-15T07:34:31Z,candidate
UgyBJf-cPDe13_fF4hB4AaABAg,XovZr0N8gIU,https://youtu.be/zHpht2QL8bg?si=NkVTo7A2uIeP1h5b,1,2026-01-14T15:56:02Z,candidate
UgxAL-UWL-EydyelSq54AaABAg,XovZr0N8gIU,Thakor family,1,2026-01-12T16:48:02Z,candidate
UgwtkZxHSuwJj4P9rih4AaABAg,XovZr0N8gIU,Thakur family❤❤❤❤,4,2026-01-12T03:23:08Z,candidate
UgzH49QgRN08gpvTSyV4AaABAg,XovZr0N8gIU,Thakor Femliy ❤❤❤,5,2026-01-11T17:29:30Z,candidate
Ugzj1kTciJBm1XQtJS94AaABAg,XovZr0N8gIU,Om siv female,1,2026-01-11T08:44:31Z,candidate
UgzS6xFuob4vS219ktN4AaABAg,XovZr0N8gIU,https://youtu.be/fZOZ2NETl-Y,1,2026-01-11T03:25:13Z,candidate
UgyRNd2nNo-xRoacpeh4AaABAg,XovZr0N8gIU,Thakor family❤,1,2026-01-10T17:42:29Z,candidate
Ugx25AyO081yQIB-oAN4AaABAg,XovZr0N8gIU,Life of Thakor end Thakor family,8,2026-01-10T12:32:42Z,candidate
UgzmJ7kNSWjLyZzLRMt4AaABAg,XovZr0N8gIU,Thakor family,1,2026-01-10T08:21:02Z,candidate
UgxLDcJDuDa6sJs2viN4AaABAg,XovZr0N8gIU,Thakor family ❤❤,1,2026-01-10T05:31:17Z,candidate
UgyTp8ak0c8SwSv1Cip4AaABAg,XovZr0N8gIU,Thakor femily ❤❤,4,2026-01-09T15:16:12Z,candidate
Ugz8fqvhILGWevVylDl4AaABAg,XovZr0N8gIU,Thakor family,1,2026-01-09T13:26:21Z,candidate
UgxnLhCdsw2f8k4p_3V4AaABAg,XovZr0N8gIU,Kharekhar,1,2026-01-09T10:26:36Z,candidate
Ugy_UQ6OktitPMiCDh94AaABAg,XovZr0N8gIU,Life of thakor ane thakor family vlogs,13,2026-01-08T15:46:25Z,candidate
Ugw3qwoNeWh5WjVE5Wl4AaABAg,XovZr0N8gIU,Thkor formyl ❤❤❤🎉🎉,8,2026-01-08T05:11:32Z,candidate
UgxVEFWSQX_g8n0t-oB4AaABAg,XovZr0N8gIU,Life of thakor family ♥️ full saport ♥️ my favourite family ❤🫶🫵,2,2026-01-07T22:51:27Z,candidate
UgxZvekiwhBlA6ynQXt4AaABAg,XovZr0N8gIU,Shiv om family,1,2026-01-07T12:11:11Z,candidate
Ugy6d-TUlMpt3JciSfN4AaABAg,XovZr0N8gIU,"SBHindustani
જયદીપ patel",1,2026-01-07T00:18:23Z,candidate
UgxlhDXlSaQz5ggY4Kh4AaABAg,XovZr0N8gIU,Thakor Family,1,2026-01-06T16:15:26Z,candidate
Ugzz_lZED-Y44Kc-aCd4AaABAg,XovZr0N8gIU,Mane sapaor karo me Kal thi balog bana vanu chalu kari you chhe,1,2026-01-05T14:59:04Z,candidate
UgxaSiybLG5YdcWGNnd4AaABAg,XovZr0N8gIU,Dhamu na ❤❤❤,1,2026-01-04T12:03:29Z,candidate
UgwZEO8LnJadlEtIMMt4AaABAg,XovZr0N8gIU,Thank you you tube femily 😊😊 amne pn avo support kro dost aetle ame aagad vadhvi😊😊😊,3,2026-01-02T16:14:03Z,candidate
UgwQw96cLNG2k2bAnrV4AaABAg,XovZr0N8gIU,Thakor family ❤,1,2026-01-02T04:29:20Z,candidate
Ugy3I940mcMc65YYzeZ4AaABAg,XovZr0N8gIU,Mayur bansi family vlog😊,2,2025-12-31T14:47:18Z,candidate
UgxkcImgH0mfDyHQO2t4AaABAg,XovZr0N8gIU,Om family,1,2025-12-30T12:51:46Z,candidate
Ugy3XncyT08K0-DyV2d4AaABAg,XovZr0N8gIU,Bhagwan ne prathna karo aedivas maru pan naam aave aavi list ma 😅,1,2025-12-29T13:13:41Z,candidate
UgzUYXZziNblDNP1z5F4AaABAg,XovZr0N8gIU,"krarek shiv om family
pan jsk family ane jdpatel vlog jovu",2,2025-12-28T11:06:17Z,candidate
UgzhQtELZNHW6dYZ3x54AaABAg,XovZr0N8gIU,❤❤,1,2025-12-28T00:54:43Z,candidate
UgxAFVZINkaY1drJZw94AaABAg,XovZr0N8gIU,Comment to aapni aai che thanks for you youtub family 🎉❤❤,2,2025-12-24T14:20:34Z,candidate
Ugws4kRE7WuE8fCJNCp4AaABAg,XovZr0N8gIU,Thakor family & life of takor,1,2025-12-20T20:02:01Z,candidate
UgwqKWvGCVirz2srJVt4AaABAg,XovZr0N8gIU,Life of takor & thakor family,24,2025-12-10T14:38:28Z,candidate
Ugwr0FcFvF11UxA8JE94AaABAg,XovZr0N8gIU,Thakor femilina,1,2025-12-08T15:54:18Z,candidate
UgxD9DfWAQx4EONYdJp4AaABAg,XovZr0N8gIU,Thakor family & village life of shivam,3,2025-12-07T16:30:35Z,candidate
Ugx0mksjlz9MC0Gh8iJ4AaABAg,XovZr0N8gIU,❤❤❤❤❤❤,1,2025-11-22T12:23:39Z,candidate
UgxR5-Wroontxhreqwl4AaABAg,XovZr0N8gIU,❤❤❤❤❤❤,1,2025-11-22T12:23:31Z,candidate
Ugz8i8YrA702igUXh2R4AaABAg,XovZr0N8gIU,Thakor family,1,2025-11-19T08:14:18Z,candidate
UgzEgLElmAoDbyzu6Yh4AaABAg,XovZr0N8gIU,Dhruvisha life & beauty  - aa gamda ni routine life ane sathe sathe beauty tips pan aape che to support  karajo 🙏,1,2025-11-18T13:00:57Z,candidate
UgzFCrMPN4ysu6h3_-N4AaABAg,XovZr0N8gIU,Thakor femily,1,2025-11-17T18:53:09Z,candidate
UgwRZph-GTb2e2mjfth4AaABAg,XovZr0N8gIU,Thakor s femely,2,2025-11-17T15:10:54Z,candidate
UgwSbzJjx2PA5q91vxN4AaABAg,XovZr0N8gIU,Thakor family ❤,1,2025-11-17T08:40:34Z,candidate
Ugx7AxkT7x75i7tPNE94AaABAg,XovZr0N8gIU,Bharti & Ramdev naVilog Ane Thakor Family na Vilog Jovi 6i,5,2025-11-16T17:58:55Z,candidate
UgxR1T0YIrWHSD4mBJF4AaABAg,XovZr0N8gIU,Thakor family,1,2025-11-16T16:41:45Z,candidate
UgzW_eXKzIiX-5eltPx4AaABAg,XovZr0N8gIU,Thakor Family,1,2025-11-16T14:07:18Z,candidate
Ugyoo3tPZ6hmcgIMZAp4AaABAg,XovZr0N8gIU,Thakor family,1,2025-11-16T09:56:03Z,candidate
UgwIkwqxI7ORtSSy9zh4AaABAg,XovZr0N8gIU,Life of thakor,1,2025-11-16T09:19:42Z,candidate
UgwSYCqoSlsjYAdorgR4AaABAg,XovZr0N8gIU,Life of thakor,2,2025-11-15T18:19:38Z,candidate
Ugy0tE8rnkrctjsEzJh4AaABAg,XovZr0N8gIU,SK comedy boy,1,2025-11-13T07:25:00Z,candidate
UgyG8y39rMlPBTly1iJ4AaABAg,XovZr0N8gIU,Thakor family,1,2025-11-11T09:27:26Z,candidate
Ugy-3gbpLJv4mpR2vTl4AaABAg,XovZr0N8gIU,Shiv.aend.om.femeily.❤❤❤❤❤🎉,3,2025-11-09T15:13:29Z,candidate
Ugx9PSgPUo9OrxUdQ5Z4AaABAg,XovZr0N8gIU,Thakor family,1,2025-11-08T07:47:41Z,candidate
UgxY59q05SuHcVzdSgZ4AaABAg,XovZr0N8gIU,Dhamu  palka na,1,2025-11-08T05:01:03Z,candidate
UgwGmNVj2hFpgSMnIKN4AaABAg,XovZr0N8gIU,Thakor family,1,2025-11-03T07:58:52Z,candidate
UgwDVJcsJgK3YuhMhxB4AaABAg,XovZr0N8gIU,Bharat Ahir,1,2025-11-01T09:50:35Z,candidate
UgwpNknKtCYp44vDhAp4AaABAg,XovZr0N8gIU,Thakor family na,1,2025-11-01T02:58:27Z,candidate
UgxpVAK7WGbFwQTSv3R4AaABAg,XovZr0N8gIU,Om and Shiv family ❤,2,2025-10-31T09:18:38Z,candidate
UgxcZ4dSTbP4UeyzF0h4AaABAg,rdAeJKMK9g0,"AJ Mene Bhi First Time Gujarati Vlog Banaya hai 
Love From Pakistan 🇵🇰",0,2026-08-13T10:06:01Z,candidate
UgxMMkrQsYKB2P7nAA14AaABAg,rdAeJKMK9g0,Resort kyo che name,0,2026-08-12T17:19:29Z,candidate
UgzeOl6AA0cctyo3deN4AaABAg,rdAeJKMK9g0,Resort kyo che,0,2026-08-12T17:19:07Z,candidate
UgwnuPeVOB1chVP6FU14AaABAg,rdAeJKMK9g0,Jay mataji,0,2026-08-12T16:56:52Z,candidate
UgwDuozvZ2nJrvQTgPl4AaABAg,rdAeJKMK9g0,Resort name plz,0,2026-08-12T16:20:45Z,candidate
UgygLnS1BkMRKCh93It4AaABAg,rdAeJKMK9g0,Jay mataji,0,2026-08-12T14:37:48Z,candidate
Ugxtlt4-n31kSLClLCd4AaABAg,rdAeJKMK9g0,Tame kaya risort ma rokaya hata name ane number hoy to aapjo,0,2026-08-12T06:32:57Z,candidate
UgyhKVizUYWBswBFRfh4AaABAg,rdAeJKMK9g0,Tme kya rishot ma gya hta ???,1,2026-08-12T05:56:56Z,candidate
Ugw504uwogtqBLlK_IF4AaABAg,P8lswQiNDHs,Cockroach Janata Party❤❤❤❤,1,2026-08-07T09:25:33Z,candidate
UgzJBx9r4VFM0-JGuZF4AaABAg,P8lswQiNDHs,Fatafat,0,2026-07-30T14:18:24Z,candidate
UgxRa_oLraf_HClQULF4AaABAg,P8lswQiNDHs,Sipahi,0,2026-07-30T08:38:32Z,candidate
UgxtxMzCH-fs5EQU-NF4AaABAg,P8lswQiNDHs,Havelsar,0,2026-07-28T17:18:13Z,candidate
UgxqjkHFOZrJIR8y7hB4AaABAg,P8lswQiNDHs,Arkashak,0,2026-07-28T05:21:28Z,candidate
UgxWofsz_AxgRcEn5h54AaABAg,P8lswQiNDHs,General Raksha,0,2026-07-26T11:20:24Z,candidate
UgzGYc_F8IFmTH0H1vF4AaABAg,P8lswQiNDHs,Thanedar,0,2026-07-24T09:57:45Z,candidate
Ugzr34tthOsQPtoCkRl4AaABAg,P8lswQiNDHs,Nelpolice,0,2026-07-23T10:25:34Z,candidate
UgzIDI-FiIUHTkSN0rx4AaABAg,P8lswQiNDHs,Hdhdgehe,0,2026-07-23T10:19:48Z,candidate
Ugw10pGBZaNRkXALAhp4AaABAg,P8lswQiNDHs,Hahaha,0,2026-07-23T10:18:49Z,candidate
UgxjGY1S7qaKsGQjSb54AaABAg,P8lswQiNDHs,Havaldar,0,2026-07-19T09:41:40Z,candidate
Ugxj5UW5bUgc__so3P94AaABAg,P8lswQiNDHs,પોલીસ ne gujrati ma pan kai no kevai 😂😂😂😂,0,2026-07-16T07:56:04Z,candidate
UgySDGovx7chE50_nph4AaABAg,P8lswQiNDHs,Kodwal,0,2026-07-14T11:50:27Z,candidate
UgwzZyKJ6hrQW1HIEkZ4AaABAg,P8lswQiNDHs,jan rakshak,0,2026-07-06T06:24:41Z,candidate
UgwlKgOPAbuoEXwsBGJ4AaABAg,P8lswQiNDHs,arakshi,0,2026-07-04T03:02:13Z,candidate
UgzcoYQKldSzO5h5V7Z4AaABAg,P8lswQiNDHs,Sainik😊,0,2026-06-24T14:36:15Z,candidate
UgzNUUVQa_rGBWUTWcR4AaABAg,P8lswQiNDHs,Rajkiy Jan rakshak,0,2026-06-21T16:24:47Z,candidate
Ugwv1QaEiuQ6ObHEds14AaABAg,P8lswQiNDHs,Thanedar😂😂,0,2026-06-18T15:53:28Z,candidate
UgxW5HxLM1ynULmdOvV4AaABAg,P8lswQiNDHs,😂😂,0,2026-06-16T20:11:45Z,candidate
UgwTK7JZOaNd1ZHY51Z4AaABAg,P8lswQiNDHs,😂,0,2026-06-14T21:06:40Z,candidate
UgyI18xiK03mp61p5dl4AaABAg,P8lswQiNDHs,Palis men,0,2026-06-13T10:00:14Z,candidate
UgxWzGAk1VU104scr2F4AaABAg,P8lswQiNDHs,Daroga,0,2026-06-10T18:11:08Z,candidate
UgzRRnzI3vgnHgRaYyN4AaABAg,P8lswQiNDHs,Thanedarr❤❤❤,0,2026-06-03T09:14:26Z,candidate
Ugyejvr3nz7u3bZNY-94AaABAg,P8lswQiNDHs,Thanedan,0,2026-06-02T15:14:12Z,candidate
UgwZW1zdIWLYvsMOebB4AaABAg,P8lswQiNDHs,Daroga,0,2026-05-30T16:01:37Z,candidate
UgwqDSotYbZcgDJzZD54AaABAg,P8lswQiNDHs,Droga,0,2026-05-30T12:48:11Z,candidate
Ugzx5zG6PFVnnTGM4Il4AaABAg,P8lswQiNDHs,❤ Super Very Good👍👍❤❤❤❤❤❤❤❤,0,2026-05-27T14:03:45Z,candidate
UgznaY64phqwKb_ap454AaABAg,P8lswQiNDHs,Thanedar,1,2026-05-23T10:32:01Z,candidate
UgwW4dBMyh-V0PLGN_N4AaABAg,P8lswQiNDHs,Police ko Hindi mein daroga kahate Hain,0,2026-05-16T05:03:32Z,candidate
Ugxr9bSJuK4MRPTVHvl4AaABAg,P8lswQiNDHs,Thanedar,0,2026-05-11T10:28:20Z,candidate
UgyTdwov_9k1nfImbXl4AaABAg,P8lswQiNDHs,Janrakshak,0,2026-05-10T16:13:37Z,candidate
UgygBjYoHRSlDZihlWp4AaABAg,P8lswQiNDHs,polece,0,2026-05-07T07:50:13Z,candidate
UgzeotIWKMEmSE6pEq14AaABAg,P8lswQiNDHs,state જન રક્ષક,0,2026-05-02T17:12:42Z,candidate
Ugy4PCzc3dtjCBNlzX54AaABAg,P8lswQiNDHs,😂😂😂😂,0,2026-04-30T19:02:03Z,candidate
UgyEF2RRpVf4-MjtUdd4AaABAg,P8lswQiNDHs,Jamadar,0,2026-04-30T18:23:50Z,candidate
Ugx2r_O3yFzEie2vhid4AaABAg,P8lswQiNDHs,Havaldar 😂,0,2026-04-29T09:52:48Z,candidate
UgxuEPjGT3O697r6XJR4AaABAg,P8lswQiNDHs,Police ko hindi me janrachak kahte hai,0,2026-04-29T04:26:19Z,candidate
UgzkcRe5W6lvjwCOr9d4AaABAg,P8lswQiNDHs,Police,0,2026-04-28T04:13:34Z,candidate
UgwyiGuy2GMNebx9ZY94AaABAg,P8lswQiNDHs,Pulis,0,2026-04-27T05:52:59Z,candidate
UgzsQs-mITe-R97teiB4AaABAg,P8lswQiNDHs,Jamadar😊,0,2026-04-26T17:16:35Z,candidate
Ugz5KRE7DeoJSQV4rKV4AaABAg,P8lswQiNDHs,Sipahi,0,2026-04-23T16:44:42Z,candidate
UgyoII05TXm-VOqJI9t4AaABAg,P8lswQiNDHs,phulis,0,2026-04-22T08:53:54Z,candidate
UgyEjOCnVsnIJwmd8H14AaABAg,P8lswQiNDHs,Sipahi❤❤❤,0,2026-04-20T07:48:50Z,candidate
UgyK5zFjE2MzRyNxWAh4AaABAg,P8lswQiNDHs,"Aaraxi or
Aaraxit or
Jan raxak❤",0,2026-04-18T10:20:21Z,candidate
Ugzpz4sLBy9ITISxBv54AaABAg,P8lswQiNDHs,Nagar pal,0,2026-04-12T04:39:59Z,candidate
Ugx5-VQPuD03Lv3dbO54AaABAg,P8lswQiNDHs,Chand Ke Rakshak,0,2026-04-08T12:33:38Z,candidate
UgxqP2OohP7Fy-ytZ4x4AaABAg,P8lswQiNDHs,Espsktar,0,2026-04-07T08:59:31Z,candidate
UgyULfDzEhrGYv1N-hl4AaABAg,P8lswQiNDHs,🌠🌠🌠🌠,0,2026-04-02T08:45:12Z,candidate
UgwOqmn39yplND6DCWB4AaABAg,P8lswQiNDHs,policeman,0,2026-03-21T06:02:08Z,candidate
UgysfP7B7obCu2zzW814AaABAg,P8lswQiNDHs,Thanedar,0,2026-03-19T04:26:43Z,candidate
UgyaP5Ri1agm0VztK3R4AaABAg,P8lswQiNDHs,Faaaaaa@aaaaaaaaaaaaaaaaa@aaaaaaa,0,2026-03-15T13:15:34Z,candidate
UgyJLkzbddsI7GuBRZ94AaABAg,P8lswQiNDHs,Shipaei,0,2026-03-13T15:29:47Z,candidate
UgzVbFF_sr_OJYwC5ud4AaABAg,P8lswQiNDHs,Thanedar,0,2026-03-07T12:03:35Z,candidate
UgxCiIe68VVUGx8jqkp4AaABAg,P8lswQiNDHs,Policeman,0,2026-03-06T03:23:39Z,candidate
Ugzw4xsaap89MslJiQJ4AaABAg,P8lswQiNDHs,Rakshit,0,2026-03-02T17:10:15Z,candidate
UgzH5NnZ_36Xqdl2tnV4AaABAg,P8lswQiNDHs,Pulise,0,2026-02-14T14:16:11Z,candidate
UgwXrpuNNYgQx0ff6EJ4AaABAg,P8lswQiNDHs,Havaldar,0,2026-02-08T10:18:19Z,candidate
UgwPx0KWyWepN_MiBgp4AaABAg,P8lswQiNDHs,Daroga,0,2026-02-08T03:19:29Z,candidate
UgxrLampddcm1_ZOtuZ4AaABAg,P8lswQiNDHs,Police ko Hindi mein daroga kahate Hain,0,2026-02-07T16:39:53Z,candidate
UgxaMyvp9GZ4aocfT9R4AaABAg,P8lswQiNDHs,SHIPAHI,0,2026-02-02T14:28:14Z,candidate
Ugz504ufuYTzShzQjxx4AaABAg,P8lswQiNDHs,Rajya jan rakshak,0,2026-02-02T13:16:44Z,candidate
UgzMRJAa-_DQFHjwpMp4AaABAg,P8lswQiNDHs,Chamak  lite,0,2026-01-31T14:58:40Z,candidate
Ugypsq6xpbQ4zRsjOJp4AaABAg,P8lswQiNDHs,Havaldar,0,2026-01-31T12:59:24Z,candidate
Ugy_niX1cIo6BwSud4d4AaABAg,P8lswQiNDHs,Sipahi,0,2026-01-29T13:29:56Z,candidate
UgwSxS3kfW7EMQ2gICp4AaABAg,P8lswQiNDHs,Thanedar daroga Disha Se,0,2026-01-28T12:03:42Z,candidate
UgzGEpXTSq-kRqNz-HZ4AaABAg,P8lswQiNDHs,Havaldar,0,2026-01-24T04:44:46Z,candidate
UgxjJUajPRfuFA2W2It4AaABAg,P8lswQiNDHs,Havdar,0,2026-01-24T04:44:38Z,candidate
Ugxks5lMXpX_ueXKmpB4AaABAg,P8lswQiNDHs,Pulis,0,2026-01-22T10:32:35Z,candidate
Ugx51VwCPEEBM88l9M54AaABAg,P8lswQiNDHs,Pulish,0,2026-01-16T09:10:01Z,candidate
UgyMyEF38aTHOVBqbNh4AaABAg,P8lswQiNDHs,Haval dar,0,2026-01-15T14:43:22Z,candidate
UgxW2mF0vQIgQyOWTSd4AaABAg,P8lswQiNDHs,Inspector,0,2026-01-15T07:07:44Z,candidate
UgyurNwKCCEmncbrfDp4AaABAg,P8lswQiNDHs,Policeman,0,2026-01-14T08:31:06Z,candidate
UgwjT497Hlu4_PksnQV4AaABAg,P8lswQiNDHs,Inspector,0,2026-01-12T10:19:50Z,candidate
UgwPlncleZJcHX5GkVB4AaABAg,P8lswQiNDHs,Havaldar,0,2026-01-12T07:51:12Z,candidate
UgxP_weDavc_PEeNT3x4AaABAg,P8lswQiNDHs,Police man,0,2026-01-05T15:47:11Z,candidate
UgxEKZrN-MGFw6JLXRZ4AaABAg,P8lswQiNDHs,Pulice,0,2026-01-05T15:27:28Z,candidate
UgxaOhm0OH9s3axxF7d4AaABAg,P8lswQiNDHs,Daroga.,0,2026-01-04T05:43:40Z,candidate
UgxR50H2c54LSGOZiXF4AaABAg,P8lswQiNDHs,Raksha Kara,0,2026-01-03T09:59:17Z,candidate
UgwAkxlMHzzt-W3k3MN4AaABAg,P8lswQiNDHs,Daroga,0,2026-01-02T15:01:28Z,candidate
UgzwYg9GoXvHV8tE6AJ4AaABAg,P8lswQiNDHs,Sipahi,0,2026-01-01T13:58:56Z,candidate
Ugxl4RtYWQ7YsXU5EW94AaABAg,P8lswQiNDHs,थानेदार,0,2025-12-30T05:43:28Z,candidate
UgzPDXwCpM7xXPpptbp4AaABAg,P8lswQiNDHs,Daroga,0,2025-12-30T04:54:11Z,candidate
UgyCiK4quxGtTyew0jl4AaABAg,P8lswQiNDHs,Inspector😊😊😂😂,0,2025-12-30T03:33:19Z,candidate
Ugw_qrz8fObBOHp4F1x4AaABAg,P8lswQiNDHs,Pulice j kevay,0,2025-12-29T17:54:02Z,candidate
UgwpWEiJkjLPH1zcbmN4AaABAg,P8lswQiNDHs,हवलदार,0,2025-12-29T16:29:02Z,candidate
Ugw-PCj94WuyGMTRu_14AaABAg,P8lswQiNDHs,👜🩳🩳🧥👛🪭☺️😉😏💔,1,2025-12-29T09:57:53Z,candidate
UgyVanczERvXoZE2-T54AaABAg,P8lswQiNDHs,Ÿe8ruFbjr,1,2025-12-29T09:56:38Z,candidate
Ugy0RNHX8kOruOHt-DF4AaABAg,P8lswQiNDHs,Aarakshi,0,2025-12-29T05:54:11Z,candidate
UgzzIBcE2IsFmyKksUp4AaABAg,P8lswQiNDHs,Havldar,1,2025-12-28T16:44:12Z,candidate
Ugwu4EwInB8uiLrGUmd4AaABAg,P8lswQiNDHs,Pulis❤❤❤❤❤❤kahavay        sa❤❤❤❤❤❤❤❤,0,2025-12-28T15:28:58Z,candidate
UgyC-jIEhqD05Ms5tFJ4AaABAg,P8lswQiNDHs,Sipai ❤,0,2025-12-28T14:12:57Z,candidate
Ugyab_iV1wipCVEBHFB4AaABAg,P8lswQiNDHs,आरक्षक,0,2025-12-28T13:47:31Z,candidate
Ugzi0fS0lMf2QZVa4Jp4AaABAg,P8lswQiNDHs,👮‍♂️,0,2025-12-28T08:41:29Z,candidate
UgzJmrYv3l4dOctXquF4AaABAg,P8lswQiNDHs,Pulice,2,2025-12-28T08:41:28Z,candidate
UgxIWtic-aFUc4BitsF4AaABAg,P8lswQiNDHs,दरोगा,0,2025-12-26T13:24:39Z,candidate
Ugwjp74a-lH-mTy5Enp4AaABAg,P8lswQiNDHs,Thanedar,0,2025-12-26T11:37:45Z,candidate
UgwJ5k1qdC9j9GANEHR4AaABAg,P8lswQiNDHs,Pulis,0,2025-12-26T03:43:20Z,candidate
Ugx58lXL04IadTQYybh4AaABAg,P8lswQiNDHs,Mama,0,2025-12-25T15:00:48Z,candidate
Ugy7qhR-q3HqQ825JAx4AaABAg,P8lswQiNDHs,Posa aagi posa😂😂,0,2025-12-24T13:08:17Z,candidate
UgwHHFti2hK8uVK0I1t4AaABAg,P8lswQiNDHs,Inspector,0,2025-12-24T09:48:05Z,candidate
UgzOB4el-cCAhc0oxux4AaABAg,P8lswQiNDHs,पुलिस,0,2025-12-22T07:50:28Z,candidate
UgyGPL7X6uJ69hy5nRx4AaABAg,P8lswQiNDHs,Arakshi,0,2025-12-21T17:10:12Z,candidate
Ugw0XIbtO0Ysv9f5uul4AaABAg,P8lswQiNDHs,Mama,0,2025-12-21T13:34:09Z,candidate
UgwactgSs25udXN1s-p4AaABAg,P8lswQiNDHs,Poolish,0,2025-12-21T10:09:18Z,candidate
Ugzli5kmpB5sDtm376Z4AaABAg,P8lswQiNDHs,Aarkhi,0,2025-12-21T09:21:42Z,candidate
UgxvMYpciEN3LDSIWUV4AaABAg,P8lswQiNDHs,Aarkas,0,2025-12-21T07:33:20Z,candidate
UgzSMw99zIZpK0l4loB4AaABAg,P8lswQiNDHs,Arakshi,0,2025-12-19T14:30:19Z,candidate
UgwC0wV2JwFjCsn8dlx4AaABAg,P8lswQiNDHs,Sipahi❤😊❤😊❤😊❤😊❤😊❤😊❤,0,2025-12-19T02:23:22Z,candidate
Ugy-Z64_biPxyk1RI6B4AaABAg,P8lswQiNDHs,Hawaldar,0,2025-12-18T13:15:32Z,candidate
Ugx2S7bfL3HRgirBriV4AaABAg,P8lswQiNDHs,इंस्पेक्टर,0,2025-12-18T11:26:25Z,candidate
UgyrN2C1v4ajp90bFal4AaABAg,P8lswQiNDHs,P thanedar❤,0,2025-12-16T17:44:25Z,candidate
UgwEAm4V40rfc8aatM54AaABAg,P8lswQiNDHs,Pulish,0,2025-12-16T13:28:31Z,candidate
Ugyv0jEJ-RG8cw0nvzN4AaABAg,P8lswQiNDHs,Thanedar,0,2025-12-15T11:38:36Z,candidate
Ugy_pP2CDhhcTyyT_h94AaABAg,P8lswQiNDHs,Pulse,0,2025-12-15T09:04:07Z,candidate
UgySLalNA0Fg7mNTVnt4AaABAg,P8lswQiNDHs,Thaanedar,0,2025-12-14T14:46:01Z,candidate
Ugwc94VTpDQ2_zK30eV4AaABAg,P8lswQiNDHs,Droga,0,2025-12-14T11:18:13Z,candidate
Ugy9hFJ3OxkznifjdNx4AaABAg,P8lswQiNDHs,जनरक्षक,0,2025-12-11T15:45:16Z,candidate
UgzZd0S8FfpvzcguVqZ4AaABAg,P8lswQiNDHs,"Aarakshi,jan rakshak,sipahi ❤😊😅😮😢🎉😂",0,2025-12-09T15:26:58Z,candidate
Ugwbq0zk6-vmsoJ4WmF4AaABAg,P8lswQiNDHs,Expater,0,2025-12-06T05:14:36Z,candidate
Ugx9I58c_ZjbwE2g6st4AaABAg,P8lswQiNDHs,पुलिस पास  थानेदार,0,2025-12-03T15:55:22Z,candidate
UgwKjMWsTXwBO5PEJPd4AaABAg,P8lswQiNDHs,Daroga,0,2025-12-01T18:20:15Z,candidate
UgxR1eW_i5jo051XQBl4AaABAg,P8lswQiNDHs,"Sainik,, police",0,2025-11-26T16:12:38Z,candidate
UgxZpsxj9vLgUYKX5al4AaABAg,P8lswQiNDHs,Police,0,2025-11-19T15:24:00Z,candidate
Ugw0KVuxX_Ix_YFRVp94AaABAg,P8lswQiNDHs,Police station to proud of you and your team members in 🎉😂😂😂😂,0,2025-11-18T12:06:57Z,candidate
UgymH5d-8P4jT-N4XFt4AaABAg,P8lswQiNDHs,Darogaji.     In hi da.   Polish in english,0,2025-11-07T13:13:46Z,candidate
Ugx8egtbq5wHg8QceF14AaABAg,P8lswQiNDHs,Thane dar,0,2025-11-07T08:54:46Z,candidate
UgzhEUbo5GyyMRlWzVx4AaABAg,P8lswQiNDHs,Police,0,2025-10-31T14:24:25Z,candidate
Ugya_UHt6cwy6LKDgsd4AaABAg,P8lswQiNDHs,Thnedar,0,2025-10-28T15:09:47Z,candidate
UgySL1LNEtbekMiYIgF4AaABAg,P8lswQiNDHs,Inspector,0,2025-10-24T14:44:52Z,candidate
UgysD0izZwEnG0YlY2t4AaABAg,P8lswQiNDHs,Pulish😂😂😂😂😢😢,0,2025-10-20T04:08:17Z,candidate
Ugz8ee7PBTyYZBoNvyl4AaABAg,P8lswQiNDHs,Thanedar,0,2025-10-16T14:12:06Z,candidate
UgxwO7Ap4CXIa7WgGMd4AaABAg,P8lswQiNDHs,Mama,0,2025-10-06T08:01:30Z,candidate
UgxL8PWIr-cOEUTdoCx4AaABAg,P8lswQiNDHs,Havldae,0,2025-09-27T04:19:59Z,candidate
Ugz-6K1WFDzHNzK2hCN4AaABAg,P8lswQiNDHs,Thaneda,0,2025-09-19T16:10:46Z,candidate
Ugy3LONxKFiGhxRNFQd4AaABAg,P8lswQiNDHs,Thanedar,0,2025-09-12T15:40:56Z,candidate
UgzVYVC8gz9ZOpsq4wt4AaABAg,P8lswQiNDHs,राजकीय जॉनरक्षक,0,2025-09-09T10:18:23Z,candidate
UgwE_O5kKIuF6Hz9GBF4AaABAg,GdbY_qJ4KJY,Sapna Ben tamare even world use karvo regular ma😅,0,2026-08-09T13:27:09Z,candidate
UgxQ-Shn2BYrImRZe0N4AaABAg,GdbY_qJ4KJY,Vanda,0,2026-08-09T02:12:54Z,candidate
UgzQ75GVUyiz3ZuFg-l4AaABAg,GdbY_qJ4KJY,Mari piura se,0,2026-08-09T02:12:44Z,candidate
UgzCm29kXmaOv2YQsmF4AaABAg,GdbY_qJ4KJY,🎉🎉🎉🎉🎉,0,2026-08-08T16:45:12Z,candidate
Ugyv3kMZhU_IPq4k3e94AaABAg,GdbY_qJ4KJY,Jay shree krishna🎉🎉,1,2026-08-08T16:18:31Z,candidate
UgyOUAC5qURieNG5abh4AaABAg,GdbY_qJ4KJY,Aa bhai na ghare gaya hata e raiyani chhe ne?,0,2026-08-08T13:23:38Z,candidate
UgwCHun7KcjqHGUts4l4AaABAg,GdbY_qJ4KJY,Tame dress customize kro cho?,0,2026-08-08T12:53:03Z,candidate
UgwaGUcyv5tqkJGI06l4AaABAg,GdbY_qJ4KJY,Jay shree krishna,1,2026-08-08T12:03:44Z,candidate
UgwFera1gaxTmnQjr854AaABAg,GdbY_qJ4KJY,jay bajarangbali,0,2026-08-08T11:28:41Z,candidate
Ugz2hpo_FS1m18orQkB4AaABAg,GdbY_qJ4KJY,Sapanabhabhi  pinal Bhabhi ni  seva bahuj mast kare che devrani  jethani no sabandh bahuj  mast Che,0,2026-08-08T10:26:33Z,candidate
Ugz1PKi6_sqEA-B7kLV4AaABAg,GdbY_qJ4KJY,❤❤❤❤,0,2026-08-08T10:21:30Z,candidate
Ugy4CJajLq86Zvx-ZIh4AaABAg,GdbY_qJ4KJY,Jay shree,0,2026-08-08T10:21:25Z,candidate
UgySiotJOlv0T_TBco94AaABAg,GdbY_qJ4KJY,Mara ghare aavo uk hu Maggi khata Khata j vlog jou chu aavo khava 😅😂,0,2026-08-08T10:19:19Z,candidate
UgykyI_hYsei8JCm9i54AaABAg,GdbY_qJ4KJY,Chintanbhai ek suggestion aapu...please tame aneri ne toy lai apo..,0,2026-08-08T10:12:02Z,candidate
Ugyq3YYlXc_QFULFPcN4AaABAg,GdbY_qJ4KJY,Jay yogeshver,0,2026-08-08T09:54:38Z,candidate
Ugz6QRKTSD11ZzVi-m14AaABAg,GdbY_qJ4KJY,JAY DWARKADHISH 💖,0,2026-08-08T08:58:34Z,candidate
UgzGf-HTPiyqPne0S1p4AaABAg,GdbY_qJ4KJY,Ladava no prasang to bov j sars hato pan juhil bhai na wife kem nahota,0,2026-08-08T08:50:30Z,candidate
Ugx55ZA911proxKcz6Z4AaABAg,GdbY_qJ4KJY,Jay Yogeshwar,0,2026-08-08T08:47:07Z,candidate
UgxlXRpslGXphhqnKBx4AaABAg,GdbY_qJ4KJY,Sarkar e amul cheese ban nathi karyu,0,2026-08-08T07:43:56Z,candidate
Ugz6D4IjBr9iEJzZOAl4AaABAg,GdbY_qJ4KJY,Bhaie bahu saras vidio bahuj maja aave 6 jovani ridhi sidhi bahuj vali lage 6 ❤,0,2026-08-08T07:33:31Z,candidate
UgzYizrVYqGWnOC37dx4AaABAg,GdbY_qJ4KJY,Juhilbhai ni sagai kyarese,0,2026-08-08T07:32:56Z,candidate
Ugw-4bOPRgjqt_yOz7B4AaABAg,GdbY_qJ4KJY,Juhil Bhai ni new sagai kayare che,2,2026-08-08T07:22:41Z,candidate
Ugyv0kLVEDcrZf5xzS14AaABAg,GdbY_qJ4KJY,Girnar jav tya bau j maja aavse,0,2026-08-08T07:06:04Z,candidate
UgyTcLumN_6V5act0N14AaABAg,GdbY_qJ4KJY,Jay jinendra 🙏 Aneri soooo cute 🥰 cute nakhra ❤❤ doll ne kevu mast Hala karave che. Chintanbhai u work very hard to make vlogs to entertain viewers. Thanks,3,2026-08-08T06:59:54Z,candidate
UgxCwd97GluLbnUV5vR4AaABAg,GdbY_qJ4KJY,Jay yogeshwar Chintan bhai sapna kem che aaneri,0,2026-08-08T06:46:25Z,candidate
UgxYHJETpg1D2MfX6fR4AaABAg,GdbY_qJ4KJY,Jay shree krishna 🙏🙏🙏🙏🙏,0,2026-08-08T06:39:37Z,candidate
UgwbqZZ4_0dFYKIA-w94AaABAg,GdbY_qJ4KJY,Good morning 😊😊😊😊,0,2026-08-08T06:37:14Z,candidate
UgyabkjmPyy3GQGUp3Z4AaABAg,GdbY_qJ4KJY,Kaka nd chintan bhai ne sambhdvani maja ave,0,2026-08-08T06:35:55Z,candidate
Ugz7jhbRI_wszmG5yWJ4AaABAg,GdbY_qJ4KJY,Me pan 30 varse Marriage pachi mara bhai ne Rakhdi bandhi hati,0,2026-08-08T06:20:37Z,candidate
UgxMNgk_w1DMr6yJ24x4AaABAg,GdbY_qJ4KJY,Jay Shree Krushna,0,2026-08-08T06:15:36Z,candidate
UgzkhbVwAXGhc1Bdi3N4AaABAg,GdbY_qJ4KJY,Jay swaminarayan,0,2026-08-08T06:00:53Z,candidate
Ugyv0yulnXmWVSjgGfh4AaABAg,GdbY_qJ4KJY,Possible hoy 2 video muko,0,2026-08-08T05:59:52Z,candidate
UgzVTIRk1yOYRRMkf9B4AaABAg,GdbY_qJ4KJY,Really tame vlog mate bau mahenat kro so,1,2026-08-08T05:59:32Z,candidate
UgzfiMhQ37hgKzO3OmN4AaABAg,GdbY_qJ4KJY,Very hard work,0,2026-08-08T05:58:03Z,candidate
UgyfhkZCvn8GrWXKew94AaABAg,GdbY_qJ4KJY,Nice,0,2026-08-08T05:57:25Z,candidate
UgzggWbSXJaio0Bxz-l4AaABAg,GdbY_qJ4KJY,Jay shree Krishna,0,2026-08-08T05:49:31Z,candidate
UgwEA70HK-Mcwr3OGXJ4AaABAg,GdbY_qJ4KJY,"Jai shree krishna 🙏🙏🙏 
Jai shree swaminarayan 🙏🙏🙏 
Jai shree yogeswar 🙏🙏🙏",0,2026-08-08T05:48:27Z,candidate
UgyhOSQzYg4E8lKXB_Z4AaABAg,GdbY_qJ4KJY,Jay shree Krishna good morning,0,2026-08-08T05:38:28Z,candidate
Ugzlu0I40s-wlGplk094AaABAg,GdbY_qJ4KJY,Hu tmara jaydeep bhai vlog daily jov 6u,0,2026-08-08T05:24:14Z,candidate
UgxtofN1lBH0UG2u36h4AaABAg,GdbY_qJ4KJY,Tme j masala dosa sandwich na lyo address num aapso plz mare jamnagar joi 6,0,2026-08-08T05:23:57Z,candidate
UgxHQKWxvKPGSef9Hid4AaABAg,GdbY_qJ4KJY,Jay swaminarayan jay yogeswar 🙏,0,2026-08-08T05:21:15Z,candidate
UgzHp-mrPew44pWazfN4AaABAg,GdbY_qJ4KJY,Jay Shree Krishna,0,2026-08-08T05:05:09Z,candidate
UgyiQgBCbHhENkPdJCJ4AaABAg,GdbY_qJ4KJY,"Tame kadach 2 kalak no pan vlog muki dyo to pan badha jove kem k Tamara vlog j atla mast hoi

Amara mate atli mehnat karo chho a badal khub khub aabhar... aabhar... aabhar...",5,2026-08-08T04:42:12Z,candidate
UgzDQyjVkboMpClTtwh4AaABAg,GdbY_qJ4KJY,Jay shree Krishna,0,2026-08-08T04:13:40Z,candidate
UgzNQ_WNjmEf5ETQ4VN4AaABAg,GdbY_qJ4KJY,Cuteness overloaded Aneri beta ❤❤❤❤,0,2026-08-08T03:57:09Z,candidate
Ugy0oKe1MENwWQTNWDx4AaABAg,GdbY_qJ4KJY,Nice good morning,0,2026-08-08T03:54:53Z,candidate
UgzvO1Tdj0TqekAQtQx4AaABAg,GdbY_qJ4KJY,Don't speak in hindi. Gujarati ma shod bolo to y sari,0,2026-08-08T03:52:30Z,candidate
UgyltuFn_scrC8WpSHl4AaABAg,GdbY_qJ4KJY,Don't speak in hindi,0,2026-08-08T03:51:21Z,candidate
Ugy0GdxlYSIXbtDzqKt4AaABAg,GdbY_qJ4KJY,Juhil bhai ni new sagai kayare che ??,12,2026-08-08T03:41:56Z,candidate
UgyWFytHvWtMv2Wqg_t4AaABAg,GdbY_qJ4KJY,Good morning aneri❤,0,2026-08-08T03:39:10Z,candidate
UgyerZfv_Yxknw4lrSt4AaABAg,GdbY_qJ4KJY,Good morning 😊 jay mataji 😊,0,2026-08-08T03:36:15Z,candidate
UgySRC0wGRhKPkpml_p4AaABAg,GdbY_qJ4KJY,First comment,0,2026-08-08T03:32:01Z,candidate
Ugw2eWvwMYSSBuXBM-V4AaABAg,GdbY_qJ4KJY,"Good morning 
Jay shree krishna 😊",1,2026-08-08T03:31:00Z,candidate
UgwoGa3w8Lr8w6C9jQN4AaABAg,21p-W3WiNGM,Tame Ketla bhai ben chvo didi,0,2026-08-10T10:10:42Z,candidate
Ugxc780YX5ppITBz9o54AaABAg,21p-W3WiNGM,Jay swami Narayan Jay Yogeshvar  Jay Sri Krishna 🎉🎉🎉🎉❤😅bardoli surat 🎉🎉,0,2026-08-09T18:38:41Z,candidate
UgxnfpeLo_UFzT3UTnh4AaABAg,21p-W3WiNGM,Very nice Vlog 👌👍 Trisha na ladva nu  celebration 🙌 👌👍ladva ma mst gift 💝 👍full comedy majak msti👌👍😁😂😂,0,2026-08-09T10:46:08Z,candidate
UgwgXGcfxCaU-QbbIcN4AaABAg,21p-W3WiNGM,Sweta Reshma Sarika  nice gift 💝 Shiu & Trisha so cute 🥰  beautiful 😍 😊🧿,0,2026-08-09T10:34:02Z,candidate
Ugx3JnOPs_oAoJ7vugl4AaABAg,21p-W3WiNGM,Atulbhai uru ne heran kare Che majak msti 👌👍😁😁,0,2026-08-09T10:23:47Z,candidate
Ugz-cnmv0hlg6dtyhN94AaABAg,21p-W3WiNGM,4 e sister ma Reshma sauthi  nani lage  Che👌👍😊,0,2026-08-09T10:21:05Z,candidate
Ugzhq8jeK2uLYXjb6Hd4AaABAg,21p-W3WiNGM,Bhabhi  & 3 e sister mst lags lage che 👌nice dress 👌👍👍nice looks🧿Reshma Rakhdi mst banavi 👌👌👍,0,2026-08-09T10:14:57Z,candidate
UgypYFbL9VikGOi-OeJ4AaABAg,21p-W3WiNGM,Sweta bovj mst dress 👗 Che  nice colour  👌👍beautiful looks 👌👍😊❤️🧿Hiru & Aadhu beto 👌👍so cute 🥰 beautiful looks🧿😊,0,2026-08-09T10:13:43Z,candidate
UgyiUmbVxoZDHJV_aDd4AaABAg,21p-W3WiNGM,JSK 🙏🏻🙏🏻Jay Swaminarayan 🙏🏻🙏🏻,0,2026-08-09T10:05:44Z,candidate
Ugyd8e_BqXnapkLZR3d4AaABAg,21p-W3WiNGM,Belated,0,2026-08-09T10:05:30Z,candidate
UgxmPVXicHp823qIblF4AaABAg,21p-W3WiNGM,Nice volg 😊,0,2026-08-09T07:18:59Z,candidate
UgyEdDott5p71tKVfV54AaABAg,21p-W3WiNGM,Atul bhai uru didi bov heran kre se hoo😅😅,1,2026-08-09T07:18:49Z,candidate
Ugz_v7PimFrxQ5wkO914AaABAg,21p-W3WiNGM,Tamara bhai bhabhi kya rey chhe?,0,2026-08-09T03:05:31Z,candidate
UgzzxKAYUNBCjEC4Y3B4AaABAg,21p-W3WiNGM,🙏 Har 🙏 Har 🙏 Mahadev 🙏🙏,0,2026-08-08T18:51:28Z,candidate
UgyfU_zPneVLrKUu9CB4AaABAg,21p-W3WiNGM,Jai Shree Krishna Swetaben,0,2026-08-08T18:35:17Z,candidate
UgxBN1zJDkvHNWqzVHB4AaABAg,21p-W3WiNGM,Happy birthday Adhu tum jiyo hajaro sal,1,2026-08-08T17:42:52Z,candidate
UgzjnCQ1vZ-kzHll_Op4AaABAg,21p-W3WiNGM,Happy birthday 🎉 aadhu,1,2026-08-08T17:36:16Z,candidate
Ugx7YJq450pdOVkG47R4AaABAg,21p-W3WiNGM,Happy birthday 🎂,0,2026-08-08T17:15:48Z,candidate
UgxLDlcieTg0fgzc_nN4AaABAg,21p-W3WiNGM,😂😂😂😂😂😂,0,2026-08-08T17:12:42Z,candidate
UgxRuZW1IT2wG21lZdF4AaABAg,21p-W3WiNGM,"Jay swaminarayan 
Jay shree Krishna 
Sweta Bhabhi 
Khub saras vlog aaviyo aajno ne tamara masiyay bhai n ben na vlog lejo kyarek bov mja aavi jova ni khas kari ne Sajan bhai bole e bov gamu ne hasi hasi ne Amne to petma dukhva mandi ne 
Happy Birthday Cute Cute Aadhu baby 🎉🎉🎉❤❤😊",0,2026-08-08T16:16:58Z,candidate
Ugzk7ExuTOdapvdTwgt4AaABAg,21p-W3WiNGM,Tame weight loss kevi rite karyu tamari rwgular viewer chu but hmna 2 month exam na lidhe ray gayi plz kaho ne ❤😊,0,2026-08-08T14:45:04Z,candidate
UgwVMY2WO5x0rQ5s4LN4AaABAg,21p-W3WiNGM,Jay shree krishna,0,2026-08-08T14:35:39Z,candidate
UgwN4OuEuQqccIm9M8Z4AaABAg,21p-W3WiNGM,Jay shree krishna,0,2026-08-08T14:28:28Z,candidate
UgxGNlMnGREFgngcwul4AaABAg,21p-W3WiNGM,Happy birthday toadhya,0,2026-08-08T14:16:01Z,candidate
Ugw4IdtEoDBFRLfnav94AaABAg,21p-W3WiNGM,Hi,0,2026-08-08T14:15:33Z,candidate
UgzAYpfW0k4tpZ7y9A54AaABAg,21p-W3WiNGM,Aa banne tamara saga bhai bhabhi chhe,0,2026-08-08T14:13:07Z,candidate
UgyVS1EcH8jN4ivz5I14AaABAg,21p-W3WiNGM,Jay jinendra 🙏 Sweta u r looking sweet all sisters too looking 👌Aadu sweetie pie 🥰🥰 happy returns of d day stay blessed with happy healthy long life. Very loving caring bonding of siblings pray life long  be same. Ur nails 💅 art looks very nice. Hiru's outfits looks 👌 take care of ur throat.,0,2026-08-08T14:08:46Z,candidate
UgzOzBpxm5DQm-G0jVh4AaABAg,21p-W3WiNGM,Tmaro dress ben bov j mast hato green colour no … kyathi lidho????,0,2026-08-08T13:56:11Z,candidate
UgxoOvR8RXdXhzw-FPp4AaABAg,21p-W3WiNGM,Tame saga 4 ben cho ????,0,2026-08-08T13:50:00Z,candidate
UgyiPA5whegjJC4VH0x4AaABAg,21p-W3WiNGM,Sweta ben bov mast Lago cho ❤❤,0,2026-08-08T13:49:24Z,candidate
Ugxx_6af3Cv3ITHY_2N4AaABAg,21p-W3WiNGM,Happy birthday 🎂🎂🎂🎂 aadhu❤❤❤❤❤❤❤❤❤❤❤❤❤❤❤❤❤,0,2026-08-08T13:36:10Z,candidate
Ugxqwk9U0Y0nKpbaz8Z4AaABAg,21p-W3WiNGM,Happy birthday 🎂aadhu❤❤❤❤❤❤,0,2026-08-08T13:32:36Z,candidate
Ugx3tu0_LLdUFR-kDsZ4AaABAg,21p-W3WiNGM,Tame dress pehryo e kya thi lidho,0,2026-08-08T12:54:51Z,candidate
UgxnhqYYgilW0_Hfnq14AaABAg,21p-W3WiNGM,Madhav textile ma customize kre che?,0,2026-08-08T12:28:52Z,candidate
UgwXEh_olz-wXupdM2R4AaABAg,21p-W3WiNGM,Happy birthday aadhu ❤🎉 god bless you 🤗,0,2026-08-08T12:23:08Z,candidate
Ugy2nzll5jHkEvIv3c94AaABAg,21p-W3WiNGM,Aa ben jaydeep patel na vlog ma pan ave6,0,2026-08-08T12:14:11Z,candidate
UgwOCUdsMT16_clVxxl4AaABAg,21p-W3WiNGM,"Hyy
Aa chain chhe je tamara sister ae apelo ae tame kya jewellers mathi purchase karyo chhe",0,2026-08-08T11:58:51Z,candidate
Ugza5kwteAClECybId54AaABAg,21p-W3WiNGM,❤❤❤❤❤,0,2026-08-08T11:56:52Z,candidate
Ugy6L0l93p5jqUS-R5B4AaABAg,21p-W3WiNGM,Kem vela rakhi celebration kryu,1,2026-08-08T10:59:30Z,candidate
UgxaHMcH5gHNUzOnWc54AaABAg,21p-W3WiNGM,Happy birthday golu 🎉🎉,0,2026-08-08T10:43:08Z,candidate
Ugyzy-6YKEuV7cuvGYB4AaABAg,21p-W3WiNGM,💪💪💪💪💪👌👌👌👌👍👍👍👍🧿🧿🧿🧿🧿🧿❤️❤️❤️,0,2026-08-08T10:38:35Z,candidate
Ugzq83bkE7ylZzKNn4F4AaABAg,21p-W3WiNGM,Happy  happy birthday to you adhya diku ladva jevi golu molu cute 🥰  mithudi nankdi che pan samajdar che 🎂🎂🎉💐🎁🍰👑 god bless you beta🙌🙌,0,2026-08-08T10:22:06Z,candidate
Ugxd5CKRxZ6eqbA-got4AaABAg,21p-W3WiNGM,Ajno vlog to bovaj mast ho baki sweta ben Raksha bandhn with ladva  mast badhi baheno ne joya maja avi gai,0,2026-08-08T10:19:48Z,candidate
UgyJokFSIVbghRzQSV54AaABAg,21p-W3WiNGM,Sweta ben kem jaldi Raksha Bandhan jaldi kari,0,2026-08-08T10:18:02Z,candidate
UgxH28Uic3UVDqKll2N4AaABAg,21p-W3WiNGM,🫶🫶,0,2026-08-08T10:12:18Z,candidate
UgzqzaiVLty5QQWS3xZ4AaABAg,21p-W3WiNGM,Jk sawetaben kem che aadhu atualbhai Tamara bhai bhabhi saras che,0,2026-08-08T10:05:29Z,candidate
UgzWisR_7QQmnb236D54AaABAg,21p-W3WiNGM,Nice ❤❤❤❤❤,0,2026-08-08T10:01:25Z,candidate
UgxmFwaWWvkUVIp2tTV4AaABAg,21p-W3WiNGM,Happy birthday miru bo maja avi vlog jovani Aadhu ne par aedvans ma happy birthday,0,2026-08-08T09:51:43Z,candidate
Ugz-S6X0lqHTX0dJlu54AaABAg,21p-W3WiNGM,Vlog mast mast chhe👌,0,2026-08-08T09:48:09Z,candidate
Ugywu5xVRU_Kbk3UFcB4AaABAg,21p-W3WiNGM,Tame ketla bhai behan cho,0,2026-08-08T09:41:58Z,candidate
UgwdJgaXPrHIYAlUvuN4AaABAg,21p-W3WiNGM,So cute cute baby 😍😍😍❤❤❤,0,2026-08-08T09:41:28Z,candidate
UgytdEfdECTmvEoCy4x4AaABAg,21p-W3WiNGM,Mast avyu che ladva nu 👌👌🧿😎🤗😍😘🥰❤️❤️,0,2026-08-08T09:39:55Z,candidate
UgxAAL9t2EFJ-A3Nkit4AaABAg,21p-W3WiNGM,Mast Lago cho lovely 😎😎🤗😍😘🥰❤️❤️,0,2026-08-08T09:35:27Z,candidate
UgxSz5qwiNB2oN6nfAh4AaABAg,21p-W3WiNGM,Happy birthday aadhya,0,2026-08-08T09:34:04Z,candidate
Ugx0EAKoF19kawbCrlB4AaABAg,21p-W3WiNGM,Khub SRS volg che ❤😊❤ so cute 🥰,1,2026-08-08T09:28:27Z,candidate
Ugx0pNmkY9qia1f4EaZ4AaABAg,21p-W3WiNGM,Aadhu ketla year ni thai di,1,2026-08-08T09:24:31Z,candidate
Ugypxx4Tq6Tnn37a29l4AaABAg,21p-W3WiNGM,Tamara ma aapvanu bahuj hoy ne,0,2026-08-08T09:23:38Z,candidate
UgyRmumQ3BmNq1rbG8B4AaABAg,21p-W3WiNGM,Happy Birthday cute aadhu🎉🎉🎉🎉🎉,0,2026-08-08T09:17:27Z,candidate
UgzQ-WmFRtnMDs8U-Zh4AaABAg,21p-W3WiNGM,Good Afternoon Jsk,0,2026-08-08T09:08:59Z,candidate
Ugz0C80HMw9pDOZqZoh4AaABAg,21p-W3WiNGM,Happy birthday 🎉🎉🎉,1,2026-08-08T08:58:01Z,candidate
UgzqzssMSt720eQUXcd4AaABAg,21p-W3WiNGM,Didi Tamara bhabhi  Tamara jevaj 6,0,2026-08-08T08:56:02Z,candidate
Ugz1xDe8o3Ywjul5w214AaABAg,21p-W3WiNGM,Reshma ben nu address apo,0,2026-08-08T08:50:01Z,candidate
UgybvmKPqgoJ0DlbUfB4AaABAg,21p-W3WiNGM,"Happiest birthday aadhya❤❤❤❤
Marii fav❤❤❤❤
God bless uh baccha ❤❤❤❤",0,2026-08-08T08:47:42Z,candidate
Ugxb9Jp3qFrTXR1H1cN4AaABAg,21p-W3WiNGM,Siya baby ni rokda 5000 apiya ne trisha ne gold ????,0,2026-08-08T08:42:09Z,candidate
UgwgXBWxKxyt9J0ZMX14AaABAg,21p-W3WiNGM,"Atul bhai uravasi didi n e khijvo cho
Avu na hoy tame pinal ne juvo ne e ketli bheem jevi thi gai che",0,2026-08-08T08:37:01Z,candidate
UgxEaKYdaQqooyJXuvF4AaABAg,21p-W3WiNGM,Happiest Birthday aadhya god bless you little girl 🎉,1,2026-08-08T08:32:39Z,candidate
Ugw2vm9JUjj01xPRtwZ4AaABAg,21p-W3WiNGM,Tmara sasumom ne nthi aavya ladwa ma??,0,2026-08-08T08:23:50Z,candidate
UgxVrx1EfD_ch1_BaKp4AaABAg,21p-W3WiNGM,Sarikaben Ane uarvasiben twins chhe same dekhai chhe to,0,2026-08-08T08:17:19Z,candidate
Ugyhadb2s7jNp-393P94AaABAg,21p-W3WiNGM,Ladva btavya to nhi tukma lage,1,2026-08-08T08:14:39Z,candidate
UgzsMblvPHuBdhE9Tgt4AaABAg,21p-W3WiNGM,👍👌,0,2026-08-08T08:14:20Z,candidate
UgyM_vYA3xWUcAQ0jft4AaABAg,21p-W3WiNGM,Happy birthday adhu🎉🎉,0,2026-08-08T08:04:45Z,candidate
UgwAhBdsgDf8QMQnH-x4AaABAg,21p-W3WiNGM,Happy birthday adhu,0,2026-08-08T08:00:56Z,candidate
UgzRuJBSU7X8FnNmDrd4AaABAg,21p-W3WiNGM,happy brithday aadhya.,0,2026-08-08T07:57:54Z,candidate
UgxBxySWmrw0u9h79pp4AaABAg,21p-W3WiNGM,Happy birthday 🎂 🥳 🎉 🎈 🎁 aadhu,0,2026-08-08T07:48:47Z,candidate
UgwJfKujAAnmY1lsjb94AaABAg,21p-W3WiNGM,Bapa sitaram 🙏,0,2026-08-08T07:48:08Z,candidate
UgzIiI5b6cPv2sc0mx94AaABAg,21p-W3WiNGM,Happy birthday adhu,0,2026-08-08T07:41:02Z,candidate
UgzPfZXY_gt_hP5Bnyp4AaABAg,21p-W3WiNGM,Jay shree krishna 🙏🙏🙏🙏,0,2026-08-08T07:39:45Z,candidate
UgzYF7wB5SQjSbPKtJp4AaABAg,21p-W3WiNGM,Happy birthday adhu 🎉🎉,0,2026-08-08T07:32:44Z,candidate
Ugws5T7vxJ9E5O5vStt4AaABAg,21p-W3WiNGM,Very good  sistres❤,0,2026-08-08T07:32:30Z,candidate
UgypV9Etrmyg9Ti9gHx4AaABAg,21p-W3WiNGM,Happy birthday aadhya aje che 8 August 😍🎂,1,2026-08-08T07:30:24Z,candidate
UgwPtGu48GGO_9MkxcN4AaABAg,21p-W3WiNGM,Uru ben no dress kya thi lidho che?,0,2026-08-08T07:26:24Z,candidate
UgwVVlSI9oHDf18nrit4AaABAg,21p-W3WiNGM,Happy Birthday 🎈🎂,0,2026-08-08T07:12:49Z,candidate
Ugy7EhL8H3W1Glb_NmB4AaABAg,21p-W3WiNGM,Ruchita Ben Ni insta nu profail aapone 🙏🙏,0,2026-08-08T07:07:09Z,candidate
UgyS05LUqg6xn6SM3954AaABAg,21p-W3WiNGM,Jay shree Krishna Jay swaminarayan,1,2026-08-08T07:05:34Z,candidate
UgwCL_Iyfy9ZVu7l8YZ4AaABAg,21p-W3WiNGM,Very nice family ❤❤❤🎉🎉🎉🎉🎉🎉🎉🎉🥰🥰🥰🥰🥰🥰🥳🥳🥳🥳🥳🥳,0,2026-08-08T07:01:49Z,candidate
UgyfRzi2LaQA7JhS6ch4AaABAg,21p-W3WiNGM,Aje tmari Femili bhda stahe bhega thya enjoy kari boj maj avi jovani,0,2026-08-08T06:46:53Z,candidate
UgxcOtgxKwfDwKHGcqp4AaABAg,21p-W3WiNGM,Happy Birthday 🎂🎂🍰🍰🍫🍫🎁🎁🎉🎉🎉🧿😎🤗😍😘🥰❤️❤️Adhu,0,2026-08-08T06:42:46Z,candidate
UgyePzYuJ6HkY66ViW94AaABAg,21p-W3WiNGM,Tamara benu bdha bov j saras lage che ane bdha bov j saras nature che aj no volg bov j mast hato di,0,2026-08-08T06:42:31Z,candidate
UgxpRRxyyiDR8Ye47Eh4AaABAg,21p-W3WiNGM,❤❤❤❤,0,2026-08-08T06:42:19Z,candidate
UgyZkK4-WuIbxeugDIt4AaABAg,21p-W3WiNGM,Jay mataji,0,2026-08-08T06:42:15Z,candidate
Ugw9GN9U4DVYiOziH6x4AaABAg,21p-W3WiNGM,Ben Jay swaminarayan tme matha ma bindi lagvo Kem nathi lagvta,0,2026-08-08T06:37:23Z,candidate
Ugz8rw92BDSYeSXqBG94AaABAg,21p-W3WiNGM,Happy Birthday 🎂🎈🎉,0,2026-08-08T06:34:30Z,candidate
UgzRDH8rwE2Yc6T1Oo14AaABAg,21p-W3WiNGM,Happy Birthday aadhu..!🎂🥰,0,2026-08-08T06:29:12Z,candidate
UgyyisAQJwtcf0YmVhB4AaABAg,21p-W3WiNGM,Aa bdha tmara saga ben 6 urvi ben ni to khber 6 bija 2 6 e saga sister 6 tmara,0,2026-08-08T06:25:56Z,candidate
Ugz_9I_EWxCg1atesXV4AaABAg,21p-W3WiNGM,Pinal aunty oli saree kyare pervana?,0,2026-08-08T06:17:46Z,candidate
UgzV5HJvXO7drXASBjh4AaABAg,21p-W3WiNGM,Jay Shri Krishna ❤,0,2026-08-08T06:16:40Z,candidate
UgzL80mwFFehl801g_V4AaABAg,21p-W3WiNGM,Tame dress kyathi lidho mast chhe,0,2026-08-08T06:16:31Z,candidate
Ugzmery_b6bvCvkPc3V4AaABAg,21p-W3WiNGM,🥰🥰🥰🥰🥰👌👌👌👌👌👌👌👌👌👌❤❤❤❤❤❤,0,2026-08-08T06:16:24Z,candidate
Ugz4Srmiw7QpqkuPnEx4AaABAg,21p-W3WiNGM,Good morning di 🌄 jay shree krishna 🙏🙏,0,2026-08-08T06:12:56Z,candidate
UgylLr9A42AuWc3TcTZ4AaABAg,21p-W3WiNGM,Bhai ben masti very funny,0,2026-08-08T06:10:51Z,candidate
UgyXHPc1zJSD5l6vVbx4AaABAg,21p-W3WiNGM,Good morning Jay Swaminarayan Jay Shri Krishna,0,2026-08-08T06:08:43Z,candidate
UgzNk0KN-265ogjRvtx4AaABAg,21p-W3WiNGM,Jay shree Krishna good morning,0,2026-08-08T06:08:27Z,candidate
UgwWjRpj-wNt3U3GD6J4AaABAg,21p-W3WiNGM,Happy birthday Aadhiya❤🎉,0,2026-08-08T06:07:50Z,candidate
UgwCL0eynmaTYGJVgzN4AaABAg,21p-W3WiNGM,Trisha kon chhe,0,2026-08-08T06:07:22Z,candidate
UgwaWxj10YwxjX7noeB4AaABAg,21p-W3WiNGM,❤,1,2026-08-08T06:06:52Z,candidate
UgwGL-wKiFg67x7Iidt4AaABAg,21p-W3WiNGM,Jay shree shree Krishna didi,0,2026-08-08T05:59:18Z,candidate
UgwHHIRcKgT_JUmrmgR4AaABAg,21p-W3WiNGM,Happy birthday Aadhya  hu America  thi  vlog Maru  nam  lejo. PRATIKSHA  Patel,0,2026-08-08T05:59:00Z,candidate
UgytifZqEhCgip1NxaF4AaABAg,21p-W3WiNGM,Happy birthday cute aadhiya dwarkadhish bess you 🍰🍰🎂🥳😍😍🍫🎁❤️❤️,0,2026-08-08T05:48:02Z,candidate
Ugz3obeo79pw0Y8q11d4AaABAg,21p-W3WiNGM,Mast family che Tamaru❤,0,2026-08-08T05:45:04Z,candidate
UgyAhAPmi96JkrXqboZ4AaABAg,21p-W3WiNGM,Happy birthday Aadhya🥳,1,2026-08-08T05:42:26Z,candidate
UgzDZJEsn3_DsElaqap4AaABAg,21p-W3WiNGM,Jay shree krishna,1,2026-08-08T05:41:08Z,candidate
UgzJDcDzYF7Q5t2CXuZ4AaABAg,21p-W3WiNGM,❤❤❤🎉🎉good 🎉🎉❤❤❤,0,2026-08-08T05:40:34Z,candidate
UgwM8W2XLIPRsYE2uZ94AaABAg,21p-W3WiNGM,Jay shree Krishna Jay swaminarayan Sweta di happy birthday 🎂 Aadhya god bless you 🎉  maru nam Rinku,0,2026-08-08T05:38:49Z,candidate
Ugy3XHXiD-yun5qbi6d4AaABAg,21p-W3WiNGM,Happy birthday adhu❤🎉❤,0,2026-08-08T05:36:01Z,candidate
Ugxjl7EWKt10liggrZ14AaABAg,21p-W3WiNGM,Dress kya Thi lidho che,0,2026-08-08T05:33:46Z,candidate
UgzsXIuJG4h14b17_k14AaABAg,21p-W3WiNGM,Happy birthday cute adhu 💐🎂,0,2026-08-08T05:09:50Z,candidate
UgzKkh3Ov-rRrOPcTWN4AaABAg,21p-W3WiNGM,Happy birthday to you dear Sweta didi ni princess ❤❤❤❤😊😊😊😊😊 so cute Aadhya ❤❤❤❤❤,0,2026-08-08T05:04:01Z,candidate
Ugye7_rh-CMM5jOQOrh4AaABAg,21p-W3WiNGM,Sweta didi Aadhu kejo ke maru naam bole Nishtha Dave,0,2026-08-08T04:55:57Z,candidate
UgxAioeM76Qg1Oqmqa14AaABAg,21p-W3WiNGM,Happy birthday to you cute cute aadhu😊,0,2026-08-08T04:48:43Z,candidate
UgzYGa4Hzn11jltTD-l4AaABAg,21p-W3WiNGM,Happy birthday... Aadhya ❤🎂🎉🍫,0,2026-08-08T04:46:29Z,candidate
Ugxj8wgYmcti-ReGfNh4AaABAg,21p-W3WiNGM,Nice video,0,2026-08-08T04:45:47Z,candidate
UgzIYaXYtiRxK6UOeLh4AaABAg,21p-W3WiNGM,Happy Birthday Dwarkadhish bless you dear princess adhu❤🎂🎊,0,2026-08-08T04:44:36Z,candidate
UgyiplFAkIRBxTsTLKB4AaABAg,21p-W3WiNGM,Happy birthday 🎂,0,2026-08-08T04:33:48Z,candidate
UgxN5wUR1IXfGGjBVV94AaABAg,21p-W3WiNGM,Happy birthday adhu cutie pie. .god bless you beta..🎂🎂🎈🎈🧁🧁,0,2026-08-08T04:33:24Z,candidate
UgwF34CwOiiYq_Hki014AaABAg,21p-W3WiNGM,Happy Birthday aadhu 🎉🎊🥳,0,2026-08-08T04:31:18Z,candidate
UgzLG3PIIS14zoJEamV4AaABAg,21p-W3WiNGM,Good morning adhu &hiru ❤,0,2026-08-08T04:31:11Z,candidate
UgyXuMiRv7_IOheKTXx4AaABAg,21p-W3WiNGM,First view comment 🎉,0,2026-08-08T04:30:56Z,candidate
UgyRBlTnFyKHvcLc2vl4AaABAg,21p-W3WiNGM,happy birthday aadhu,0,2026-08-08T04:30:54Z,candidate
UgxZXOgxbAx9JFCG5-F4AaABAg,i9dKbKMmObY,Aap bahut acha song banate ho or aaj sravan maska pehla din he,0,2026-08-13T04:00:45Z,candidate
UgxVc7KpviE__cXLYFp4AaABAg,i9dKbKMmObY,Nitinbhai tme ek mahadev nu song banavo please,0,2026-08-13T03:59:27Z,candidate
UgzF8J1EocLKlsKaufZ4AaABAg,i9dKbKMmObY,🙏🏻🇮🇳🙏🏻,0,2026-08-10T17:02:24Z,candidate
UgyR42Vu7DPIOfKD32R4AaABAg,i9dKbKMmObY,Jay mataji,0,2026-08-10T09:20:51Z,candidate
UgwLofxGxvVPrUSF_hV4AaABAg,i9dKbKMmObY,Making money in uk proper cleaver man,0,2026-08-09T21:24:46Z,candidate
UgybTZ9e5WtSWbdgcY54AaABAg,i9dKbKMmObY,😆,0,2026-08-09T16:20:46Z,candidate
UgyGEzB289HRczn_Syd4AaABAg,i9dKbKMmObY,❤❤,0,2026-08-09T14:25:26Z,candidate
UgzkC3UFGbDEFOfKnsd4AaABAg,i9dKbKMmObY,Jay mataji,0,2026-08-09T08:14:36Z,candidate
UgwVy9F6pEtNOWj9PFh4AaABAg,i9dKbKMmObY,Tarun bhay aap vidyo mat banao khajur bhay ache lagate aapka videos eitana acha nahi lagata,0,2026-08-09T06:03:10Z,candidate
Ugxej6GS08-NngkrJm94AaABAg,i9dKbKMmObY,Khajur bhai aap kab indiya vapsh aavo ge,0,2026-08-09T05:51:39Z,candidate
UgzZzwhbzL1jrjmuTEl4AaABAg,i9dKbKMmObY,Jay mataji,0,2026-08-09T05:32:21Z,candidate
UgyJxIEP-iIRoh0Kgut4AaABAg,i9dKbKMmObY,❤❤❤,0,2026-08-09T05:23:12Z,candidate
UgwYy0aKmVj9UUcf2t54AaABAg,i9dKbKMmObY,❤❤❤❤,0,2026-08-09T05:03:47Z,candidate
UgzOruB8O9O6lAEf1fh4AaABAg,i9dKbKMmObY,😂😂😂😂😂😂,0,2026-08-09T04:24:56Z,candidate
UgzZHVCKFuG7mHyKiVN4AaABAg,i9dKbKMmObY,❤❤❤❤❤,0,2026-08-09T03:57:58Z,candidate
Ugzf7QFtQagygRFdC7N4AaABAg,i9dKbKMmObY,❤❤❤❤❤❤❤❤❤❤❤❤❤❤,0,2026-08-09T01:57:47Z,candidate
UgzkkWs9XH5WkY3LRAt4AaABAg,i9dKbKMmObY,Jay mataji,0,2026-08-09T01:57:36Z,candidate
UgwYKQgnP8zj9OqcpmN4AaABAg,i9dKbKMmObY,Jay mataji Nitinbhai tamina malva ni bahuj echa che khub sars vlog che,1,2026-08-08T18:27:16Z,candidate
Ugyp2w7xOAbo9zezaKd4AaABAg,i9dKbKMmObY,jay somnath,0,2026-08-08T16:59:31Z,candidate
UgyncvhFNGqCpdWDMVV4AaABAg,i9dKbKMmObY,You tube Family Chalo Ek dusre ko support karte hai .👍🏻👍🏻👍🏻,1,2026-08-08T16:56:15Z,candidate
Ugzaul0h9vJp95TqSLB4AaABAg,i9dKbKMmObY,22 pounds che aavak pana tax ane biju javak pan che hath ma khata pita ghar Karacho e pan jarak kejo from uk,1,2026-08-08T16:30:02Z,candidate
Ugz9n-8yZXt73JL0JYd4AaABAg,i9dKbKMmObY,Mahesh bhai yar 😂😂😂😂😂😂😂,0,2026-08-08T16:23:13Z,candidate
UgxVvayBhSUaKAgwifZ4AaABAg,i9dKbKMmObY,👌,0,2026-08-08T16:03:39Z,candidate
UgxHnOcsUg5YIjxPetx4AaABAg,i9dKbKMmObY,👌🙌👌🙌👌🙌,0,2026-08-08T15:48:45Z,candidate
Ugyoser1KhOgijwJpZx4AaABAg,i9dKbKMmObY,Jai shree Krishna sir,0,2026-08-08T15:47:12Z,candidate
Ugz1zHgLVjOZviJZ6fh4AaABAg,i9dKbKMmObY,हर हर महादेव,0,2026-08-08T15:37:02Z,candidate
UgwdEh8mXn0PNTIVIdN4AaABAg,i9dKbKMmObY,Ringda khavdavi ne pathari karavso bhai.,0,2026-08-08T15:28:01Z,candidate
UgzvfTrHBllOvrvi__h4AaABAg,i9dKbKMmObY,Jai mataji.,0,2026-08-08T15:21:38Z,candidate
Ugzc2wSbYHWstdX0Qrx4AaABAg,i9dKbKMmObY,Jay mataji khajur bhai,0,2026-08-08T15:19:46Z,candidate
UgwvB91bVhJ9mZDfTPV4AaABAg,i9dKbKMmObY,"Veek you csn get from veek shop in town center or near by shop.
Please google on your phone and will find out near by shop",0,2026-08-08T15:10:54Z,candidate
Ugz9o59TdmGXHj1gph14AaABAg,i9dKbKMmObY,Jay mataji jay shree Krishna khjuar bhai lala bhai ❤,1,2026-08-08T14:52:07Z,candidate
Ugw8qUlXAQdTzNcg3vt4AaABAg,i9dKbKMmObY,Khajur Bhai mumbai ma pan divas na 3 thi 4 hajar rupiya lai che badha j karigar pacha nakhra pan bov 10 thi 6 sudhi j kaam kare 😏,5,2026-08-08T14:43:55Z,candidate
UgxypUY7LzNeynEM13t4AaABAg,i9dKbKMmObY,Jordar ❤❤❤,0,2026-08-08T14:28:01Z,candidate
UgzcXCN0oMShkYdQKmt4AaABAg,i9dKbKMmObY,"Jay mataji 
Jay shree Ram 
Jay shree Krishna 
Har har Mahadev Good 😊💯😊💯",0,2026-08-08T14:03:04Z,candidate
UgwXl0I73BWOPEfiRah4AaABAg,i9dKbKMmObY,Jai dwarkadhish,0,2026-08-08T13:40:55Z,candidate
Ugz4kIHpoEtfjUaeuGh4AaABAg,i9dKbKMmObY,🎉❤🎉❤🎉❤👌👍🙏🙏🙏🙏,0,2026-08-08T12:12:00Z,candidate
UgyRBAH-PRPu-2RoqO54AaABAg,i9dKbKMmObY,Sars,0,2026-08-08T12:06:16Z,candidate
UgySG8Qe20ZNta0pg7F4AaABAg,i9dKbKMmObY,Khajur bhai 🎉🎉🎉,1,2026-08-08T11:54:51Z,candidate
UgzPAMCT31LrcLHKOy94AaABAg,i9dKbKMmObY,Jay Hanuman 🙏🏻,0,2026-08-08T11:40:29Z,candidate
UgzbV7vPw9JGedpf4Dh4AaABAg,i9dKbKMmObY,❤❤❤😂😂,0,2026-08-08T11:11:34Z,candidate
UgyKJv5ms0vqfZdSDtF4AaABAg,i9dKbKMmObY,Jai Jai Garvi Gujarat 🙏 🚩,1,2026-08-08T10:59:45Z,candidate
UgzRtcHW2dW3s71FOMB4AaABAg,i9dKbKMmObY,Mahadev tamne hamesha khush rakhe,0,2026-08-08T10:54:25Z,candidate
UgyWf49p76RZK9W0rKR4AaABAg,i9dKbKMmObY,Jay mataji,0,2026-08-08T10:48:17Z,candidate
UgxT1ANpz87Fv0YAhBF4AaABAg,i9dKbKMmObY,❤❤❤❤❤❤❤,0,2026-08-08T10:47:53Z,candidate
UgxGnb4KlKjrd5uoSBt4AaABAg,i9dKbKMmObY,Jai mataji 😊,0,2026-08-08T10:38:34Z,candidate
UgxHGzlLV3NlKrpJSc14AaABAg,i9dKbKMmObY,😊,1,2026-08-08T10:35:46Z,candidate
UgyMVFDNT4avjNHBQmV4AaABAg,i9dKbKMmObY,bhaie aap ka vlong banata he use bie dikho,0,2026-08-08T10:27:52Z,candidate
UgzP-63m2VNJSoKIqe54AaABAg,i9dKbKMmObY,Jay mataji 🙏,1,2026-08-08T10:27:24Z,candidate
UgxSnnRwt3RAK3fcypl4AaABAg,i9dKbKMmObY,❤❤❤❤❤❤,1,2026-08-08T10:25:35Z,candidate
UgxyDaNGfvkjrsQMPDx4AaABAg,i9dKbKMmObY,🎉🎉🎉🎉❤❤❤❤ Gop ni moj 😊😊😊😊,2,2026-08-08T10:25:22Z,candidate
Ugwj6iHwUBjCFUM-5Rh4AaABAg,i9dKbKMmObY,हमारे यह दीमक का प्रॉब्लम वोटिंग करके आया है😅,0,2026-08-08T10:23:41Z,candidate
Ugx6tXqPN7dIpzzlFMN4AaABAg,i9dKbKMmObY,"🙏 जय माता दी 🙏🚩 
🙏 जय श्री कृष्णा 🙏 
🙏बापा सीताराम 🙏👍❤️ से",2,2026-08-08T09:51:37Z,candidate
UgwC-2neDVycsHanZn14AaABAg,i9dKbKMmObY,😂😂😂😂😂😂😂😂😂😂😂😂😂😂😂😂😂😂😂😂😂😂😂😂😂😂😂,0,2026-08-08T09:38:59Z,candidate
UgxSt7gE24Aw298ruqh4AaABAg,i9dKbKMmObY,R k liye deep mind chaiye,0,2026-08-08T09:33:49Z,candidate
UgyYB0dYfHlijAjuMcV4AaABAg,i9dKbKMmObY,Jay mataji,1,2026-08-08T09:33:16Z,candidate
Ugwq5j-rxFzcdsQGrnB4AaABAg,i9dKbKMmObY,Jay mataji khajur bhai,1,2026-08-08T09:33:04Z,candidate
UgwVvOEcmbU8eTgkswR4AaABAg,i9dKbKMmObY,Kal video nahi dala,0,2026-08-08T09:31:55Z,candidate
UgysbIZvpTGLLQ-ZJ3V4AaABAg,i9dKbKMmObY,"Ek pan vlog ma answer nai aavto 6odo
Aapde chalu rakhisu

Jay mataji 
Jay shree Krishna",0,2026-08-08T09:28:50Z,candidate
UgytF10ZrypbY_0SqRZ4AaABAg,i9dKbKMmObY,Jay mataji,1,2026-08-08T09:25:20Z,candidate
UgwEqpQt2jeWqtVEjHZ4AaABAg,i9dKbKMmObY,❤,1,2026-08-08T09:25:08Z,candidate
Ugws0QmIEB2TpKKOL5N4AaABAg,i9dKbKMmObY,Subscribe 🙏,1,2026-08-08T09:24:50Z,candidate
UgxQMjS2rlyJiKLtGVV4AaABAg,i9dKbKMmObY,🙏🙏🙏🙏🙏,0,2026-08-08T09:24:30Z,candidate
UgyfFX1bjFSaR82XF3B4AaABAg,uESIIuVVnLU,Ben bhajiya ni recipe aapo,0,2026-08-03T17:13:46Z,candidate
UgzxJgYv8tWNnULzn4J4AaABAg,uESIIuVVnLU,Beg for sale by owner in Texas craigslist cars and trucks for sale by owner in Texas craigslist cars and trucks for sale by,0,2026-07-09T12:20:29Z,candidate
UgyVvYCJ-HFy83QbyIt4AaABAg,uESIIuVVnLU,Hi Nithya master😊 pahla comment kar dena,1,2026-07-01T05:24:09Z,candidate
Ugyy8iLbIH2lewzconJ4AaABAg,uESIIuVVnLU,❤ saru banayu 👌,0,2026-01-19T12:13:26Z,candidate
UgwrOBo7JXa7yMTi6KB4AaABAg,uESIIuVVnLU,Hii,0,2026-01-06T17:45:41Z,candidate
UgyfMAlIl8ZR9EfGstd4AaABAg,uESIIuVVnLU,👌👌👌👌,0,2025-12-07T18:24:11Z,candidate
Ugx3MpXe9bFsvMPZbzF4AaABAg,uESIIuVVnLU,Thanks for 140 Subscribers 🎉,0,2025-11-29T11:10:49Z,candidate
UgzSKqPRj5woHCf5Y894AaABAg,uESIIuVVnLU,Darssvidio❤❤,1,2025-11-27T14:20:36Z,candidate
Ugwf7YP32pezb_QYpP94AaABAg,uESIIuVVnLU,❤,0,2025-11-18T12:35:30Z,candidate
UgxpjQT7bB4pkzxAkzp4AaABAg,uESIIuVVnLU,👌🏼👌🏼👌🏼👌🏼👌🏼👌🏼👌🏼👌🏼👌🏼👌🏼👌🏼👌🏼👌🏼👌🏼👌🏼👌🏼👌🏼👌🏼👌🏼👌🏼👌🏼👌🏼👌🏼👌🏼👌🏼👌🏼👌🏼👌🏼👌🏼,0,2025-11-01T19:42:14Z,candidate
UgxE51F-y8A6FqEIzlt4AaABAg,uESIIuVVnLU,❤❤,0,2025-11-01T08:45:46Z,candidate
Ugy4e5SM8fLYMV4cghd4AaABAg,uESIIuVVnLU,Cute ditya,0,2025-10-26T11:59:14Z,candidate
UgwnejsNrRQKdqrbHS14AaABAg,uESIIuVVnLU,Tamaru piyar kaya gam,1,2025-09-11T08:44:10Z,candidate
Ugwpnlf_i5JhokctfLZ4AaABAg,uESIIuVVnLU,❤❤❤🎉🎉🎉😂😂😂😢😢😢😮😮😮😅😅😅😊😊😊,0,2025-09-07T08:54:33Z,candidate
UgwXYIGGneC63bgQztF4AaABAg,uESIIuVVnLU,Ditya. Hu  kare,0,2025-09-07T08:51:33Z,candidate
UgwqAtpAME4kyktffnl4AaABAg,uESIIuVVnLU,1k subc complete 💯✅ TQ you tube family,1,2025-08-12T03:53:57Z,candidate
UgwO1aHVhe94SMlt01t4AaABAg,uESIIuVVnLU,Very nice video 👌👌 jay mataji 🙏🙏🙏 🙏,2,2025-07-24T17:22:34Z,candidate
UgxA-n9ktSv_xINgzQx4AaABAg,uESIIuVVnLU,👌🏻,1,2025-07-15T17:53:31Z,candidate
Ugxs5UICuZx4t4X0lVl4AaABAg,uESIIuVVnLU,Bhjiya ni recepy share krjo ne😊,0,2025-07-08T14:25:04Z,candidate
Ugy_KFx1KzL4z-rvjTJ4AaABAg,uESIIuVVnLU,Wah.ben.,1,2025-07-02T11:13:10Z,candidate
Ugzii2bAY92QZ6iUWiN4AaABAg,uESIIuVVnLU,❤❤❤❤❤❤❤😢😢😢😢😢😮😮😮😮😮😅😅😅😅😅😊😊😊🎉🎉🎉🎉,0,2025-07-01T10:08:26Z,candidate
Ugy2M_rzQMpWDuFPYFR4AaABAg,uESIIuVVnLU,Aamare aavu tamare ghre,0,2025-06-29T06:27:20Z,candidate
Ugz23KSP8cr4qa7cbLF4AaABAg,uESIIuVVnLU,Tame kya gamna chhe,0,2025-06-29T06:26:11Z,candidate
UgyTViXJpa9oViF3Ao94AaABAg,uESIIuVVnLU,Tamaro vlog khub saro hoy che,1,2025-05-29T17:09:15Z,candidate
UgzUQuBB6PmCackGdiJ4AaABAg,uESIIuVVnLU,Divyia😊😊😊😊,2,2025-05-29T15:22:56Z,candidate
UgyMgofGPyDyQmSVWs94AaABAg,uESIIuVVnLU,Tamare bhai k bahen nathi,0,2025-05-18T11:34:38Z,candidate
UgwZCVMOo33IYn9Xc5J4AaABAg,uESIIuVVnLU,Very nice di🎉🎉,0,2025-05-14T13:57:46Z,candidate
Ugx_h8OP3bbJgi73tjZ4AaABAg,uESIIuVVnLU,🤗🤗🤗🤗🤗,0,2025-05-13T13:15:17Z,candidate
UgyCqXloapvzaEQ3s2t4AaABAg,uESIIuVVnLU,Superb Family 👍,0,2025-04-09T07:52:26Z,candidate
UgzZN_Ijl9h71H0u1gh4AaABAg,uESIIuVVnLU,Tmara dal bhat ni dal ni recipe apo ne,0,2025-04-06T12:01:11Z,candidate
UgwEZmzAFJ9gLdt48mt4AaABAg,uESIIuVVnLU,Tamar sasu sache ma sara chhe te vasn gasva betha k video banava mate?,0,2025-04-03T14:55:59Z,candidate
UgxTeMyFXXG9lql6Z9J4AaABAg,uESIIuVVnLU,Kati che tame ki gham,1,2025-03-30T17:38:06Z,candidate
UgyezaUnLiiHz-IfClB4AaABAg,uESIIuVVnLU,❤❤❤❤❤❤❤❤❤❤❤❤❤❤❤,2,2025-03-04T13:08:08Z,candidate
UgzxdlBHNlA1_kdTFtV4AaABAg,uESIIuVVnLU,Jay Shree Krishna,0,2025-03-04T10:15:06Z,candidate
Ugx1KHrqkXeDWBuPA394AaABAg,uESIIuVVnLU,❤❤❤,1,2025-02-16T10:12:45Z,candidate
UgzJzQ5kDf6mOvw-0w54AaABAg,uESIIuVVnLU,Badi jalpa,1,2025-01-20T03:24:50Z,candidate
Ugzn8kCIh51NTU480nV4AaABAg,uESIIuVVnLU,Nkl kri 6 aato,0,2025-01-18T17:47:04Z,candidate
UgylRQChWM9Q2Cdlw5t4AaABAg,uESIIuVVnLU,😊😊😊😊😊,1,2024-12-26T16:53:55Z,candidate
Ugx4_v0XgyVoXBDar1R4AaABAg,uESIIuVVnLU,❤❤❤❤😊🎉,2,2024-12-26T16:53:16Z,candidate
UgzHaRb4FFSrh-_622B4AaABAg,uESIIuVVnLU,Tmara sasu bdhu j kaam krave tmne ... Bou saru kewai,0,2024-12-26T02:28:05Z,candidate
UgyXZee4lTvQJKtcAWx4AaABAg,uESIIuVVnLU,Nice,1,2024-12-25T16:17:31Z,candidate
UgzRVspT6G6J-lztbWl4AaABAg,uESIIuVVnLU,😊,1,2024-12-25T14:46:18Z,candidate
UgzbHlBiAlwj-KM_hDp4AaABAg,uESIIuVVnLU,❤❤❤❤,1,2024-12-23T15:52:49Z,candidate
UgzEUu_kspogeV5NszR4AaABAg,uESIIuVVnLU,Tmara sasu to sara kevay tmne rasoy ma madad krave,1,2024-12-23T08:17:27Z,candidate
UgyjRef4gELWMf7lyRp4AaABAg,uESIIuVVnLU,Khub sars tari jevi vahu maleto bahu sars kahevay.,2,2024-12-12T20:46:06Z,candidate
UgxzkF-NecN8SKp1lZ54AaABAg,uESIIuVVnLU,Tame khavanu bavj sharu banavo cho❤❤,1,2024-12-01T05:38:46Z,candidate
UgztJKW_HfRWLoULTo94AaABAg,uESIIuVVnLU,saras Ben bhajiyani recipe apajone please,2,2024-11-28T05:58:34Z,candidate
UgySjWTGMDETDxQV2_Z4AaABAg,uESIIuVVnLU,Jay mataji bov mast video bnavo chho 🥰,1,2024-11-17T09:04:53Z,candidate
UgwXnSRIv3FGqVXn0bh4AaABAg,uESIIuVVnLU,"Happy,family🚩",0,2024-11-12T11:28:32Z,candidate
UgwNpmw6_7kmEH34oZF4AaABAg,uESIIuVVnLU,"🎉🎉🎉,🙌🙌🙌🙏🌿🌺🎈🎈🪔🚩🍀🎉☘️💁🎊",0,2024-11-12T11:28:16Z,candidate
UgwXCMgaXkZDu7Gho7d4AaABAg,uESIIuVVnLU,🚩🚩🚩🙏🙏🙏😌😌😌,1,2024-11-09T01:09:25Z,candidate
Ugyec9QjU6m9bcgSp_p4AaABAg,uESIIuVVnLU,😂😂😂😂😂😂😂😂😂,1,2024-11-08T09:39:53Z,candidate
UgwcC7KkhnuNd-J_KR14AaABAg,uESIIuVVnLU,Kya Na chho tame jalpa ben,1,2024-11-06T12:17:42Z,candidate
UgxG0nfTUWSHggNjYlh4AaABAg,uESIIuVVnLU,Good.mara.dhikri,0,2024-11-02T12:47:46Z,candidate
UgwoCrco0a7k-1dCJSl4AaABAg,uESIIuVVnLU,Nice,1,2024-10-28T15:15:49Z,candidate
UgwI-NaLgWWLEaSLVtJ4AaABAg,uESIIuVVnLU,Tamra sasra nathi didi😢,1,2024-10-27T16:05:08Z,candidate
UgzdmVwdmLCORS10RQR4AaABAg,uESIIuVVnLU,No saru,1,2024-10-27T15:41:13Z,candidate
UgyA2fDi5pYrTK2AEwN4AaABAg,uESIIuVVnLU,🥰🥰🥰🥰🥰🥰🥰🥰🥰🥰🥰🥰🥰🥰🦜🥳🎉💞,0,2024-10-23T12:15:13Z,candidate
UgwYifB_8eUN6IZYJL54AaABAg,uESIIuVVnLU,Jay surapura dada Jay mataji,21,2024-10-20T07:59:24Z,candidate
UgyLwu5gjEQJbDRo-8Z4AaABAg,uESIIuVVnLU,Ben Bei jagyae ghare jamvanu banavyu ej moti vaat chhe,1,2024-10-20T00:54:51Z,candidate
Ugxan9yKWRfuXDi_ylp4AaABAg,uESIIuVVnLU,Khub saras,3,2024-10-19T09:54:25Z,candidate
UgwDJrjl8SXLevgNcAZ4AaABAg,uESIIuVVnLU,Vaah Ben ❤❤❤❤❤ Mari channel pan subscribe kari dejo 😊😊😊😊😊,0,2024-10-09T15:00:49Z,candidate
UgwO_MUWeY5rnMEuTKd4AaABAg,uESIIuVVnLU,Jay jay jay Dwarkadhish ben🙏🙏🙏🙏,2,2024-09-29T10:15:24Z,candidate
UgzB0e5Iu-yVYFXljph4AaABAg,uESIIuVVnLU,❤❤❤,2,2024-09-24T07:20:21Z,candidate
UgxARytwW0UAOh2y6xx4AaABAg,uESIIuVVnLU,Great think. Lovely family,4,2024-09-22T07:07:03Z,candidate
UgzwNAv6ScSZX_uyIcB4AaABAg,uESIIuVVnLU,💯 complete,2,2024-09-20T16:49:53Z,candidate
Ugw-GwXUs00ZMxTPt-F4AaABAg,uESIIuVVnLU,Mari Susu ne  sasra  gharwaro ewo se,1,2024-09-20T09:44:08Z,candidate
Ugwn9wBGHzGuQDiyiUJ4AaABAg,uESIIuVVnLU,👌👌,2,2024-09-20T08:16:49Z,candidate
UgzByyHGchq5sQEVYD14AaABAg,uESIIuVVnLU,🎉,1,2024-09-19T16:52:12Z,candidate
Ugx1jhVq7cQa4CsDHW54AaABAg,uESIIuVVnLU,Joppsas,0,2024-09-19T16:18:15Z,candidate
UgzZy6_czdrNWpBcGdx4AaABAg,uESIIuVVnLU,Tame Kaha raho chho,0,2024-09-19T16:05:35Z,candidate
UgygYiKnzY4VjFrYp194AaABAg,uESIIuVVnLU,Tamaru piyar kya chhe??,1,2024-09-18T09:27:11Z,candidate
Ugy23zSrt1RTvcznCtJ4AaABAg,uESIIuVVnLU,Bhajiya ni recipi mate video banavo ne,1,2024-09-18T07:12:05Z,candidate
UgzO-Hlt7XHA8kcKs_B4AaABAg,uESIIuVVnLU,Jay dwarikadhish jalpaben,1,2024-09-17T20:41:50Z,candidate
UgxUo6HUlEC-MZMqwul4AaABAg,uESIIuVVnLU,Tamara Sasu bi Sara che tamne ketli help karave che,1,2024-09-17T17:01:59Z,candidate
UgwMit737PB1DGAFFv14AaABAg,uESIIuVVnLU,Saras vidio ❤,4,2024-09-17T14:27:49Z,candidate
Ugx8IekD8ThigfS86cB4AaABAg,uESIIuVVnLU,Tamari bhajiya ni recipe apajo,1,2024-09-17T02:15:45Z,candidate
Ugxk1eooN-nJrIRr5oV4AaABAg,uESIIuVVnLU,Nice video ❤,1,2024-09-16T14:18:45Z,candidate
UgzkUZLSxfqRJYS-SBF4AaABAg,uESIIuVVnLU,Tamara Sasu bv Sara che tame hamesa aam j ro,1,2024-09-16T13:17:46Z,candidate
UgzGwONyO7LLSnZoAp54AaABAg,uESIIuVVnLU,Gota ni recipe share kro ben,1,2024-09-16T11:55:03Z,candidate
UgyV5oN7d532TPbLY9F4AaABAg,uESIIuVVnLU,❤❤❤❤❤❤❤❤❤❤❤🎉🎉🎉🎉🎉,1,2024-09-16T11:29:40Z,candidate
UgyPnsf7xIVQif-Y2xV4AaABAg,uESIIuVVnLU,😊,1,2024-09-16T09:47:09Z,candidate
UgyFeGnZ52TOsVXnTel4AaABAg,uESIIuVVnLU,Bs piyar no aato puro thai gyo 😊,1,2024-09-16T09:34:45Z,candidate
Ugw8bs1-wAMjnrp4fpp4AaABAg,uESIIuVVnLU,Jay Dwarkadhish 🙏🏻 Jay mogal 🙏🏻❤️,5,2024-09-16T09:17:19Z,candidate
UgwVkQtP3-duwzhzgQt4AaABAg,uESIIuVVnLU,Naresh Bhai ni entry padi ho,1,2024-09-16T08:20:16Z,candidate
UgxUhGqIml07vDkp4jB4AaABAg,uESIIuVVnLU,Ek se badhkar ek video 👌👏😍❤️👌,5,2024-09-16T07:53:36Z,candidate
UgyLUNxTs8AabzhEVVt4AaABAg,uESIIuVVnLU,"🎉, 😂",2,2024-09-16T07:46:20Z,candidate
UgwyMy6S_k4lthV4Zy54AaABAg,uESIIuVVnLU,❤❤,1,2024-09-16T07:40:47Z,candidate
UgyTL2PSzQKxr4-UK6F4AaABAg,uESIIuVVnLU,Home and go back home😅,1,2024-09-16T06:53:07Z,candidate
UgxyQ5749wwScpFNLit4AaABAg,uESIIuVVnLU,Tmara shorts vlogs jova baujj game se ❤️,1,2024-09-16T06:23:09Z,candidate
UgzABjE7WTJQ_SSmg0h4AaABAg,uESIIuVVnLU,Nice 👌 👌 👌,1,2024-09-16T06:03:12Z,candidate
UgzeD8Qjv_44rG45lwp4AaABAg,uESIIuVVnLU,Very nice video didi,9,2024-09-16T05:06:00Z,candidate
UgyJqSqhvBdDzLwmzH54AaABAg,uESIIuVVnLU,Nice   family ❤,1,2024-09-16T04:58:47Z,candidate
UgwRPgt042ptQOCDuhV4AaABAg,uESIIuVVnLU,Tmaru sasaru bov j saru 6e k tmara sasu tmara piyar aave to pan kam ma help kre,1,2024-09-16T04:53:55Z,candidate
UgwF4ikim1wY66r54Dh4AaABAg,uESIIuVVnLU,Jay Mataji 🙏🏻 khub srs 🤗❤,12,2024-09-16T04:50:31Z,candidate
UgxVLFzinDfErZ3iTax4AaABAg,uESIIuVVnLU,👌🏻👌🏻,1,2024-09-16T04:41:50Z,candidate
UgybJCSLoT2cwfVnl1t4AaABAg,uESIIuVVnLU,Tata bobla bov mota chhe,1,2024-09-16T04:41:23Z,candidate
UgyxFRDgZW_1pEfyrNB4AaABAg,uESIIuVVnLU,Tara babla Bob mota chhe,1,2024-09-16T04:41:05Z,candidate
UgzEJF1o2e7TBjlUkwN4AaABAg,vRpiMyWGWNw,1😊😊😊😊😊😊😊😊😊😊,0,2026-07-12T06:22:37Z,candidate
UgxkcsEApj89zPxJQ9x4AaABAg,vRpiMyWGWNw,❤❤❤😊😊😊,1,2026-07-06T12:13:46Z,candidate
UgxirYMrdU9phd92QXh4AaABAg,vRpiMyWGWNw,❤❤❤❤❤❤❤❤,0,2026-05-20T03:17:21Z,candidate
Ugwb7xQ5DlaiPEWBLZ14AaABAg,vRpiMyWGWNw,Mare Masih,0,2026-05-19T17:19:43Z,candidate
Ugx2YWYjrs9qL5VKQFd4AaABAg,vRpiMyWGWNw,❤❤❤❤❤❤❤❤❤❤❤❤,1,2025-10-07T01:26:19Z,candidate
Ugx6kCOqjR0bDpO7FpF4AaABAg,vRpiMyWGWNw,",   yygjyyhyu75urirururitititititititriririr8r8eus",0,2025-10-04T12:13:39Z,candidate
UgycgJx_8PWgYPlDkoV4AaABAg,vRpiMyWGWNw,❤❤❤,1,2025-09-30T10:36:31Z,candidate
Ugzwjj7u4c5RIWKkSMR4AaABAg,vRpiMyWGWNw,Nahin,1,2025-09-30T06:17:58Z,candidate
UgyMPNk7c22nSFk-w8l4AaABAg,vRpiMyWGWNw,Hii 🙂😘🥰,0,2025-09-23T16:20:01Z,candidate
UgyErisfxii6Id97dRt4AaABAg,vRpiMyWGWNw,"Yukti ahir sgi mama ni chokri che 
Amari jode study krti",0,2025-09-23T05:05:10Z,candidate
UgwU8GOHJd1Fb3N-Ohp4AaABAg,vRpiMyWGWNw,Like subscribe kariye chiye pn tme replay nathi aapta comment no,0,2025-09-22T08:09:42Z,candidate
Ugyl6vDWl2WjA6eRfpx4AaABAg,vRpiMyWGWNw,❤❤❤❤❤❤❤❤😊😊😊😊😊😊,0,2025-09-16T10:33:23Z,candidate
UgxN3lexJNURhjlnCyp4AaABAg,vRpiMyWGWNw,Junagadh avya to dhoraji avo 😊,1,2025-09-15T09:31:30Z,candidate
Ugy0VJdRIuIwpssXDvx4AaABAg,vRpiMyWGWNw,Tamari sis tamari jevij lage❤,2,2025-09-11T10:55:45Z,candidate
Ugw8A63lyr0jEm699XV4AaABAg,vRpiMyWGWNw,Aa keshod ch ne,1,2025-09-10T08:38:30Z,candidate
UgwdgvT1Y7OnWNmFsDl4AaABAg,vRpiMyWGWNw,Didi tme kya ro 6o,1,2025-09-02T14:08:19Z,candidate
UgzplxRH56fqIKuQgWZ4AaABAg,vRpiMyWGWNw,A iam.  City. Keshod. A iam. Arya. Bhatt,1,2025-07-05T16:40:39Z,candidate
UgyVvp3nasUTah3wqf14AaABAg,vRpiMyWGWNw,Ram ram,1,2025-07-01T18:19:52Z,candidate
Ugw1FO7KPbQCDy-wjcx4AaABAg,vRpiMyWGWNw,Nice video 📷📷📷🎉🎉🎉,6,2025-05-30T09:30:10Z,candidate
UgyxLw8qa9ooO5KI-8N4AaABAg,vRpiMyWGWNw,❤❤,1,2025-05-24T09:27:05Z,candidate
UgxNgGaoI5sLZ-Tpt5B4AaABAg,vRpiMyWGWNw,Jsk,0,2025-05-19T13:45:51Z,candidate
Ugydjo24w5Q7CodYgZR4AaABAg,vRpiMyWGWNw,Mast khava piva ni sokhin che,0,2025-05-10T10:17:34Z,candidate
UgxcDJ4zQcflp-fx5Pd4AaABAg,vRpiMyWGWNw,Kya Man Se Pushpa tu Java geet Pushpa 2 Main to kuchh mast hai bhai tumhen Yamaha Pappu Naam Se Maine tumhen junagarh ❤❤❤❤❤😊😊😊,0,2025-05-01T15:15:39Z,candidate
Ugz2trQamxeKbH1cZtd4AaABAg,vRpiMyWGWNw,Very nice video and you are looking cute🙌,3,2025-04-25T14:33:57Z,candidate
UgxuSZgFWILrVpC_qod4AaABAg,vRpiMyWGWNw,Tmara gam nu nam shu 6e,2,2025-04-22T16:43:23Z,candidate
UgylqK4ZFsjZdqx7ukh4AaABAg,vRpiMyWGWNw,"Keshod nu bastesan che aa 
Amaru keshod hoo",0,2025-04-20T18:40:43Z,candidate
UgzjcaH3WIFC8l4_O-F4AaABAg,vRpiMyWGWNw,❤❤❤❤🎉🎉🎉🎉,0,2025-04-20T15:01:29Z,candidate
Ugz8kydmTb-i-hd9eHN4AaABAg,vRpiMyWGWNw,Naresh Paisa valo che,0,2025-04-20T11:48:41Z,candidate
Ugx5vL8mYnq-fiT9boN4AaABAg,vRpiMyWGWNw,Akho divash khayaj kare Ganda loko,0,2025-04-20T03:48:44Z,candidate
UgyhZGBP77OfpTxCpqF4AaABAg,vRpiMyWGWNw,Tamara mama ni gam kyu se,2,2025-04-17T16:30:03Z,candidate
UgwpacpalxgrtDUITfB4AaABAg,vRpiMyWGWNw,Pushpa 2 joyu❤,3,2025-03-11T15:22:14Z,candidate
UgxvWlghj_lCrQBlGTB4AaABAg,vRpiMyWGWNw,Movie Kay jova gya ta jay dwarkadhish  jay mogal ma,0,2025-03-05T02:55:10Z,candidate
Ugyd6Pc_v8RA4xvyHCp4AaABAg,vRpiMyWGWNw,Very good vlog video,1,2025-02-19T13:25:02Z,candidate
UgzRqOfE_0YHmvmH4aV4AaABAg,vRpiMyWGWNw,Tame kya raho chho,2,2025-02-06T18:29:31Z,candidate
UgybZEq8SyuUjnG7Jwt4AaABAg,vRpiMyWGWNw,Nice,1,2025-02-01T08:27:13Z,candidate
UgwD5aVHEUb_scy1IEx4AaABAg,vRpiMyWGWNw,Tame lago must  pan bhajiya bauj banavo nai,0,2025-01-26T16:12:33Z,candidate
UgwFLZ_JkS0JNxmQ-Vt4AaABAg,vRpiMyWGWNw,Ame pan junagadh ma j rahiye chhiye hu tamar badha videos jov chhu bov mast hoi chhe,2,2025-01-25T13:31:24Z,candidate
UgyVWIbAdV-qCtHKr9d4AaABAg,vRpiMyWGWNw,Pp,1,2025-01-20T12:27:22Z,candidate
UgxA1iJlfh6gJn4B97Z4AaABAg,vRpiMyWGWNw,Nice kurti ❤❤,0,2025-01-09T11:05:22Z,candidate
UgysZU2Mk0OpB_0oK-p4AaABAg,vRpiMyWGWNw,Nice didi panipuri ni  to maja alag j aave❤❤❤❤,0,2025-01-07T10:26:58Z,candidate
UgyI6RNpfHfVvzHfsuF4AaABAg,vRpiMyWGWNw,Aato yukti 6e tame kesod na 6,1,2025-01-04T18:31:47Z,candidate
Ugw2PPsxfXTft1YDtWJ4AaABAg,vRpiMyWGWNw,Didi tame 💜aaut feet ma saras lago cho best 🤗🤗,1,2025-01-04T05:41:13Z,candidate
UgyMYT8dAPP23RXHMQl4AaABAg,vRpiMyWGWNw,Aa to amaru keshod che ❤ didi,1,2024-12-30T17:18:03Z,candidate
UgzzVag7a-2-U3-ILD94AaABAg,vRpiMyWGWNw,❤❤❤❤❤😊😊😊,0,2024-12-30T15:23:05Z,candidate
UgxKuMNnx0DRL0hnDq94AaABAg,vRpiMyWGWNw,Gandhari,0,2024-12-29T18:21:57Z,candidate
UgwRVgASIXYqU8ukSCV4AaABAg,vRpiMyWGWNw,Mama nu ghar gondal ma che ke su 😅,0,2024-12-29T10:24:55Z,candidate
Ugzv90O8qwFrcjJjNl14AaABAg,vRpiMyWGWNw,Hi ❤❤,0,2024-12-29T06:58:06Z,candidate
UgzVAD9jOfWerLD5zHN4AaABAg,vRpiMyWGWNw,❤ jay shree krishna ❤,2,2024-12-28T18:53:39Z,candidate
UgybG2zRHCSs8IwsrsB4AaABAg,vRpiMyWGWNw,Junagadh maste 6e,1,2024-12-28T16:25:15Z,candidate
Ugx3sXzNarFNZ06gKWp4AaABAg,vRpiMyWGWNw,"Hu junadhna pasnu gam deshinga ma  rhu chu, tame please deshinga ma avjo",0,2024-12-28T14:02:17Z,candidate
UgzX7Qf7lMB39dxvdh94AaABAg,vRpiMyWGWNw,"Jay dwarkadhish sis 
Jay mogal ma sis",22,2024-12-27T13:06:54Z,candidate
UgydnbrJGW73BG2YdrZ4AaABAg,vRpiMyWGWNw,Tame dréss bahuj saras pahryo che,5,2024-12-27T09:55:24Z,candidate
UgywDJvi6uR725anR-V4AaABAg,vRpiMyWGWNw,wah moj 🥙🥙🥂🎉👍👍👍,3,2024-12-26T16:06:59Z,candidate
UgxIqBWwNUetlPj4w6p4AaABAg,vRpiMyWGWNw,Nice movie ☺️,3,2024-12-26T15:31:53Z,candidate
Ugxi4KzT_69w790Kc614AaABAg,vRpiMyWGWNw,Dance no long video moklo,2,2024-12-26T15:21:18Z,candidate
UgxnN9CL5SvRfbw2RLB4AaABAg,vRpiMyWGWNw,❤❤,0,2024-12-26T11:11:06Z,candidate
UgwGi44RlJl8blK1wKB4AaABAg,vRpiMyWGWNw,Puspa jhooth ne badha😢 puspa 😅thai gaya,1,2024-12-26T10:07:03Z,candidate
UgwEDfCmgTYVVMrpBet4AaABAg,vRpiMyWGWNw,Kyu gam tamaru,1,2024-12-26T09:49:23Z,candidate
Ugx6kqkQHek1msZAUzt4AaABAg,vRpiMyWGWNw,Tme junagadh aavya ta,3,2024-12-26T09:20:46Z,candidate
UgwfIKTfu37gybK7Jn14AaABAg,vRpiMyWGWNw,Didi bau j mast lagi cho❤ 🎀💜,7,2024-12-26T08:42:08Z,candidate
Ugx17zaOR9jPPKhU95F4AaABAg,vRpiMyWGWNw,❤❤❤❤❤❤❤❤❤❤❤,1,2024-12-26T08:40:25Z,candidate
UgyUF_7rEWfBVaPgGHt4AaABAg,vRpiMyWGWNw,❤❤❤❤❤,0,2024-12-26T07:59:36Z,candidate
UgzaXPCJHOMF3_PaJH94AaABAg,vRpiMyWGWNw,Ben junagadh aavya to rajkot aavay ne Amara ghare aomey tame to Amara padosi thav Toto aavayaj ne 😢😢,3,2024-12-26T07:27:12Z,candidate
UgwWm6ZaD__si5WKjMJ4AaABAg,vRpiMyWGWNw,Ame n keshod ma raiye chiye ben ghare avo,0,2024-12-26T05:41:16Z,candidate
UgzD4he-3LsHNFEOyYp4AaABAg,vRpiMyWGWNw,Tame kya raho 6o,0,2024-12-26T05:32:47Z,candidate
UgxEwVJimgQmVZb5rFJ4AaABAg,vRpiMyWGWNw,Watch peri a ketla ni link aapo do ketla day thi puchu,0,2024-12-26T04:46:30Z,candidate
UgwD6np9qwP50MsKSdZ4AaABAg,vRpiMyWGWNw,❤,1,2024-12-26T04:40:41Z,candidate
UgwC6jLMKTbeh7YkE_54AaABAg,fSqBshtDXF0,❤❤😂🎉,0,2026-07-13T09:45:43Z,candidate
UgxWZNWY7OiB9uM8zNV4AaABAg,fSqBshtDXF0,https://youtu.be/6mUdzSitUrs?si=Y_NIrxOMytytRyev,0,2026-06-24T04:00:27Z,candidate
UgwHv5Ah1lBLnBo6Ex94AaABAg,fSqBshtDXF0,Please spot 😢,0,2026-02-07T13:48:39Z,candidate
UgxUGe4PE4MZQhpbJO94AaABAg,fSqBshtDXF0,"કોણ કોણ 19:34 વેઠ
https://youtu.be/Pf7xWf6VPjM?si=C6jI3TRK39pjF53U",0,2025-12-08T01:23:39Z,candidate
Ugw759tFSR6W7PWQ2BN4AaABAg,fSqBshtDXF0,😅😅😅,0,2025-10-23T03:07:23Z,candidate
UgwU2hng3qvH39IW54d4AaABAg,fSqBshtDXF0,❤,0,2025-07-01T18:50:03Z,candidate
UgzxnXtCx1OcFObOE8Z4AaABAg,fSqBshtDXF0,Good ❤,1,2025-06-26T08:31:29Z,candidate
Ugz_CrCHIpqTq21I0hR4AaABAg,fSqBshtDXF0,❤❤,0,2025-06-13T04:09:15Z,candidate
UgyxVHy27EUiIi-05DB4AaABAg,fSqBshtDXF0,❤❤❤❤❤❤❤mind vlog,0,2025-02-16T07:00:29Z,candidate
Ugzq0nht0SKOcffYMMV4AaABAg,fSqBshtDXF0,Mast bhai,0,2025-02-15T17:31:24Z,candidate
UgyDbbsRlN2tlv0cF9B4AaABAg,fSqBshtDXF0,Super vlog❤,0,2025-02-09T16:50:55Z,candidate
UgxBSMEZ38Z_ADjHDRN4AaABAg,fSqBshtDXF0,❤❤❤😊,0,2025-02-04T09:54:19Z,candidate
UgxZ_obXl16fHpwcH4l4AaABAg,fSqBshtDXF0,"Bahut shaandar bhai ka work 🎉🎉🎉
Jara hamako bhee saport karlo bhai please 🙏🙏🙏 thanks bhai",0,2025-02-01T08:52:46Z,candidate
UgyzejE9EkCKz_yeboV4AaABAg,fSqBshtDXF0,Editing is bovj fine che,0,2025-01-12T10:10:57Z,candidate
UgwV1al2246Y15CISzd4AaABAg,fSqBshtDXF0,કેવી રીતે banaviyu,0,2025-01-11T05:36:40Z,candidate
UgzYRzWgacXmUIuIfd94AaABAg,fSqBshtDXF0,Super vlog 🎉,0,2024-11-26T07:23:23Z,candidate
Ugy3_jExxHgU82u657h4AaABAg,fSqBshtDXF0,Bhai editing jordar che starting ma😮,0,2024-11-26T02:54:23Z,candidate
UgwLwWw4RMWx5Nce6aV4AaABAg,fSqBshtDXF0,O Bhai Hindi my vlog bnaya kr,0,2024-11-06T11:36:41Z,candidate
Ugy88vEl22fHRfpAXc54AaABAg,fSqBshtDXF0,Nice,0,2024-10-28T02:45:22Z,candidate
UgyJfGXukbc8sxbfrYJ4AaABAg,fSqBshtDXF0,Niche editing bro 😊,0,2024-09-22T10:37:01Z,candidate
UgzCnMSl3H2tVnY4K7t4AaABAg,fSqBshtDXF0,Aa editing kem karay aena par video lavo ne goli bhai😊,1,2024-09-16T15:39:23Z,candidate
UgzPPurS09b9X_KaEMF4AaABAg,fSqBshtDXF0,Aa editing kem karay aena par video lavo ne goli bhai😊,1,2024-09-16T15:39:23Z,candidate
UgwkC6l27DuCjTBAweZ4AaABAg,fSqBshtDXF0,Aa editing kem karay aena par video lavo ne goli bhai😊,1,2024-09-16T15:39:24Z,candidate
UgzkBffaAKGULqmlHH14AaABAg,fSqBshtDXF0,કય app ma editing kro bhai ? Thambel kay app ma banavo ?,0,2024-09-07T03:41:10Z,candidate
UgyMDWqjGvdM1Gz1RBR4AaABAg,fSqBshtDXF0,Nice 1:27,0,2024-08-20T05:38:02Z,candidate
Ugzc39muTxIWuEn3t7l4AaABAg,fSqBshtDXF0,Nice bhai ❤,0,2024-06-27T17:30:48Z,candidate
Ugz95ALwH2e_Ek2kpHZ4AaABAg,fSqBshtDXF0,Bhai editing mast se ❤❤❤,0,2024-06-26T03:17:07Z,candidate
UgxyeUET-YMs5yPqGq94AaABAg,fSqBshtDXF0,Khub saras bhai 👌👌,0,2024-04-22T09:37:11Z,candidate
UgzO2c8hYWffRoEoK1Z4AaABAg,fSqBshtDXF0,Fool sapot,0,2024-04-20T17:05:49Z,candidate
Ugy_ZxOhwm6paZgZZwV4AaABAg,fSqBshtDXF0,Ha,0,2024-04-08T05:27:52Z,candidate
Ugwb5ksneZGbieN85nB4AaABAg,fSqBshtDXF0,Oho 😮,0,2024-04-04T05:38:31Z,candidate
Ugy7Mmlzektdn8tGcHR4AaABAg,fSqBshtDXF0,🎉😮,0,2024-03-15T14:31:41Z,candidate
Ugw-TsH2nWfq65Q4Yed4AaABAg,fSqBshtDXF0,I suport u vai jaan,0,2024-03-14T13:20:54Z,candidate
UgxBnVSc2CVOcHslGjl4AaABAg,fSqBshtDXF0,'Promo sm' 😕,0,2024-03-06T17:45:30Z,candidate
UgwHwItzpd2RMLKq6z14AaABAg,fSqBshtDXF0,Ha goli Bhai ❤,0,2024-03-01T05:52:28Z,candidate
UgwMOBFCgZvENT4kAYp4AaABAg,fSqBshtDXF0,https://youtu.be/LAJRgYUVE8E?si=WQxAPbZC7BFeTIGF,0,2024-02-25T17:33:56Z,candidate
UgwWWJOocYGstlBqelx4AaABAg,fSqBshtDXF0,Super,1,2024-02-25T08:52:54Z,candidate
Ugw-v7xcWATZAnWq_054AaABAg,fSqBshtDXF0,🔥🔥🔥,2,2024-02-25T08:52:22Z,candidate
Ugx9DdNhpbG_Dd_51714AaABAg,fSqBshtDXF0,Hoop,8,2024-02-25T08:51:52Z,candidate
Ugy0LWA-Iz06BzgyTUp4AaABAg,fSqBshtDXF0,Super vlog  the goli bhai❤,8,2024-02-20T12:31:03Z,candidate
UgxW4l6wJy_wGS48kLl4AaABAg,fSqBshtDXF0,One like for edit⚡👉,0,2024-02-19T07:27:47Z,candidate
UgwvoPBzrjtWFYF8R154AaABAg,fSqBshtDXF0,Hoop,0,2024-02-19T02:23:14Z,candidate
UgwnTZUmNSzszLgxH694AaABAg,fSqBshtDXF0,Ha mara gir na havag,0,2024-02-19T02:22:58Z,candidate
UgyJXI_JspAv2mdN8kd4AaABAg,fSqBshtDXF0,Jordar Golibhai💥💥,0,2024-02-18T18:29:08Z,candidate
UgzKLw-U36pmCwSluNN4AaABAg,fSqBshtDXF0,Nice goli Bhai ❤,4,2024-02-18T16:29:07Z,candidate
UgxiTu-e5EYGRSU7UYl4AaABAg,fSqBshtDXF0,Oop,0,2024-02-18T16:11:13Z,candidate
UgzV6MdBoQ2iaei_sAB4AaABAg,fSqBshtDXF0,❤❤❤,0,2024-02-18T14:56:56Z,candidate
UgyK80dtwmIMrhq3x_J4AaABAg,fSqBshtDXF0,NIC,0,2024-02-18T13:31:03Z,candidate
UgyQR6SOZuju7TjtHIl4AaABAg,fSqBshtDXF0,🎉🎉🎉,0,2024-02-18T12:44:03Z,candidate
UgxTbHCOQQLn39kewy94AaABAg,fSqBshtDXF0,NIC,1,2024-02-18T12:01:16Z,candidate
UgwIQnExKdIY4a2fKlJ4AaABAg,fSqBshtDXF0,1 number content Aaypo che ho goli bhai hooop❤,4,2024-02-18T11:23:32Z,candidate
UgxEPxpU5trp266n8BJ4AaABAg,fSqBshtDXF0,Super bhai❤,0,2024-02-18T11:20:11Z,candidate
Ugz_YkjVyTcG4H-UEq54AaABAg,fSqBshtDXF0,Outstanding vlog bhai Bhai 😅,5,2024-02-18T09:57:01Z,candidate
UgwNASLMUC4Bd5UQX7p4AaABAg,fSqBshtDXF0,Very good,0,2024-02-18T08:19:25Z,candidate
UgyVUK2n8jzJaMA5vDR4AaABAg,fSqBshtDXF0,Hoop,0,2024-02-18T08:19:07Z,candidate
UgzsisZla6xfvhyudNt4AaABAg,fSqBshtDXF0,Ha bhai haa   hoop,3,2024-02-18T07:53:27Z,candidate
Ugzqur3gfzXCptCJKIp4AaABAg,fSqBshtDXF0,Ha kai ghateni goli,0,2024-02-18T07:41:33Z,candidate
UgyJI1B2CcDC1cOOIeF4AaABAg,fSqBshtDXF0,Hoop,0,2024-02-18T07:25:51Z,candidate
UgxLqGG04ZZfNPJ1aqJ4AaABAg,fSqBshtDXF0,Tamaru editing gamiyu ho hoop,0,2024-02-18T07:08:57Z,candidate
UgxkEtpab67TavFeBX14AaABAg,fSqBshtDXF0,Nice editing bro,0,2024-02-18T07:08:31Z,candidate
UgyH8TywEtEanTMyZhJ4AaABAg,fSqBshtDXF0,https://youtube.com/@Sagargiri_10?si=oYi9-JNJsl41Z-K-,0,2024-02-18T06:56:01Z,candidate
UgwyTxZH3RWVmDIsqJt4AaABAg,fSqBshtDXF0,Ha Goli Bhai ni Moj Ha ❤😊,0,2024-02-18T06:52:02Z,candidate
UgyUgyPsknoYFS2vu8p4AaABAg,fSqBshtDXF0,Hoop,0,2024-02-18T06:51:36Z,candidate
UgyBQPEVP0ip8Ka2T4l4AaABAg,fSqBshtDXF0,Full support gourav bhai kamliya ❤,3,2024-02-18T06:44:14Z,candidate
UgxcRcikKtLyAlthj3h4AaABAg,fSqBshtDXF0,❤❤❤,5,2024-02-18T06:37:33Z,candidate
Ugx1cvlTM3FAPGzRjYt4AaABAg,fSqBshtDXF0,🔥🔥,0,2024-02-18T06:09:39Z,candidate
UgwmvNONnBel5aKz4Fl4AaABAg,fSqBshtDXF0,Bro aag laga di tu ne 🥵🥵❤️‍🔥❤️‍🔥,0,2024-02-18T06:00:45Z,candidate
UgwrBX24ZJxOUp374554AaABAg,fSqBshtDXF0,Ha goli bhai ha,0,2024-02-18T05:35:06Z,candidate
UgymGEJe_Lkh5uDzMM94AaABAg,fSqBshtDXF0,❤❤❤❤,0,2024-02-18T05:18:54Z,candidate
UgyLwX6x_aEvn1U-5914AaABAg,fSqBshtDXF0,Jordar ho bhai,0,2024-02-18T05:18:45Z,candidate
UgxvRNPTFNr62FU_igR4AaABAg,fSqBshtDXF0,Hoooop,4,2024-02-18T05:14:19Z,candidate
Ugytk7lclbhv3jnWeJh4AaABAg,fSqBshtDXF0,Super,3,2024-02-18T05:14:05Z,candidate
Ugw-9pMkmjON_k_0ag14AaABAg,fSqBshtDXF0,HOOP 👑,0,2024-02-18T05:06:13Z,candidate
UgzSkeD1bihMvvKMNgh4AaABAg,fSqBshtDXF0,Hoop 🦁,14,2024-02-18T05:02:53Z,candidate
Ugy_m78yd3rRw5tAq3l4AaABAg,fSqBshtDXF0,Hoop.....🔥🔥,0,2024-02-18T04:55:02Z,candidate
UgwhMsmKMiV0ISzdtB54AaABAg,fSqBshtDXF0,🎉🎉🎉,1,2024-02-18T04:53:02Z,candidate
UgzdMdZ2I2jCShrnuvN4AaABAg,fSqBshtDXF0,❤❤❤,1,2024-02-18T04:52:54Z,candidate
UgzBgkfXCY8xQRR-yQR4AaABAg,fSqBshtDXF0,Ha moj ha,0,2024-02-18T04:52:43Z,candidate
Ugx0EBdAL8gqyiu_np94AaABAg,fSqBshtDXF0,Ha Bhai ha 🎉🎉,1,2024-02-18T04:52:16Z,candidate
Ugw8KmBwhi6ybv7NpCx4AaABAg,fSqBshtDXF0,Hooop,2,2024-02-18T04:51:56Z,candidate
UgyRWICWjnB8NvGGFQB4AaABAg,fSqBshtDXF0,❤❤❤,1,2024-02-18T04:51:47Z,candidate
UgyccQOc-DDE6hvaaFZ4AaABAg,fSqBshtDXF0,Hooop 🦁,3,2024-02-18T04:48:05Z,candidate
UgwhBjNkwTBshGx4PXd4AaABAg,fSqBshtDXF0,Super Vlog ❤❤❤,8,2024-02-18T04:47:22Z,candidate
UgyUHCSQaBdPbUb6k854AaABAg,fSqBshtDXF0,Mast editing,0,2024-02-18T04:47:02Z,candidate
UgwERibo1Ag1_19bJ-54AaABAg,fSqBshtDXF0,Kdk Editing 🔥❤️,3,2024-02-18T04:46:51Z,candidate
UgyTi6wwqIABJzOabJJ4AaABAg,fSqBshtDXF0,Super hoo baki 😎💥,0,2024-02-18T04:45:50Z,candidate
Ugwe8gNI00r0XHfnuLd4AaABAg,fSqBshtDXF0,0:30 goli bhai hooop🎉,1,2024-02-18T04:30:11Z,candidate
UgwRYVpJG_oaMxBL05N4AaABAg,fSqBshtDXF0,🎉🎉🎉🎉,2,2024-02-18T04:29:52Z,candidate
UgxbcYwjRaA7h5H1EOJ4AaABAg,fSqBshtDXF0,Super bro😊😊,0,2024-02-18T04:29:42Z,candidate
Ugx3tk6N1RQB1F3r1Cd4AaABAg,fSqBshtDXF0,Super editing,0,2024-02-18T04:26:20Z,candidate
UgwVzcCeE5KkpCGYXHN4AaABAg,fSqBshtDXF0,Ha Bhai jan 🥰🥰🥰,0,2024-02-18T04:20:43Z,candidate
UgxWRZ2-lmD3yyc28Nt4AaABAg,fSqBshtDXF0,Super vlog Bhai ❤,0,2024-02-18T04:19:34Z,candidate
UgzigtPzz9OgDzpmVWR4AaABAg,fSqBshtDXF0,Hoop,4,2024-02-18T04:13:04Z,candidate
UgyIKtpOjM0WAtSM-jt4AaABAg,XKsbCYFan1g,Jay mataji,0,2026-08-13T06:33:35Z,candidate
Ugw4NBchTdghVdNl5zp4AaABAg,XKsbCYFan1g,❤❤❤❤❤,0,2026-08-11T17:00:23Z,candidate
UgwPpOEWwa2uxlFzlXR4AaABAg,XKsbCYFan1g,Jay mataji,0,2026-08-10T15:23:26Z,candidate
UgxY5pr68up3MzGVmUJ4AaABAg,XKsbCYFan1g,Location moklo tamaru amare jovu che,0,2026-08-10T03:16:04Z,candidate
UgyziV-8oEND7T8vLKV4AaABAg,XKsbCYFan1g,JAY MATA DI,0,2026-08-09T06:39:43Z,candidate
UgxKQOVwJzqm2BgEGwZ4AaABAg,XKsbCYFan1g,JAY MATA DI,0,2026-08-09T06:39:23Z,candidate
UgyjxhQNg0dAqgQFsyZ4AaABAg,XKsbCYFan1g,Jay ho orgonik farming forofitebal farming jay ho,0,2026-08-07T13:57:36Z,candidate
UgwwNrGrOnApdulBfkF4AaABAg,XKsbCYFan1g,Bapa.sitaram,1,2026-08-05T08:34:02Z,candidate
UgzPKsb4rE-V1OZZk6d4AaABAg,XKsbCYFan1g,Kya vechva jay che?????,0,2026-08-04T02:54:27Z,candidate
UgzDYLvY7mwQ7x2a0pp4AaABAg,XKsbCYFan1g,Jay mataji,0,2026-08-04T01:11:44Z,candidate
UgwQFft8XQXUgifcs8x4AaABAg,XKsbCYFan1g,❤,0,2026-08-01T19:15:55Z,candidate
Ugxi_LqMgl3Dh-f-ont4AaABAg,XKsbCYFan1g,Thoduk jos thi bolati hoy to amare avaj dhim full krvo pade 6,0,2026-07-31T07:52:00Z,candidate
UgxYkKys51V1QJHyLUd4AaABAg,XKsbCYFan1g,Su.bhav.hale,0,2026-07-30T05:26:09Z,candidate
Ugwiu1ssHUsXv2e3s9J4AaABAg,XKsbCYFan1g,Tame keva chho,0,2026-07-29T17:29:13Z,candidate
Ugxj0bbBzjvPqtGu1td4AaABAg,XKsbCYFan1g,Like subscribe kari didha tame bi kari do Didi please,0,2026-07-29T13:17:14Z,candidate
UgxXRaDIzx1OrX5guMp4AaABAg,XKsbCYFan1g,Jay mataji,0,2026-07-29T09:31:57Z,candidate
UgwFOsFqWShkoYrfLTx4AaABAg,XKsbCYFan1g,Kapas ma bhegi vavi che to kapas hakvo km ??,5,2026-07-29T06:24:34Z,candidate
UgwVOBQo0OHM_tG76aZ4AaABAg,XKsbCYFan1g,jay mari ma bhaguda ni Mogal ma,0,2026-07-28T14:21:07Z,candidate
UgxIEZ_wvMOy7dumisB4AaABAg,XKsbCYFan1g,😮😊,0,2026-07-28T09:17:00Z,candidate
UgyT61YR7GaNDmWBw7x4AaABAg,XKsbCYFan1g,Tmaru gaam kyu che,0,2026-07-27T06:07:22Z,candidate
UgwZqJ9crd0Zghkbsal4AaABAg,XKsbCYFan1g,🎉🎉🎉,0,2026-07-27T04:03:17Z,candidate
UgyLcxU1D8KC4iXa0Mt4AaABAg,XKsbCYFan1g,🎉🎉🎉,0,2026-07-26T12:13:45Z,candidate
Ugx7jc6BcX1Jc2ACrI94AaABAg,XKsbCYFan1g,Jay maa mogal 🌹🔱,0,2026-07-20T20:17:55Z,candidate
Ugzm8LOolqHasv5-eGB4AaABAg,XKsbCYFan1g,❤🎉🎉🎉😢,0,2026-07-17T14:54:26Z,candidate
Ugwu1y-T9NQwOM2VVRV4AaABAg,XKsbCYFan1g,Jay maa mogal shakbhaji moklo,0,2026-07-13T09:22:55Z,candidate
UgyBgA4YE7s4gJMmr0R4AaABAg,XKsbCYFan1g,Amane Tamara video bahu sara lage che ❤😊,3,2026-07-11T05:41:04Z,candidate
Ugwpijp6WEe1R6LBrDF4AaABAg,XKsbCYFan1g,jay mataji didi,0,2026-06-18T08:42:48Z,candidate
Ugzae2mmU-OGxmF4izp4AaABAg,XKsbCYFan1g,Jay mataji,0,2026-06-05T07:19:26Z,candidate
UgycRdbq9fRwFLuKPsV4AaABAg,XKsbCYFan1g,Tamaru gaam kayu ?,0,2026-01-08T11:13:52Z,candidate
Ugz7Q9lZtzn0cbAxNXx4AaABAg,XKsbCYFan1g,❤️❤❤❤❤❤🎉🎉😂😂😢😢,0,2025-12-08T12:07:46Z,candidate
UgzezS4zX4Bx9dI2qsJ4AaABAg,XKsbCYFan1g,❤❤❤❤❤,0,2025-10-28T17:25:08Z,candidate
UgxHmd7-N-4H07NG3CZ4AaABAg,XKsbCYFan1g,Ben amare utarva aavvu hoi to avay k,0,2025-09-13T01:56:41Z,candidate
Ugwo-Rb_Ng_EonlxV5h4AaABAg,XKsbCYFan1g,"Jay Shree Krishna🙏🙏
Khajur Bhai Help karo Bhai🙏🙏",1,2025-09-10T13:26:41Z,candidate
Ugw3UIZIhf6L1hNGFbZ4AaABAg,XKsbCYFan1g,Jay mataji ❤❤,0,2025-09-05T15:35:33Z,candidate
UgwoyBE19YVaXvXKoWB4AaABAg,XKsbCYFan1g,❤❤🎉🎉,1,2025-09-04T13:19:12Z,candidate
Ugx3a8GWqRIf0i2OQrB4AaABAg,XKsbCYFan1g,Jay maa mogal,0,2025-09-02T16:55:15Z,candidate
UgxOE7Ug3ZbKNBBLgjp4AaABAg,XKsbCYFan1g,Bahu saras dhudhi che .kya gam ma raho cho ?,4,2025-08-26T20:34:11Z,candidate
UgyiSwq2DxURpJqgnQJ4AaABAg,XKsbCYFan1g,Hlvo banavi mklo,1,2025-08-22T09:19:01Z,candidate
UgwfDYYMomMbIIutkSt4AaABAg,XKsbCYFan1g,Jay swaminarayan 🙏🏻🙏🏻,0,2025-08-18T07:40:39Z,candidate
Ugw3RCY79g0ITute3D94AaABAg,XKsbCYFan1g,Jay mataji 🙏❤️,0,2025-08-17T21:57:09Z,candidate
UgxWot_Aa9bs7XxODHl4AaABAg,XKsbCYFan1g,🙏🙏👍,1,2025-08-16T04:35:20Z,candidate
UgzEwa4KMO-v7LlBMcF4AaABAg,XKsbCYFan1g,🎉😮,0,2025-08-15T03:09:19Z,candidate
Ugzn802_ySRpiPTr6yR4AaABAg,XKsbCYFan1g,Sundar છે namaste,0,2025-08-13T12:11:18Z,candidate
Ugx3ura7pj-Ll0L5npt4AaABAg,XKsbCYFan1g,Dudhi bov saras se,1,2025-08-13T08:38:53Z,candidate
Ugz2Wm1Ra9zWcDs31et4AaABAg,XKsbCYFan1g,Nise vatavaran bov saras se,0,2025-08-13T08:38:39Z,candidate
UgzhgqeMA75irEYk0HB4AaABAg,XKsbCYFan1g,Jay mataji.....,7,2025-08-13T06:14:10Z,candidate
Ugz8HKx24m8TBFcc6y94AaABAg,XKsbCYFan1g,😊😊😊😊😊😊😊,0,2025-08-11T07:09:30Z,candidate
UgwrKTVH1L24BXGO2g54AaABAg,XKsbCYFan1g,Kyu gam che,0,2025-08-11T05:50:28Z,candidate
UgwzGHspymwn6VBSB7t4AaABAg,XKsbCYFan1g,Har har Mahadev,1,2025-08-10T17:40:02Z,candidate
UgwQDO2M1_p4gGjHTiN4AaABAg,XKsbCYFan1g,☝️👌👍,1,2025-08-10T04:47:05Z,candidate
Ugwzr81bjNkGjTFdgxZ4AaABAg,XKsbCYFan1g,Dudhiya nu bij kyu che bhai,0,2025-08-09T05:05:16Z,candidate
UgwE6cRygT8TH_BgdVl4AaABAg,XKsbCYFan1g,Jay. Maa. Mogal❤,1,2025-08-09T03:45:30Z,candidate
UgzWasC-bOrG9AATaKB4AaABAg,XKsbCYFan1g,Jai dwarkadhish Ben,1,2025-08-08T19:04:51Z,candidate
UgzhXWg4Vspbe_MMo8p4AaABAg,XKsbCYFan1g,Jay monglmaa ben,0,2025-08-08T16:01:22Z,candidate
UgzhM1L5uJCA_iWxp0V4AaABAg,XKsbCYFan1g,❤❤❤❤❤❤❤,0,2025-08-08T13:15:01Z,candidate
UgyhqNgyw4_WRRdexSJ4AaABAg,XKsbCYFan1g,કપાસ માં dhudhi થાય,0,2025-08-08T08:03:13Z,candidate
UgyEPg4feSFHsQPkGPh4AaABAg,XKsbCYFan1g,👍👍,0,2025-08-07T16:47:43Z,candidate
Ugx27vdY5KGOpD3pFLh4AaABAg,XKsbCYFan1g,Bap dikari no olo lodo kya gayo,0,2025-08-07T16:07:44Z,candidate
UgxqKhOFvFf_giVaeA54AaABAg,XKsbCYFan1g,Jay mataji,1,2025-08-07T15:49:17Z,candidate
UgzwmZgLDVWfpTr_tOJ4AaABAg,XKsbCYFan1g,❤❤,0,2025-08-07T15:37:43Z,candidate
Ugx-boBV4rSj3X24MM94AaABAg,XKsbCYFan1g,😊❤,0,2025-08-07T14:53:32Z,candidate
UgzwQi0qofMtEkCeMYJ4AaABAg,XKsbCYFan1g,Aaju masat masat video banavo,1,2025-08-07T13:30:23Z,candidate
Ugyo-BLVpFX5-88oS0d4AaABAg,XKsbCYFan1g,Tama video bho game ben❤,1,2025-08-07T13:29:58Z,candidate
Ugyt47U5FeZsSbVHEMt4AaABAg,XKsbCYFan1g,👌👌😋,1,2025-08-07T13:28:57Z,candidate
Ugxpp3VkUs0f915TgPh4AaABAg,XKsbCYFan1g,वाह बहनजी 👍👌🙏,15,2025-08-07T13:06:35Z,candidate
Ugx3t-rmLDrDkAZyDHR4AaABAg,XKsbCYFan1g,Jay mataji aashuben 🎉🎉,6,2025-08-07T12:57:21Z,candidate
UgwpVyBa936mQohF1yt4AaABAg,XKsbCYFan1g,😅😅,1,2025-08-07T12:45:56Z,candidate
Ugw0o4OzqpPrxiWmiSF4AaABAg,XKsbCYFan1g,😅wah. Sars,0,2025-08-07T12:02:18Z,candidate
UgzX2PnPsnzUr6lrBJl4AaABAg,XKsbCYFan1g,😅wah. Sars,2,2025-08-07T12:02:10Z,candidate
UgyNuQL3bDo2TvgDCSh4AaABAg,s6c9jywQUCY,Ek ek limbu ne tissu paper ma rap kari ne rakhso to limbu ekdam fresh j rahese,0,2026-08-13T02:25:38Z,candidate
Ugz_7sIYoBVKlUNLXI54AaABAg,s6c9jywQUCY,Didi tume limbu no rus kadhi ne bottle ma bhri ne frizer ma rakho,0,2026-08-12T17:19:32Z,candidate
UgzTrvZPzWNe9JErEhd4AaABAg,s6c9jywQUCY,Tame kya raho cho?? Ghar ni pase j dariyo che???,0,2026-08-11T09:57:40Z,candidate
UgyYCfzCIVQb25L6gC14AaABAg,s6c9jywQUCY,😊❤😊❤😊❤😊❤😊❤😊❤😊❤😊❤😊❤😊😊❤😊❤😊❤❤😊😊❤❤😊❤😊😊❤😊❤😊❤😊❤😊❤😊❤😊❤😊❤😊,0,2026-08-01T08:03:19Z,candidate
UgzGJwKqyACxXyugCZd4AaABAg,s6c9jywQUCY,Love you parivar and mom papa papa maa papa papa maa papa papa,1,2026-05-12T07:52:07Z,candidate
UgzH4vXx_iwJLkTyinN4AaABAg,s6c9jywQUCY,Jaidwarkadhishdidi❤❤,1,2026-03-11T05:13:07Z,candidate
UgzVlOHK95q3AQ4zIot4AaABAg,s6c9jywQUCY,Tame kya raho,0,2026-02-28T18:31:43Z,candidate
UgzJ3f2jGZ1rCkORwp94AaABAg,s6c9jywQUCY,Tame Kaya gamna cho,0,2025-11-27T04:03:53Z,candidate
UgxyQuhRSOzxUKaqcw54AaABAg,s6c9jywQUCY,Are ben plastic brnima kora krine muko 15 20 divas kayj ny thay srs re6e tray krine pchi kejo❤,2,2025-09-14T15:02:06Z,candidate
Ugz7jraNt6a3L45Mskx4AaABAg,s6c9jywQUCY,"Sachi vat chhe Tamara mummy ni.
Pani ma na rakhay limboo",0,2025-09-11T05:09:35Z,candidate
Ugy6pgIC3QglHLdkOE94AaABAg,s6c9jywQUCY,😮😮😮,0,2025-09-10T16:35:26Z,candidate
UgwrNJBnjxTlgTc2dch4AaABAg,s6c9jywQUCY,Mare pn fekva padse,0,2025-09-06T02:20:45Z,candidate
UgyYMdk8_vijr5SJL-x4AaABAg,s6c9jywQUCY,Kya raho 6o tame,1,2025-08-27T17:10:20Z,candidate
UgycW2VF5MvmiUnh_B94AaABAg,s6c9jywQUCY,Kyathi cho tame,1,2025-08-21T03:41:47Z,candidate
Ugzxyxl6yRnbl5nmthF4AaABAg,s6c9jywQUCY,Limbu no.ras kadhi ne rakh vo je kyarey nahi bagde,0,2025-08-17T12:30:43Z,candidate
Ugww1Z0zzS_hC1R9wRt4AaABAg,s6c9jywQUCY,"di..limbu..ma..chira..padi..tema..
jadu..mithu.ane..halder..mix..kari..
limbuma..bhari..do..ane..kach..ni.
barnima..rakho..teni..ander..pani..
nakhta..nahi...nahiter..bagdi..jashe
halder..mithu...limbuma...cheka.
mari..vadare..bharvu...athanu..
khub..saru..banshe..",1,2025-08-16T14:24:48Z,candidate
UgzzzeDc-vQAuskkJsh4AaABAg,s6c9jywQUCY,Tame jyre mukya tyrr j kidhu htu k kharab thai jase kadhi nakhjo but tame sambhl j  kya 6o ....😂,0,2025-08-16T12:04:36Z,candidate
UgzTfn0Cis1WqL2fP014AaABAg,s6c9jywQUCY,Limbu  fekya Kem Taba pital na vasan dhoi kadhya hot to😊,0,2025-08-15T08:10:23Z,candidate
UgzodKH8ZKXjHV9ZjWB4AaABAg,s6c9jywQUCY,Limbu tamne upayog ma aavi jat kem.ke.je.limbu kharb thay gayel hoy ae aapde. Pital na vasn dhova thi vasn chamki jase,1,2025-08-13T15:54:53Z,candidate
UgyqwQF4dXcX5_SOfgl4AaABAg,s6c9jywQUCY,Steel na dabba ma emj dhoi ne muki deva na aaram thi 20 divas rai che hu pan karu chu,1,2025-08-13T11:08:57Z,candidate
Ugyf58lLxywBQqsVXvF4AaABAg,s6c9jywQUCY,Steel na dabba ma limbu bharo to mahino evaj  limbu rehse,3,2025-08-13T10:20:39Z,candidate
UgwbOBvdAuU-FJpLI-t4AaABAg,s6c9jywQUCY,Kamkaro,1,2025-08-12T15:42:18Z,candidate
UgxkQlDKMF8ySqq4Z2x4AaABAg,s6c9jywQUCY,Stor krela limbu ne friz ma no rkhay bare j rkhay to Na Bagde,1,2025-08-12T09:32:13Z,candidate
Ugybq64C39_WxsrYVx14AaABAg,s6c9jywQUCY,Tamaru gam kayu chhe,1,2025-08-10T16:21:42Z,candidate
UgywMoIqGeMPKGQ1npN4AaABAg,s6c9jywQUCY,Tame isra bov karo maja nay aavti,1,2025-08-10T11:54:36Z,candidate
Ugz8jd9_XAMbPFB_kQN4AaABAg,s6c9jywQUCY,Jay mataji 🙏,6,2025-08-10T07:15:10Z,candidate
UgySGY91h14rZrgOhUZ4AaABAg,s6c9jywQUCY,Cute  ditya,2,2025-08-10T05:50:47Z,candidate
UgwELPvayLp97omddhh4AaABAg,s6c9jywQUCY,❤❤❤❤❤❤❤❤❤❤❤❤❤❤❤❤❤❤❤❤❤❤❤❤❤❤,1,2025-08-09T14:58:56Z,candidate
UgxtKc4jOyBIxL-0kGx4AaABAg,s6c9jywQUCY,Daba ma kapdu mukin ema mukvnu ny bagde,1,2025-08-09T14:03:44Z,candidate
UgxKUBzaT1lnvXIUmU14AaABAg,s6c9jywQUCY,Tamara gharv na tya kayo dariyo che?,1,2025-08-09T10:50:18Z,candidate
UgxsEdAPubia9ZorCtR4AaABAg,s6c9jywQUCY,"Om nu uccharan darroj badha ye karvu joiye bahuj saras naresh bhai.. 
 Tame badha full family mali ne 10 minute om nu uccharan karvu joiye🎉🎉🕉🕉🕉",2,2025-08-09T10:27:37Z,candidate
Ugw5jTeGAmieSGAeq6x4AaABAg,s6c9jywQUCY,Pani ma ny nakhvanu barni ma j khali mukvana,3,2025-08-09T08:30:52Z,candidate
UgyPaxSlJsdEmwJ-blJ4AaABAg,s6c9jywQUCY,Jai dwarkadhish didi ❤,8,2025-08-09T08:24:44Z,candidate
UgzYjHVA6Lv8oWjsUYd4AaABAg,s6c9jywQUCY,No 👎 nesi❤❤❤❤❤,0,2025-08-09T07:27:19Z,candidate
UgzvA-Rz6Zby_kbxyUd4AaABAg,s6c9jywQUCY,Sorry 😞 😔 😟 🙁,0,2025-08-09T07:26:50Z,candidate
UgwalzzKUQ-_eU10-Hx4AaABAg,s6c9jywQUCY,Nice 🙂,1,2025-08-09T07:09:17Z,candidate
UgxwGSHTqXnY5J5pKvF4AaABAg,s6c9jywQUCY,Limbu plastik na dabba ma rakho nai bagde,1,2025-08-09T06:37:59Z,candidate
UgwwA9rZ0Ck57iM3w1x4AaABAg,s6c9jywQUCY,Plastik bottle ma rakhvu panima nae,3,2025-08-09T04:35:46Z,candidate
UgwjLIFi9TGm5NdTut14AaABAg,s6c9jywQUCY,Hu tamara har ek vidio jou chu ane like pan karu chu ❤❤❤❤❤,5,2025-08-09T04:33:42Z,candidate
UgyGdskt5UrD_YrK_GN4AaABAg,s6c9jywQUCY,Jay Dwarkadhish ❤,1,2025-08-09T04:33:26Z,candidate
UgyhOMqn-YnygCDC5y14AaABAg,s6c9jywQUCY,Myy fast comments please pin 📌,1,2025-08-09T04:33:06Z,candidate
UgwHcNwZ0rkBlM6JDwh4AaABAg,twhqmdYFBBE,Gdfdd set,0,2026-07-11T06:49:09Z,candidate
UgwzPtb1G36OJFCoLL54AaABAg,twhqmdYFBBE,Haa kaleja ❤,0,2026-07-07T16:36:56Z,candidate
Ugz7BlDqTcB_JfPhr_94AaABAg,twhqmdYFBBE,🫂🫵,0,2026-06-24T00:58:04Z,candidate
UgxGULy13rPD7LvS48F4AaABAg,twhqmdYFBBE,Saport bhai,0,2026-06-19T15:03:08Z,candidate
UgxyJYv2QylPKiRlZHV4AaABAg,twhqmdYFBBE,Aid ma  like Karo veer ahir savan 4536,0,2026-06-06T12:08:25Z,candidate
UgwAX3d7Dn_AnHLvGEF4AaABAg,twhqmdYFBBE,Bhabhi ne khabar padse to ghar ma nai bharva de bhai,0,2026-06-04T07:28:15Z,candidate
Ugx6fk_OLpX7XKZGnR54AaABAg,twhqmdYFBBE,😂,0,2026-05-31T16:40:01Z,candidate
Ugz-Cb_n7vCnlgFTAlB4AaABAg,twhqmdYFBBE,❤🎉😊,0,2026-05-24T05:39:44Z,candidate
UgxXthkWb0y-GMVYGpR4AaABAg,twhqmdYFBBE,Vah bhaibandho caaa😊😂😊😂,2,2026-05-07T07:51:22Z,candidate
UgwSLzFQG-j0lm_NOY14AaABAg,twhqmdYFBBE,Hamara Kanhaiya Raja,0,2026-03-18T16:15:02Z,candidate
Ugxfh1_VAI2W7BvJXvF4AaABAg,twhqmdYFBBE,Wow,1,2026-03-02T05:33:20Z,candidate
Ugz_I7aT_1dgNG-KP714AaABAg,twhqmdYFBBE,Vahh bhai vahh  aava ne aava video mukta rejo❤❤❤,1,2026-01-16T13:27:43Z,candidate
Ugw3UfJt4ALB9Rz57hJ4AaABAg,twhqmdYFBBE,Wha bharat bhai ne nil bhai,2,2025-11-24T16:47:01Z,candidate
UgzB6VWoKTzuH1elu3l4AaABAg,twhqmdYFBBE,❤❤❤❤❤❤😊😊😊😊😊,0,2025-11-21T09:46:56Z,candidate
UgzHQFnadewGU_wzj1Z4AaABAg,twhqmdYFBBE,Bharat bhaiwa,0,2025-11-13T16:16:41Z,candidate
UgzA97S9LdVeIRNv4354AaABAg,twhqmdYFBBE,Bhai bhai,0,2025-11-13T07:18:23Z,candidate
Ugzc9qRpiKkHGVSG_Hx4AaABAg,twhqmdYFBBE,😊😊😊😊😊😊😊😊😊😊😊😊😊😊😊😊😊😊😊😊😊😊😊😊😊😊😊😊😊😊😊😊😊,0,2025-11-05T04:20:17Z,candidate
Ugwy6kpGeAwD4vL99_t4AaABAg,twhqmdYFBBE,😮 UNC,2,2025-10-23T05:50:19Z,candidate
UgyxjyYeo2m8RXMAmOJ4AaABAg,twhqmdYFBBE,Bhai aa video me instagram ma joyo ho bharat ahir vadi channel ma 😅,0,2025-10-22T09:50:56Z,candidate
UgydS70lxB7PvdX6AUJ4AaABAg,twhqmdYFBBE,Hello khaoge kab se,2,2025-10-15T10:01:22Z,candidate
UgyUTHZ2Svtzb6unPnd4AaABAg,hEcJ6-dj9ns,Tame savar ma uthine j rasoi banavi lo chho😮😮,0,2026-08-10T16:56:39Z,candidate
UgxG1qJDcn9BJZX0vyh4AaABAg,hEcJ6-dj9ns,"Sundar bahen amne pan madad karjo amari chenal par avjo ,thanks",0,2026-05-31T12:55:06Z,candidate
UgxN5oMjrFBB48HNjkx4AaABAg,hEcJ6-dj9ns,Amne pn Sikh vadi do sandwich pakoda ni ritt,0,2026-03-31T16:43:32Z,candidate
UgxraQnyVwKR59oiVKl4AaABAg,hEcJ6-dj9ns,👑👑👑👑💫👑👑👑👑🫂🥰❤️🫂❤️❤️👑💫⛓️,0,2026-03-24T09:07:31Z,candidate
UgwmkUzoiISDndDxoEN4AaABAg,hEcJ6-dj9ns,Wah ben,0,2026-03-21T16:58:59Z,candidate
UgxG3vYUmec8hs9NfDx4AaABAg,hEcJ6-dj9ns,Tame kya ru cho,0,2026-03-18T16:25:57Z,candidate
UgzqX0oc908MIrcF5tZ4AaABAg,hEcJ6-dj9ns,Tame chutney Kai rete banavo cho,0,2026-03-13T12:00:11Z,candidate
Ugyy8WKqYv_Detpcmml4AaABAg,hEcJ6-dj9ns,Tame kya gam ma raho cho,0,2026-03-05T18:21:23Z,candidate
UgwnZa5SJoh7DfB5APl4AaABAg,hEcJ6-dj9ns,Chatni ni recipe aapo ne,0,2026-01-29T06:38:42Z,candidate
Ugwjp4AxazsG_1lICa94AaABAg,hEcJ6-dj9ns,Tame kya raho cho,0,2026-01-16T12:44:58Z,candidate
Ugx9FBLunr_kfwLxRb14AaABAg,hEcJ6-dj9ns,Kya city ma raho?,0,2025-12-29T18:01:01Z,candidate
UgxBg-zvVqlD17pVPtJ4AaABAg,hEcJ6-dj9ns,Tme Chatni kem ni banavo cho,0,2025-12-29T13:41:02Z,candidate
UgwWE6FcjL_uHszryWV4AaABAg,hEcJ6-dj9ns,Tmaru akhu ghar najik thi btavo ne please video ma 😢,0,2025-12-29T11:30:12Z,candidate
Ugy1pYtN8si_mPD5gvp4AaABAg,hEcJ6-dj9ns,Cricket video bnao Chand per Naam,0,2025-12-17T06:14:43Z,candidate
UgxJ5rwkGz4_O6jJ6rF4AaABAg,hEcJ6-dj9ns,Mithi chatni recipe apoo,0,2025-12-14T17:24:24Z,candidate
UgyKBNfteJaUe-lBphx4AaABAg,hEcJ6-dj9ns,❤❤🎉,0,2025-12-09T16:49:57Z,candidate
Ugwig16kAnWMO_RPwKZ4AaABAg,hEcJ6-dj9ns,Verynice❤❤😊😊😊,1,2025-11-27T13:09:00Z,candidate
Ugzxx584CMnztZN0GxN4AaABAg,hEcJ6-dj9ns,Tame kya na chho,0,2025-11-24T07:57:24Z,candidate
UgyUaYRkNwj1idhkBN14AaABAg,hEcJ6-dj9ns,Tamara mummy ne sadi Kem aekaj hoyi che,0,2025-11-22T18:37:29Z,candidate
UgwAYaWx0roxSgb0f3l4AaABAg,hEcJ6-dj9ns,Hu tamne malva avish😊🎉❤,1,2025-11-22T06:40:32Z,candidate
Ugykr13PklUAX-yn__p4AaABAg,hEcJ6-dj9ns,Red chutney recipe pl,0,2025-11-16T10:33:48Z,candidate
UgwFgph24Jep-8RIR8l4AaABAg,hEcJ6-dj9ns,Kyana chhe 🎉,1,2025-10-28T15:27:13Z,candidate
Ugxwa4num7uwBQqLNnJ4AaABAg,hEcJ6-dj9ns,Wow,2,2025-10-12T14:11:49Z,candidate
UgwwzWN-Gd39ofhHzEd4AaABAg,hEcJ6-dj9ns,Didi tamara video bov j mast hoy che hu tamara badha j video jov chu tame kya gam ma raho cho,1,2025-10-06T16:25:35Z,candidate
UgwhZOeI_N4xfpwNs554AaABAg,hEcJ6-dj9ns,Wow,2,2025-10-05T07:40:27Z,candidate
UgykuTOfjhQYr8SyQDB4AaABAg,hEcJ6-dj9ns,😊,0,2025-10-03T04:39:52Z,candidate
UgxZ0oJVMwwx1WjIp1h4AaABAg,hEcJ6-dj9ns,❤️❤️jalpa ben,8,2025-09-29T00:40:09Z,candidate
UgzFArgKv5g1HOcO8OZ4AaABAg,hEcJ6-dj9ns,😂,1,2025-09-26T01:39:04Z,candidate
Ugw_G0lGmgx8SLbcsu94AaABAg,hEcJ6-dj9ns,😅😅😂😂😂,2,2025-09-21T16:10:40Z,candidate
Ugyg2VHqZ1NPzl8Vp8R4AaABAg,hEcJ6-dj9ns,Tama ra pappa nu nam su ce,1,2025-09-13T09:40:15Z,candidate
UgxpXIhguP90cy----l4AaABAg,hEcJ6-dj9ns,Tame હસમુખા cho❤,6,2025-09-09T16:05:15Z,candidate
UgyIhsplcTpsKqMuFLZ4AaABAg,hEcJ6-dj9ns,Red chutney recipe share kar o a,3,2025-09-08T20:28:58Z,candidate
Ugwb7J3azAE0JcySN3h4AaABAg,hEcJ6-dj9ns,Tame aa red chutney banvo cho eni recipe aapo ne plzzz,9,2025-09-08T20:16:21Z,candidate
UgwJ4YGppyd_4TbM3fF4AaABAg,hEcJ6-dj9ns,Wow 👌,1,2025-09-08T04:26:28Z,candidate
UgxLzN7yZOzg95zz5x94AaABAg,hEcJ6-dj9ns,😊,0,2025-09-07T17:38:19Z,candidate
Ugx2dVMJLYF9sF_puTR4AaABAg,hEcJ6-dj9ns,🥪🥪🥪🥪🥪🥪🥪🥪🥪❤️❤️,1,2025-09-07T11:14:55Z,candidate
UgxUF0n147SadHC3vu54AaABAg,hEcJ6-dj9ns,❤,0,2025-09-07T11:03:59Z,candidate
Ugye2dzYE6mNWIHe3-B4AaABAg,hEcJ6-dj9ns,Niche video 😊,10,2025-09-07T08:06:05Z,candidate
UgycEqFeo6MPDRte4e54AaABAg,hEcJ6-dj9ns,Chtni recipe,0,2025-09-06T17:55:13Z,candidate
UgwEjeYb0ndyrfR1Bvl4AaABAg,hEcJ6-dj9ns,Vavey vavad available chi😅 jamo jamdo tamne,1,2025-09-06T17:09:29Z,candidate
UgysHVbBYTWjE3W7LNV4AaABAg,hEcJ6-dj9ns,Tare je karvu hoy e karne ben akha gamne su leva batavine busy rake che Ung,1,2025-09-06T16:24:52Z,candidate
UgwW_hwIYjomkO3CIup4AaABAg,hEcJ6-dj9ns,Saras didi 🥪🥪🥪,4,2025-09-06T16:22:13Z,candidate
UgwMWhUm-TuFR6t4sP94AaABAg,hEcJ6-dj9ns,Sandwich sivay km ky n banavo ak n ak,0,2025-09-06T16:06:15Z,candidate
UgwOPU3hXNyLvoMEYBd4AaABAg,hEcJ6-dj9ns,Tumhara Bina aankhon video kya hai use sagai no,1,2025-09-06T15:36:57Z,candidate
UgwXFbN9LORWTXqGPKV4AaABAg,hEcJ6-dj9ns,Tamara Dever devrani kya Che?,0,2025-09-06T15:33:58Z,candidate
UgzztaJfcwTMBPzUOa54AaABAg,hEcJ6-dj9ns,Me tamari youtube channel ne subscribe kariyu chhe to tame pan mari youtube channel ne subscribe karo,0,2025-09-06T15:06:16Z,candidate
UgzZ-3UnwF9jEYUbgNN4AaABAg,hEcJ6-dj9ns,Tamara mummy to sav Nana chhe,8,2025-09-06T11:49:39Z,candidate
Ugx__Ze0uNJA-Mnj-9J4AaABAg,hEcJ6-dj9ns,Very nice 🙂,2,2025-09-06T08:45:54Z,candidate
Ugyj1DazyT9vhQSMuvN4AaABAg,hEcJ6-dj9ns,❤,0,2025-09-06T08:42:59Z,candidate
UgwBiA4tB45fJFR-HDt4AaABAg,hEcJ6-dj9ns,❤,1,2025-09-06T08:06:00Z,candidate
Ugy2Qf_7cx8qVYOSMT14AaABAg,hEcJ6-dj9ns,Jalpa ben tamari lal chatni ni Recipe share karko,0,2025-09-06T08:05:32Z,candidate
Ugw36btAP4YuXaDzRRd4AaABAg,hEcJ6-dj9ns,Hi,0,2025-09-06T07:19:00Z,candidate
UgwWy60PBfDRw0USPvN4AaABAg,hEcJ6-dj9ns,Tamara ben ni sagai no video ketla divas avashe,1,2025-09-06T07:09:40Z,candidate
Ugzlc6ps_0qo8eVaF4h4AaABAg,hEcJ6-dj9ns,❤❤❤❤❤❤🎉🎉,0,2025-09-06T06:54:02Z,candidate
Ugwce2gegBD3r2Oo6KB4AaABAg,hEcJ6-dj9ns,Nice ❤,6,2025-09-06T06:44:31Z,candidate
UgwiRB96aywXtYy4Wpp4AaABAg,hEcJ6-dj9ns,Bahuj kam kare che ben,1,2025-09-06T06:26:58Z,candidate
Ugw7dHq_FdpUS1TYGyd4AaABAg,hEcJ6-dj9ns,Bahu saras 👏,8,2025-09-06T06:23:17Z,candidate
Ugy4yrnVIY5z71LbBIt4AaABAg,hEcJ6-dj9ns,Superstar 🥰🥰🥰,2,2025-09-06T05:13:20Z,candidate
UgyYD7QhcqOLlqfsAYJ4AaABAg,hEcJ6-dj9ns,Rah joi ne j bethi ti hu vlog ni ❤❤❤😊😊,1,2025-09-06T04:35:39Z,candidate
UgyMNIZY-NV9csTQNfd4AaABAg,G7L1Hi5wRv8,amane pan aapjo dragn fruit 🎉🎉🎉🎉🎉❤❤,0,2026-08-09T12:08:23Z,candidate
Ugy1IImf9HxfGIq_Wzd4AaABAg,G7L1Hi5wRv8,❤❤❤❤❤❤,0,2026-07-28T15:26:31Z,candidate
UgxdCF-9RnzJW2hujJ14AaABAg,G7L1Hi5wRv8,Tamaru gam kayu che ben,0,2026-07-09T16:09:36Z,candidate
UgwJ3qxpwPFtxlqwIlR4AaABAg,G7L1Hi5wRv8,❤❤❤❤,1,2026-07-08T16:42:33Z,candidate
UgxvznOUI7Jo6NymsrJ4AaABAg,G7L1Hi5wRv8,👌,0,2026-07-08T09:41:59Z,candidate
UgwaI-TOzE-Gx7T_zBp4AaABAg,G7L1Hi5wRv8,Nice 👍👍👍👍👍,1,2026-07-02T01:47:59Z,candidate
UgwPmdasEE_f7xjhcTF4AaABAg,G7L1Hi5wRv8,😂🎉😢😢😮,0,2026-06-30T03:23:44Z,candidate
UgzCw6XQb9J0NgsBWAV4AaABAg,G7L1Hi5wRv8,Mane b Pink j dragon 🐲 fruit bhavs,0,2026-05-28T09:19:58Z,candidate
UgwUUvAng8N8PkzpXVR4AaABAg,G7L1Hi5wRv8,👌🏻👌🏻👌🏻👌🏻👌🏻,1,2026-05-27T06:16:36Z,candidate
UgzUgYBJkO678duf7IZ4AaABAg,G7L1Hi5wRv8,Sparrow videos,0,2026-05-22T12:32:20Z,candidate
Ugz-dOl5wUhEY_6ZTll4AaABAg,G7L1Hi5wRv8,Tame kya rho cho,0,2026-05-17T17:25:36Z,candidate
UgxdIVv61LRGXZDBayN4AaABAg,G7L1Hi5wRv8,Hii,0,2026-05-14T15:11:40Z,candidate
UgxpVlo4qntjd7O3_fZ4AaABAg,G7L1Hi5wRv8,Mare khavu dregunfruit,0,2026-03-23T08:04:38Z,candidate
Ugw4zKP1S97shGrUb0R4AaABAg,G7L1Hi5wRv8,"Jay Dwarkadhish sis 
Jay mogal ma sis",1,2026-02-06T07:09:04Z,candidate
UgxE_VVhGBZ-3zFaMQ54AaABAg,G7L1Hi5wRv8,😊😊,0,2026-02-01T16:02:20Z,candidate
Ugxem5ZlgGF_aMztpfp4AaABAg,G7L1Hi5wRv8,Nice jalpa ben❤❤❤,0,2026-01-18T09:21:57Z,candidate
UgxHK_J-JL1xqZFc4aZ4AaABAg,G7L1Hi5wRv8,🎉🎉🎉🎉,0,2026-01-10T08:07:26Z,candidate
UgzWD8W3VPfjhjB-eq14AaABAg,G7L1Hi5wRv8,👌👍♥️♥️♥️♥️♥️☺️,2,2025-12-06T13:14:55Z,candidate
UgxXjbf0TohojKhXEQJ4AaABAg,G7L1Hi5wRv8,🎉🎉🎉🎉 nice video,1,2025-11-22T19:40:30Z,candidate
UgyhUUTNYu0RmnbtXKR4AaABAg,G7L1Hi5wRv8,❤️,0,2025-11-16T14:09:22Z,candidate
UgxYBdJcuonXcYaPAaV4AaABAg,G7L1Hi5wRv8,Tumhara Ghar Hai Kanha ji 6,1,2025-11-03T10:25:21Z,candidate
UgwFegJ-5tq9pBECLpd4AaABAg,G7L1Hi5wRv8,Ben jai mataji tame kya raho chho hu loej rahu chhu,2,2025-10-25T16:19:40Z,candidate
UgzE-FJRnel-lxROlT94AaABAg,G7L1Hi5wRv8,👅👅👅👅👅,1,2025-10-24T15:26:34Z,candidate
UgwGrUMuvYR2hHKlcN94AaABAg,G7L1Hi5wRv8,Nice jalpa ben ❤❤,8,2025-10-23T05:05:23Z,candidate
UgwrtJTAAOPSuj5yKjV4AaABAg,G7L1Hi5wRv8,"❤❤ Ooty Tamaro friend, Chu, Jalpaben, I am",8,2025-10-22T14:27:42Z,candidate
Ugxm0X3wuPRFG8xNU_94AaABAg,G7L1Hi5wRv8,❤❤❤❤❤❤❤❤❤❤❤❤❤❤❤❤,4,2025-10-19T04:27:15Z,candidate
UgxomwVOt7F1CN0hyhh4AaABAg,G7L1Hi5wRv8,😂😂,1,2025-10-19T04:08:15Z,candidate
UgwdudQ9X1vSOjN7iH14AaABAg,G7L1Hi5wRv8,तुम्हें क्या शहर मेरा भोजपुरी,3,2025-10-14T11:37:21Z,candidate
UgzKeiKIksTxL5i92sl4AaABAg,G7L1Hi5wRv8,Bahut sara,6,2025-10-13T05:07:22Z,candidate
Ugzo6yEBIdV2-373waN4AaABAg,G7L1Hi5wRv8,ame tmara gamni bajunu  j  gam 6 deganfut amra bhai mate rakhjo,0,2025-09-30T14:01:29Z,candidate
Ugxn6wyqv2_Cuj5lQCF4AaABAg,G7L1Hi5wRv8,❤️❤❤❤❤❤❤❤❤,0,2025-09-29T13:48:20Z,candidate
UgzUgNyFS8E2TpE_01l4AaABAg,G7L1Hi5wRv8,❤️I think  you love food,2,2025-09-29T12:21:54Z,candidate
Ugxgn0zDDAnEx3P8vSF4AaABAg,G7L1Hi5wRv8,👅👅👅👅,0,2025-09-22T22:07:11Z,candidate
Ugy6U0rUmkVlNMFchr14AaABAg,G7L1Hi5wRv8,Bau divas pachi video avyo didi,1,2025-09-22T14:14:22Z,candidate
Ugy0wHpm9ZR_qpZRFp94AaABAg,G7L1Hi5wRv8,Dragon Fruit ni vavni kai rite kari didi??,8,2025-09-22T13:43:19Z,candidate
UgxSWV1rxOmbDF_bV5x4AaABAg,G7L1Hi5wRv8,Nice pic,3,2025-09-22T10:08:57Z,candidate
UgzFuGFc56sXo8CfFql4AaABAg,G7L1Hi5wRv8,❤,0,2025-09-22T07:50:30Z,candidate
Ugx2ATiq8nBaU66g1EF4AaABAg,G7L1Hi5wRv8,Nice ❤,5,2025-09-21T11:16:07Z,candidate
UgwKVMGo1NY736ywrnN4AaABAg,G7L1Hi5wRv8,👌,15,2025-09-21T05:18:50Z,candidate
UgysvebqUQSM4IfmelZ4AaABAg,G7L1Hi5wRv8,Very superb 📷😊❤,1,2025-09-20T15:17:58Z,candidate
UgzVHssYoeovdw0dOe14AaABAg,G7L1Hi5wRv8,Degan fruet swad ma kewu lage Ben?,2,2025-09-20T14:41:35Z,candidate
Ugwz9P5Dd3OJIsjZszl4AaABAg,G7L1Hi5wRv8,Todi pagal jese sare natak karti hai,1,2025-09-20T11:31:07Z,candidate
UgznRSwDjXfzIHmKPrp4AaABAg,G7L1Hi5wRv8,❤️❤,2,2025-09-20T09:38:50Z,candidate
UgztFVkQCBa2hlHuixR4AaABAg,G7L1Hi5wRv8,Tamara pati su kam kare che,4,2025-09-20T08:39:39Z,candidate
UgzGa8-R47yrFWI1MSZ4AaABAg,G7L1Hi5wRv8,"Hi..
Mane strawberry plant ni idea aapjo ne..",21,2025-09-20T08:28:14Z,candidate
UgzHKlYRGHinCC-l-pl4AaABAg,G7L1Hi5wRv8,Tame shu vavyu tu to dragon fruit aavya,1,2025-09-20T07:55:50Z,candidate
Ugy9uiNZv2LyN8D_zDd4AaABAg,G7L1Hi5wRv8,"White dregan fruit vadhare healthy chhe 
Aatle e vavo",1,2025-09-20T07:30:27Z,candidate
Ugw1N_DZZ2MxZrnpXh94AaABAg,G7L1Hi5wRv8,Saras didi 👍,3,2025-09-20T06:26:32Z,candidate
UgwYbGu3ezH4w7OsOSR4AaABAg,G7L1Hi5wRv8,Kub sars jalpa ben 😊😊😊 fast comment pin me,6,2025-09-20T04:43:27Z,candidate
UgwkRqcWgkNfYUxcvEx4AaABAg,InEEjTP6moU,❤🎉🎉❤🎉❤🎉❤🎉❤🎉❤🎉❤🎉❤❤,0,2026-07-23T15:56:08Z,candidate
Ugz3Jy6zz3kRKiQb4rB4AaABAg,InEEjTP6moU,Jay murlidhar bhai,0,2026-04-05T03:16:22Z,candidate
UgwUr5tMgI51s_U24_h4AaABAg,InEEjTP6moU,Jay dwarkadhish Bhai,0,2026-03-30T07:34:11Z,candidate
UgwstCVCqe-LTXpzDBB4AaABAg,InEEjTP6moU,❤❤❤,1,2026-03-29T16:37:10Z,candidate
UgyY_pIXUomLzYyOvQp4AaABAg,InEEjTP6moU,Tamaru gam kukashvadha thi adar ni saidh ma aave ke magarol choravadh haivd upar aave bhai kem ke hu aaj magarol thi veraval java a rodhe thi st ma nikalo to pan no tamara gam nu patiyu aavu ke no gam aavu bhai,0,2026-03-29T15:19:17Z,candidate
UgyJKFIDtr1P29NmxFB4AaABAg,InEEjTP6moU,Tamari vat 100 taka sasi che pan pabalik ne vak ja kadhava hoy to su karavu bhai,0,2026-03-29T15:13:24Z,candidate
UgwVfjAfv-XIFAN0RkN4AaABAg,InEEjTP6moU,Ram Ram ne sitaram,0,2026-03-29T15:11:36Z,candidate
Ugy1PR0hWVqZdpwvdrB4AaABAg,JLX0sxxvbGU,Mari channel ne saport karjo please 🙏 😢,0,2026-02-06T14:52:27Z,candidate
UgyxOgSNXJo2xHvWzjF4AaABAg,JLX0sxxvbGU,Jay Swaminarayan,0,2024-09-04T01:22:23Z,candidate
UgzMLfD0_dcNCJQcsEV4AaABAg,JLX0sxxvbGU,Jay Swaminarayan,0,2024-08-18T09:23:42Z,candidate
UgxEH08KVtYjSoFkOTZ4AaABAg,JLX0sxxvbGU,Mandi,0,2024-08-15T15:29:40Z,candidate
UgzcMjTm0A27jl3pQbB4AaABAg,JLX0sxxvbGU,Mandi se,0,2024-08-03T03:38:28Z,candidate
Ugx0W6FdrLQ8fXruyRB4AaABAg,JLX0sxxvbGU,Mare sadi dhundho gamde karvo che,0,2024-08-01T03:11:03Z,candidate
Ugz5DgIbPWFrSNst95B4AaABAg,JLX0sxxvbGU,Mare rokan karvu che sadi,0,2024-08-01T03:08:40Z,candidate
UgxvTnp4Y-1R61z8U8N4AaABAg,JLX0sxxvbGU,Chetan Bhai madi che WhatsApp number aapo,0,2024-08-01T03:07:32Z,candidate
UgyFFFvaDGLhohPSl0R4AaABAg,JLX0sxxvbGU,Mandi chale che bhai,0,2024-07-25T13:06:45Z,candidate
Ugxjc1bDrs7bITbr5qB4AaABAg,JLX0sxxvbGU,Mandi pan Mandi ni moj che,0,2024-07-20T15:40:08Z,candidate
UgzFff5zPDYwkDNo5yN4AaABAg,JLX0sxxvbGU,Maja aave,0,2024-07-10T17:35:05Z,candidate
Ugzt2ifMmN5QRgcRgsx4AaABAg,JLX0sxxvbGU,"વાવ
અમને
Blok
જોવાની
Maja aave",1,2024-07-10T17:34:41Z,candidate
UgyEBApx1Bf6BCYKO5Z4AaABAg,JLX0sxxvbGU,Mandi chale bhai,0,2024-07-10T16:34:38Z,candidate
UgxbMMjOMmE8ysTdzsR4AaABAg,JLX0sxxvbGU,Dhruvisha raval surat,1,2024-06-18T12:41:15Z,candidate
Ugz7tYzpzZbCusG2lNF4AaABAg,JLX0sxxvbGU,Bhai me subscribe kryu,0,2024-06-17T09:06:11Z,candidate
Ugx_lZRy4S4S1ryCwP14AaABAg,JLX0sxxvbGU,Jay swaminarayan,1,2024-06-16T16:17:39Z,candidate
UgzGYBgdNMlGfJpYW_B4AaABAg,JLX0sxxvbGU,Mandi chi bhi,0,2024-06-15T17:35:49Z,candidate
UgyvmRXR5tCae5Dx1s14AaABAg,JLX0sxxvbGU,Jayshwaminarayan,0,2024-06-15T11:44:33Z,candidate
UgwsVgfLaWox60vmFQd4AaABAg,JLX0sxxvbGU,Te teji,0,2024-06-15T03:44:29Z,candidate
UgyGiihT1hAGQOn3qZZ4AaABAg,JLX0sxxvbGU,Mandi,1,2024-06-15T03:31:45Z,candidate
UgyFPDi43SnO3YPygrp4AaABAg,JLX0sxxvbGU,Jay yogeshwar bhai hu svadhiyay parivar mathi su chhelana prithvi,1,2024-06-14T15:09:01Z,candidate
UgxfRtGCKMyumILTh8B4AaABAg,JLX0sxxvbGU,Tumhari bhabhi so cute❤,0,2024-06-14T11:42:18Z,candidate
UgxZT7w81wLHRPhkrJB4AaABAg,JLX0sxxvbGU,Jay Swaminarayan,0,2024-06-14T10:45:57Z,candidate
Ugz34_dgTkWn1lYsLY54AaABAg,JLX0sxxvbGU,Aarsh mendapara surat,0,2024-06-14T10:10:52Z,candidate
UgzGfo7EtVELrNXFcAN4AaABAg,JLX0sxxvbGU,Rohan dabh,0,2024-06-14T09:39:46Z,candidate
UgyitstPUaREETKi33d4AaABAg,JLX0sxxvbGU,Gamde thi chash aavi hoi atle botal ma bhareli hoi 😊,3,2024-06-14T09:26:49Z,candidate
Ugx8sZ7wGG5uVdawBE54AaABAg,JLX0sxxvbGU,Ek tha tiger,0,2024-06-14T09:22:41Z,candidate
UgzwTQJNr_OCdJRP0Rp4AaABAg,JLX0sxxvbGU,Jay shree swaminarayan 🙏,0,2024-06-14T08:58:48Z,candidate
Ugx9oRTV8mxXXXQ7MFp4AaABAg,JLX0sxxvbGU,Sapna kya che😮,0,2024-06-14T08:55:31Z,candidate
UgzpMTzG1XwrOBYsXgl4AaABAg,JLX0sxxvbGU,Jay shree swaminarayan,1,2024-06-14T08:21:01Z,candidate
UgyWbSHMCWGUcAb2gMF4AaABAg,JLX0sxxvbGU,Hu pn Surat ma j 6u amare pn mdi j 6,0,2024-06-14T08:16:24Z,candidate
UgzygvFdisL9bMxavFN4AaABAg,JLX0sxxvbGU,Full teji,0,2024-06-14T08:16:13Z,candidate
Ugw-gDZy9iXlJixkIRp4AaABAg,JLX0sxxvbGU,Jay swaminarayan,0,2024-06-14T08:16:07Z,candidate
UgyBgKJfKQl8GHzUxEB4AaABAg,JLX0sxxvbGU,Jay swaminarayan,0,2024-06-14T08:15:43Z,candidate
Ugxdtje4YlE85Cztzad4AaABAg,JLX0sxxvbGU,Jay swaminarayan,0,2024-06-14T08:13:43Z,candidate
UgwipUkDnPV3FqhyTNV4AaABAg,JLX0sxxvbGU,Behind,0,2024-06-14T08:12:51Z,candidate
UgyaaVvAXbqR4ggh6714AaABAg,AMCrWebHX9s,❤️baa.ni.moz.to.baa.ni.moz.,0,2026-08-10T10:56:58Z,candidate
Ugxs0_sqIsfZAg8VmRV4AaABAg,AMCrWebHX9s,😂batobacheho,0,2026-08-10T06:26:36Z,candidate
UgypvnyN6t78cGj0bZV4AaABAg,AMCrWebHX9s,Baa.ni.boli.bhagwan.ni.vani.chai.,0,2026-08-05T16:16:16Z,candidate
Ugx7GPOWlKJa7EtiGkh4AaABAg,AMCrWebHX9s,😂,0,2026-08-05T15:44:40Z,candidate
UgxrXRjzDy3QWQnYAKN4AaABAg,AMCrWebHX9s,😂😂😂😂😂😂😂😂😂😂😂😂😂😂😂😂😂,0,2026-08-01T14:38:45Z,candidate
UgynLK3GI7R4Hxr36o14AaABAg,AMCrWebHX9s,❤❤❤❤❤❤❤❤❤❤❤❤,0,2026-07-30T07:05:35Z,candidate
Ugx40mbEe1JNES8PPlB4AaABAg,AMCrWebHX9s,Bapre 😂ba to jordar છે 😂,0,2026-07-28T06:14:57Z,candidate
UgwrAIvKHtGL9wAVS3N4AaABAg,AMCrWebHX9s,❤❤❤❤❤❤❤,0,2026-07-26T09:33:42Z,candidate
UgxnDnp7tuoOAzQ2mzd4AaABAg,AMCrWebHX9s,Va dadi,0,2026-07-20T13:54:54Z,candidate
Ugyoabizg7WEI7ZRjel4AaABAg,AMCrWebHX9s,😂😂😂😂😂😂😂😂😂😂😂😂😂😂,0,2026-07-14T18:07:17Z,candidate
Ugz-ljTnqbw3vO8iBvV4AaABAg,AMCrWebHX9s,🎉🎉🎉🎉🎉🎉🎉🎉🎉🎉🎉🎉🎉🎉🎉🎉🎉🎉,0,2026-07-14T04:37:09Z,candidate
Ugytr8tF7T_4vr1RMXR4AaABAg,AMCrWebHX9s,🙏🙏🙏🙏🙏🙏🙏🙏🙏😂😂😂😂😂,0,2026-07-13T20:27:17Z,candidate
Ugw9OVeGd3wuhbmlOXh4AaABAg,AMCrWebHX9s,ok,0,2026-07-04T14:42:35Z,candidate
Ugz-7pE5kN4wg0hhY354AaABAg,AMCrWebHX9s,❤,0,2026-06-05T14:52:07Z,candidate
UgzVIi8m7bQTCrVUQTF4AaABAg,AMCrWebHX9s,😂,0,2026-05-24T16:45:10Z,candidate
UgyfCN4Kt3RhaQkfw794AaABAg,AMCrWebHX9s,Jai maa,0,2026-05-14T17:14:09Z,candidate
UgyTItj89uZI8uB9ZQV4AaABAg,AMCrWebHX9s,Xbbbhfnh H,0,2026-04-26T07:19:57Z,candidate
Ugw0f5PXRQHgc197H_94AaABAg,AMCrWebHX9s,😂😂😂😜,0,2026-04-23T14:37:33Z,candidate
UgzzA4Mev24Z8gOL3I94AaABAg,AMCrWebHX9s,😂😂,0,2026-04-09T16:48:35Z,candidate
UgxugdL8rZP_999Bs5F4AaABAg,AMCrWebHX9s,Very good baa😂😂😂,0,2026-02-16T14:26:51Z,candidate
UgxkjjAdAABppWBhvTB4AaABAg,AMCrWebHX9s,😂😂😂,0,2026-02-02T10:06:33Z,candidate
Ugx8t2o6nQ97Kqn9mDh4AaABAg,AMCrWebHX9s,Khubsurat man khubsurat 💚🤍🧡🇮🇳🙋,0,2026-01-29T07:52:40Z,candidate
UgwQuXymvQKRwrd7opt4AaABAg,AMCrWebHX9s,Ba to ba che ho baki ❤❤❤❤❤❤❤❤,0,2026-01-27T15:46:30Z,candidate
UgwmIqpU1bfpjTtK2R54AaABAg,AMCrWebHX9s,Bahu sarsh video vadilo sathe aavi vinod karvi seva karvi jay mataji,0,2026-01-23T08:41:30Z,candidate
UgyTxQJTnS8KgQyGDL54AaABAg,AMCrWebHX9s,Sachu madi jay shri krishna,0,2026-01-21T06:31:00Z,candidate
UgxVOAEOHnooYHeOeu54AaABAg,AMCrWebHX9s,❤,0,2026-01-20T00:46:35Z,candidate
Ugw_3KEypy9qGY3imPh4AaABAg,AMCrWebHX9s,Khavanth joytu😅,0,2026-01-19T19:20:42Z,candidate
UgwG6CoiO14-nE0l5554AaABAg,AMCrWebHX9s,😂😅,0,2026-01-13T09:49:40Z,candidate
Ugz_cZVp-341dPndcKh4AaABAg,AMCrWebHX9s,❤,0,2026-01-04T18:16:35Z,candidate
Ugy0yf4q81CUgM2n_nJ4AaABAg,AMCrWebHX9s,Jay shri krishan 🙏🙏🙏,0,2026-01-01T12:10:07Z,candidate
Ugz6n9USzkpnCKp6hZl4AaABAg,AMCrWebHX9s,❤❤❤❤❤❤❤❤❤❤❤❤❤❤❤❤❤❤❤❤❤❤❤❤❤❤❤❤❤❤❤❤❤❤❤❤❤❤❤❤,1,2025-12-24T16:54:15Z,candidate
UgxP2AgNy1GtgUAGhSN4AaABAg,AMCrWebHX9s,Wow Super  Dadi😅😅,0,2025-12-05T11:44:44Z,candidate
UgwTe_M9W-mNRJFyZcJ4AaABAg,AMCrWebHX9s,❤️,0,2025-12-04T04:54:27Z,candidate
UgwRiK4kQlY6lKZMDnp4AaABAg,AMCrWebHX9s,JAI ho....... JAI ho........🎉🎉🎉🎉🎉🎉🎉🎉🎉🎉🎉❤❤❤❤❤❤❤❤❤❤❤❤,0,2025-11-29T16:33:10Z,candidate
UgytfkbN3_XhQ1AOO8Z4AaABAg,AMCrWebHX9s,JAI MATAJI JAI SHREE KRISHNA JAI SHREE RAM 🎉🎉🎉🎉🎉🎉🎉🎉🎉❤❤❤❤❤❤❤❤❤❤❤❤❤❤❤❤,0,2025-11-29T16:32:45Z,candidate
UgzWSKqCO96FJShbzQ14AaABAg,AMCrWebHX9s,Very nice family,0,2025-11-29T05:37:27Z,candidate
Ugwvf3mqXmmnLsN_E094AaABAg,AMCrWebHX9s,Good❤,0,2025-11-27T14:00:03Z,candidate
UgwXX1zkUe0lELfE2Uh4AaABAg,AMCrWebHX9s,❤😊,0,2025-11-22T01:46:01Z,candidate
UgwA53flTGlAUhQiSqx4AaABAg,AMCrWebHX9s,Medical Jay Shri Krishna Radhe Radhe har har Mahadev har har Mahadev Babu comedy Kare maja Gujarati comedy,0,2025-11-20T07:25:20Z,candidate
UgzAG_8UxvBUWR8YCuJ4AaABAg,AMCrWebHX9s,Goodfamily.thishomeislikehaven,0,2025-11-19T10:47:08Z,candidate
Ugx3vATeSQJufrBMgaF4AaABAg,AMCrWebHX9s,❤😃,0,2025-11-14T15:52:21Z,candidate
UgxmG72moDjmcBETpUF4AaABAg,AMCrWebHX9s,बा ने प्रणाम बा बोव खाटा छे,0,2025-11-11T06:45:37Z,candidate
UgyxYq-4ZEr0Nr3V-Wx4AaABAg,AMCrWebHX9s,😂😂😂😂😂,0,2025-11-07T10:42:26Z,candidate
UgzS9O-HYwBk9nCvfcZ4AaABAg,AMCrWebHX9s,😂😂😂😂,0,2025-11-03T09:16:12Z,candidate
UgwIOq6-gs1V0krwcAJ4AaABAg,AMCrWebHX9s,Good 👍,0,2025-10-29T04:42:06Z,candidate
UgwzS1cp61wAtngvOhJ4AaABAg,AMCrWebHX9s,Bas ghar ma aatli hasi khushi joiye ❤😊to aya j swarg chhe 🙏,0,2025-10-29T04:26:48Z,candidate
UgwbsVGeTceDlXh4s3B4AaABAg,AMCrWebHX9s,Very nice maa😂😂,0,2025-10-26T09:32:29Z,candidate
Ugwh4TPO15JKYNKDUOp4AaABAg,AMCrWebHX9s,😂😂😂😂😂😂,0,2025-10-22T14:49:44Z,candidate
UgxvNbDYJHNPPcgnY3N4AaABAg,AMCrWebHX9s,😂😂😂😅😅😅,0,2025-10-19T17:41:54Z,candidate
UgxoFjZuMzjp9vgAvTZ4AaABAg,AMCrWebHX9s,❤❤❤❤❤❤❤❤❤❤🎉🎉🎉🎉🎉🎉,0,2025-10-17T16:55:58Z,candidate
UgwRRMYu4PnzjeG5LPp4AaABAg,AMCrWebHX9s,"बा, तो, नेवुं, वर्ष नालागेछे"".घरमा ऐक, वडिल होय, तोय आखो, परीवार, खुश, रहेतो, होय छे। , वृद्धो, अनुभवनी खाण, कहेवायछे। जेघरमांवृधौहोयछे। तेघरमां,सुख, शांति अवश्य होयछे।।",0,2025-10-17T16:16:10Z,candidate
UgyAbRkDVEAhBRJ0Ny54AaABAg,AMCrWebHX9s,❤❤❤❤❤👌👌👌👌👌👌👌,1,2025-10-14T07:57:54Z,candidate
UgyKKZhfusxQXM1MeQt4AaABAg,AMCrWebHX9s,Good,0,2025-10-12T02:09:59Z,candidate
Ugx2eg0bZeF43Lw4Tmt4AaABAg,AMCrWebHX9s,Sachi vaat che baa❤❤❤❤,0,2025-10-10T22:34:16Z,candidate
UgxcDKzkTypxrb428aF4AaABAg,AMCrWebHX9s,Yes,0,2025-10-08T05:31:55Z,candidate
UgzSyX-UUO6W-qXdWvR4AaABAg,AMCrWebHX9s,😂,0,2025-10-07T18:54:52Z,candidate
UgxQPALNWacBpBBPAqN4AaABAg,AMCrWebHX9s,Doshi to bolavanu bhun j nathi,0,2025-10-06T09:01:21Z,candidate
UgwTiWMhT93xrK2s6SZ4AaABAg,AMCrWebHX9s,Good dadi,0,2025-10-03T13:16:31Z,candidate
UgwP75zmS4tY_g4tlvB4AaABAg,AMCrWebHX9s,❤❤❤,0,2025-09-27T19:46:38Z,candidate
UgxopR4An0rPtb80i7h4AaABAg,AMCrWebHX9s,Wa ba,0,2025-09-12T16:27:48Z,candidate
Ugxvsk5tlI7I_BPoGI14AaABAg,AMCrWebHX9s,😂😂,0,2025-09-12T15:43:00Z,candidate
UgxlssmOFIoNbuCEvzN4AaABAg,AMCrWebHX9s,❤❤❤😂,0,2025-09-10T14:41:06Z,candidate
UgxzfAhLjM7HjWXPOZh4AaABAg,AMCrWebHX9s,❤️,0,2025-09-09T08:13:30Z,candidate
Ugz4eYl6wkbAWLHfnhZ4AaABAg,AMCrWebHX9s,Nice,0,2025-09-08T18:58:45Z,candidate
Ugx729qAmzmPHJ7Fzzx4AaABAg,AMCrWebHX9s,Good ❤,0,2025-09-03T18:14:38Z,candidate
Ugw93UtwJu3ulb7VOvV4AaABAg,AMCrWebHX9s,🎉❤🎉❤🎉❤🎉🎉❤🎉❤❤❤,0,2025-09-02T08:42:15Z,candidate
UgyL85lJwsT7czuviP14AaABAg,AMCrWebHX9s,😅😂❤,2,2025-09-01T08:22:14Z,candidate
UgxvTyVffFWIh6VP2vZ4AaABAg,AMCrWebHX9s,Jogmaya mataji sukhi rakhe ben ba,0,2025-08-31T15:02:44Z,candidate
UgxC8WsS1MBV6MchQ9V4AaABAg,AMCrWebHX9s,Vs 😂🤣🤘🧠🔥😹😎,0,2025-08-31T08:39:26Z,candidate
UgxiNa4i228hThEkbLt4AaABAg,AMCrWebHX9s,ખૂબ majana BAA છે ❤,0,2025-08-28T06:12:32Z,candidate
UgwUl9DywtdM2H9eUeV4AaABAg,AMCrWebHX9s,Atali badhi khusi family par bhagavan ni Krupa  ashirvad hamesha rahe evi Mari prathana chhe atalu badhu vadil nu sanman rakhe chhe ❤,0,2025-08-25T15:46:04Z,candidate
Ugz_JFsqj5MsiqSrEvF4AaABAg,AMCrWebHX9s,😂😂😂😂😂,0,2025-08-25T11:46:56Z,candidate
UgzOX0U0edU1oCirpwh4AaABAg,AMCrWebHX9s,माताजी तमनै राम राम  जय ज य श्री कृष्ण,0,2025-08-25T10:29:38Z,candidate
Ugw9cCNZhXh2t0batpt4AaABAg,AMCrWebHX9s,😂😂😂😂😂😅,0,2025-08-24T06:42:20Z,candidate
UgzNEbalo5Vt-bNILyV4AaABAg,AMCrWebHX9s,😮,0,2025-08-22T17:27:01Z,candidate
UgyoswL3-sb6XdID7Fx4AaABAg,AMCrWebHX9s,❤❤❤❤❤❤❤🙏🙏🙏🙏🙏🙏🙏🙏🙏🙏🌹,0,2025-08-22T04:30:29Z,candidate
Ugx8qjwMJsnxrKq7Uc54AaABAg,AMCrWebHX9s,Ba is so cute❤,0,2025-08-21T18:55:57Z,candidate
UgwOFX1B7Rb2XdRj-Qd4AaABAg,AMCrWebHX9s,Ba. Pan ba che ho😂😂😂😂,0,2025-08-21T11:33:29Z,candidate
UgxMR5eZwkldcxeMoBl4AaABAg,AMCrWebHX9s,🤭😂😂😂🤣🤣🤣😅👏🏻👏🏻👏🏻👏🏻👏🏻👏🏻👏🏻👌🏻👌🏻👌🏻👌🏻👌🏻👌🏻👌🏻,1,2025-08-19T11:17:20Z,candidate
Ugx1tijkvTyTDTR0C6l4AaABAg,AMCrWebHX9s,Good ❤dadi,0,2025-08-17T12:10:23Z,candidate
Ugw1wkreBBGN6Ifq-TZ4AaABAg,AMCrWebHX9s,Very nice dadi 😀😀😀😀😀😀,0,2025-08-12T19:45:24Z,candidate
Ugxfe7gudjhQzuXiv-V4AaABAg,AMCrWebHX9s,❤️nice dadi,0,2025-08-11T14:43:59Z,candidate
UgwYlzQtVJoORVcZs2l4AaABAg,AMCrWebHX9s,😂😂😂😅❤❤❤❤,0,2025-08-07T16:10:02Z,candidate
UgzYsU0K61CpNV53oIJ4AaABAg,AMCrWebHX9s,😂,0,2025-08-06T10:49:47Z,candidate
UgyttTc74yFkIaF11Lt4AaABAg,AMCrWebHX9s,😁😁👌,0,2025-08-05T17:28:01Z,candidate
UgyhgqgAbV58vMOMwxB4AaABAg,AMCrWebHX9s,Dadima,0,2025-08-04T15:45:00Z,candidate
UgwEZwYSDwpRQdkXyzZ4AaABAg,AMCrWebHX9s,Happy family,0,2025-08-03T14:41:40Z,candidate
UgxcWXcea6TsCxUIpsx4AaABAg,AMCrWebHX9s,❤❤❤❤,0,2025-08-03T11:14:01Z,candidate
UgxzgmVus64UROkqkdh4AaABAg,AMCrWebHX9s,👆 Aa vedio clip me lagbhag 150 vakhat joi hase majaaaaa j aave chhe m that k haji joi kav so funny baa 🙏🙏🙏khub khub jivo baa,0,2025-08-02T13:19:23Z,candidate
Ugy4INrQmO9Jk_GuGxB4AaABAg,AMCrWebHX9s,😂😂😂😂,0,2025-07-29T14:03:39Z,candidate
UgymrrIlWbVZBobAvdt4AaABAg,AMCrWebHX9s,😂😂😂,0,2025-07-28T17:09:30Z,candidate
UgxBui8OnkI_e_yhBO14AaABAg,AMCrWebHX9s,डोसी ए पण आ था करयु हतु आखी जिंदगी,1,2025-07-28T13:11:01Z,candidate
UgyAqrt98OOqpwVK0Qh4AaABAg,AMCrWebHX9s,Verry nice😂😂😂,0,2025-07-25T05:40:11Z,candidate
UgwmM5alyd1Zd2nCuNt4AaABAg,AMCrWebHX9s,Nice 😂😂,0,2025-07-23T13:04:12Z,candidate
UgyR2lwrHCjje-FEntl4AaABAg,AMCrWebHX9s,Nice family cute dadi baa 🙏🙏🚩 mahadev har 🚩🙏 jay mataji jay meldi ma ni 🙏🙏❤❤🌹🌹🇮🇪🇮🇪,0,2025-07-21T18:12:02Z,candidate
UgwJ1SKSgB4CLH8WUu14AaABAg,AMCrWebHX9s,SIDDHRAJ DESAI KING,0,2025-07-21T16:24:00Z,candidate
UgzdCv5URHj2COCDG2p4AaABAg,AMCrWebHX9s,😂😂😂😂😂😂😂👌👌👌👌👌,0,2025-07-21T06:57:14Z,candidate
UgxRAAWoCmNUPx-i0AB4AaABAg,AMCrWebHX9s,Ba Maja avi gayi😂😂😂❤❤,0,2025-07-20T05:13:46Z,candidate
UgwF3Fj4y7v9Af5eFml4AaABAg,AMCrWebHX9s,Baa❤❤❤❤❤❤,0,2025-07-18T08:41:28Z,candidate
UgykZeasfPUbc56fzAZ4AaABAg,AMCrWebHX9s,❤,0,2025-07-18T08:40:47Z,candidate
UgyRp0Mgk-Vc0zSqrxh4AaABAg,AMCrWebHX9s,Ha ha baa 😅,0,2025-07-18T04:35:35Z,candidate
UgzPGFRC-9bg_iwighl4AaABAg,AMCrWebHX9s,"""Naa kare to kya jaa"" & ""tari maa krva ave kam"" is not joke. I totally respect elders and we should but they should also understand how to speak with daughter in laws and appreciate them for their dedication for your son and family.",0,2025-07-17T15:00:08Z,candidate
UgxeDk6ZpYUATjbR_cp4AaABAg,AMCrWebHX9s,Hi,0,2025-07-17T14:19:22Z,candidate
UgxHS4KRSsWtN5A5NKh4AaABAg,AMCrWebHX9s,Ba A barobar kidhu😂😂😂❤,0,2025-07-16T02:28:51Z,candidate
UgzAaQ4vfY0uWsfqN8l4AaABAg,AMCrWebHX9s,Good 😂😂😂😂😂,0,2025-07-15T15:32:49Z,candidate
UgyUL7zYX7-xmTE3H-t4AaABAg,AMCrWebHX9s,Baa  bahu cute che,0,2025-07-14T16:50:40Z,candidate
UgzS40q-j1YtnWDgaWp4AaABAg,AMCrWebHX9s,बाश्री को दिल से नमन है...सबकुछ सच बोलेंगे ही,0,2025-07-14T02:48:07Z,candidate
UgxI5QUMS3A-mtloTtt4AaABAg,AMCrWebHX9s,😂😂😂😂😂😂😂😂😂😂😂❤❤❤❤❤❤,1,2025-07-13T14:21:17Z,candidate
UgywexmB1MVeeIULYk54AaABAg,AMCrWebHX9s,Mari dadi,0,2025-07-13T09:44:12Z,candidate
Ugx-EZy0cnNbamD6B2x4AaABAg,AMCrWebHX9s,Aaje ba full mood ma chhe,0,2025-07-12T03:14:05Z,candidate
UgyUii896J2XB_9aBx54AaABAg,AMCrWebHX9s,Happy family 🎉❤🎉❤🎉❤,0,2025-07-10T12:15:32Z,candidate
Ugzl3OMnm4RmuYZ8f2N4AaABAg,AMCrWebHX9s,Baa rock.,0,2025-07-01T04:50:20Z,candidate
UgzJ7YU1NUZX9NZ40jB4AaABAg,AMCrWebHX9s,❤❤❤❤❤❤❤❤❤❤❤❤❤,1,2025-06-26T09:19:58Z,candidate
UgylvPO2NBxfAA1BWL94AaABAg,AMCrWebHX9s,Jay surapura dada Jay mataji Jay,1,2025-06-18T08:08:49Z,candidate
UgyhacsyciQ2maygjkl4AaABAg,AMCrWebHX9s,How real typical and religious old people survive still happily 😮😢😊,0,2025-06-16T09:53:44Z,candidate
Ugx96iJiwXjs2-_zTbF4AaABAg,AMCrWebHX9s,Vaa baa vaa,0,2025-06-14T17:14:01Z,candidate
UgzXsBpfaDaI2Rm1i614AaABAg,AMCrWebHX9s,😢❤🎉dabi,0,2025-06-13T16:28:38Z,candidate
Ugy220fuuKMXkvQ3_k14AaABAg,AMCrWebHX9s,Cute baa  aa baa jevaj mara baa che aavuj bole che 🤩♥,5,2025-06-09T05:58:54Z,candidate
UgxR23-I0LdNAQfgd1x4AaABAg,AMCrWebHX9s,😊😊😊😊,0,2025-05-29T08:51:07Z,candidate
UgyScUin6IROy5UxYkl4AaABAg,AMCrWebHX9s,Beta Tamara jevi dikri bhagvan bathane aape 🙏🙏🙏,0,2025-05-22T15:11:30Z,candidate
UgyaNaBoBbxzxRGifZ54AaABAg,AMCrWebHX9s,So best dadi❤❤,0,2025-05-17T08:59:24Z,candidate
UgxfCJo0egWE7_fcmqd4AaABAg,AMCrWebHX9s,🔥🔥,0,2025-05-09T17:23:54Z,candidate
UgwlETLOcVXaS9Kj4ul4AaABAg,AMCrWebHX9s,😂😂😂😂,0,2025-05-03T18:18:39Z,candidate
Ugxhwpx451eeDDLoKIF4AaABAg,AMCrWebHX9s,😂😂😂😂,0,2025-05-02T15:01:44Z,candidate
Ugx7axPlAgZYoFGybuJ4AaABAg,AMCrWebHX9s,😅😅😅😅😅😅😂😂,0,2025-05-02T12:56:23Z,candidate
UgyHRDtx1WlOGrDYei94AaABAg,AMCrWebHX9s,Bible search comedy kare,1,2025-05-02T07:02:30Z,candidate
UgxVv76zJaPcysV7vdR4AaABAg,AMCrWebHX9s,Bhagyashadi cho k aava Baa tamari pase che,0,2025-05-01T10:29:55Z,candidate
Ugy2AuIwhXrGJD2gQ8R4AaABAg,AMCrWebHX9s,Baa bov game didi ❤❤,0,2025-05-01T08:48:21Z,candidate
UgwUpHgxGnk8g6KtezJ4AaABAg,AMCrWebHX9s,Very nice 🙏Jai shree krishna 🙏,1,2025-05-01T06:00:21Z,candidate
UgwmM95pTF8I3WsFsAh4AaABAg,AMCrWebHX9s,Amara ba avaj hata mast ram😂😂,0,2025-04-29T18:15:49Z,candidate
UgxISJsMVUtYmTX5uuF4AaABAg,AMCrWebHX9s,"Allah ba ne khus rakhe ...aa ghar khub saras hase .. jya vadil hasta hoy ..
Salam",0,2025-04-28T08:55:30Z,candidate
Ugx_7zOmOU6NEpdrtn54AaABAg,AMCrWebHX9s,Ba to roster che,0,2025-04-28T04:08:00Z,candidate
UgwwilxTisE_I7UuEW94AaABAg,AMCrWebHX9s,Bahut achha pariwar hai 🙏🙏💖💖💐💐👌👌,1,2025-04-27T16:19:20Z,candidate
UgyJX3bnjx0KYbDlrYR4AaABAg,AMCrWebHX9s,❤❤❤❤❤,0,2025-04-27T11:55:21Z,candidate
Ugy_GOOtHRmIiCZfvwB4AaABAg,AMCrWebHX9s,❤❤❤❤❤,0,2025-04-27T11:55:16Z,candidate
UgyvHIvrZNQAI_XEMjZ4AaABAg,AMCrWebHX9s,Maa❤,0,2025-04-27T06:40:52Z,candidate
UgxxaeB5kME2bVFNj0R4AaABAg,AMCrWebHX9s,❤❤❤,0,2025-04-26T23:04:15Z,candidate
Ugx0JwQViYBaWn-VO7F4AaABAg,AMCrWebHX9s,Fool Desi video😂,0,2025-04-26T15:49:29Z,candidate
UgwkiSCNFNyoRJLr9nt4AaABAg,AMCrWebHX9s,❤,0,2025-04-26T12:35:13Z,candidate
Ugw8NdIPD5JJipu-RdN4AaABAg,AMCrWebHX9s,❤❤❤❤❤❤😂,0,2025-04-25T11:31:51Z,candidate
UgxgNRkjZwQXI539f6V4AaABAg,AMCrWebHX9s,जय सियाराम ❤,0,2025-04-25T10:14:57Z,candidate
UgxBzN6LVExHjjhh2LN4AaABAg,AMCrWebHX9s,Good ❤❤❤😂😂😂😂😅😅😅😊😊,2,2025-04-24T12:48:55Z,candidate
UgyZORLhgOt0KM3HzoN4AaABAg,AMCrWebHX9s,Suppr funny😂,0,2025-04-22T12:07:04Z,candidate
UgxGW_H1Yad1EyZqSK14AaABAg,AMCrWebHX9s,Very nice 👍,0,2025-04-22T10:35:30Z,candidate
Ugz6ZoifRzYc75qUvxN4AaABAg,QeusjBig8WU,Vahmastdalbanavi❤❤,1,2026-07-29T11:32:26Z,candidate
Ugzyj9nnIBlabGtOro14AaABAg,QeusjBig8WU,😮hjhfduuy😮😮😮😮😮😮,0,2026-07-19T10:12:18Z,candidate
UgzWw7hpuySH93jh1G54AaABAg,QeusjBig8WU,Ta ma ru nam su chee,0,2026-07-12T17:02:04Z,candidate
UgzzqjVr4GHZPNgf6Ex4AaABAg,QeusjBig8WU,Mari fever che,0,2026-06-21T07:34:22Z,candidate
UgyoicpVvJoXBjzLyDZ4AaABAg,QeusjBig8WU,❤🎉😊,1,2026-05-18T06:31:16Z,candidate
UgwhXKaPHM5c1SkDLsV4AaABAg,QeusjBig8WU,Hu rajkot ma rv chu,0,2026-04-22T08:10:40Z,candidate
Ugyt4ajKjCRd326elf94AaABAg,QeusjBig8WU,Hy jalpa di hu Tamara ghare avis,0,2026-04-22T08:09:56Z,candidate
Ugz873B7KCXlSYT2RKl4AaABAg,QeusjBig8WU,Jay  mataji,0,2026-03-22T06:31:39Z,candidate
UgxIRK2XW5fhlcYgkMN4AaABAg,QeusjBig8WU,Video  mast hai❤❤❤,0,2026-02-17T17:39:35Z,candidate
UgyRz9z7vtCsvv9IQ4F4AaABAg,QeusjBig8WU,Video jovana 2 reason chhe ek to gujrati bov saru bolo biju video gamdano chhe je Mane bov game,1,2026-01-28T04:29:04Z,candidate
UgxHegrnafEWXSuMD0F4AaABAg,QeusjBig8WU,Jay shree Krishna,0,2025-12-30T08:48:35Z,candidate
Ugx0Zntc7505DK1Qjsl4AaABAg,QeusjBig8WU,Kokar badalavi nakho jalpa ven,0,2025-12-20T11:28:45Z,candidate
Ugx64RmC_ArqMPBCoEZ4AaABAg,QeusjBig8WU,Ditya and naresh ne su bhave che,0,2025-11-10T14:51:44Z,candidate
UgxfX5LqCiv5CNVRvcJ4AaABAg,QeusjBig8WU,Ben tame akdam alag unic rite video banavo chho jowani maja ave chhe,0,2025-11-01T13:56:44Z,candidate
UgxxcsqurofEtz9t_MR4AaABAg,QeusjBig8WU,❤❤❤❤❤❤❤❤,0,2025-11-01T10:44:09Z,candidate
Ugy5E2WmIGnHFYpyayd4AaABAg,QeusjBig8WU,👌🏼👌🏼👌🏼👌🏼👌🏼👌🏼👌🏼👌🏼👌🏼👌🏼👌🏼👌🏼👌🏼👌🏼👌🏼👌🏼👌🏼,0,2025-10-29T13:58:14Z,candidate
Ugzw-RHHv478rE8VLvl4AaABAg,QeusjBig8WU,WOW!!! Didi tame nareshbhai ane ditya  khub Sara video banavo cho ane aamaj aagal pragati karo tevi prabhu ne prathna ❤😊❤😊❤😊❤😊,0,2025-10-15T04:16:36Z,candidate
UgxUX85ztoPJrYPdPzN4AaABAg,QeusjBig8WU,Hi,0,2025-10-06T04:48:49Z,candidate
UgyzvFHQpWO1S-5YRe54AaABAg,QeusjBig8WU,Tamra video sara hoy che voice pan saro che nice and your daughter is so cute,1,2025-10-05T18:37:45Z,candidate
UgxZKnuLKV1y6sdBTc94AaABAg,QeusjBig8WU,Bov ghati chhe dal,0,2025-10-01T10:30:05Z,candidate
Ugx_VnHqF1zwL0fmEFZ4AaABAg,QeusjBig8WU,Ben table pr na charso pari Josho to pblm,1,2025-09-10T04:07:31Z,candidate
UgyUt2WGmXBGTgcKzXR4AaABAg,QeusjBig8WU,Jay mataji ❤😊😊😊😊😊😊😊😊😊😊,0,2025-09-06T14:04:46Z,candidate
UgydNb9pfVFpU5NSEcV4AaABAg,QeusjBig8WU,❤,1,2025-07-30T08:24:49Z,candidate
Ugy0FSpKbEkoi1cCMM14AaABAg,QeusjBig8WU,❤❤❤❤😍🥰,0,2025-07-24T06:45:56Z,candidate
Ugzgs_GYKmc8cgjNA954AaABAg,QeusjBig8WU,Tamara video bahuj Sara che jalpa ben❤,1,2025-07-22T05:37:11Z,candidate
UgzadF7zoj-KozfjEKF4AaABAg,QeusjBig8WU,😋😋😋😋😋😋😋😋😋,2,2025-07-06T12:17:10Z,candidate
UgwoBuBOy1cF7vAl2iB4AaABAg,QeusjBig8WU,Avi dal no hoi 😂,0,2025-07-02T07:29:47Z,candidate
Ugx4NnP2FNjvS-U0Cqt4AaABAg,QeusjBig8WU,Tamara dada nu fesa revip karo😊,1,2025-06-26T13:26:57Z,candidate
Ugz6dop53VtR7oxQIwN4AaABAg,QeusjBig8WU,Vah mast dal banavi 👌👌👌❤❤❤,20,2025-06-23T09:57:24Z,candidate
UgxKm-OO9nngyc2lef54AaABAg,QeusjBig8WU,Jitiya ke flower Niche,0,2025-06-20T16:44:42Z,candidate
Ugyy1Bl0xlVsvl-SkF94AaABAg,QeusjBig8WU,🌹🙏🌹🙏🌹,0,2025-06-08T10:55:36Z,candidate
UgwJvsIgL64psQ7gmAZ4AaABAg,QeusjBig8WU,❤❤❤,1,2025-06-05T20:18:32Z,candidate
UgwJbF0adXTqbSWvuhd4AaABAg,QeusjBig8WU,Aamari ghre pn aavo blanket che....😊😊,1,2025-04-24T16:03:13Z,candidate
UgwI2ppP09sR9xjtti94AaABAg,QeusjBig8WU,Vadi ni ser karavo ne ek var ❤,1,2025-04-18T07:14:05Z,candidate
UgyhKW6-M3-bJsSbJU14AaABAg,QeusjBig8WU,Tame master chef ma jav bahu speed chhe,0,2025-04-09T11:11:00Z,candidate
UgxNIGTP49txZoRyrLN4AaABAg,QeusjBig8WU,Aap kyathi cho,0,2025-03-25T17:46:38Z,candidate
UgxubjeXDzH1L-Fx8Hh4AaABAg,QeusjBig8WU,Wow❤❤❤❤❤❤❤🎉🎉🎉🎉🎉😅😅😅😅😢😢😢😢😊😊😊😊😊😊😊😊q,0,2025-03-24T14:00:58Z,candidate
UgyIUKKOOUnjUhXPatl4AaABAg,QeusjBig8WU,Tamaru ghar saras che ane cow pan 😊mane cow 🐄 bu game,0,2025-03-07T16:38:50Z,candidate
Ugxw9gUvRV8dJsT2xmF4AaABAg,QeusjBig8WU,Jay mataji ❤❤❤,7,2025-02-25T10:37:31Z,candidate
Ugw-XPUpF3p_gw6pJat4AaABAg,QeusjBig8WU,Are yaar aa sada char vage kon randhe,0,2025-02-20T16:04:08Z,candidate
UgwlTyhi4FR45_Bf0MB4AaABAg,QeusjBig8WU,Wow,1,2025-01-29T05:34:32Z,candidate
Ugw9LvjJgH2vJ29Ugn54AaABAg,QeusjBig8WU,Must trade Banavie,1,2025-01-28T07:59:05Z,candidate
Ugxg838awRvXBztysdl4AaABAg,QeusjBig8WU,❤❤❤,1,2025-01-27T14:51:18Z,candidate
UgxSCZtYzXQhMb4sv7F4AaABAg,QeusjBig8WU,mastttttt.....🤤😋,1,2025-01-26T07:16:20Z,candidate
Ugx7Kpl4POEKssKX2M54AaABAg,QeusjBig8WU,Wow,1,2025-01-18T14:06:44Z,candidate
Ugwtsh2ftC0EhPinRl54AaABAg,QeusjBig8WU,❤Hi,1,2025-01-13T05:00:34Z,candidate
UgxjHTmEBF1efGBbPvp4AaABAg,QeusjBig8WU,Pa6d watch'ma 4:30 thay che tme aatlu velu jmva banavo,1,2025-01-10T14:11:56Z,candidate
UgysR0XPo4q-dBqQflp4AaABAg,QeusjBig8WU,Vah mast mast adad ni fal,1,2025-01-10T03:34:31Z,candidate
UgyNsuTZpSaKiaj4fTx4AaABAg,QeusjBig8WU,Sarasben,1,2025-01-08T16:40:39Z,candidate
Ugyif1aeJR3s9mcWNGl4AaABAg,QeusjBig8WU,Dal no gami ben,0,2025-01-08T11:15:30Z,candidate
UgzCZ25iTyokqSTvokF4AaABAg,QeusjBig8WU,Nice di,1,2025-01-06T16:33:07Z,candidate
UgyLjtsOelTDJyGP6md4AaABAg,QeusjBig8WU,"Good morning sis 
Jay dwarkadhish sis 
Jay mogal ma sis",3,2024-12-31T01:40:00Z,candidate
UgxR2buA4QiPeXY1tSJ4AaABAg,QeusjBig8WU,Super 👌😋,0,2024-12-29T11:41:52Z,candidate
UgwWeryp2_KDBLi0RbV4AaABAg,QeusjBig8WU,Ben ak var vaghar karya vagar try karjo...,0,2024-12-29T08:12:00Z,candidate
Ugz8p3hwraE_RQUGBWZ4AaABAg,QeusjBig8WU,Adab ni dal thodi vadhare thick  che.aa dal   ( thin)patali  sari lage.,7,2024-12-27T07:31:53Z,candidate
UgxKTYhc-hHv6NIiSAN4AaABAg,QeusjBig8WU,Jay Randal maa ❤,6,2024-12-25T19:13:16Z,candidate
UgxCeCniay3imDnlkxZ4AaABAg,QeusjBig8WU,❤❤❤❤❤❤❤❤❤❤❤,2,2024-12-25T07:42:50Z,candidate
UgwzUfeHXXJ9yX7OcOR4AaABAg,QeusjBig8WU,Tamaru gam nu name su che jalpa ben,3,2024-12-25T07:38:03Z,candidate
UgxDqybBtYoHb_p14pV4AaABAg,QeusjBig8WU,Nice video 👍,5,2024-12-25T03:12:20Z,candidate
UgzMQfCYXCxs1AoswMh4AaABAg,QeusjBig8WU,❤❤❤❤,3,2024-12-25T00:22:39Z,candidate
UgyiEF5XAXenlXX9oPB4AaABAg,QeusjBig8WU,Thank for 2 subscribber😢😢❤❤,4,2024-12-24T18:15:59Z,candidate
UgyHjsCnEX1RsjRMZrx4AaABAg,QeusjBig8WU,Tamara video ane vlog sara hoy che pan thoda mota banavo,1,2024-12-24T17:03:46Z,candidate
UgxnwDDoA8Zx9f7voL54AaABAg,QeusjBig8WU,❤,2,2024-12-24T16:49:08Z,candidate
Ugw7cQr1vje-iVPtUc54AaABAg,QeusjBig8WU,Aap kidhr se ho😮😊,3,2024-12-24T16:13:40Z,candidate
UgyP42fh-h5rQ0PObqh4AaABAg,QeusjBig8WU,Aap khare te ho,2,2024-12-24T16:13:09Z,candidate
UgwAAt3ahnL9EAZC5XZ4AaABAg,QeusjBig8WU,wah 🥙🥙wow,2,2024-12-24T15:40:21Z,candidate
Ugx_tNE65hwrexwQ_hd4AaABAg,QeusjBig8WU,Aa dal banae evi kadai Amara ghr chhe 😊Ben,3,2024-12-24T10:44:47Z,candidate
UgzuMxcth13yp27488t4AaABAg,QeusjBig8WU,Aamne Nadi bav ti,1,2024-12-24T10:42:24Z,candidate
UgyG026BBuUxm9Gp5fd4AaABAg,QeusjBig8WU,My favrot🙂,2,2024-12-24T10:06:59Z,candidate
UgwEqso1sEKRCjoU-7x4AaABAg,QeusjBig8WU,Bau j jadi dal kri 6,1,2024-12-24T09:42:50Z,candidate
UgzpMkCYzCYltTreWPJ4AaABAg,QeusjBig8WU,Jay Dwarka dhish 🙏,7,2024-12-24T09:15:57Z,candidate
UgzYA13vM9NH8pod5zJ4AaABAg,QeusjBig8WU,"Ben ratre adad n khavay, pachvama khub bhare kevay...",2,2024-12-24T08:38:43Z,candidate
UgxmyUfVxxntcD9NJ8R4AaABAg,QeusjBig8WU,Jay mataji jalpaben,3,2024-12-24T08:13:01Z,candidate
Ugz73RvBpesMPmMrsJB4AaABAg,QeusjBig8WU,Aadandal ban tame Saturday banvani hanmaji ne sani dev no dives banvani a sani vari banvani,2,2024-12-24T07:58:33Z,candidate
UgxvftPlYxCrTxH9xQV4AaABAg,QeusjBig8WU,Tamra bahu mast vidiyo ane vlogs hoy che 😊,4,2024-12-24T07:41:00Z,candidate
UgyJCKhXokMuqjq9JmB4AaABAg,QeusjBig8WU,Tame video kevi rit banvo,1,2024-12-24T07:14:49Z,candidate
Ugzz1U5DpblGEb24JoF4AaABAg,QeusjBig8WU,Jay Dwarkadhish 🙏🏻 Jay mogal 🙏🏻❤️,1,2024-12-24T05:52:34Z,candidate
UgyLygDuQx33-BKzTXF4AaABAg,QeusjBig8WU,Jay Dwarkadhish 🙏🏻 Jay mogal 🙏🏻❤️,2,2024-12-24T05:51:02Z,candidate
UgzT7TRz9O5Pb_vvT7d4AaABAg,QeusjBig8WU,❤❤,1,2024-12-24T04:57:02Z,candidate
UgzQOPLAT-RMzfIz6KJ4AaABAg,QeusjBig8WU,❤❤❤,2,2024-12-24T04:49:33Z,candidate
UgwFxYbSAu65UqS5jIJ4AaABAg,QeusjBig8WU,Fust comment ❤Didi,2,2024-12-24T04:38:40Z,candidate
UgyQbixb8W64WYgrpCN4AaABAg,QeusjBig8WU,JAY. MATAJI. ❤❤❤❤❤,11,2024-12-24T04:31:38Z,candidate
UgyeVVWzQfBvLgCarlt4AaABAg,FvJdQStvlfk,Happy birthday 🎂🎂,0,2026-08-13T09:40:34Z,candidate
UgyIPrSvxjNz4bdZUoF4AaABAg,FvJdQStvlfk,Happy Birthday dear ❤,0,2026-08-12T18:49:38Z,candidate
UgxSZsJtNpYDEhogtY14AaABAg,FvJdQStvlfk,Happy birthday 🎂🎂 🥰,0,2026-08-12T17:02:47Z,candidate
Ugx_tmScHs4rNEVQq2d4AaABAg,FvJdQStvlfk,Happy birthday Jalpa aunty😂😂❤❤,0,2026-08-12T15:47:49Z,candidate
Ugw5vSMtoQ9xSnSe2tR4AaABAg,FvJdQStvlfk,Happy Birthday 🎂🎂🎂,0,2026-08-12T12:04:19Z,candidate
UgwethXd12PmWkiq0EV4AaABAg,FvJdQStvlfk,Happe birthday🎉🎉,0,2026-08-12T12:03:48Z,candidate
Ugzq9YU1qf7875Db3Xh4AaABAg,FvJdQStvlfk,Happy birthday,0,2026-08-12T11:53:21Z,candidate
UgxayVwP8aYpnaliuB94AaABAg,FvJdQStvlfk,Happy birthday didi 🎉,0,2026-08-12T11:32:13Z,candidate
UgwXmYoAgiLIB1geYRd4AaABAg,FvJdQStvlfk,Mast 😊,0,2026-08-12T09:44:25Z,candidate
UgwsuKssMceYSqdJ7dN4AaABAg,FvJdQStvlfk,Happy birthday 🎈🎂 Sister ❤❤,0,2026-08-11T12:58:16Z,candidate
Ugz3z74P1LVkU288paV4AaABAg,FvJdQStvlfk,Happy birthday,0,2026-08-10T13:43:18Z,candidate
UgyxvC9N5S5j9CYn0DZ4AaABAg,FvJdQStvlfk,Happy birthday jalpa den🎉🎉,0,2026-08-10T11:42:46Z,candidate
Ugz13dU0H_c--TKPtF54AaABAg,FvJdQStvlfk,Happiness Birthday jalpa didi🎉🎉,0,2026-08-10T07:19:14Z,candidate
UgwJu7J-TYoAjL2UGaV4AaABAg,FvJdQStvlfk,Ap bahut cute ho,0,2026-08-08T16:33:49Z,candidate
UgxE2ZNyflkhE5u6Upx4AaABAg,FvJdQStvlfk,Happy birthday didi,0,2026-08-08T04:19:35Z,candidate
UgxNj7jp2UN_plI50DB4AaABAg,FvJdQStvlfk,Happy birthday jalpa didi Mahadev tamne khus rakhe ho❤❤❤❤❤❤🎉🎉🎉🎉🎂🥮🍩🍫🍬🍭🍰🍰🍡🍧🍨🍦,0,2026-08-07T15:43:50Z,candidate
UgzSxG2uDoPSGJJSp5l4AaABAg,FvJdQStvlfk,Happy birthday 🥳🎂 ♥️,0,2026-08-04T03:35:21Z,candidate
Ugx_x7BhEqxJsfvImrN4AaABAg,FvJdQStvlfk,Happy Birthday 🎂🎁😊,0,2026-08-03T16:04:20Z,candidate
UgxOt_yUt7ErDC6PjEV4AaABAg,FvJdQStvlfk,Happy Birthday ben❤,0,2026-08-03T12:22:25Z,candidate
UgxrLcWAlHvM2Ffbsfx4AaABAg,FvJdQStvlfk,Happy birthday 🎂🎈🎂🎈,0,2026-08-03T11:20:55Z,candidate
UgxhrG-Q2mC86o_cz-d4AaABAg,FvJdQStvlfk,Happy Birthday ❤,0,2026-08-03T10:53:47Z,candidate
UgxFGT-oE8-QZA-GOSd4AaABAg,FvJdQStvlfk,Happy birthday,0,2026-08-03T10:31:11Z,candidate
UgzCCriPGgWGA29angp4AaABAg,FvJdQStvlfk,Happy birthday 🎉🎉🎉🎉🥳🥳🥳🥳,0,2026-08-02T10:38:44Z,candidate
UgxSfHJhv2KI8iosRZB4AaABAg,FvJdQStvlfk,🎉🎉🎉🎉🎉,0,2026-08-02T06:37:42Z,candidate
UgwUe_orPhnfLAjOL6V4AaABAg,FvJdQStvlfk,Happy birthday  didu❤❤❤❤❤❤❤❤❤❤❤❤❤❤❤❤,0,2026-08-02T06:11:55Z,candidate
Ugzsh-xjk-MdoAfDqyd4AaABAg,FvJdQStvlfk,Happy birthday 🎈🎂,0,2026-08-02T05:17:36Z,candidate
UgyrxohOfm_ljAu9rVx4AaABAg,FvJdQStvlfk,Happy birthday,0,2026-08-01T15:29:30Z,candidate
Ugx-D-w7zrnv1zki1zh4AaABAg,FvJdQStvlfk,Happy birthday,0,2026-08-01T15:28:44Z,candidate
UgwFnAWOUKu5dvGyRCV4AaABAg,FvJdQStvlfk,Happy Birthday jalpa didi❤❤❤😊😊,0,2026-08-01T12:10:44Z,candidate
UgwAk9E8T2PYYGtpGA14AaABAg,FvJdQStvlfk,Happy birthday jalpa Ben 🫅🧸☃️🎀🧧👄🎁💸👑💷💴💍💎💰🥈🪩🌈🥉🥇🫦🌹🏅🏆🏔️💵💶🎖️🥳🎂🍰,1,2026-08-01T11:01:37Z,candidate
UgxcVQqPvxjWx643YFp4AaABAg,FvJdQStvlfk,Happy birthday ben,0,2026-07-31T15:33:22Z,candidate
UgzKEJ5JIVcb6HggMZB4AaABAg,FvJdQStvlfk,Happy birthday 🎂 🥳 🎉 😊❤,0,2026-07-31T12:35:17Z,candidate
UgwidldSI0HQW2nOePV4AaABAg,FvJdQStvlfk,Happy birthday party,0,2026-07-31T05:03:18Z,candidate
UgzUcLOm9MeyRFIbN0h4AaABAg,FvJdQStvlfk,Happy birthday jalpa didi🎉,0,2026-07-31T03:53:14Z,candidate
UgwHvj7TuffUuzjzM_h4AaABAg,FvJdQStvlfk,Happy birthday jalpa didi🎉,0,2026-07-31T03:52:53Z,candidate
UgypEG_DTuV1kcGt-Hd4AaABAg,FvJdQStvlfk,🎉🎉🎉🎉🎉🎉🎉🌈🌈🌈🌈🌈,0,2026-07-30T16:41:04Z,candidate
UgxEb8whiXRGu5Za7dN4AaABAg,FvJdQStvlfk,Happy.birthdadad😅,0,2026-07-30T16:40:23Z,candidate
UgxJEG741EWsRpAXlKN4AaABAg,FvJdQStvlfk,"happ
❤🎉",0,2026-07-30T15:52:23Z,candidate
Ugyk_EET5ECagnJHwQR4AaABAg,FvJdQStvlfk,Happy birthday 🎂🥳🎉👑,0,2026-07-30T04:02:02Z,candidate
UgxLkdsm6WOjJcPZuyR4AaABAg,FvJdQStvlfk,Japle bahan Tamil kya hua che,0,2026-07-28T12:30:16Z,candidate
UgydBAzaP1yRErXwqE14AaABAg,FvJdQStvlfk,Happy Barthday 🎂,0,2026-07-28T11:50:03Z,candidate
Ugx4dsWT2WOIn6KqoiN4AaABAg,FvJdQStvlfk,HaapyBirthdav,0,2026-07-27T09:27:07Z,candidate
Ugy9nQmKttSTIs52LDB4AaABAg,FvJdQStvlfk,Happy birthday to you sister 🧿,0,2026-07-26T14:56:10Z,candidate
UgzlW_S1usQS9ZISWIN4AaABAg,FvJdQStvlfk,Happy Birthday to 🎉🎉🎉🎉momai maa bless you,0,2026-07-26T10:01:21Z,candidate
Ugys56qoAk5Lxd3b4B94AaABAg,FvJdQStvlfk,Happy birthday didi ❤😊,0,2026-07-26T09:49:08Z,candidate
UgywxcSZkaS3x6z6mG14AaABAg,FvJdQStvlfk,❤Happy❤ Birthday ❤Jalpa❤ Di ❤,1,2026-07-26T03:49:42Z,candidate
UgzF_Nu6dCYSUVpdSgd4AaABAg,FvJdQStvlfk,Happy Birthday 🥳🎂🎂🥳🥳🥳🥳🎊🎊,0,2026-07-25T11:32:06Z,candidate
UgwCCE6AAXe1lK2wZq94AaABAg,FvJdQStvlfk,Happy birthday 🥳🎂,0,2026-07-25T10:32:21Z,candidate
Ugw13P-ZaEeMB1M2dlR4AaABAg,FvJdQStvlfk,Happy birthday ❤🎉,0,2026-07-25T03:59:03Z,candidate
UgzXG1Bu6FKTePzyKDN4AaABAg,FvJdQStvlfk,Happy birthday 🎂🎂🍫🍫🍫🥳🥳🎉,0,2026-07-24T14:52:56Z,candidate
UgwoHgyjDVNGY4hk3N54AaABAg,FvJdQStvlfk,Happy birthday,0,2026-07-23T14:26:50Z,candidate
Ugx9jyhKOSW2v0pDNER4AaABAg,FvJdQStvlfk,Happy birthday,1,2026-07-22T15:49:53Z,candidate
UgyuMK1wawO14MXGvI14AaABAg,FvJdQStvlfk,Happy birthday 🎉🎉🎉🎉😊,0,2026-07-21T01:15:43Z,candidate
UgzqlfZ0NccBC3gds8V4AaABAg,FvJdQStvlfk,"Happy birthday 
🎉🎉🎉🎉😢😮😢😢🎉😢😢🎉😢😢🎉😢😢🎉🎉🎉❤🎉🎉❤🎉🎉❤🎉❤🎉❤🎉❤🎉🎉❤🎉❤🎉🎉🎉❤🎉❤🎉🎉❤🎉❤🎉🎉❤🎉❤🎉❤🎉❤🎉🎉❤🎉❤🎉🎉❤🎉❤🎉❤🎉❤🎉❤🎉❤🎉❤🎉❤🎉❤🎉❤🎉❤🎉🎉🎉❤🎉❤🎉❤🎉❤🎉❤🎉❤🎉❤🎉❤🎉❤🎉❤🎉❤🎉❤🎉❤🎉🎉❤🎉❤🎉❤🎉❤🎉❤🎉🎉❤🎉❤🎉🎉❤🎉❤🎉🎉❤🎉❤🎉🎉🎉🎉🎉🎉🎉🎉🎉🎉🎉🎉🎉🎉🎉🎉🎉",0,2026-07-18T09:11:44Z,candidate
Ugy8W9bD91mnM_vpbJB4AaABAg,FvJdQStvlfk,Happy birthday 🎂 🥳 🎉 🎈 🎁 🎊 🎂 🥳 🎉 🎈 🎁 🎊 🎂 🥳 🎉 🎈 🎁 🎊 🎂 🥳 🎉 🎈,0,2026-07-18T08:53:18Z,candidate
UgxAZrQhTk-texNcEet4AaABAg,FvJdQStvlfk,Happy birthday,0,2026-07-18T06:46:32Z,candidate
Ugy1wR5Aw5-t2Oetv5h4AaABAg,FvJdQStvlfk,Tame  lala chhatari  Bana wo chho a ni resip no video dekhara Jo ne please,0,2026-07-17T11:08:33Z,candidate
UgxWrmO8Hk9s254SZYN4AaABAg,FvJdQStvlfk,Happy Birthday sister 🎉🎉,0,2026-07-17T10:54:24Z,candidate
UgxTQJHN7m8IXOBlH0p4AaABAg,FvJdQStvlfk,Happy Happy Birthday Aditya ni mummy ne MY NAME MANSI,0,2026-07-17T04:50:27Z,candidate
Ugx97dGmuCsI49LGbr14AaABAg,FvJdQStvlfk,Happy Birthday 🎂,0,2026-07-16T20:37:12Z,candidate
UgzjT2jPGZBe0Ns_mud4AaABAg,FvJdQStvlfk,Happy birthday,0,2026-07-16T15:14:24Z,candidate
UgwFjaHSdHPHgRBdU5l4AaABAg,FvJdQStvlfk,Happy birthday,0,2026-07-16T13:42:43Z,candidate
Ugz1PXLkGv_TBaJb5Dd4AaABAg,FvJdQStvlfk,🎂     happy birthday,0,2026-07-16T04:52:15Z,candidate
UgxIHGWzvaNYnYDy2H14AaABAg,FvJdQStvlfk,Happy birthday 🎂🎂,0,2026-07-16T00:39:11Z,candidate
Ugzf-uuPfy6HtRA39LZ4AaABAg,FvJdQStvlfk,Khbvfv,0,2026-07-15T15:53:54Z,candidate
UgwUEzUQ7JoHqK26I754AaABAg,FvJdQStvlfk,Happy birthday Sister 🎉,0,2026-07-15T12:56:07Z,candidate
Ugy2Mysvrlz28TdgYQJ4AaABAg,FvJdQStvlfk,Happy birthday didi🎂🎂🥳,0,2026-07-15T11:09:01Z,candidate
UgzXtNgnfYX5VAy8gMd4AaABAg,FvJdQStvlfk,Happy birthday,0,2026-07-15T09:12:34Z,candidate
UgyNdB3frgdmql3L-_94AaABAg,FvJdQStvlfk,Jai shree Krishna 🙏 Jalpa ben Happy birthday ben 🎂🍰🍨🧁🍧🍦🍫🎉🎊🎈💐🎁,0,2026-07-14T16:56:54Z,candidate
UgzBMa6Ezf-xnWVFcL54AaABAg,FvJdQStvlfk,Happy Birthday 🎉🎂,1,2026-07-14T11:59:12Z,candidate
UgzgPyOOeTMrBt-gmMp4AaABAg,FvJdQStvlfk,Happy birthday 🎂🎂,0,2026-07-14T02:08:52Z,candidate
Ugw5L9HdcLDbF_cmP4V4AaABAg,FvJdQStvlfk,Happy birthday 🎂 my dear,0,2026-07-13T17:15:43Z,candidate
Ugy49bzAxpfF7wnP5314AaABAg,FvJdQStvlfk,Happy birthday jalpa ben 🎉🎉,0,2026-07-13T14:42:50Z,candidate
UgxcRuunGmiffPe_-I14AaABAg,FvJdQStvlfk,🎉🎉🎉🎉🎉,0,2026-07-13T08:23:49Z,candidate
UgzAo0Whp6IRFKYbuZ54AaABAg,FvJdQStvlfk,"Happy birthday 
🎉🎉🎉",0,2026-07-13T06:25:08Z,candidate
Ugxolzjb9Q0Km3py0pZ4AaABAg,FvJdQStvlfk,Happy birthday,0,2026-07-13T04:28:24Z,candidate
UgzHi6X7ZmgnlVUap094AaABAg,FvJdQStvlfk,Happy birthday 🎂🎈,0,2026-07-12T15:16:47Z,candidate
Ugx6dk6z6WiQns2NLJt4AaABAg,FvJdQStvlfk,Happy birthday aunty.❤❤❤😂🎉🎉😮😮😮😊😊😊,0,2026-07-12T14:21:19Z,candidate
Ugx0FwTPyX88MxpYvEx4AaABAg,FvJdQStvlfk,Happy birthday🎉🎉,0,2026-07-12T11:17:25Z,candidate
UgzZDVb41FongpC5i4t4AaABAg,FvJdQStvlfk,Happy Birthday dear happy,0,2026-07-11T16:55:16Z,candidate
UgxMSbRxVvR8eH4f2H94AaABAg,FvJdQStvlfk,Happy birthday to you dido,0,2026-07-11T16:11:41Z,candidate
UgzQIEnIaMC7YyibDhx4AaABAg,FvJdQStvlfk,Happy birthday Ben,0,2026-07-11T15:33:27Z,candidate
UgzooT19iN4QlRGvOah4AaABAg,FvJdQStvlfk,Happy birthday dear,0,2026-07-11T14:22:58Z,candidate
UgwMy2e4vETfE9amGG54AaABAg,FvJdQStvlfk,🎉🎉🎉🎉🎉🎉🎉🎉🎂🎂🎂🎂🎂🎂🎂🤪🤪🤪🤪,0,2026-07-11T09:28:32Z,candidate
UgxBuzKYf60O8SNhIVV4AaABAg,FvJdQStvlfk,Happy Birthday,0,2026-07-11T07:06:54Z,candidate
UgymlsqnKvBPn8sFLYt4AaABAg,FvJdQStvlfk,Happy birthday❤🎉 cake to kharab hone ki party to do🎉❤,0,2026-07-11T05:51:25Z,candidate
Ugxx0Hh_lCDqt0UC2CB4AaABAg,FvJdQStvlfk,Tame orenge colour bau pero cho jalpa ben 😂 bau mast video banavo cho ❤ 😊,0,2026-07-10T12:34:10Z,candidate
UgxHv3WvvwHkxpznYCV4AaABAg,FvJdQStvlfk,Happy birthday baby,1,2026-07-10T08:02:03Z,candidate
UgxYhqbc_GbFw7EG7Q54AaABAg,FvJdQStvlfk,Happy birthday,0,2026-07-09T16:29:46Z,candidate
UgyY6m5FurJp3nlvFM54AaABAg,FvJdQStvlfk,happybaday,0,2026-07-09T15:50:35Z,candidate
UgxYf7aRvONmNwf8itd4AaABAg,FvJdQStvlfk,Happy birthday to you didi ❤❤❤❤❤,0,2026-07-09T15:21:55Z,candidate
UgzaD2yYsDpkSQuHVpZ4AaABAg,FvJdQStvlfk,Happy birthday jalpa ben 🎉🎉🎉😊😊😊😊,0,2026-07-09T15:05:23Z,candidate
UgzAXhHFHO41M9ZWetN4AaABAg,FvJdQStvlfk,Happy birthday,0,2026-07-09T14:32:01Z,candidate
Ugyo2SEzlVobsBB9xKB4AaABAg,FvJdQStvlfk,Happy birthday 🎉,0,2026-07-09T14:25:33Z,candidate
UgxFo8WhNkulcI9lfJJ4AaABAg,FvJdQStvlfk,Happy birthday kuldevi bless you,0,2026-07-09T13:13:52Z,candidate
UgyKuJ2nZtbnAJHzYtZ4AaABAg,FvJdQStvlfk,Happy birthday 🎂🎂🎉🎉,0,2026-07-09T09:35:47Z,candidate
UgwzFx1m359cmX5Tdrd4AaABAg,FvJdQStvlfk,Happy Birthday.   Jalpa. Ben,0,2026-07-09T07:18:54Z,candidate
UgwWIjIg4Jz9-k_yfiZ4AaABAg,FvJdQStvlfk,Happy birthday 🥰🥰🥰,0,2026-07-08T16:56:07Z,candidate
Ugy9wtetud6zhh35jQV4AaABAg,FvJdQStvlfk,Happy birthday,0,2026-07-08T08:46:06Z,candidate
UgymoWkeZbb8K96x7CV4AaABAg,FvJdQStvlfk,Happy Birthday,1,2026-07-08T06:49:39Z,candidate
UgyLuPTXmWnuT711ACJ4AaABAg,FvJdQStvlfk,Happy birthday 🎉,0,2026-07-07T13:46:10Z,candidate
UgzNYNB_FnM0LP_Tg8t4AaABAg,FvJdQStvlfk,happy birthday dear sister,0,2026-07-06T17:02:11Z,candidate
UgxNPwrIFINlHoWVZTF4AaABAg,FvJdQStvlfk,HAPPY BIRTHDAY 🎈🎂🎂🎂🎂🎂❤❤❤❤❤❤❤❤❤❤❤❤❤❤❤❤❤❤❤❤❤❤❤❤❤😊😊❤😊😮🎉😮😢🎉😮❤😊😊❤😮🎉😮😅❤😊😅❤😮🎉😢🎉😢😊❤😊😂😢🎉😮😂😅😅❤😊😊😂😢🎉😢🎉😢❤,1,2026-07-06T09:12:50Z,candidate
Ugzf-k4cBrCaWiKY6NJ4AaABAg,FvJdQStvlfk,Happy Birthday jala ben friend 🎉🎂🎂🍫🍫,1,2026-07-06T03:10:46Z,candidate
UgwDbNjkqZlzlMNqnD14AaABAg,FvJdQStvlfk,Happy Birthday dear Jalpa aunty ❤❤❤❤🎉🎉🎉🎉😊😊😊😊😊😊,0,2026-07-05T09:02:35Z,candidate
UgysxtNZN4OdkBG6Cwt4AaABAg,FvJdQStvlfk,happy birthday dear sister 🎉🎉😂😂❤❤😢😢😮😮😅😅😊😊,0,2026-07-04T15:44:10Z,candidate
UgyejoPYzFvMoVRcLQt4AaABAg,FvJdQStvlfk,Happybirthday,0,2026-07-03T06:11:42Z,candidate
UgxV1YICUhGoeq0Uv314AaABAg,FvJdQStvlfk,Happy birthday gujarati girl,0,2026-07-03T01:33:27Z,candidate
UgzeiRtWfGjVXyw16654AaABAg,FvJdQStvlfk,Happy birthday dear ❤❤❤🎉🎉🎉🎉,0,2026-06-30T11:52:40Z,candidate
UgzZCisMyzYG4Ncu20V4AaABAg,FvJdQStvlfk,Happy Birthday 🎂🎂🎂🎈🎈🎉🎉🎉,0,2026-06-29T06:40:01Z,candidate
Ugx90XI5o5bngJf9wq94AaABAg,FvJdQStvlfk,Happy Birthday jalpa aunty ❤❤❤❤🎉🎉🎉🎉🎉,0,2026-06-28T14:05:28Z,candidate
UgzBIchVuRTonOpPLLd4AaABAg,FvJdQStvlfk,HAPPY 🎉🎉🎉🎉🎉🎉,0,2026-06-28T14:00:44Z,candidate
UgwAxVNyNYx1meOoYB14AaABAg,FvJdQStvlfk,Happy birthday 🎂🎂,0,2026-06-28T05:30:35Z,candidate
UgwUfmsGzgo8TkogtKd4AaABAg,FvJdQStvlfk,Happy birthday 🎂 to you dear,0,2026-06-28T02:55:53Z,candidate
UgyR5oGqZvzgT-3pSEp4AaABAg,FvJdQStvlfk,Happy birthday jalpa dadi. Ba,0,2026-06-27T08:57:46Z,candidate
UgwUmjvH3KhCVYpaXF54AaABAg,FvJdQStvlfk,Happy birthday 🎈🎂🎈🎂,0,2026-06-27T08:52:49Z,candidate
UgxjTJNnawfwIfEruKx4AaABAg,FvJdQStvlfk,Happy birthday 🎈🎂,0,2026-06-26T13:37:53Z,candidate
UgwWat6PD2U8xGyi7sN4AaABAg,FvJdQStvlfk,Happy birthday 🎂 🥳,0,2026-06-26T10:23:59Z,candidate
UgxPalRQYQub33iFPJN4AaABAg,FvJdQStvlfk,", happy Birthday",0,2026-06-26T10:22:31Z,candidate
UgwRGbAFhCi0rFr1Osl4AaABAg,FvJdQStvlfk,Happy happy birthday to you 🎆🎆🎆🎆🎆🎆🎆🎆🎆🎆 🎆🎆🎆🎆🎆🎆🎆🎆🎆🎆🎆🎆🎉🎉🎉🎉🎉🎉,0,2026-06-26T01:19:53Z,candidate
UgyAa1MbVggysDks2zt4AaABAg,FvJdQStvlfk,happy.birthday jalpa.ben tame.khush raho.🎂🍫,0,2026-06-25T15:36:59Z,candidate
UgxZu7ZM5TZaD0dushp4AaABAg,FvJdQStvlfk,Happy birthday,1,2026-06-24T08:11:49Z,candidate
UgyOi2gkr6LdwfU2BPF4AaABAg,FvJdQStvlfk,Happy birthday😊😊😊😊 aunty aunty,0,2026-06-23T17:19:26Z,candidate
UgxHGENERQsIQAuFlet4AaABAg,FvJdQStvlfk,Happy birthday ditya ના mom ❤❤🎉,0,2026-06-23T14:28:25Z,candidate
Ugy0bUQwYMYX7QFBAWB4AaABAg,FvJdQStvlfk,happy birthday🎂🎂,0,2026-06-23T12:37:55Z,candidate
Ugw6t0lYFpmYCqtyWpZ4AaABAg,FvJdQStvlfk,Happy birthday,0,2026-06-23T12:36:18Z,candidate
UgzM90ZWbYDx5FS7T454AaABAg,FvJdQStvlfk,Happy birthday dear sister KGN bless you 🎉,0,2026-06-23T05:39:09Z,candidate
Ugzz15LS3k4u2bHCOYJ4AaABAg,FvJdQStvlfk,Happy birthday 🎂🎈 jalpa didi,0,2026-06-23T04:54:32Z,candidate
UgyKQx0X85RwclxIxfh4AaABAg,FvJdQStvlfk,Happy birthday ben🎉,0,2026-06-22T16:55:02Z,candidate
Ugynp7uY-AqZhZ_htiR4AaABAg,FvJdQStvlfk,Happy Birthday jalpa ben,0,2026-06-22T10:41:44Z,candidate
Ugz0a_EpYVwN6X6u_d54AaABAg,FvJdQStvlfk,Happy birthday 🎂🎂,0,2026-06-22T02:43:39Z,candidate
Ugzl7xqAMymFruAWnDl4AaABAg,FvJdQStvlfk,Happy birthday,0,2026-06-21T17:12:33Z,candidate
Ugwhdmml_UaEJpQL7aJ4AaABAg,FvJdQStvlfk,Happy Birthday,0,2026-06-21T15:56:37Z,candidate
UgwU4cHYTK4iLy8-tyR4AaABAg,FvJdQStvlfk,Happy birthday 🎂🎂🎂🎉,0,2026-06-21T14:12:04Z,candidate
UgznyAIOe23653YbRpZ4AaABAg,FvJdQStvlfk,Happy birthday 🎉🎉🎉❤,0,2026-06-21T09:19:45Z,candidate
UgwnDTOrVtvXLtu9_qF4AaABAg,FvJdQStvlfk,Happy birthday ❤❤,0,2026-06-20T15:46:11Z,candidate
UgyaEL6_tHhzRGF8WI54AaABAg,FvJdQStvlfk,Happy birthday🎉🎉,1,2026-06-20T14:36:56Z,candidate
UgwKXm-b7Y6kWqfeAcx4AaABAg,FvJdQStvlfk,Hapaalकरी,0,2026-06-20T14:29:05Z,candidate
Ugx1Eglp70cR6SuGk3B4AaABAg,FvJdQStvlfk,Happy birthday didi God bless you im proud of you ❤❤❤❤❤,0,2026-06-20T00:48:38Z,candidate
UgwdLAQAajjtk4L_end4AaABAg,FvJdQStvlfk,Happy birthday sister 😇❤❤❤😊😊,0,2026-06-19T07:21:05Z,candidate
UgyPZdT_1UlUoDf5U394AaABAg,FvJdQStvlfk,"Happy birthday didi God bless you 🎉, 🎊",0,2026-06-18T11:20:25Z,candidate
UgyvidwL5aqydGxp9gF4AaABAg,FvJdQStvlfk,Happy birthday,0,2026-06-17T15:26:59Z,candidate
UgyjCQQ1862f5iE25QV4AaABAg,FvJdQStvlfk,Happy birthday,0,2026-06-17T09:35:32Z,candidate
UgxWJ2fx_jzWYBXfSGp4AaABAg,FvJdQStvlfk,Happy birthday 🎈🎂👑 didi,0,2026-06-15T09:56:22Z,candidate
UgyoOQLj20CBF4kg6RJ4AaABAg,FvJdQStvlfk,Happy birthday Didi Krishna bless you❤😊,0,2026-06-14T15:05:14Z,candidate
UgzjGC4WqJV8ozycQgZ4AaABAg,FvJdQStvlfk,Happy birthday🎂🎁🎉👑 di,0,2026-06-14T09:14:36Z,candidate
UgxYb9IahV28mvGhPSR4AaABAg,FvJdQStvlfk,Happy birthday didi ❤❤🎉,0,2026-06-14T06:21:25Z,candidate
Ugy9o7c3l58dLt419oV4AaABAg,FvJdQStvlfk,Happy birthday 🎂 dear jalpa aunty 🦋🎉,0,2026-06-14T05:40:12Z,candidate
UgzasK9K208L6GtzXIt4AaABAg,FvJdQStvlfk,Happy birthday,0,2026-06-13T10:51:46Z,candidate
UgyOXSSms8dykru-M8d4AaABAg,FvJdQStvlfk,Happy birthday,0,2026-06-13T09:03:36Z,candidate
UgywZfLQCXUDgcGEBbx4AaABAg,FvJdQStvlfk,Happy birthday dear jalpa ben,1,2026-06-12T16:22:05Z,candidate
UgwXhyIAlr5L6aCHcJR4AaABAg,FvJdQStvlfk,Happy birthday dear friend 🎉🎉🎉,0,2026-06-12T10:31:14Z,candidate
Ugzx883uFgsBNPyXThN4AaABAg,FvJdQStvlfk,Happy birthday 🎉🎉🎉,0,2026-06-11T16:27:33Z,candidate
UgzGPhlrPbRw6akjyNZ4AaABAg,FvJdQStvlfk,Party,0,2026-06-11T12:42:35Z,candidate
UgxURiZNRW6p0ptqQnh4AaABAg,FvJdQStvlfk,Happy Birthday 🍰,0,2026-06-11T07:08:08Z,candidate
UgyjX9nmQbdORLXKHbt4AaABAg,FvJdQStvlfk,Happy Birthday jalpa Ben 🎂🎂🎂🌹🌹,0,2026-06-11T07:07:09Z,candidate
Ugys1BCvBg0pqxPYB7d4AaABAg,FvJdQStvlfk,Happy birthday bhabhi ma❤❤❤🎉🎉🎉,0,2026-06-10T11:52:35Z,candidate
Ugykha-y09QPTdBeWu54AaABAg,FvJdQStvlfk,Happy birthday jalpa masiiii❤❤❤🎉🎉🎉🎉🎉,0,2026-06-10T09:28:05Z,candidate
UgxTettGQdQlxvoqG6N4AaABAg,FvJdQStvlfk,Happy birthday ben ❤,0,2026-06-09T03:27:24Z,candidate
Ugz9fvPwTNErLEvZNup4AaABAg,FvJdQStvlfk,Happy Birthday dear sister God bless you My beautiful sister and cute and sweet sister and cute and sweet sister and bhabhi,0,2026-06-08T09:28:33Z,candidate
UgwmkrrCN3ulW3nO5ot4AaABAg,FvJdQStvlfk,🥞🎂🍮🍰🧁🎂🎂🎂🎂🎂🎂🎂,0,2026-06-08T02:10:13Z,candidate
Ugwt2EQEWtVmUfDXCWd4AaABAg,FvJdQStvlfk,Happy birthday   sister 🥳🎂🎂♥️,1,2026-06-08T00:34:40Z,candidate
Ugxk98veHIoGFLcOFP54AaABAg,FvJdQStvlfk,Happy birhday 🎉,0,2026-06-07T13:33:34Z,candidate
UgzeyCt-6CMI-HCGcsd4AaABAg,FvJdQStvlfk,Gothi,0,2026-06-07T10:00:11Z,candidate
Ugwt55HYNyX9DeyICvJ4AaABAg,FvJdQStvlfk,Happy birthday,0,2026-06-07T07:48:30Z,candidate
Ugx7RhSHvpOoF3rwSPp4AaABAg,FvJdQStvlfk,happy birthday status Khush rakhe,0,2026-06-07T07:30:02Z,candidate
UgwJ0zxiT89kpKQDJPZ4AaABAg,FvJdQStvlfk,❤Happy❤🎉🎉,0,2026-06-07T03:08:24Z,candidate
UgybhXo9AJ6CFOBZywB4AaABAg,FvJdQStvlfk,Happy birthday to you jalpa didi🎉🎉🎉🎉🎉🎉🎉🎉🎉🎂🎂🎂🎂🎂🎂🎂,0,2026-06-06T16:54:04Z,candidate
UgzPFE7VxrjsoZUIqYl4AaABAg,FvJdQStvlfk,Happy birthday 🎂🎂🎂🎂🎉🎉🎉🎉,0,2026-06-06T14:52:59Z,candidate
UgwFqGadsu6UMy3DeQ54AaABAg,FvJdQStvlfk,Happy   birthday. Didi,0,2026-06-06T14:02:56Z,candidate
UgytVa0mJjDqfTZiPZt4AaABAg,FvJdQStvlfk,Happy Birthday jalpa Ben,0,2026-06-06T11:49:29Z,candidate
UgyNX6cf18HZgVinOLd4AaABAg,FvJdQStvlfk,Happy Birthday didi,0,2026-06-06T11:04:56Z,candidate
Ugwq5eV2gYlO8Qrbvah4AaABAg,FvJdQStvlfk,Happy Birthday,0,2026-06-06T10:55:44Z,candidate
UgyV6iGqkDEyA9iUXEJ4AaABAg,FvJdQStvlfk,Happy Birthday di di 🎉🎈🎉🎈,0,2026-06-06T10:50:13Z,candidate
Ugz0vX1yHqv85cBJ1-p4AaABAg,FvJdQStvlfk,"*._*SweeTHeaR𝐓...♥️🎂✨*          *☆¸.•°”˜˜”°•.¸☆•°”˜˜”°•.¸☆★* *☆¸.•°”˜˜”°•.¸☆•°”˜˜”°•.¸☆ ★*
*╔╗╔╦══╦═╦═╦╗╔╗ (𝐒𝐎𝐍𝐔 🫠🍫🫂🎂
*║╚╝║══║═║═║╚╝║   `·.¸.·'*
*║╔╗║╔╗║╔╣╔╩╗╔╝ ★ ¸.•°*
*╚╝╚╩╝╚╩╝╚╝═╚╝ (¸.·´ (¸.·☆*
*★ ƁȉГƬǶƊÅɣ ƬȮ ɣȮȔ*      ┌.                                   •••• 💫🥳
*𝐖ish 𝐘ou 𝐀 𝐌any 𝐌any 𝐇appy 𝐑eturns 𝐎f 𝐓he 𝐃ay ...!!💖🎉 𝐇appy 𝐁irthday 𝐌y 𝐂ute 𝐁est Sister...!!💋☺️ 𝐓um 𝐉iyo 𝐋ong 𝐋ife...!!🤩🤍 𝐃warkadhish 𝐁less 𝐘ou...!! 😇💕𝐆oga 𝐁apa 𝐓ane 𝐇ar 𝐏al 𝐊hush 𝐑akhe...!!🥰✨ 😍💝 𝐀 𝐕ery 𝐒pecial  𝐃ay...!!🌼💗*જન્મ દિવસ ની ખૂબ ખૂબ શુભેચ્છાઓ...🎁🎊_*
 *आपका जन्मदिन हे बहुत खाश*💫😇
 *क्योंकि आप होते हे हमेशा सबके दिल के पास ✨💙और*  *आज पूरी हो आपकी हर आस💕💋*
 *🤗🤍 ऐ  खुदा तेरी महफिल में* *दुआ 💜🙌🏻करते हे की आज* *जिसका जन्मदिन हे__🩷😘उसे दुनिया की सारी खुशियां* *देना 🩵💖* 
 *ए रब मेरी दुवा ओ को🧡🤲का* *इतना तो असर रहे 💓💚  के उसके चेहरे  पर 💝😊{♥︎‿♥︎} हमेशा मुस्काराहट रहे🎊❤‍🩹* 

 𝐭𝐚𝐦𝐧𝐞 𝐝𝐰𝐚𝐫𝐤𝐚𝐝𝐡𝐢𝐬𝐡 𝐡𝐚𝐦𝐞𝐬𝐡𝐚 𝐤𝐡𝐮𝐬 𝐫𝐚𝐤𝐡𝐞 🎉🎂
*__🌍♥️My cute Sister shardha.* *🥳💞 Wish you a very special birthday 🤩🍫💌happness  birthay  my special .....😍❣️ *all time h@PpY...🥰🌼*",0,2026-06-06T03:20:50Z,candidate
UgzdddzLDZqvekFCmIB4AaABAg,FvJdQStvlfk,Happy    birthday   di🎉🎉,1,2026-06-05T16:35:27Z,candidate
UgweQevajKc20oEQv6F4AaABAg,FvJdQStvlfk,Happy birthday,0,2026-06-05T14:21:10Z,candidate
Ugzzv2Owt4Z5ybHXYdd4AaABAg,FvJdQStvlfk,Happy Birthday,0,2026-06-05T09:14:38Z,candidate
UgyzAyxnILVRF2-Vqyx4AaABAg,FvJdQStvlfk,Happy birthday 🎂. અમને કેદી પાર્ટી😊,0,2026-06-05T09:09:13Z,candidate
UgyDW7vGLXGN2Le0SXh4AaABAg,FvJdQStvlfk,Happy Birthday ❤❤❤❤❤❤,0,2026-06-05T08:30:18Z,candidate
UgwBP_HApCCJiCuFFEB4AaABAg,FvJdQStvlfk,Happy Birthday,0,2026-06-05T05:54:39Z,candidate
Ugx-P7BpnHLoROsGvZx4AaABAg,FvJdQStvlfk,Happy birthday🎂🎂🎂🎂🎂🎂🎁🎁🎁🎁🎉,0,2026-06-04T15:15:19Z,candidate
Ugz7L8WgqBDmtoy45sJ4AaABAg,FvJdQStvlfk,Happy Birthday didu,1,2026-06-04T14:33:21Z,candidate
UgxBqUYDS8uAj8hArXZ4AaABAg,PvCQ5dSmssE,Style nahi tails bol bhopu,1,2026-01-01T07:30:59Z,candidate
Ugwt4M1rJxkEMIqYvPt4AaABAg,PvCQ5dSmssE,Meena Ram vekaria rajkot Jay shree krishna,0,2025-12-31T17:07:32Z,candidate
Ugx7Xwpxnzgtd1ZHSyB4AaABAg,PvCQ5dSmssE,"Chatni. Tikhi. 😢😢  cha

Kk Lasnni😢

😅😅😅😅",0,2025-12-26T16:01:47Z,candidate
UgxrsQqYnGXHUjrjIed4AaABAg,PvCQ5dSmssE,"Kai 😂sandvich😮😮  sadi

Or. Tost",0,2025-12-26T16:01:00Z,candidate
UgyMDhE9qqzxyk4x8vZ4AaABAg,PvCQ5dSmssE,❤❤❤,1,2025-12-25T08:19:52Z,candidate
UgxNmCoCE1tZkoZPEZB4AaABAg,PvCQ5dSmssE,Jay dwarkadhish Bhai,0,2025-04-24T05:51:15Z,candidate
UgzGo9HU5uWq8Kjo8Ah4AaABAg,PvCQ5dSmssE,Aakha ghare ae chalu karu,0,2025-04-11T05:27:34Z,candidate
UgxMVxrRvSxlAhpXxtF4AaABAg,PvCQ5dSmssE,Chintan bhai ki nakal,1,2025-04-11T05:18:19Z,candidate
Ugwn8ouv7xbEzwaw7bR4AaABAg,PvCQ5dSmssE,Janak bhai tame chitan bhai ni jem long vlog bnavo ne bhai ❤❤❤❤❤❤❤,3,2025-04-10T04:14:18Z,candidate
UgxcAMYDintyGkr-ArF4AaABAg,PvCQ5dSmssE,Vah  janak bhai nice mini vlog ❤❤❤❤❤❤,1,2025-04-10T04:13:41Z,candidate
Ugz550xz1hKbz6zVapB4AaABAg,PvCQ5dSmssE,Tamaro business su che,1,2025-04-09T15:42:41Z,candidate
UgyC6WLejvPP_CjR_K14AaABAg,dlnpRAi1HyU,Picture badhiya HD happy birthday 🎂🥳🍫🍭🍦💝🍬,0,2026-07-18T10:10:02Z,candidate
UgxLrYVKSDNZSgoYWBN4AaABAg,dlnpRAi1HyU,Hiii,0,2026-07-11T05:36:42Z,candidate
Ugx9VMHBHqzce3qVBJZ4AaABAg,dlnpRAi1HyU,🩷🩷🩷,0,2026-07-10T07:59:41Z,candidate
UgxhaP1l9mdtpkAIJGF4AaABAg,dlnpRAi1HyU,❤❤❤❤❤,0,2026-06-15T04:51:11Z,candidate
UgyX3-45twLBh7K2X7l4AaABAg,dlnpRAi1HyU,Jamvanu bahu saru lage se 😊😜🤑😋😋😋😋😋,0,2026-06-11T13:34:33Z,candidate
UgyMco_vca8XC-fNGjh4AaABAg,dlnpRAi1HyU,Aluminium na vasan na vapro Limbu nu sarbat je tapeli ma banavyu te nahi saru😮,0,2026-05-13T06:45:28Z,candidate
UgxyJisAdbG7UXeY9_B4AaABAg,dlnpRAi1HyU,😊,1,2026-04-15T06:51:00Z,candidate
UgwC4jzfcq7BNIOjLIR4AaABAg,dlnpRAi1HyU,Tumhen Kya Kam Nacho,0,2026-04-08T10:01:50Z,candidate
Ugz7TLfgOld32m8Xtj94AaABAg,dlnpRAi1HyU,Aap khana bahut Achcha banati hai aap kahan se ho,1,2026-04-03T17:59:04Z,candidate
Ugy5GuuNQI4HCdRMsIF4AaABAg,dlnpRAi1HyU,Ha gamu,0,2026-03-25T14:33:27Z,candidate
UgzbMrGUJGNY5Gv7qIp4AaABAg,dlnpRAi1HyU,Tame kya na so,0,2026-02-13T13:14:27Z,candidate
Ugxl5OySIRT6VSav0aJ4AaABAg,dlnpRAi1HyU,Good morning,0,2026-01-12T06:22:33Z,candidate
UgxtgbNIT1GornM7YPx4AaABAg,dlnpRAi1HyU,❤🎉,1,2026-01-03T04:38:44Z,candidate
Ugzj03uRGAj4ZiDWIMt4AaABAg,dlnpRAi1HyU,Ben ne kayn daxina na aapi😊😅😂,2,2025-12-27T14:28:20Z,candidate
UgzxHeWVYpLrlVjLmUh4AaABAg,dlnpRAi1HyU,🥰🥰🥰❤️❤️❤️👌👌,0,2025-12-18T14:14:59Z,candidate
UgzQUvIZOPh5GOpd1Bh4AaABAg,dlnpRAi1HyU,❤❤❤❤,0,2025-12-03T10:26:40Z,candidate
Ugy_RQrkGBXAkrhDVNF4AaABAg,dlnpRAi1HyU,❤❤❤🎉🎉🎉🎉🎉🎉🎉😊😊😊,0,2025-11-26T14:56:34Z,candidate
UgwyLcQ6CcOTLt6TDrp4AaABAg,dlnpRAi1HyU,G u i b😮rtrt8hgryyyt hi nahi hai,0,2025-11-25T15:51:28Z,candidate
UgybWZIg8tEGka-CcjJ4AaABAg,dlnpRAi1HyU,Bank mein kaju katli banane ki recipe kyon nahin,0,2025-11-17T05:15:06Z,candidate
Ugwr6rmBxHRmjgXqSIl4AaABAg,dlnpRAi1HyU,❤❤❤,0,2025-11-15T14:20:42Z,candidate
UgyuUxK75CA6mNuJte14AaABAg,dlnpRAi1HyU,Sim kalidar,0,2025-11-12T13:13:20Z,candidate
UgwmjiMrdCJ32qwvqkB4AaABAg,dlnpRAi1HyU,❤❤❤❤❤❤,0,2025-11-10T15:13:01Z,candidate
UgybPT2mEVdHmYBvjPl4AaABAg,dlnpRAi1HyU,❤❤❤,0,2025-11-08T10:53:49Z,candidate
UgxD11KiOTqrBLoyNpl4AaABAg,dlnpRAi1HyU,Tamara saga nanad chhe???,0,2025-11-06T11:56:23Z,candidate
UgxlKvHMNe2JbbpPjbV4AaABAg,dlnpRAi1HyU,❤️,0,2025-11-04T11:16:44Z,candidate
Ugy1Mdz4zXizT_eHoM14AaABAg,dlnpRAi1HyU,❤️ happy Bhai bhej,1,2025-11-01T09:27:55Z,candidate
UgxUAPyF6_VF0GrVwhp4AaABAg,dlnpRAi1HyU,In.yr.Every.Vlogs.Yr.Bodys.All.Type.Of.Style.Unic.N.Unique.I.Watch.Every.Person.Vlogs.But.Yr.Style.Benmoon.,0,2025-10-28T07:19:48Z,candidate
UgzzrkQvd1ygWwyvERB4AaABAg,dlnpRAi1HyU,Hii mari pase sem tamara jevu j mangalsutra 6 sem to sem,1,2025-10-27T18:54:42Z,candidate
UgwLkJ0YJ2jF0Jhs08t4AaABAg,dlnpRAi1HyU,❤️,1,2025-10-26T15:39:12Z,candidate
UgwQMVp5s8wJ5UowYrZ4AaABAg,dlnpRAi1HyU,Atul bhai shu bhane chhe??? Job ni tayri kare chhe??,0,2025-10-26T06:54:28Z,candidate
UgwiptAIgjfmkvn_J_R4AaABAg,dlnpRAi1HyU,Nice 👍🙂,0,2025-10-26T05:30:58Z,candidate
UgybK7aejGzv_EuZ-pt4AaABAg,dlnpRAi1HyU,❤,1,2025-10-25T15:00:11Z,candidate
UgxH4O1ccHz7FLNdG694AaABAg,dlnpRAi1HyU,Nice Ban ❤,1,2025-10-25T14:44:02Z,candidate
UgysXY8rkqRMrEfeGSN4AaABAg,dlnpRAi1HyU,❤❤,1,2025-10-25T14:18:17Z,candidate
UgyPX-6FpOpHTSs34kB4AaABAg,dlnpRAi1HyU,🎉🎉🎉,0,2025-10-25T12:26:57Z,candidate
Ugx19LZ0k5UQHxe50Qd4AaABAg,dlnpRAi1HyU,Tame kyana chho ??,1,2025-10-25T12:07:05Z,candidate
UgyBO1UDZzSKi0gvcXh4AaABAg,dlnpRAi1HyU,Jalpa ben tame to bau lucky cho.  Atla badha saga sambandhi che . Hu to nava varsh hoy ke bhaai bij....mara banne badako ne lai ne ekla j ghr ma besi raie che ...amaru koi sagu Nathi....naa bhaai na ben ...ana kaka na masi mama ...koi nai ..mara banne dikarao ne social life j nathi.....bs tv phone ane mummy pappa bs.....😢😢😢😢,1,2025-10-25T09:27:39Z,candidate
UgwDxbWgig0990bZ0YR4AaABAg,dlnpRAi1HyU,Ben pechoti khasi jaiye tho check kam karay eno video banao,0,2025-10-25T09:02:41Z,candidate
UgzuV6LK4CfPKpaEa354AaABAg,dlnpRAi1HyU,😂❤❤❤,2,2025-10-25T08:50:41Z,candidate
UgxCj1vXTH-_tQlwp_l4AaABAg,dlnpRAi1HyU,Jay khodiyar maa,0,2025-10-25T07:58:10Z,candidate
Ugx8ZEM0ElnMaiHXUdB4AaABAg,dlnpRAi1HyU,❤,0,2025-10-25T07:44:05Z,candidate
UgxFGVtndef6ERHqC794AaABAg,dlnpRAi1HyU,"Naresh Bhai ne e loko saga ketla ben Bhai 6 ?? 
Pllz reply",0,2025-10-25T07:32:32Z,candidate
UgzFvsyCVuGh-vH2j_h4AaABAg,dlnpRAi1HyU,Saras didi 👍,0,2025-10-25T07:20:08Z,candidate
Ugw3gsmubacdeWiK3JN4AaABAg,dlnpRAi1HyU,Happy bhai duj,0,2025-10-25T06:44:54Z,candidate
UgyO8to9KehAuLoDtxR4AaABAg,dlnpRAi1HyU,❤❤❤,0,2025-10-25T06:36:19Z,candidate
Ugz06cv7uCuUBUO09Wp4AaABAg,dlnpRAi1HyU,😊😊,0,2025-10-25T06:18:07Z,candidate
UgyHEcMcUr8PfHDZixl4AaABAg,dlnpRAi1HyU,Cute  ditya,1,2025-10-25T06:11:41Z,candidate
Ugwigt5iCoo5cpbGk9t4AaABAg,dlnpRAi1HyU,Jay dwarkadhish,0,2025-10-25T06:11:33Z,candidate
Ugx3noel-ASNOC5oY0R4AaABAg,dlnpRAi1HyU,Ben  tame   rasoi   sari  banavi    cho,3,2025-10-25T04:58:27Z,candidate
UgwoSt4ppCmmJODek6N4AaABAg,dlnpRAi1HyU,Ditya😂😂😂,6,2025-10-25T04:54:35Z,candidate
Ugyybi5EP_E9V8jpCZR4AaABAg,dlnpRAi1HyU,Tamare ketla nanand che?,3,2025-10-25T04:41:11Z,candidate
Ugxc4wD0Tq3zkQM0S9B4AaABAg,dlnpRAi1HyU,Happy new year bena❤❤❤❤❤❤,6,2025-10-25T04:37:57Z,candidate
UgwJD2bWx7HVkc13P9p4AaABAg,dlnpRAi1HyU,Happy bhai duj,4,2025-10-25T04:35:25Z,candidate
Ugy-ulPWbjlMEeQf6zJ4AaABAg,dlnpRAi1HyU,Very nice 😅👍😊❤,2,2025-10-25T04:32:54Z,candidate
UgxstL2gk4Pm-HUj2fF4AaABAg,ITjfx5sW_Ys,Haa sachi vatt ho,0,2026-08-11T15:08:22Z,candidate
UgwjSi0UJogOde-LPXh4AaABAg,ITjfx5sW_Ys,🚩🚩🚩🙏🙏,0,2026-08-11T12:09:21Z,candidate
UgwFrpHWRGgNdT0MnSN4AaABAg,ITjfx5sW_Ys,You are Cute,0,2026-08-11T09:35:39Z,candidate
Ugxibc_1iAtpuotw7YZ4AaABAg,ITjfx5sW_Ys,Poojan hospital ame pan tya j jaiye che,1,2026-08-11T09:33:45Z,candidate
UgxQxSCBOPmx48NiyyN4AaABAg,ITjfx5sW_Ys,Poojan Hospital che ne,0,2026-08-11T09:26:46Z,candidate
UgxpjVFJ1weUH7SBH6R4AaABAg,ITjfx5sW_Ys,Sachi baat,2,2026-08-11T08:51:15Z,candidate
Ugx8OFVt-z1ZRlGEnrN4AaABAg,ITjfx5sW_Ys,💯 sachi vat,2,2026-08-11T08:35:02Z,candidate
UgxoEJ7H2v4oET-qIpt4AaABAg,ITjfx5sW_Ys,Right,1,2026-08-11T08:33:21Z,candidate
Ugz-ZMgCvPJRAnvi2Xx4AaABAg,ITjfx5sW_Ys,Sachi vat che didi 🎉,1,2026-08-11T07:07:57Z,candidate
UgxUSiCo-uSAAjckcJF4AaABAg,ITjfx5sW_Ys,Sachi vat 6 bhagvan koine dvakhana n btave,1,2026-08-11T07:01:18Z,candidate
UgzBZEDj267gB0v_oSF4AaABAg,ITjfx5sW_Ys,Sachi vaat he ❤,3,2026-08-11T05:27:50Z,candidate
UgyzD8OgMzN1wXQM0EV4AaABAg,ITjfx5sW_Ys,Cashi vat se didi,2,2026-08-11T05:08:46Z,candidate
UgwVYmFbppYiq_ZRZOR4AaABAg,6rjUTNq-yIY,গজডহি😢😢😢😢,0,2026-08-10T07:01:36Z,candidate
Ugx8e6LbBpGp6rljLLZ4AaABAg,6rjUTNq-yIY,💪🏻🐃😨,0,2026-08-09T12:57:02Z,candidate
UgyqnCkol0TwhHDw8394AaABAg,6rjUTNq-yIY,"বা বেটা কি গরু চোর আছে নাকি ছাগল 
আচ্ছা গরুটা চড়াও তো দেখি মোড়😂😂😂😂😂😂",0,2026-08-09T06:54:40Z,candidate
UgwedeQ_AZ_ktvffkdp4AaABAg,6rjUTNq-yIY,😂😂😂😂😂😂😂,0,2026-08-09T04:20:06Z,candidate
Ugy9ix8cWUfKAQACGop4AaABAg,6rjUTNq-yIY,😂😂😂😂😂😂😂😂😂😂😂😂😂😂😂😂😂😂😂,0,2026-08-07T12:06:30Z,candidate
Ugw8FMTRYf5kgvJ7-OZ4AaABAg,6rjUTNq-yIY,😂😂😂😂😂😂😂😂😂😂😂😂😂😂😂😂😂😂😂😂😂😂😂😂,0,2026-07-22T13:30:26Z,candidate
UgwVpRlbDN0UOLW7jAJ4AaABAg,6rjUTNq-yIY,😂😂😂😂😂😂😂😂😂😂😂😂😂😂😂😂,0,2026-07-15T15:57:29Z,candidate
UgzBNxbL6FHqUZvKFlZ4AaABAg,6rjUTNq-yIY,😂😂😂😂😂😂😂😂😂😂😂😂😂😂😂😂😂😂😂😂😂😂😂😂😂😂😂😂😂😂😂😂😂😂😂😂😂,0,2026-07-14T16:36:36Z,candidate
UgzJ4tyh_N4WSsKelrF4AaABAg,6rjUTNq-yIY,😂😂😂😅❤❤❤❤,0,2026-07-09T04:41:44Z,candidate
Ugzm1_skvv0zlKreZbd4AaABAg,6rjUTNq-yIY,😢😢😢😢😂😂,1,2026-07-06T15:33:38Z,candidate
UgxF8u_P4H7MaocivGl4AaABAg,6rjUTNq-yIY,😂😂😂😂😂😂😂😂😂😂😂😂😂😂😂😂😂😂,0,2026-06-30T17:43:44Z,candidate
UgyyIDclkKmztogB0K14AaABAg,6rjUTNq-yIY,😂😂😂😂😂😂❤😅😅😅😅😅😅,0,2026-06-26T08:16:25Z,candidate
UgywVirggus489zifkB4AaABAg,6rjUTNq-yIY,Ha ye hi  karo,0,2026-06-16T06:39:00Z,candidate
Ugya4P4pgfZYFRywhS14AaABAg,6rjUTNq-yIY,😂😂😂😂😂😂😂😂😂😂😂😂😂😂😂😂😂😂😂😂😂😂😂😂😂😂😂😂😂😂😂😂😂😂😂😂😂😂,0,2026-06-12T16:53:47Z,candidate
UgxvZcOnQb5dhNn2gop4AaABAg,6rjUTNq-yIY,Wah bahi mera to has has pet dukh gay😂 😂😂,0,2026-06-12T14:55:35Z,candidate
Ugz9AZokSQykh1oli1p4AaABAg,6rjUTNq-yIY,😂😂😂😂😂😂😂😂😂😂😂😂😂,0,2026-06-09T04:49:45Z,candidate
UgyX0fOcndyV3MfoTBh4AaABAg,6rjUTNq-yIY,Bhai RO mat vah Kuchh Nahin Karegi vah Kuchh Nahin karti hai,0,2026-06-03T09:16:39Z,candidate
UgyF7UEoIJPhVCnN9X94AaABAg,6rjUTNq-yIY,❤❤❤😅😅😅😅😅,1,2026-05-30T15:23:12Z,candidate
UgxvIItwdUSf8xkySCJ4AaABAg,6rjUTNq-yIY,😅😅😅😅😅,0,2026-05-29T13:52:12Z,candidate
UgzDWu38CwspoJaKq4V4AaABAg,6rjUTNq-yIY,❤ Very good👍👍❤❤❤❤❤❤❤❤❤,1,2026-05-27T14:02:39Z,candidate
UgzHxhWkqzzmPVFstz94AaABAg,6rjUTNq-yIY,😂😂😂😂😂😂😂😂😂,0,2026-05-22T14:23:58Z,candidate
Ugw7TMejuInLLEsX9tJ4AaABAg,6rjUTNq-yIY,Ashu hathon😂😂😂😅😅😂🤣😅😝😤,1,2026-05-22T08:08:24Z,candidate
Ugy-PNZddzWQfahKAIV4AaABAg,6rjUTNq-yIY,Lady,0,2026-05-19T05:24:07Z,candidate
UgwXe7LoCvGUxEyTZXx4AaABAg,6rjUTNq-yIY,😂👍🙏😁😆🤣💩👀,0,2026-05-18T16:49:47Z,candidate
UgxGVYyCaEtTNETxwgd4AaABAg,6rjUTNq-yIY,😂😂😂😂😂😂😂 aap aise face 😈,1,2026-05-17T09:54:02Z,candidate
UgyYWM3fKBocq0p94vN4AaABAg,6rjUTNq-yIY,😢,0,2026-05-12T11:34:02Z,candidate
Ugzk1ywL8onJwm7mmVh4AaABAg,6rjUTNq-yIY,Woooo tapu 😂😂😂😂😂,1,2026-05-10T13:50:05Z,candidate
UgwMJrkMiRvWWsOdkJB4AaABAg,6rjUTNq-yIY,Last me dekho😅😅😂😂😂,1,2026-05-09T07:20:04Z,candidate
Ugz7l8dcPWbKJ68LFPV4AaABAg,6rjUTNq-yIY,😂😂😂😂😂😂😂😂,0,2026-05-07T08:55:43Z,candidate
Ugxy0lBML7TAmvkhwgB4AaABAg,6rjUTNq-yIY,Tulsi lagakar,0,2026-05-05T10:07:05Z,candidate
UgwfAmrQEsB4psGKpPh4AaABAg,6rjUTNq-yIY,😊😊😊,0,2026-05-01T09:52:51Z,candidate
UgzZjeb-P1M0fsi1utN4AaABAg,6rjUTNq-yIY,😂😂😂😂😂😂😂😂😂😂😂😂😂,0,2026-04-28T09:15:08Z,candidate
UgytMDO3QaFVyJb2nPh4AaABAg,6rjUTNq-yIY,Me hota to kaka tapak deta aja babale karte hain,0,2026-04-24T14:16:57Z,candidate
Ugxh5j5u-u7NA6mCpFd4AaABAg,6rjUTNq-yIY,😂😂😂😂😂😂😂😂😂😂😂😂😂😂😂😂😂😂😂😂😂😂😂😂😂😂😂😂😂😂😂😂😂😂😂😂😂,0,2026-04-16T19:32:51Z,candidate
Ugzt8yk3RqhKVaQ4d9l4AaABAg,6rjUTNq-yIY,Aur hava mein mar kar tho aittitude dikhatha hai 😂😂😂,0,2026-04-15T00:36:59Z,candidate
Ugwapi5JV9FJa9xiq194AaABAg,6rjUTNq-yIY,😂😂😂😂😂😂😂😂,0,2026-04-02T03:00:44Z,candidate
UgyHuMhc5X89VSfDQ1l4AaABAg,6rjUTNq-yIY,😂😂😂😂😂😂😂😂😂😂😂😂😂😂😂😂😂😂😂😂😂😂😂😂😂😂😂😂😂😂😂😂😂😂😂 pagal hai kya,0,2026-03-27T14:41:05Z,candidate
Ugzb18IAH9PfQH-IUmN4AaABAg,6rjUTNq-yIY,😂😂oy,0,2026-03-01T14:07:51Z,candidate
UgxHmQh4umdbNtVcw0x4AaABAg,6rjUTNq-yIY,😂😂😂😂😂😂😂😂😂😂😂,1,2026-01-24T22:59:47Z,candidate
Ugymm9sLRQjfhA_Slt14AaABAg,6rjUTNq-yIY,😅😅😅😅😅😅😅🤣🤣🤣🤣🤣🤣🤣🤣🤣🤣🤣🤣🤣🤣🤣🤣🤣🤣🤣🤣🤣🤣🤣🤣🤣🤣🤣🤣🤣🤣😂😂😂😂😂😂😂😂😂😂😂😂😂😂😂😂😂😂😂😂😅😅😅😊😅😅😅😅😅😅😅😅,0,2025-12-07T10:47:06Z,candidate
Ugyvp1wk7gxDHMtSUHZ4AaABAg,6rjUTNq-yIY,😂😂😂😂😂😂😂😂😂😂😂😂😂😂😂😂😂😂😂😂😂😂😂😂😂😂😂😂😂😂😂,0,2025-11-28T06:51:50Z,candidate
Ugyfzf8EJ_XGPH-_mFh4AaABAg,6rjUTNq-yIY,😂😂,0,2025-11-12T15:45:55Z,candidate
Ugx_9RuDCKCd6Pn4MLd4AaABAg,6rjUTNq-yIY,🤣🤣🤣🤣🤣🤣🤣🤣🤣🤣🤣🤣🤣🤣🤣🤣🤣🤣🤣🤣🤣🤣🤣🤣🤣🤣🤣🤣🤣🤣🤣🤣🤣🤣🤣🤣🤣🤣🤣😂🤣😂🤣😂🤣😂🤣😂🤣😂😂🤣😂🤣😂🤣😂🤣😂🤣🤣😂🤣😂🤣😂🤣😂🤣🤣🤣🤣🤣🤣🤣🤣🤣🤣🤣🤣🤣,0,2025-11-05T14:08:23Z,candidate
UgxFrldceyD0rog6Pa54AaABAg,6rjUTNq-yIY,"Sofuny😂😂😂😂😂😂😂😂😂😂😂😂😂   😂😂
😂😂
😂😂😂😂😂😂",0,2025-10-19T18:58:25Z,candidate
UgxdDHdhSMSwY8XKWQh4AaABAg,6rjUTNq-yIY,Bokachoda,0,2025-10-12T19:45:05Z,candidate
UgxFa6Wteyk8HfLEmMN4AaABAg,6rjUTNq-yIY,❤❤❤,0,2025-10-11T12:21:12Z,candidate
UgxYRp_xoZ8XluUZyQF4AaABAg,6rjUTNq-yIY,Why video mein tumhara Hero ban gaya tha ladki ke sath heropanti nikal Gaye,0,2025-10-06T12:16:51Z,candidate
Ugylp22qV0L8SgDz9Z94AaABAg,6rjUTNq-yIY,Aap Aaye To Main Superman,1,2025-10-03T15:26:12Z,candidate
UgwFNYxFXrIZNMFXGYZ4AaABAg,6rjUTNq-yIY,😂😂😂😂😂😂😂😂😂😂😂😂😂😂😅😂😅😂😅😅😂😂😅😂😅😂😅😂😅😂😅😂😅😂,0,2025-09-23T10:32:11Z,candidate
Ugxkbcj5AbRJ8JItUJZ4AaABAg,6rjUTNq-yIY,😂😂😂😂😂😂😂😂😂😂😂😂😂😂😂😂😂😂😂😂😂😂😂😂😂😂😂😂😂😂😂😂😂😂😂😂😂😂😂😂😂😂😂😂😂😂😂😂😂😂😂😂😂😂😂😂😂😂😂😂😂😂😂😂😂😂😂😂😂😂😂😂😂😂😂😂😂😂😂😂😂😂😂😂😂😂😂😂😂😂😂😂😂,0,2025-09-12T07:03:56Z,candidate
UgzurUp1FTnAWhcY0Zx4AaABAg,6rjUTNq-yIY,😂😂😂😅😅😅😅😊,0,2025-09-10T15:16:01Z,candidate
UgwhZnjP9ZQy34h3pm94AaABAg,6rjUTNq-yIY,Black Mercedes😂😂😂😂😂😂😂,0,2025-08-24T15:07:52Z,candidate
Ugx0UV_kNTirrUK61EJ4AaABAg,6rjUTNq-yIY,😂😂😂😂,0,2025-08-12T13:56:10Z,candidate
UgxumRbn_NDsQrkbTnV4AaABAg,6rjUTNq-yIY,😂😂😂😂😂😂😂😂😂😂😂😂😂😂😂😂😂😂😂😂😂😂😂😂😂😂😂,0,2025-08-09T15:05:52Z,candidate
UgzGo_X_IXS8a_dh7ZR4AaABAg,6rjUTNq-yIY,😂😂,0,2025-07-20T13:56:23Z,candidate
UgzSXtcaxWQqHAkOKpt4AaABAg,6rjUTNq-yIY,Shot main to hero banta ha,3,2025-07-15T07:32:39Z,candidate
UgzBiUiTCVY2L-1P47p4AaABAg,6rjUTNq-yIY,❤❤❤❤❤❤😢😢😢😢😂😂😂😂,0,2025-07-07T13:05:19Z,candidate
UgzVni60B4a_derK8S94AaABAg,6rjUTNq-yIY,😂😂😂😂😂😂😂😂😂😂🎉🎉🎉🎉😊😊😊😁😁😁😁😁🫡🫡,0,2025-06-27T09:46:39Z,candidate
UgwZpPLxOThAbeX95-J4AaABAg,6rjUTNq-yIY,😂😂😂,0,2025-06-27T08:26:50Z,candidate
UgxHyL_lino-2-yBB4d4AaABAg,6rjUTNq-yIY,😂😂😂😂😂😂😂😂😂😂😂😂😂😂😂😂😂😂😂😂😂😂😂😂😂😂😂😂😂😂,0,2025-06-16T05:09:41Z,candidate
UgwJirV0QbtLGmHuXdB4AaABAg,6rjUTNq-yIY,😂😂😂😂🎉🎉🎉🎉❤❤❤😊😊😊😊😅😅😅😅,0,2025-06-13T10:29:09Z,candidate
UgxV0wmRGRzAQ9YgL054AaABAg,6rjUTNq-yIY,😂😂😂😂😂😂😂,0,2025-06-12T08:30:20Z,candidate
UgzBugC0wD36j7Tn8Mt4AaABAg,6rjUTNq-yIY,😂😂😂😂😂😂😂😂😂😂😂😂😂😂😂😂😂😂,0,2025-06-10T18:01:56Z,candidate
UgzWs0YDFrHQb9S1CGV4AaABAg,6rjUTNq-yIY,😅😅😅😅😮,0,2025-06-08T11:09:18Z,candidate
UgxPx_xyde5Blaem4FZ4AaABAg,6rjUTNq-yIY,So funny😂😂😂❤,0,2025-05-31T12:23:44Z,candidate
UgxDl5PGPjqssEY6SGB4AaABAg,6rjUTNq-yIY,Nani ke ghar mein baith ke maja Aaye Kalu Hai Kalu Hai rote rote,1,2025-05-22T09:19:05Z,candidate
UgzOusbOP9NAHdPtCHp4AaABAg,6rjUTNq-yIY,Lil bro is crying because he is going to heaven😂😂😂😂😂😂😂 cry little brat😂😂😂,1,2025-05-20T13:00:26Z,candidate
UgziQAb8YRhTZg3LRtd4AaABAg,6rjUTNq-yIY,😂😂,0,2025-05-20T03:04:31Z,candidate
Ugxvok17zOOOG-h9aU14AaABAg,6rjUTNq-yIY,😂😂😂😂😂,0,2025-05-17T12:08:35Z,candidate
UgwK5C5XFlQhvHLOFkB4AaABAg,6rjUTNq-yIY,❤❤❤,0,2025-05-11T04:45:11Z,candidate
UgzHv4_Bq_PENE09cbN4AaABAg,6rjUTNq-yIY,😆😆😆😆😆😆🤣🤣🤣🤣🤣🤣,1,2025-05-09T15:34:16Z,candidate
UgwYA1mKLjyVHXZkHIV4AaABAg,6rjUTNq-yIY,😂😂😂😂😂😂😂😂😂😂😂😂😂😂😂😂😂😂😂😂😂😂😂😂😂😂😅😅😅😅😅😅😅😅😅😅😅😅😅😅😅😅😅😅😅😅😅😅😅😅😅😅,0,2025-05-03T15:28:33Z,candidate
UgyK0ja6DSUedg6kmnB4AaABAg,6rjUTNq-yIY,😂😂😂😂😂,0,2025-04-27T14:36:12Z,candidate
UgxLc4B_4uwjQr8gsON4AaABAg,6rjUTNq-yIY,😂😂😂😂😂😂😂😂😂😂😂😂😂😂😂🤡🤡🤡🤡🤡🤡🤡🤡🤡🤡🙏💅💅🙏🖕👇💅🤌,0,2025-04-23T12:58:05Z,candidate
Ugw01bmueWypaVFURg94AaABAg,6rjUTNq-yIY,😂😂😂😂😂😂😂😂😂😂😂😂😂😂😂😂😂😂😂😂😂😂😂😂😂😂😂😂😂😂,0,2025-04-21T09:38:34Z,candidate
UgyMH2jNjtUd0VhMNq54AaABAg,6rjUTNq-yIY,😂😂😂😂😂😅😅🎉,0,2025-04-19T08:07:46Z,candidate
UgxR23O2QTO0X7cxb7Z4AaABAg,6rjUTNq-yIY,और टप्पू परमार कालू के ऊपर बैठकरक्या कर रहे हो😂😂😂😂😂😂 कालू कहां किस कहां से पकड़ेकालू,1,2025-04-17T06:14:29Z,candidate
UgyooqoGvvGIV8-SNz14AaABAg,6rjUTNq-yIY,❤❤❤❤❤❤😂😂😂😂😂😂😂😂😊😊😊,0,2025-04-12T09:54:05Z,candidate
UgyrZhXabZwCPIBo4nN4AaABAg,6rjUTNq-yIY,😂😂😂😂😂😂😂😂😂😂😂😂😂😂😂😂😂😂😂😂😂😂😂😂😂😂😂😂😂😂😂😂😂😂😂😂😂😂😂😂😂😂😂😂😂😂😂😂😂😂😂😂😂,0,2025-04-10T16:34:51Z,candidate
Ugya5n8YCFIYYQMbcyV4AaABAg,6rjUTNq-yIY,❤❤❤❤,0,2025-04-09T08:03:16Z,candidate
UgwOGAiSa9e7KahSxm94AaABAg,6rjUTNq-yIY,😢😢😢😢😢😂😂😂😂😂😂😂😂😂😂😂😂,0,2025-03-30T02:07:17Z,candidate
UgxkTV_SowXyzCoLq114AaABAg,6rjUTNq-yIY,S❤❤❤❤❤❤❤❤❤❤❤❤❤,0,2025-03-29T04:55:57Z,candidate
UgxahS_CmzDOvhWY16Z4AaABAg,6rjUTNq-yIY,😂,0,2025-03-18T09:11:34Z,candidate
UgyIC__P-QZ63JVLfFZ4AaABAg,6rjUTNq-yIY,Bolti bad ho hai,0,2025-03-09T06:40:11Z,candidate
Ugxg2CGVMqP6rc8Hcdx4AaABAg,6rjUTNq-yIY,😂😂😂😂😂😂,0,2025-01-11T13:07:18Z,candidate
UgwkgmovW1I78cmKK6t4AaABAg,6rjUTNq-yIY,Stepped 😢,0,2025-01-09T17:43:04Z,candidate
Ugzxn5Hf_u1QSV6Cx7d4AaABAg,6rjUTNq-yIY,Vxbxbx x xxvcvvxxvxbxbbccbbcbcbcbcdb,0,2025-01-02T09:10:16Z,candidate
Ugx4bbPyODzp8r--ob14AaABAg,6rjUTNq-yIY,😊😊😊😊😊😂🎉,0,2024-12-21T10:55:43Z,candidate
UgzUXvKA5CqvW3NloH14AaABAg,6rjUTNq-yIY,Garib inshan✅,1,2024-12-15T12:32:25Z,candidate
Ugx2QIrSxGcc4BV88QJ4AaABAg,6rjUTNq-yIY,😂😂😂😂🎉😢gdcblxvxf yodrajshree,0,2024-12-02T13:00:17Z,candidate
UgyImGMvEVnvZbFyh8N4AaABAg,6rjUTNq-yIY,very comedy😂😂😂😂😂😂😂😂😂😂😂😂😂😂😂😂😂😂😂😂😂😂,0,2024-11-18T08:39:29Z,candidate
UgwmygKq3gPk6sl-Fs94AaABAg,6rjUTNq-yIY,😂😂😂😂😂😂😂😂😂😂😂😂😂😂😂,0,2024-11-16T15:14:55Z,candidate
Ugw5IXWUyh3FHTo0a3t4AaABAg,6rjUTNq-yIY,😂😂😂😂😂😂😂😂😂😂😂😂😂😂😂😂😂😂😂😂😂😂😂😂😂😂😂😂😂😂😂😂😂😂😂😂😂😂😂😂😂😂😂😂😂😂😂😂😂😂😂😂😂😂😂😂😂😂😂😂😂😂😂😂😂😂😂😂😂😂😂😂😂😂😂😂😂😂😂😂😂😂😂😂😂😂😂😂😂😂😂😂😂😂😂😂😂😂😂😂😂😂😂😂😂,0,2024-11-12T12:45:22Z,candidate
UgzCNxTXnPcdWMveDoZ4AaABAg,6rjUTNq-yIY,Funny and n****** brother,0,2024-11-10T08:06:32Z,candidate
UgyYl0V4fOsTQsRSmLN4AaABAg,6rjUTNq-yIY,😂😂😂😂😂😅😅😅😅😅😅😅😅😅😅😅😅😅😅😅😅😅😅😅😅😅😅😅😅😅😅😅😅😅😅😅😅😅😅😅😅😅😅😂😂😂😂😂😂😂😂😂😂😂😂😂😅😅😅😅😅😆😆😆😆😆😆😆😆😆😆😆😆😆😆😆😆😆😆😆😆😆😆😆😆😆😆😆😆😆😆😆😆😆,0,2024-11-07T12:25:27Z,candidate
UgzUplukrkPB7yWda-x4AaABAg,6rjUTNq-yIY,😂😂😂😂😂😂😂😂😂😂😂😂😂😂😂😂😂😂😂😂😂😂😂😂😂,0,2024-11-03T06:21:52Z,candidate
UgzwC1RPFP079Ri6p1x4AaABAg,6rjUTNq-yIY,ငညလထဘလိ❤❤❤,0,2024-10-31T15:16:29Z,candidate
UgyFZBcPrWBXo9EEbsh4AaABAg,6rjUTNq-yIY,😂😂😂😂😂😂😂😂😂😂😂😂😂😂😂😂😂 tappu darpok,1,2024-10-31T14:57:57Z,candidate
UgzF35iMhdSuhHBfQx94AaABAg,6rjUTNq-yIY,😂😂😂,0,2024-10-30T13:20:23Z,candidate
Ugyq-zXahOQ8rLCER7N4AaABAg,6rjUTNq-yIY,Kand karke  ro rha he,0,2024-10-27T13:20:37Z,candidate
UgxyaOs1Xrf5Mt7TSyt4AaABAg,6rjUTNq-yIY,😂😂😂😂,0,2024-10-24T13:30:25Z,candidate
UgwSUcpUohEiSq0kogx4AaABAg,6rjUTNq-yIY,😂😂❤❤❤😊😊,2,2024-10-24T09:07:32Z,candidate
UgxOUF3VmSGAK4UeyAZ4AaABAg,6rjUTNq-yIY,❤❤❤😂😂😮😮😮😅😅😅😅😅,0,2024-10-22T19:15:43Z,candidate
Ugy8fpJ3AJtrp9go2TF4AaABAg,6rjUTNq-yIY,😅😅😅😂😂😂,0,2024-10-20T16:09:26Z,candidate
UgycI0ILirS27sFXFkB4AaABAg,6rjUTNq-yIY,😢😢😢😢😢😢😢 😂😂😂😂😂😂😂😂😂😂😂😂😀😀😀😀😀😀,0,2024-10-18T13:48:59Z,candidate
UgwoBwruk3Ni4NZ1I_x4AaABAg,6rjUTNq-yIY,😂😂😂😂😂😂😂😂😂😂😂😂😂😂😂😂😂😂😂😂😂😂😂😂,0,2024-10-17T02:46:01Z,candidate
Ugy5F0dbc5PIrBfR4ot4AaABAg,6rjUTNq-yIY,😂😂,0,2024-10-10T04:20:27Z,candidate
UgwVcJccLFwDyymhPYx4AaABAg,6rjUTNq-yIY,😂😂😂😂😂😂😂😂😂😂😂😂😂😂😂😂😂😂😂😂😂😂😂😂😂😂😂😂😂😂😂😂😂😂😂😂😂😂😂😂😂😂😂🎉🎉🎉🎉🎉,0,2024-10-10T00:36:46Z,candidate
Ugylb4VRGQ4tfAdazE94AaABAg,6rjUTNq-yIY,😂😂😂😂😂😂😂😂😅😂😅😂😅😂😅😂,3,2024-09-30T04:02:02Z,candidate
Ugz2JtfMDKKv-rG-8FB4AaABAg,6rjUTNq-yIY,😮😂😂😂😂😂😂,0,2024-09-24T19:40:51Z,candidate
UgyAmXl9coVxN7b-Ccp4AaABAg,6rjUTNq-yIY,😂😂😂😂😂😂😂🤣🤣🤣🤣🤣😂🤣🤣,0,2024-09-21T07:28:48Z,candidate
UgzHxi0SUtiJf3VDWRp4AaABAg,6rjUTNq-yIY,😂😂😂😂😂😂😂😂😂😂😂😂,0,2024-09-17T18:33:25Z,candidate
UgzXRKhlrbIcC2egosV4AaABAg,6rjUTNq-yIY,🎉🎉🎉🎉🎉❤❤❤❤❤❤🎉🎉🎉❤❤❤❤,0,2024-09-17T17:26:23Z,candidate
UgwqGyBMOSDfOpHVMVJ4AaABAg,6rjUTNq-yIY,😂😂😂😂😂😂😂😂😅😂😂😂,0,2024-09-17T02:16:37Z,candidate
UgxT9u-PeX1rrbMjIq94AaABAg,6rjUTNq-yIY,😂😂😂😂😂😂😂😂😂😂😂😂😂😂😂😂😂😂😂😂😂😂😂😂😂😂😂😂😂😂😂😂😂😂😂😂😂😂😂😂😂😂😂😂😂😂,0,2024-09-15T10:06:02Z,candidate
UgzgmIfpchAX9ZeNj-l4AaABAg,6rjUTNq-yIY,😂😂😂😂😂🎉,0,2024-09-12T18:03:03Z,candidate
UgwazRIE9WIAs6ilGYB4AaABAg,6rjUTNq-yIY,Hghgghhghjjvvc😂😂😂😂😂😂😂😂😂,0,2024-09-12T01:59:58Z,candidate
Ugxgae7X-nor6JRqDlp4AaABAg,6rjUTNq-yIY,😂😂😂😂😂🎉🎉🎉😂🎉😂😂😂😂😂😂😂😂😂😂😂😂😂😂😂😂😂,0,2024-09-12T01:59:39Z,candidate
UgwsSR8t3K60GG5Vg4J4AaABAg,6rjUTNq-yIY,❤😅😂😂😂😂😂😂❤🎉😮😊😂😅,2,2024-09-11T00:35:08Z,candidate
UgxI2h8rpSAcvaGOkoJ4AaABAg,6rjUTNq-yIY,اكسبلا😂😂,0,2024-09-10T17:56:35Z,candidate
UgwLC2uKPyDb-23iEEB4AaABAg,6rjUTNq-yIY,😂😂😂😂😂😂😂😂😂😂😂😂😂😂😂😂😂😂😂😂😂😂😂😂😂😂😂😂😂😂😂😂😂😂😂😂,0,2024-09-10T15:19:11Z,candidate
Ugz7Vul_iK4m6_oWZwh4AaABAg,6rjUTNq-yIY,😂😂😂😂😂😂😂ههههههههههه😂😂😂😂😂😂😂😂😂,0,2024-09-05T13:35:49Z,candidate
Ugy4LUuU1YMX01cCPIl4AaABAg,6rjUTNq-yIY,😂😂😂😂😂😂😂😂😂,0,2024-09-04T14:58:00Z,candidate
UgwF6jM8rsGtlyQlwVh4AaABAg,6rjUTNq-yIY,😂😊😂😂😊😊😂😂😂😂😂😂,0,2024-09-02T10:32:10Z,candidate
UgwZhPftoOgGdsBRMpJ4AaABAg,6rjUTNq-yIY,😂😂😂😂😂😂😂😂😂😂😂😂😂😂😂😂😂😂😂😂😂😂😂😂😂😂😂😂😂😂😂😂😂😂😂😂😂😂😂😂🎉🎉🎉😂😂😂😂😂😂😂😂😂😂😂😂😂😂😂😂😂,0,2024-09-01T19:34:12Z,candidate
Ugx42AtrbTJf_W3M1Y54AaABAg,6rjUTNq-yIY,ههههههه 😂,0,2024-08-28T08:27:26Z,candidate
UgyC0xfS05_Fwwp758p4AaABAg,6rjUTNq-yIY,😂😂😂😂😂😂😂😂😂😂😂😂😂😂😂😂😂😂😂😂😂😂😂😂😂😂😂😂😂😂😂😂😂😂😂😂😂😂😂😂😂😂😂😂😂😂😂😂😂😂😂😂😂😂😂😂😂😂😂😂😂,0,2024-08-25T23:57:34Z,candidate
UgxQ9XOAP53ADpRL1fl4AaABAg,6rjUTNq-yIY,😅😅😅😅😅😅😅😅😅😅😅😅😅😅😅😅😅😅😅😅,0,2024-08-24T18:49:56Z,candidate
UgxRfdKGV1jUy8ZJynt4AaABAg,6rjUTNq-yIY,Fanny Boy😂😂😂😂😂😂😂😂,0,2024-08-14T04:32:47Z,candidate
UgwzKY00Mr8F9fTOqWN4AaABAg,6rjUTNq-yIY,💩💩💩💩💩💩💩💩🖕🖕🖕🖕🖕🖕🖕🖕🖕☠️☠️☠️☠️☠️☠️🖕🖕🖕🖕🖕🖕🖕🖕🖕🖕💩💩💩💩💩💩💩💩🤢🤢🤢🤢🤢🤮🤮🤮🤮,0,2024-08-10T10:43:12Z,candidate
Ugy8W0upHauvBOFDhEB4AaABAg,6rjUTNq-yIY,😂😂😂😂,0,2024-08-09T04:07:41Z,candidate
UgxfxSX2jSyxe3vTEEJ4AaABAg,6rjUTNq-yIY,😂😂😂😂,0,2024-08-08T16:16:47Z,candidate
UgyhoZYPrDPcnZ5bkdZ4AaABAg,6rjUTNq-yIY,😂😂😂😂😂😂😂😂😂😂😂😂😂😂😂😂😂😂😂😂😂😂😂😂😂😂😂😂😂😂😂😂😂😂😂😂😂😂😂😂😂😂😂😂😂😂😂😂😂😂😂😂😂😂😂😂😂😂😂😂😂😂😂😂😂😂😂😂😂😂😂😂😂😂😂😂😂😂😂😂😂😂😂😂😂😂😂😂😂😂😂😂😂😂😂😂😂😂😂😂😂😂😂😂😂😂😂😂😂😂😂😂😂😂😂😂😂😂😂😂😂😂😂😂😂😂😂😂😂😂😂😂😂😂😂😂😂😂😂😂😂😂😂😂,0,2024-08-06T22:13:20Z,candidate
Ugzzoz2DyHt6rmdd8O54AaABAg,6rjUTNq-yIY,😂,0,2024-08-04T21:01:11Z,candidate
Ugzg_c-9YhFjTN-9wWt4AaABAg,6rjUTNq-yIY,😂hfbxj jfnck😝,0,2024-08-04T06:17:41Z,candidate
Ugz8oXkYD9-vi2DJXcd4AaABAg,6rjUTNq-yIY,😂😂😂😂😂😂😂😂😂😂😂😂😂😂😂😂😂😂,0,2024-08-01T16:05:35Z,candidate
UgwHpMaYtEI0BDYh8_94AaABAg,6rjUTNq-yIY,😂😂😂😂😂😂😂😂😂😂😂❤,0,2024-07-31T17:47:00Z,candidate
UgzNtPBQ-aV0jIGtzMV4AaABAg,6rjUTNq-yIY,😂😂,0,2024-07-27T15:31:37Z,candidate
UgybSGu2M_0p7dKnJyl4AaABAg,6rjUTNq-yIY,😂😂😂😂😂😂😂😂,0,2024-07-26T07:22:06Z,candidate
Ugxx7jgGnx4cj0aFH7V4AaABAg,6rjUTNq-yIY,😂😂😂😂😂😂😂😂😂😂😂😂😂😂😂😂😂😂😂😂😂😂😂😂😂😂😂😂😂😂😂,0,2024-07-24T05:02:14Z,candidate
UgzS5GGSo7H-iGkykJd4AaABAg,6rjUTNq-yIY,😂😂😂😂😂😂😂😂😂😂😂😂😂😂😂😂😂😂😂😂😂😂,0,2024-07-23T15:57:58Z,candidate
UgwrhUXH3TZqqomGuKZ4AaABAg,6rjUTNq-yIY,😢😢😢😢😢😢❤🎉❤,0,2024-07-19T12:22:20Z,candidate
UgzWYdCBgTJRopiwUV14AaABAg,6rjUTNq-yIY,😂😂😂😂😂😂😂😂😂😂😂😂😂😂❤❤❤❤❤❤,0,2024-07-18T01:10:57Z,candidate
Ugynoab3SDhvKJAkT8R4AaABAg,6rjUTNq-yIY,😂😂😂😂❤😂😂😂😂😂😂😂😂❤😅😅😅,0,2024-07-15T15:23:13Z,candidate
UgzJ3aajxIE5KVmrOQJ4AaABAg,6rjUTNq-yIY,😂😂😂😂😂😂😂😂😂😂😂😂😍😂😂,0,2024-07-15T05:01:23Z,candidate
UgytrY6wzwLWje4JBb14AaABAg,6rjUTNq-yIY,👍👍👍🦘🦘🦘🦘🐵🐵🐵🐵🐵🐵🐵🐵🐵🐵🐵🐵🐵🐵,0,2024-07-14T04:30:43Z,candidate
UgzWPjS4Bydrag6XGRx4AaABAg,6rjUTNq-yIY,😂😂😂😂😂😂,0,2024-07-12T13:52:30Z,candidate
UgyIiiw35IGbQQePWHF4AaABAg,6rjUTNq-yIY,😂😂😂😂😂😂😂🎉,0,2024-07-10T15:02:37Z,candidate
Ugy4DM52t4NID3m2BkN4AaABAg,6rjUTNq-yIY,😂😂😂😂😂😂😂😂😂😂😂😂😂😂😅😅😅😅😮😮😮😮😮😮😮😮😮😮😮😢😢😢😢😢😢😢😅😇🙂😇😂😂😂,0,2024-07-10T14:08:15Z,candidate
Ugzof3CtZsKfSk9wF2d4AaABAg,6rjUTNq-yIY,"😂😂😂😂😂😂😂😂😂😂😂😂😂😂😂😂😂
😂😂😂😂😂😂😂😂😂😂😂😂😂😂😂😂😂😂😂😂😂😂😂😂😂😂😂😂😂😂😂😂😂😂😂😂😂😂😂😂😂😂😂😂😂😂😂😂😂😂😂😂😂😂😂😂😂😂😂😂😂😂😂😂😂😂😂😂😂😂😂😂😂😂😂",0,2024-07-09T17:29:57Z,candidate
Ugw2vyL8J5-QyzY9BpJ4AaABAg,6rjUTNq-yIY,😂😂😂😂😂😂,0,2024-07-09T14:02:40Z,candidate
UgwMqXRjjgE-ZjJyKCp4AaABAg,6rjUTNq-yIY,Topu😂😂😂😂😂😂😂😂😂kulu,0,2024-07-09T12:45:50Z,candidate
UgwtMD3wa9Xhz1najbp4AaABAg,6rjUTNq-yIY,P Tu Kalu hai tu Kalu hai tu Kalu hai,0,2024-07-09T09:27:04Z,candidate
UgzdWDLoHRsQO1uO24p4AaABAg,6rjUTNq-yIY,😂😂😂😂😅😅😅😅😅😅😅😅,0,2024-07-08T04:56:24Z,candidate
Ugx577ekNYghqvbtYMB4AaABAg,6rjUTNq-yIY,😂😂😂😂😂😂😂😂😂😂😂,0,2024-07-07T14:49:51Z,candidate
UgwE1C6m27A2E84yLU94AaABAg,6rjUTNq-yIY,😢😢😢😢😢😢,0,2024-07-06T04:28:46Z,candidate
Ugz-_p4_0jJ6noVgIoN4AaABAg,6rjUTNq-yIY,Bahut acche lag rahe ho😂😂😂😂😂😂😂😂😂😂😂😂😂😂,0,2024-07-06T00:27:12Z,candidate
UgzLSr2AbmgLlD-gvrh4AaABAg,6rjUTNq-yIY,😂😂😂😂😂😂😂,0,2024-07-05T13:37:25Z,candidate
UgwLLLDqL5p7jUTU_-t4AaABAg,6rjUTNq-yIY,😂😂😂😂😂😂😂😂😂😂😂😂😂😂💬😂😂😂💬😂😂😂😂😂💬🅿️💬😂💬🅿️💬😂😂😂😂😂😂💬😂😂😂💬😂😂😂😂😂😂😂😂😂😂😂😂😂😂😂🈴🈴🈴🈴🈴🈴🈴🈴🈴😂😂💬💬💬💬💬💬💬💬💬😂😂💬💬💬💬💬💬💬💬💬😂😂🈴🈴🈴🈴🈴🈴🈴🈴🈴😂😂😂😂😂😂😂😂😂😂😂😂,0,2024-07-03T10:44:15Z,candidate
UgzSnmHz-bLJJkKukKR4AaABAg,6rjUTNq-yIY,😂😂😂😂😂😂😂😂😂😂😂😂😂😂😂❤,0,2024-07-03T10:35:42Z,candidate
UgxeQgdJcRDXj9lpb2R4AaABAg,6rjUTNq-yIY,🎉🎉🎉🎉🎉😂😂🎉🎉🎉🎉😂😂🎉🎉🎉🎉🎉🎉🎉😂😂🎉🎉🎉🎉🎉😂😂🎉🎉🎉🎉😂😂😂🎉🎉🎉😂😂🎉🎉🎉😂🎉😂😂🎉🎉🎉😂😂🎉🎉😂😂🎉🎉🎉😂🎉😂😂🎉🎉🎉😂😂😂🎉🎉😂😂😂😂🎉🎉🎉😂😂😂😂😂😂😂🎉🎉🎉🎉😂😂😂😂🎉😂😂🎉😂😂😂🎉😂🎉😂😂🎉🎉🎉🎉😂🎉😂😂😂😂😂🎉😂🎉🎉🎉🎉🎉😂🎉😂😂🎉😂🎉😂,0,2024-07-03T10:34:24Z,candidate
UgzI3dSL0y5Icrnnub54AaABAg,6rjUTNq-yIY,Bhai vagaira gadi Lekar Bhag Gaye na fir Duniya Mein,0,2024-07-02T09:43:59Z,candidate
UgwV0PEdEoCxzxuNAwR4AaABAg,6rjUTNq-yIY,😂😂😂😅😂😅😂😅😂😅😂😅😅😂😅😂😂😅😅😂😅😂😅😂😅😅😂😅😂😅😂😅😂😅😅😂😅😅😅😅😂😅😂😅😂😅😂😅😅😂😅😂😅😅😂😅😂😅😂😅😅😂😅😂😂😂😂😅😂😅😅😂😅😂😅😅😂😅😂😅😂😅😂😅😅😂😅😅😂😅😂😅😅😂😅😂😅😂😅😂😅😅😂😅😅😂😅😂😅😂😅😅😂😅😂😅😂😅😂😅😂😅😅😂😅😂😅😂😅😅😂😅😂😅😂😅😂😅😅😂😅😂😅😂😅😂😅😅😂😅😅😂😅😅😅😂😅😂😅😂😅😅😂😅😂😅😂😅😅😅😅😂😅😂😅😂😅😅😂😅😂😅😂😅,0,2024-07-02T02:32:02Z,candidate
Ugyg33zoWWCzT9gFQEB4AaABAg,6rjUTNq-yIY,😂😂😂😂😂😂😅😅😅😅😅😅😅😅😅😊😊😊,0,2024-06-30T09:39:45Z,candidate
Ugy6ZGEE73Gtrs1ZM_N4AaABAg,6rjUTNq-yIY,😂😂😂😂😂😂😂😂😂😂😂😂😂😂😂😂😂😂😂😂😂😂😂😂😂😂😂😂😂😂😂😂😂😂😂😂😂😂😂😂😂😂😂😂😂😂😂😂😂😂😂😂,0,2024-06-30T07:51:50Z,candidate
UgwweldSu4Frzj_h3Nd4AaABAg,6rjUTNq-yIY,😂😂😂😂,0,2024-06-28T09:20:26Z,candidate
UgySD1g_PSxLI6bB2jl4AaABAg,6rjUTNq-yIY,🤣🤣🤣🤣🤣🤣🤣🤣🤣🤣🤣🤣🤣🤣🤣🤣🤣🤣🤣🤣🤣🤣🤣🤣,0,2024-06-27T12:51:09Z,candidate
UgxHyyadFCo6u6FiUAB4AaABAg,6rjUTNq-yIY,😂😂😂😂😂😂😂😂😂😂😂😂😂😂😂😂😂😂😂😂😂😂😂😂😂😂😂😂😂😂😂😂😂😂😂😂😂😂😂,0,2024-06-24T11:10:30Z,candidate
UgwbgD4Hxf4xguA1EDp4AaABAg,6rjUTNq-yIY,bahut acche,1,2024-06-24T04:14:17Z,candidate
UgwSDJD9m0c5iuzquAp4AaABAg,6rjUTNq-yIY,😂😂😂😂😂😂😂😂😂😂😂😂😂,0,2024-06-23T07:07:28Z,candidate
UgyOZbNsh9GuvfA-UQ14AaABAg,6rjUTNq-yIY,😅😅😅😅😅😅😅😅😅😅😅😅😅😅😅😅😅😅😂😂😂😂😂😂😂😂😂😂😂😂😂😂😂😂😂😂😂😂😂😂😂😂😂😂😂,0,2024-06-23T00:46:59Z,candidate
Ugz0VDthrH_ZfXOK_Xx4AaABAg,6rjUTNq-yIY,😂😂😂😂😂😂😂😂😂😂😂😂😂😂😅😅😅😅😅😅,0,2024-06-22T15:18:44Z,candidate
UgxD_1Y0AIOfa1OddZx4AaABAg,6rjUTNq-yIY,😂😂😂😂😂😂😂😂😂😂😂😂😂😂😂😂😂😂😂😂😂😂😂😂😂😂😂😂😂😂😂😂😂😂😂😂😂😂😂😂😂😂😂😂😂😂😂😂😂😂😂😂😂😂😂😂😂😂😂😂😂😂😂😂😂,0,2024-06-20T01:07:36Z,candidate
Ugypge6MtLX_1gHyH8B4AaABAg,6rjUTNq-yIY,😂😂😂😂😂😂😂😂😂😂😂😂😂😂😂😂😂😂😂😂😂😂😂😂😂😂😂,0,2024-06-19T16:07:17Z,candidate
UgyGyhlD5gMvqbEOPZR4AaABAg,6rjUTNq-yIY,OR ATTITUDE DIKHA 😂,1,2024-06-19T09:41:57Z,candidate
Ugx24X7KFHLj6N9Kx_B4AaABAg,6rjUTNq-yIY,😄😁😆😅🤣😂🤣😂🤣😂🤣😂🤣😂🤣😂🤣😂🤣😂🥰😂🤣😂🤣😂🤣😂🤣🤣🤣😂😂😂😂😂😍😂😂😂😂😂🤣🤣😂🤣🤣🤣🤣🤣,0,2024-06-18T13:33:03Z,candidate
UgwpEyhIjZJ7ICLTgqh4AaABAg,6rjUTNq-yIY,❤❤,0,2024-06-18T13:32:10Z,candidate
UgxToi3Ca4SCj8puqfR4AaABAg,6rjUTNq-yIY,😂😂😂😂😂😂😂😂😂😂,0,2024-06-17T16:44:31Z,candidate
UgyMAGmEuqjQlcFxF8p4AaABAg,6rjUTNq-yIY,❤❤❤❤,0,2024-06-17T14:03:11Z,candidate
Ugymq6SFpEjf6eMor5F4AaABAg,6rjUTNq-yIY,😂😂😂😂😂😂😂😂😂😂😂😂😂😂😂😂😂😂😂😂😂😂😂😨,0,2024-06-17T03:52:41Z,candidate
UgyhZ7xyfhiRAPxNEfx4AaABAg,6rjUTNq-yIY,😂🎉😂😂😂😂😮😮😮😢😢😢😅😅😂😂❤,0,2024-06-16T09:47:53Z,candidate
UgzHQkTh4W0jrbyOWQF4AaABAg,6rjUTNq-yIY,😂😂😂😂😂😂❤,0,2024-06-15T20:27:51Z,candidate
UgwVIG6b4LsHAyXU3cJ4AaABAg,6rjUTNq-yIY,😂😂😂😂😂😂,0,2024-06-15T04:43:24Z,candidate
Ugweho5KrXn0f6WzcSt4AaABAg,6rjUTNq-yIY,😊😊😊😊😊😮😮😮❤❤❤😂😂😂😂😂😂😂😂🎉🎉🎉🎉,0,2024-06-14T04:52:28Z,candidate
UgxKQT-e3cq5kuuBd5d4AaABAg,6rjUTNq-yIY,😂😂😂😂😂😂😂😂😂😂,0,2024-06-14T00:09:29Z,candidate
UgwCz0ln5Vg7-zUOOdx4AaABAg,6rjUTNq-yIY,😂😂😂😂😂😂😂,0,2024-06-13T06:55:42Z,candidate
Ugw6YDVLVt9I1M0LzTt4AaABAg,6rjUTNq-yIY,😅ีน้ยีร,0,2024-06-13T03:27:07Z,candidate
Ugzt86jjW9vzjfakMy54AaABAg,6rjUTNq-yIY,❤❤❤❤❤❤❤❤❤❤,0,2024-06-12T16:33:31Z,candidate
UgxzxMyaRg7s9hTJP-Z4AaABAg,6rjUTNq-yIY,😂😂😂😂😂😂😂😂😂😂😂😂😂,0,2024-06-12T09:38:02Z,candidate
Ugw3IzPSaD0wJJ1vYbB4AaABAg,6rjUTNq-yIY,😂😂😂😂😂😂😂😂😂😂😂😂😂😂😂😂😂😂😂😂😂😂😂😂😂😂,0,2024-06-10T09:16:23Z,candidate
UgywNy8xeASOIyBK6tV4AaABAg,6rjUTNq-yIY,🤣🤣🤣🤣🤣😂😂😅,0,2024-06-10T07:44:39Z,candidate
UgyDBnO3SPlVv4d2Y0V4AaABAg,6rjUTNq-yIY,😂😂😂😂😂😂😂😂😂😂😂😂😂😂😂😂😂😂😂😂😂😂😂😂😂😂😂😂😂😂😂😂😂😂😂😂😂😂😂😂😂😂😂😂,0,2024-06-09T14:19:52Z,candidate
Ugx-W3TuLYEw4pZxS6Z4AaABAg,6rjUTNq-yIY,😂😂😂😂😂😂😂😂😂😂😂😂😂😂😂😂😂😂😂😂😂🤣🤣🤣🤣🤣😂😂😂😂😂😂😂😂😂😂😂🤣😂😂😂🤣😂😂😂😂😂😂😂🤣🤣😂🤣🤣😂😂😂🤣😂🤣😂😂😂😂😂😂😂😂😂😂😂😂😂🤣🤣🤣😂😂😂😂😂😂😂🤣🤣🤣🤣🤣😂😂😂😂😂😂😂😂😂😂🤣🤣😂😂😂🤣🤣🤣😂😂😂😂😂😂🤣😂😂😂😂🤣🤣😂🤣😂🤣😂🤣🤣😂😂🤣🤣🤣😂😂🤣😂😂😂😂,0,2024-06-08T15:36:44Z,candidate
UgyKH_t7DJdnJsQeoqR4AaABAg,6rjUTNq-yIY,"😂
😂😂😂😂😂😂😂😂😂😂😂😂😂😂😂😂😂😂😂😂😂😂😂😂😂😂😂😂😊",0,2024-06-07T04:43:33Z,candidate
UgxtPmRZvPWASUG4NMJ4AaABAg,6rjUTNq-yIY,🤣🤣🤣🤣🤣🤣🤣🤣🤣🤣🤣🤣🤣🤣🤣🤣🤣🤣🤣🤣hahahahaha,2,2024-06-07T04:24:04Z,candidate
UgwU04y-4x-t8PRS7Gt4AaABAg,6rjUTNq-yIY,😇😇😇😇😇😇😇😇🤧😥🤣😭😭😭😭,0,2024-06-06T18:12:26Z,candidate
Ugw2R0QN0YPxXTmy6kd4AaABAg,slvf22UgDyA,Porbar ti jovu,0,2026-06-22T14:15:09Z,candidate
UgwVLe4Snp3ZurvIlkB4AaABAg,slvf22UgDyA,😂,0,2026-05-26T07:53:47Z,candidate
UgwepLwuzRNv-37rOx94AaABAg,slvf22UgDyA,Amit🎉🎉🎉,1,2026-05-26T04:54:36Z,candidate
Ugx7Wxj9COjSKk6W5V54AaABAg,slvf22UgDyA,Renda kawant joveu    jordar. Jitu,0,2026-05-19T13:46:36Z,candidate
UgyS6joLqfyjJnuk36N4AaABAg,slvf22UgDyA,Mahesh,0,2026-05-18T17:01:46Z,candidate
Ugz_FRTHQxnY3Vjetd54AaABAg,slvf22UgDyA,❤❤❤❤❤❤❤❤❤,0,2026-04-20T18:28:15Z,candidate
UgwX3vb7dL9X0roGTZB4AaABAg,slvf22UgDyA,Very important,0,2026-03-05T09:39:20Z,candidate
Ugzc4SUPuCz98rSon1x4AaABAg,slvf22UgDyA,Very swety,0,2026-03-05T09:39:01Z,candidate
Ugxm36_F9wCNJkKE1gJ4AaABAg,slvf22UgDyA,Very thanks,0,2026-03-05T09:38:41Z,candidate
Ugz23P-rxAzhFcLHvAd4AaABAg,slvf22UgDyA,Jagya thay ke am,0,2026-03-05T09:37:19Z,candidate
UgxT1PUdVHXdMYHEaDl4AaABAg,slvf22UgDyA,Bahu sarash Acting kare che👍,4,2026-01-15T17:12:36Z,candidate
UgwSKl0gVMdhMd3PyKF4AaABAg,slvf22UgDyA,M,0,2026-01-12T16:36:24Z,candidate
UgyYJHaCHhxea-nc2-14AaABAg,slvf22UgDyA,VDO saras chhe.,1,2026-01-06T13:52:46Z,candidate
UgxXEwF0RtS226ZAxwd4AaABAg,slvf22UgDyA,Rajsthan  jalore thi,0,2025-12-30T15:51:33Z,candidate
Ugy3Pmr7Lbcoe3vSU_h4AaABAg,slvf22UgDyA,🎉,1,2025-12-30T14:24:26Z,candidate
UgxnqXKXVWVdQ8SQurF4AaABAg,slvf22UgDyA,I'm kapdavanj.,0,2025-11-23T12:06:45Z,candidate
Ugw2p_5c6z8JY6ILBXx4AaABAg,slvf22UgDyA,Surat mandvi thi jov su😂😂😂😂,0,2025-11-22T20:18:14Z,candidate
UgzII21TKA84DXzZRox4AaABAg,slvf22UgDyA,Bansh bhabhr,0,2025-11-08T14:59:15Z,candidate
Ugw8H3wISkd2-8gBt9R4AaABAg,slvf22UgDyA,Vadodara,0,2025-11-03T08:57:12Z,candidate
UgwFLArKc2cXhlRMQkp4AaABAg,slvf22UgDyA,Moj kaedi mota bhai,1,2025-11-01T13:08:31Z,candidate
UgyzTOw6iK9q72AlLid4AaABAg,slvf22UgDyA,🎉🎉🎉🎉🎉.,1,2025-10-28T13:44:34Z,candidate
UgyLHTe8vG6EE0NPsO94AaABAg,slvf22UgDyA,Very good,0,2025-10-14T13:46:02Z,candidate
Ugxbm6ScrMCI3e6HXc94AaABAg,slvf22UgDyA,ᘔᗩᖇOᒪᗩ,0,2025-10-05T14:08:55Z,candidate
UgyuMGkgTurfMqU80ml4AaABAg,slvf22UgDyA,ᗯOᗯ,1,2025-10-05T14:05:42Z,candidate
UgxQhGg8JKUj8I_os8V4AaABAg,slvf22UgDyA,Mota lubkavala  joey,0,2025-09-30T13:46:27Z,candidate
UgwlK_FQ_fLSyLPX1ux4AaABAg,slvf22UgDyA,Vasad,0,2025-09-23T16:23:37Z,candidate
Ugyb-SnVSJ93MaOCK4J4AaABAg,slvf22UgDyA,"Ben,mathu,dukhadi,doso🙏🙏🙏",0,2025-09-14T05:26:30Z,candidate
UgyoPNkQGJaWqeojWZB4AaABAg,slvf22UgDyA,🙏🙏🙏,0,2025-09-13T14:14:14Z,candidate
UgwozfhKek69EUVU0Q54AaABAg,slvf22UgDyA,Hu Limakheda ti chu,1,2025-09-10T17:10:07Z,candidate
Ugxy9Cl7KHw92Wq8l7F4AaABAg,slvf22UgDyA,WAH JITU. WAH😂😂😂❤❤❤🎉🎉,1,2025-09-01T17:14:13Z,candidate
UgyW9b-zXpeYDuYsD3h4AaABAg,slvf22UgDyA,😂😂😂😂😂❤❤🎉🎉,1,2025-08-29T17:57:11Z,candidate
UgzsMlypPLNYNQZceKZ4AaABAg,slvf22UgDyA,Veri good જીતુભાઈ🎉🎉🎉🎉❤,3,2025-08-29T14:50:45Z,candidate
Ugx3ziUzONOt2udfnl14AaABAg,slvf22UgDyA,❤,0,2025-08-27T14:29:06Z,candidate
Ugzc07M0P9BviRCrG-x4AaABAg,slvf22UgDyA,Saras,1,2025-08-26T10:39:16Z,candidate
UgzUJ1eiPD4ZLffkkW94AaABAg,slvf22UgDyA,Mind blowing 😅😅😅😅😅😅😅😅😅😅😅😅😅😅😅😅😅😅😅😅😅😅😅,0,2025-08-17T11:05:30Z,candidate
UgyYH59uMk8BTDuaswJ4AaABAg,slvf22UgDyA,Mangu maal must she,0,2025-08-16T15:50:33Z,candidate
UgxHFMjtvcuC5JnqK4t4AaABAg,slvf22UgDyA,Surendra nagar khodu gaam,0,2025-08-16T15:50:00Z,candidate
UgwHgls1dg92jS5ESJV4AaABAg,slvf22UgDyA,❤😂🎉😢😮😅😊,0,2025-08-14T18:36:01Z,candidate
UgwonXf-fFtrS8rX2Vp4AaABAg,slvf22UgDyA,Bhai shakva bha ji to aavi rite jvechay।,0,2025-08-10T16:03:52Z,candidate
Ugz-QcAA--fwQ9HpEiF4AaABAg,slvf22UgDyA,Good ❤,0,2025-08-07T16:11:04Z,candidate
Ugwf71TMzF9D0teskk94AaABAg,slvf22UgDyA,Jitubhai upar baps nu pic. Ilike too much . V r baps follvers,0,2025-08-04T07:32:31Z,candidate
UgzDPDapKTuiLlMWLEB4AaABAg,slvf22UgDyA,Khub saras,0,2025-08-04T07:27:13Z,candidate
UgzjfJLMao9Ake-Lu514AaABAg,slvf22UgDyA,Mahisagar ( kadana ❤ ),1,2025-08-04T03:29:52Z,candidate
UgypVUqTHRSGLnlFl5F4AaABAg,slvf22UgDyA,Video maja nathi,1,2025-07-27T04:26:55Z,candidate
UgwSPg1wQpf-1ENK0bd4AaABAg,slvf22UgDyA,❤❤❤Dhanpur,0,2025-07-23T15:20:11Z,candidate
UgyxGtB0N9MXxa9WFtN4AaABAg,slvf22UgDyA,Good 👍,0,2025-07-20T08:08:55Z,candidate
Ugx0pgiqs6lg1OSjnuh4AaABAg,slvf22UgDyA,Super jitu bhai,1,2025-07-18T17:15:41Z,candidate
UgwqesgRBlwFuCJ6RKZ4AaABAg,slvf22UgDyA,Vah ketu bhar guad,0,2025-07-17T17:10:42Z,candidate
UgzdvYGV1WB6zb4fuCh4AaABAg,slvf22UgDyA,जितु भाई जय माताजी गुजरात से हु,1,2025-07-06T08:25:07Z,candidate
UgzYHuSWZraUsTcBdPZ4AaABAg,slvf22UgDyA,Somabhai exarmy,0,2025-07-06T05:50:35Z,candidate
UgzMYuPcqC8jfzzrXcJ4AaABAg,slvf22UgDyA,😅😅😅,0,2025-06-23T16:22:40Z,candidate
UgxR6t_GYvwjw3L3Y5J4AaABAg,slvf22UgDyA,❤,0,2025-06-20T21:08:50Z,candidate
UgyIAB8sgnNrXWpcPz54AaABAg,slvf22UgDyA,Alang thi jov shv,0,2025-06-10T13:35:30Z,candidate
Ugy3Q-og__lbAz4ZgAR4AaABAg,slvf22UgDyA,apno jeetu ni to waatj su...mast ek dum,0,2025-06-05T09:57:53Z,candidate
Ugy1OyuFJA6A_Baeghl4AaABAg,slvf22UgDyA,Jjitubhai. Tametano. Sobhav,0,2025-05-17T15:48:07Z,candidate
UgytSGBjqjX4dlJ2WIR4AaABAg,slvf22UgDyA,Har har Mahadev,1,2025-05-07T15:55:56Z,candidate
UgwxMspKr0WRIELpq414AaABAg,slvf22UgDyA,Aa 6 business,0,2025-04-30T19:04:15Z,candidate
UgxKLt7SUuhoYUghJ1V4AaABAg,slvf22UgDyA,Jordar jutu bhai kharekhr gujrati saheb dhany chhe,4,2025-04-29T16:10:05Z,candidate
UgwSshHOkkrI_jlZzet4AaABAg,slvf22UgDyA,😊,2,2025-04-25T16:38:45Z,candidate
Ugwcp5glUsRHHsqHXXF4AaABAg,slvf22UgDyA,😂😂😂😂,0,2025-04-22T08:02:00Z,candidate
Ugyu6RW5JIyMxDKKcbN4AaABAg,slvf22UgDyA,👍❤👌va bhai va👌,1,2025-04-19T17:13:46Z,candidate
UgyWpubRz5tIjphScw94AaABAg,slvf22UgDyA,Manguben  jordar  6,1,2025-04-10T07:50:28Z,candidate
UgzlwoRYvzg3Q0QutZh4AaABAg,slvf22UgDyA,Shak  bahu  sastu 6,0,2025-04-10T07:49:40Z,candidate
Ugy0zYOVZJWV671vQKF4AaABAg,slvf22UgDyA,Hu  meghraj thi  jovu  chu,0,2025-04-10T07:48:34Z,candidate
UgyQJCdtq5qTQFyZ4IV4AaABAg,slvf22UgDyA,Im Watch from london .. 😊,0,2025-04-10T05:36:54Z,candidate
UgwuFIOpT2kzFQTQ3Al4AaABAg,slvf22UgDyA,Fine 🌹🌹,0,2025-04-07T16:54:46Z,candidate
UgwDAwAOjLSG4iUG_D94AaABAg,slvf22UgDyA,🎉jjj,0,2025-04-07T14:23:31Z,candidate
UgyC3lQl27_xO6v9_nl4AaABAg,slvf22UgDyA,😂 tv,0,2025-03-28T12:35:27Z,candidate
UgwfDBuKo6ksfJYpOvp4AaABAg,slvf22UgDyA,Resp All Artist Great Acting with Excellent performances 👌🗣️ 🌬️Dilog Speech 💐🙏,2,2025-03-27T16:00:00Z,candidate
Ugxsn_uW3haT7_0BYf94AaABAg,slvf22UgDyA,😅,1,2025-03-27T07:56:25Z,candidate
UgyeiYaWwrQWS_8pKHJ4AaABAg,slvf22UgDyA,Mast vedio,0,2025-03-26T11:39:40Z,candidate
UgyAUT4ceboGAZqtqRp4AaABAg,slvf22UgDyA,😂😂,0,2025-03-25T07:10:36Z,candidate
Ugz9yuYF0T57QY24Q-R4AaABAg,slvf22UgDyA,Hi,0,2025-03-23T18:08:02Z,candidate
UgysCRgeDee6Zw4Zb2R4AaABAg,slvf22UgDyA,जेया मातजि,0,2025-03-23T18:07:41Z,candidate
UgzTLpWHu7AnpyCilw14AaABAg,slvf22UgDyA,I am Bangkok,0,2025-03-22T16:28:19Z,candidate
UgzG7dmy-OwrQj0QxJx4AaABAg,slvf22UgDyA,Hu chhotaudepur thi jovu cu.,2,2025-03-20T08:28:15Z,candidate
Ugzw1VjsQ87K_AgiuFF4AaABAg,slvf22UgDyA,Komedi king 👑👑👑👑,0,2025-03-19T15:35:53Z,candidate
UgzOahzfBX8DJqngYDl4AaABAg,slvf22UgDyA,Komedi king 👑,0,2025-03-19T15:34:46Z,candidate
Ugwl1odSP49hAa6ldAF4AaABAg,slvf22UgDyA,Jay mataji,0,2025-03-19T11:38:54Z,candidate
UgwlwMX_dCPkLN5iWq94AaABAg,slvf22UgDyA,Jitubhai jode mayank raval ne pan rakho double maja avse,0,2025-03-18T07:24:41Z,candidate
Ugw-j7Kc5lZol6a9aHR4AaABAg,slvf22UgDyA,Vaha jitu🎉,0,2025-03-16T15:40:37Z,candidate
UgzmqzotODDeHDhegud4AaABAg,slvf22UgDyA,😅😅,0,2025-03-15T15:25:38Z,candidate
UgyFESOghJJC6msHeIZ4AaABAg,slvf22UgDyA,Patel Rajubhai Amrutbhai BADOLI Ram Ram,0,2025-03-15T09:14:31Z,candidate
UgyGX2jS4aH4CrAuuI94AaABAg,slvf22UgDyA,Super video che,1,2025-03-13T09:43:23Z,candidate
UgyJGtRvDJ674_2XH_N4AaABAg,slvf22UgDyA,Kheti mafat thai se bhosad………😅😅😅,0,2025-03-12T13:08:07Z,candidate
UgylZcI-fK5DOhNxP0t4AaABAg,slvf22UgDyA,👌👌👌,0,2025-03-11T08:17:09Z,candidate
UgzpgxDLyPDFXA4Qwn14AaABAg,slvf22UgDyA,Jay mataji જીતુભાઈ,0,2025-03-10T09:24:29Z,candidate
UgxmCYAzuwRylt6edO14AaABAg,slvf22UgDyA,VAH.JITUBHAI,2,2025-03-07T09:23:41Z,candidate
Ugx14KEuY_p2ORTCnep4AaABAg,slvf22UgDyA,Bau saras jitu ba,1,2025-03-07T09:15:52Z,candidate
UgwTxSdXBbse4jmgTcx4AaABAg,slvf22UgDyA,😅😅,1,2025-03-05T17:12:35Z,candidate
UgwV8WdtmHYGATltsWd4AaABAg,slvf22UgDyA,7:00 Betwa beta ke piche ladki patava,0,2025-03-05T09:27:28Z,candidate
UgzePUDptMkzQ3qJRex4AaABAg,slvf22UgDyA,So nice,0,2025-03-05T01:45:53Z,candidate
UgwDbbJfw4e4dX515fh4AaABAg,slvf22UgDyA,Hu mp thu javu chhu,1,2025-03-04T06:01:44Z,candidate
UgwDXjK8p3ZFzAbJ9iB4AaABAg,slvf22UgDyA,Jay Mataji jitubhai hu tamara vatan lunawada thi jovu chu,1,2025-03-03T08:09:56Z,candidate
Ugx5pa7ZKY_pS5weGBZ4AaABAg,slvf22UgDyA,Me gaikale sefie lidhi jitu bhai sathe,1,2025-03-03T06:14:23Z,candidate
Ugx3xt7rdt-TAzGo0h54AaABAg,slvf22UgDyA,Halol thi Mahesh Baria Jay mahakali,0,2025-03-02T14:56:41Z,candidate
Ugx5wP8eHNnO5fJ_IiZ4AaABAg,slvf22UgDyA,Hu surendrnagr mathi su,0,2025-03-02T07:46:39Z,candidate
UgxS3D5V4uYyZ3GE7ot4AaABAg,slvf22UgDyA,😂😂😂,0,2025-03-01T23:17:28Z,candidate
UgxJt1gaSIZUx41ioSB4AaABAg,slvf22UgDyA,Bhil.samag,0,2025-03-01T06:48:50Z,candidate
UgyscSUP_JIPcfgIAbZ4AaABAg,slvf22UgDyA,Hu arvali modasa thi jovu chu,0,2025-02-28T16:47:50Z,candidate
Ugxvl18Slf02GKcbBkp4AaABAg,slvf22UgDyA,यूतोयाबातलावडथीछू,0,2025-02-28T04:03:18Z,candidate
UgwVAgWTZ2kjxkvMb7x4AaABAg,slvf22UgDyA,Nice pic sir,1,2025-02-27T17:49:55Z,candidate
UgzWplbyk8_6H0_AEil4AaABAg,slvf22UgDyA,Jordar jitubhai😊,2,2025-02-27T05:16:06Z,candidate
UgwRfVGGDDLmec9qsX54AaABAg,slvf22UgDyA,😂😂😂,0,2025-02-26T17:10:45Z,candidate
UgzaJxj-o105lmmSulx4AaABAg,slvf22UgDyA,Hu tamaro fan big fan chu jitu bhaiya ❤,4,2025-02-26T08:28:35Z,candidate
UgxB6gBMdd36CV3sK4l4AaABAg,slvf22UgDyA,👌👌👍😀😊,1,2025-02-25T18:33:18Z,candidate
UgyraqosOe4HqiKimj54AaABAg,slvf22UgDyA,American Dwayne the Rock Johnson ne GIFAT gift ઈનામ help,1,2025-02-25T15:56:49Z,candidate
UgwlILwxQdd4ndWuPaV4AaABAg,slvf22UgDyA,❤❤🎉🎉🎉🎉🎉🎉😂😂😂,6,2025-02-25T08:19:16Z,candidate
UgzpC756zvR1GvybWRB4AaABAg,slvf22UgDyA,Dahod thi daily jovu chu jitubnhai😊,1,2025-02-24T16:20:25Z,candidate
UgwTgoDFnpvhgeEHbcF4AaABAg,slvf22UgDyA,Jordar jitubhai 👌👍👍,1,2025-02-24T15:16:38Z,candidate
UgzPD_sxhGvHSDdER7h4AaABAg,slvf22UgDyA,Jay johar bhai,1,2025-02-24T15:08:33Z,candidate
Ugw7pjAy-J-MKd2LT_N4AaABAg,slvf22UgDyA,Peli vaar mangu par bhari pdyo jitu😂😂,1,2025-02-24T12:07:08Z,candidate
Ugy0uIHI0iQUfIwTSdN4AaABAg,slvf22UgDyA,Vah Jeetu bhai vah game,2,2025-02-24T11:14:14Z,candidate
Ugyk_h0H3zOql1UXp_94AaABAg,slvf22UgDyA,Very nice comedy 😂❤😊😊,1,2025-02-24T10:40:00Z,candidate
Ugxukah-Sswe0w-vJQh4AaABAg,slvf22UgDyA,Excellent,2,2025-02-23T17:15:52Z,candidate
UgxdC73OI2nkJaGz6-94AaABAg,slvf22UgDyA,Jay mataji jitu bhai tamara video saras aave che,1,2025-02-22T17:48:31Z,candidate
UgxfdRrLJv5XQIWIm0F4AaABAg,slvf22UgDyA,Jay Girnari,3,2025-02-22T16:02:58Z,candidate
UgyP0_zU4EeIsdj8PSl4AaABAg,slvf22UgDyA,Vah gitubhai,2,2025-02-22T15:20:17Z,candidate
Ugx62jdI7XxX3D2lLkh4AaABAg,slvf22UgDyA,Dahod jila Pati Jo use Jeetu mangu khoob khoob aabhar tumhara,1,2025-02-22T11:28:27Z,candidate
UgyI8oPWomNga9FkP-14AaABAg,slvf22UgDyA,"Aaje tamane joya hata neharu nagar pase but name nato janto 
Awesome comady 👏🏻😂😂😂",1,2025-02-21T19:34:57Z,candidate
UgxKY6cCnKCwKpHp4Y94AaABAg,slvf22UgDyA,Kucha mundra thi jovu chu,0,2025-02-21T15:36:59Z,candidate
UgxouF5tIMndJMpvITZ4AaABAg,slvf22UgDyA,👌👌👌,1,2025-02-21T15:13:09Z,candidate
Ugx1Rus8Jzl8_CeG-ON4AaABAg,slvf22UgDyA,Super,0,2025-02-21T12:58:41Z,candidate
Ugy-Lfuuc13WahJXslp4AaABAg,k0rkC2wS2sc,❤❤❤❤❤❤❤❤❤❤❤❤❤❤❤❤❤❤❤❤❤❤❤❤❤❤❤❤❤❤❤❤❤❤❤❤❤❤❤❤❤❤❤❤❤❤❤❤❤❤❤❤❤❤❤❤❤❤❤❤❤❤❤❤❤❤❤❤❤❤❤❤❤❤❤❤❤❤❤❤❤❤❤❤❤❤❤❤❤❤❤❤❤❤❤❤❤❤❤❤❤❤❤❤❤❤❤❤❤❤❤❤❤❤❤❤❤❤❤❤,1,2026-08-09T06:36:54Z,candidate
UgytxkcLId3xVvPszpB4AaABAg,k0rkC2wS2sc,❤❤❤❤❤❤❤❤❤❤❤❤❤❤❤❤❤❤❤❤❤❤❤❤❤❤❤❤❤❤❤❤❤❤❤❤❤❤❤❤❤❤❤❤❤❤❤❤❤❤❤❤❤❤❤❤❤❤❤❤❤❤❤❤❤❤❤❤❤❤❤❤❤❤❤❤❤❤❤❤❤❤❤❤❤❤❤❤❤❤❤❤❤❤❤❤❤❤❤❤❤❤❤❤❤❤❤❤❤❤❤❤❤❤❤❤❤❤❤❤❤❤❤❤❤❤❤❤❤❤❤❤❤❤❤❤❤❤❤❤❤❤❤❤❤❤❤❤❤❤❤❤❤❤❤❤❤❤❤❤❤❤❤❤❤❤❤❤❤❤❤❤❤❤❤❤❤❤❤❤❤❤❤❤❤❤❤❤❤❤❤❤❤❤❤❤❤❤❤❤❤❤❤❤❤❤,1,2026-08-08T13:26:55Z,candidate
UgzCgtqE5ubONssbYVJ4AaABAg,k0rkC2wS2sc,❤❤❤❤❤❤❤❤❤😂❤❤❤❤😂❤❤❤❤❤❤❤❤😂😂❤❤😂😂❤,0,2026-07-21T17:23:32Z,candidate
Ugz5Dn_6CnAhOjWdnNp4AaABAg,k0rkC2wS2sc,UB co,0,2026-07-20T15:20:20Z,candidate
UgwsLeUv-HUXdvt38dB4AaABAg,k0rkC2wS2sc,🎉❤🎉🎉❤🎉❤🎉🎉❤🎉❤🎉❤🎉❤🎉❤❤,0,2026-07-19T16:05:32Z,candidate
UgwMV6lMC6jjDhkAkGx4AaABAg,k0rkC2wS2sc,❤😂🎉😢😮😅😊,0,2026-07-01T16:49:28Z,candidate
UgzfumTs_T9yZk4ghpN4AaABAg,k0rkC2wS2sc,Dagla dugli dagla dugli❤🎉😮😊,0,2026-07-01T16:48:48Z,candidate
UgwnBsyQT0SB4xcQhVh4AaABAg,k0rkC2wS2sc,Dagla dugli dagla dugli❤🎉😮😊,0,2026-07-01T16:48:30Z,candidate
Ugx_wDf79SRyj7dS3qx4AaABAg,k0rkC2wS2sc,Dagla dugli dagla dugli,0,2026-07-01T16:48:16Z,candidate
UgxG9njB-Ti6r0BUTXh4AaABAg,k0rkC2wS2sc,Dagla dugli,0,2026-07-01T16:47:49Z,candidate
UgzKyR-epJM_c-iwVXl4AaABAg,k0rkC2wS2sc,Es uc7uf9g0xfurofxnit xyoenk,0,2026-07-01T16:47:20Z,candidate
UgyUiZr65vTlbRmhv8Z4AaABAg,k0rkC2wS2sc,😊,0,2026-06-24T16:26:39Z,candidate
Ugz85brm0_ridrm2Zzl4AaABAg,k0rkC2wS2sc,Svkmd,0,2026-06-05T14:19:26Z,candidate
UgxgpKnAlg4tbzWyrfd4AaABAg,k0rkC2wS2sc,❤,1,2026-05-27T07:36:13Z,candidate
Ugx25r8DrKUcENvxohh4AaABAg,k0rkC2wS2sc,🎉,0,2026-05-25T12:04:56Z,candidate
Ugy_H2YD-5DYik_zfKJ4AaABAg,k0rkC2wS2sc,Itove ❤ you jaan ❤️,1,2026-05-16T15:41:48Z,candidate
Ugxhiuc-R-JgzLCcMax4AaABAg,k0rkC2wS2sc,Hi,0,2026-05-09T16:08:19Z,candidate
UgyMU1kwmyxLSiasSxJ4AaABAg,k0rkC2wS2sc,3:37 3:38 3:39 3:40 3:41 3:41 3:41 3:42 3:42 3:42 3:44 3:44 3:45,1,2026-05-09T16:07:16Z,candidate
Ugy_z_vPY4Bys7kjRbd4AaABAg,k0rkC2wS2sc,🤗🤗🤗🤗🤗🤗🥳🥳🥳,0,2026-04-22T08:36:20Z,candidate
UgxHrUmyTH6Pd0KO67l4AaABAg,k0rkC2wS2sc,❤❤❤❤😊😂😂😂😂😂😂😂😂🎉🎉🎉🎉,0,2026-04-18T15:01:15Z,candidate
Ugw-oJTwy8yOE-pIGv14AaABAg,k0rkC2wS2sc,M,0,2026-04-18T07:52:58Z,candidate
UgyDtxtLPItquYc303h4AaABAg,k0rkC2wS2sc,🎉,0,2026-03-26T08:16:04Z,candidate
UgzVr0QmzOSKt4ZdTLh4AaABAg,k0rkC2wS2sc,😅😅😅😅😅😅😅,0,2026-03-11T04:01:45Z,candidate
Ugw3jW72I8t6T_IucUZ4AaABAg,k0rkC2wS2sc,Tty,0,2026-03-03T16:53:21Z,candidate
UgxTgprMXFcMY8GDAV54AaABAg,k0rkC2wS2sc,😂😂😂😂,0,2026-03-03T07:37:22Z,candidate
UgzslUzv8I0_zuhyKpp4AaABAg,k0rkC2wS2sc,😊,0,2026-02-18T04:56:57Z,candidate
Ugyx9rhjwqj6XDL3Djt4AaABAg,k0rkC2wS2sc,Jaan...❤,0,2026-01-24T00:57:32Z,candidate
UgzzgFetxwDkihfBf3N4AaABAg,k0rkC2wS2sc,😅😅😅😅😅,0,2026-01-22T09:38:53Z,candidate
UgyjaAvVz8RzP9Emspp4AaABAg,k0rkC2wS2sc,AAAAA❤❤❤,1,2026-01-13T04:45:32Z,candidate
UgwV-n4NFpP4TONnrwl4AaABAg,k0rkC2wS2sc,Aa video bov j mast hai,2,2025-12-28T16:53:45Z,candidate
Ugzfij3PjBua3PZOYnx4AaABAg,k0rkC2wS2sc,😅😅😅😅😅😅😅😅,0,2025-12-26T17:23:32Z,candidate
UgyZPqxLRS3iC2fWD8t4AaABAg,k0rkC2wS2sc,😊,0,2025-12-15T18:17:44Z,candidate
Ugz4USIfq42Xf5zmTv14AaABAg,k0rkC2wS2sc,😮😅,0,2025-12-08T10:24:16Z,candidate
UgxHuTI27-hUp8TsmNB4AaABAg,k0rkC2wS2sc,. k.,0,2025-12-08T05:50:35Z,candidate
UgzmcVBMZsLe9T7MVV54AaABAg,k0rkC2wS2sc,Nmnbb 😢😊n,0,2025-11-19T14:30:43Z,candidate
UgxLqym-GH4LWPR5Qq94AaABAg,k0rkC2wS2sc,😅soni,1,2025-11-08T05:42:17Z,candidate
UgwWaWfe-uJzSgOGN3p4AaABAg,k0rkC2wS2sc,Kihara a to Bhara. Kari,1,2025-10-12T05:12:19Z,candidate
UgwSOhaXSN3-Rj6-w454AaABAg,k0rkC2wS2sc,😂😂😂😂😂😆😆🤣🤣🤣🤣😘😡🤑👽💯💚🧜🧗🧜🏋️🏇🧗🏇🏄🏇🏄🏇🏋️🏇🪂🏇🧙🤵🏇🤵🤾👰🏇👰🧜🧟🧟🧜🚣🏄🧜🏄🧜🏄🧜🪂🧜🪂🧜🧜🪂🪂🧜🪂🧜🧙🏇👸🤾👸🤾🤾👸👸😴🥶😣🥶😣😳😣😨😳😲😟😓😤😱😠😱😠🥺😶😬😶😝😬😛😬😛😬😛😬😛😬😛😬😛😬😛😬😬😛😬😛😬😋😋😋🙃😋🙃🤤😉🤤😉😋😉😉😉🥳😉🥳😉🥳😉😉😉🥰😉🥰😀🥰😀🥰😀🥰🥰😃🥰😃😃🥰😃😃🥰😃😃🥰😃🥰😗🥰😗😌😗😌😉😌🙂🥺🙃🥺🙃🥺😛🤭😛🤭😛🤭😛🤭😛🤭🤭😛🤭😛🤭😛🤭😛🤭😛🤭😛😝🤭🤭😛😛🤭😛🤭😅😅😅🙇🙇🧍💆🧍🧑‍🦼🧍🧑‍🦼🏋️🧜🏋️🏇🏋️🏇🏋️🧜🏄🧜🏄🧜🏄🤽🏄🤽🏄🤹🧙🤹🧙🤹🧙🤹🧝🧑‍⚕️🧑‍🌾🧑‍🌾🧑‍🔧🧑‍⚕️🧑‍🌾🧑‍⚕️🧑‍🌾🧑‍🌾🧟🧑‍🌾🧟🧑‍🌾🧛🧑‍🌾🧑‍🌾🧑‍🏫🧑‍🔧🧑‍🎓🧑‍⚕️🧑‍🎓🧑‍⚕️🧕🧑‍⚕️🧕🤵🧕🦸👳🦸🧑‍🌾🦸,2,2025-09-21T08:41:55Z,candidate
Ugw_FMICSPgtgfE9FcF4AaABAg,k0rkC2wS2sc,GOOD.COMEDI,4,2025-09-19T08:54:03Z,candidate
UgwSaVsWKE63oqpvUAd4AaABAg,k0rkC2wS2sc,Mw,1,2025-09-08T17:07:36Z,candidate
UgyvDHljqkwrD3hpKzZ4AaABAg,k0rkC2wS2sc,😂😂😂😂😂,1,2025-08-18T15:33:11Z,candidate
UgzJ0ZRPH6fHRb6TO-x4AaABAg,k0rkC2wS2sc,❤❤❤ur,7,2025-08-15T16:37:21Z,candidate
UgxKmTSfeV6zt_PTS_N4AaABAg,k0rkC2wS2sc,"Manav
Sarad",2,2025-08-10T13:05:21Z,candidate
Ugyr4v_lWJY_Hr9-dHJ4AaABAg,k0rkC2wS2sc,😊😊😊😊,3,2025-06-26T16:07:06Z,candidate
UgwHeReBq8WvdpiXNpN4AaABAg,k0rkC2wS2sc,BhisanBamaniya o,0,2025-06-19T16:30:28Z,candidate
UgypWp2QTwE9TGHyDld4AaABAg,k0rkC2wS2sc,❤❤❤,0,2025-06-16T16:28:48Z,candidate
UgyeCBL58METmRljdg54AaABAg,k0rkC2wS2sc,Very.finemimikree.,0,2025-05-19T10:16:53Z,candidate
UgzruS9GaWBXKL_rfot4AaABAg,k0rkC2wS2sc,Maja.pDigaysuper.mimiree,0,2025-05-19T10:16:13Z,candidate
Ugyv4jLCC6WlvVW5wi94AaABAg,k0rkC2wS2sc,😂😂😂😂😎,7,2025-05-18T16:10:32Z,candidate
UgxJm5gXG2Hlqc45b6d4AaABAg,k0rkC2wS2sc,Hi😊,1,2025-04-30T04:22:34Z,candidate
UgyvPp3H7xI29veg1Mp4AaABAg,k0rkC2wS2sc,Mast comedy 😂😂😂,0,2025-04-24T21:01:05Z,candidate
UgzlUqjPy5A-EeXoGll4AaABAg,k0rkC2wS2sc,"Aartis :Rahul Vegad, Vaidehi Pandya,
Sukhdev Parmar,Pradipsinh Vaja. 
Writer /Director :Rahul Vegad.  
Concept :Kuldipsinh Gohil. 
Song Writer :Rahul Vegad. 
Vyavasthapak :Vinayak Vegad. 
Music :Manoj-Vimal.
Producer :Dhyey Digital films.
।।Comedy Video ।। 0:23",0,2025-02-28T09:49:02Z,candidate
UgzYNUPi4Ijd_1F4QKt4AaABAg,k0rkC2wS2sc,😂😂😂😂😂😂😂😂😂,0,2025-01-05T16:13:59Z,candidate
UgzcjJXimdm96SbKWMB4AaABAg,k0rkC2wS2sc,समदखगढचछझ ❤❤❤❤❤,0,2024-11-25T09:55:55Z,candidate
Ugzx6LnyvUge8yercpl4AaABAg,k0rkC2wS2sc,Super,0,2024-10-27T04:16:57Z,candidate
UgxlyNpwdwbMy9Rf1fd4AaABAg,k0rkC2wS2sc,😢😢😢😢😢,0,2024-10-15T15:37:44Z,candidate
UgwAl_Jrsv7HAptjUEl4AaABAg,k0rkC2wS2sc,😢😢😂🎉🎉,0,2024-09-15T16:14:11Z,candidate
UgxBTQdKYullREjtwvl4AaABAg,k0rkC2wS2sc,G-xadX,0,2024-09-07T17:02:33Z,candidate
Ugwhonu7Qv9p4JI5OjB4AaABAg,k0rkC2wS2sc,❤❤❤❤,1,2024-08-28T07:33:42Z,candidate
Ugzl163f9g2JBu-CnVx4AaABAg,k0rkC2wS2sc,❤ vah tiha bhai su તમારી komentirik વા હ  .મહીસાગર  લુણાવાડા b.k.parmar,86,2024-08-15T16:42:07Z,candidate
UgyUqLNzVjycTOxmDIZ4AaABAg,k0rkC2wS2sc,Super,0,2024-07-24T11:22:39Z,candidate
Ugzg2pWSJOyhOYPc7V14AaABAg,k0rkC2wS2sc,Very good comedy,15,2024-06-15T13:38:12Z,candidate
Ugy81zedtYFFRduAig94AaABAg,k0rkC2wS2sc,कॉमेडी वीडियो सुंदर बहुतबढ़िया 👌👌🏻👌🏽👌🏾👌🏿💚👍🏻🌝✌🏻🤟🏻,12,2024-06-15T07:24:10Z,candidate
UgwKDzaRN3iHbY7N4854AaABAg,k0rkC2wS2sc,:-),0,2024-06-12T11:49:44Z,candidate
Ugw_q-8j1XVXLOLH1a94AaABAg,k0rkC2wS2sc,मोदी नी बायदी मोकलु । मोटी छै चलासे,0,2024-06-03T13:38:31Z,candidate
UgxhE_eOG26uT2DL2Ud4AaABAg,k0rkC2wS2sc,😀😀😀,0,2024-05-30T04:18:53Z,candidate
UgzjpMoW9AJM31wrrPl4AaABAg,k0rkC2wS2sc,🚩🚩,1,2024-05-24T15:39:45Z,candidate
Ugy7RZ5Kww0i3f9AfX14AaABAg,k0rkC2wS2sc,❤❤❤,0,2024-05-12T16:18:37Z,candidate
Ugz7pVp1ze4Y0oN1dU94AaABAg,k0rkC2wS2sc,"🎉😮😮😮😮😮😮😮😮😮😮😮,",0,2024-05-08T15:36:51Z,candidate
UgyYeKS8amtVpahrGoR4AaABAg,k0rkC2wS2sc,😂❤,3,2024-04-27T05:05:15Z,candidate
UgwPzcM_FL6TPDqpvFV4AaABAg,k0rkC2wS2sc,😮😂🎉🎉😅😅😢🎉🎉😮😅🎉🎉🎉🎉🎉🎉🎉🎉🎉🎉🎉🎉🎉🎉🎉🎉,0,2024-04-19T17:43:15Z,candidate
UgzuF8eRk-TEVBXEgTR4AaABAg,k0rkC2wS2sc,😮😮😮😮😮😮😮😮ashwin,0,2024-04-15T14:59:56Z,candidate
Ugw0K0cXr4eZWZWUwrx4AaABAg,k0rkC2wS2sc,Jay,0,2024-04-01T16:52:40Z,candidate
UgyXGybL3IXX9tNMlBJ4AaABAg,k0rkC2wS2sc,Oko,6,2024-04-01T16:51:41Z,candidate
UgxETXR4i64WUfVxvIR4AaABAg,k0rkC2wS2sc,Sq😂,1,2024-04-01T16:50:47Z,candidate
Ugyt425KshmlsQAoFuV4AaABAg,k0rkC2wS2sc,Ho,0,2024-04-01T16:49:42Z,candidate
UgxrESFytjQENtcDGNh4AaABAg,k0rkC2wS2sc,Hmmm,3,2024-04-01T16:49:20Z,candidate
UgyD2Psdvmnvt9EEw014AaABAg,k0rkC2wS2sc,😂😂😂😂😂😂😂,0,2024-04-01T16:48:27Z,candidate
UgxdwmlKGbWJlfwYSK54AaABAg,k0rkC2wS2sc,😂😅😂,0,2024-04-01T16:47:22Z,candidate
UgzY5ketMuer5yUPYwJ4AaABAg,k0rkC2wS2sc,😅😅😅,2,2024-03-04T03:40:13Z,candidate
UgzeA9WD-FBbSPDna-t4AaABAg,k0rkC2wS2sc,Nm,3,2024-02-24T13:35:06Z,candidate
Ugz-ufNUQ3Hpo2yZVA54AaABAg,k0rkC2wS2sc,. 😂😅🎉❤😊,0,2024-02-21T08:00:02Z,candidate
UgyMAH6yVbSy2R7LCa94AaABAg,k0rkC2wS2sc,Mast comedy 😅😅😅,43,2024-02-14T04:54:27Z,candidate
UgxdlJsVlqui7wmpITd4AaABAg,k0rkC2wS2sc,😊,1,2024-02-04T11:17:28Z,candidate
UgxKS5xlHeO_CJUSCjV4AaABAg,k0rkC2wS2sc,Kids an DK is an,1,2023-11-22T17:09:32Z,candidate
UgyN5KmXVz-JdDD6vsZ4AaABAg,k0rkC2wS2sc,🎉🎉🎉🎉🎉🎉🎉🎉🎉🎉🎉🎉🎉🎉🎉🎉😮😮,4,2023-10-29T16:03:43Z,candidate
UgwvovMAj46tyxCItTp4AaABAg,k0rkC2wS2sc,Wwwza,1,2023-08-18T12:31:23Z,candidate
UgwvWuUa_KP2TViSxgp4AaABAg,k0rkC2wS2sc,Vipulbhailuni,0,2023-07-08T02:28:50Z,candidate
UgwKGXEPqMtcZj0llcN4AaABAg,k0rkC2wS2sc,😊,4,2023-06-23T04:27:35Z,candidate
UgynoFxYqY8KF9Bs1k14AaABAg,k0rkC2wS2sc,Ufhfy,1,2023-06-13T04:58:48Z,candidate
Ugxx7pd-YFmw7t7ieaV4AaABAg,k0rkC2wS2sc,Gd,3,2023-06-13T04:58:39Z,candidate
Ugw2xk5uu0d3Kaz5N6p4AaABAg,k0rkC2wS2sc,😅,3,2023-06-05T09:42:42Z,candidate
UgzYWephxDQSpICMmg54AaABAg,k0rkC2wS2sc,Mlii,1,2023-06-01T11:54:58Z,candidate
Ugxl5dFhGJiYE1kc9Pt4AaABAg,k0rkC2wS2sc,Player,0,2023-05-17T14:12:58Z,candidate
Ugzht64CcMWDZ0gduax4AaABAg,k0rkC2wS2sc,Player,0,2023-05-17T14:12:51Z,candidate
UgxUXxhMihg2plEvYjN4AaABAg,k0rkC2wS2sc,Bio,8,2023-05-15T13:35:47Z,candidate
UgwtgyW8MoEs1tA72ph4AaABAg,k0rkC2wS2sc,⌛,2,2023-05-06T09:23:24Z,candidate
UgwJVlEbyB5q2SaqEsJ4AaABAg,k0rkC2wS2sc,Ok,2,2023-03-23T08:21:36Z,candidate
Ugx9FsU_6XTeOqes1LZ4AaABAg,k0rkC2wS2sc,🤣🤣🤣🤣🤣🤣📢,3,2023-02-24T12:34:25Z,candidate
UgxAXZSt-yprNf-TfDJ4AaABAg,k0rkC2wS2sc,Jaytihlaji,2,2023-01-11T12:15:17Z,candidate
UgyRyG_Gmx4bLV9bWFR4AaABAg,k0rkC2wS2sc,Bablu,0,2022-12-31T16:49:32Z,candidate
UgxONAeKqIsDhkip5Ah4AaABAg,k0rkC2wS2sc,ये की,0,2022-12-15T16:12:21Z,candidate
Ugzzo1U5GQcz2FQivep4AaABAg,k0rkC2wS2sc,Ghkj,0,2022-12-15T12:02:44Z,candidate
UgzaDXKoAnRKq4csZhB4AaABAg,k0rkC2wS2sc,ZalaMukesh,0,2022-12-11T15:35:12Z,candidate
UgzTw_uH9kmStYiz6W14AaABAg,k0rkC2wS2sc,Hmmm,2,2022-11-22T12:09:21Z,candidate
Ugz9dAAdg-j3uLHRW794AaABAg,k0rkC2wS2sc,"zqar
,BTU
! Zd 
Ki
6n, his FM th,,q Ek Do Tevibgvibggh...en kalakar x@ssssssssssss",0,2022-11-11T04:42:35Z,candidate
UgwNJQMKO5Z3Gacwd_94AaABAg,k0rkC2wS2sc,Mast chhe,2,2022-11-10T16:35:25Z,candidate
UgwHKW-En9jUurMaAY54AaABAg,k0rkC2wS2sc,😍♥️🤍😍👑,1,2022-11-10T15:02:38Z,candidate
UgwiB94teflVxrTXBW94AaABAg,k0rkC2wS2sc,👌👌👌👌👌👌,2,2022-10-13T13:51:50Z,candidate
UgyuJviGTPUhKqmN_r14AaABAg,k0rkC2wS2sc,Fd,2,2022-10-01T09:43:32Z,candidate
UgxVTQUeLj9RX4FJxKd4AaABAg,k0rkC2wS2sc,.,0,2022-09-27T09:14:33Z,candidate
UgwtmeR-LbpFReDWJ_p4AaABAg,k0rkC2wS2sc,.......,0,2022-09-27T09:14:24Z,candidate
UgznVZgDDHDWy9LjyyJ4AaABAg,k0rkC2wS2sc,Ttyl,0,2022-09-27T08:19:10Z,candidate
UgzQRWd5bCvvIRLZg754AaABAg,k0rkC2wS2sc,538,1,2022-09-24T16:05:53Z,candidate
Ugz3Bn-D264JPnS1pZV4AaABAg,k0rkC2wS2sc,U4⁴7⁷686458975587,2,2022-09-24T16:05:00Z,candidate
UgwKNW4C_W2ZBz5iYnB4AaABAg,k0rkC2wS2sc,Lllllllll,0,2022-09-23T15:54:14Z,candidate
Ugz9c9lW5QA08QXrxFZ4AaABAg,k0rkC2wS2sc,Lllllllll,0,2022-09-23T15:54:14Z,candidate
UgxZW7aotyPY2xofWIV4AaABAg,k0rkC2wS2sc,Lllllllll,0,2022-09-23T15:54:14Z,candidate
UgwSF47FHOrqxmbMQgl4AaABAg,k0rkC2wS2sc,Lllllllll,0,2022-09-23T15:54:14Z,candidate
Ugxv1NLywqlbmLQZR1R4AaABAg,k0rkC2wS2sc,Lllllllll,0,2022-09-23T15:54:14Z,candidate
UgzMtA4iYM0YKOLwjAt4AaABAg,k0rkC2wS2sc,Hii,9,2022-09-17T15:49:32Z,candidate
Ugym33Vs3tMrhmpcrh94AaABAg,k0rkC2wS2sc,सुपर 👌👌👌👌,5,2022-09-15T14:51:04Z,candidate
UgzMPWNwWPEoNb4OWCF4AaABAg,k0rkC2wS2sc,हिराजाज,1,2022-08-27T05:43:00Z,candidate
UgwVXcpiv9umQs7yCJJ4AaABAg,k0rkC2wS2sc,Skdms,0,2022-08-26T11:44:42Z,candidate
Ugxc2KWQNdSfkNXTDd94AaABAg,k0rkC2wS2sc,Wow,13,2022-08-25T15:13:05Z,candidate
UgwCSEYRZRHR5D_19Rx4AaABAg,k0rkC2wS2sc,Hfdhv,0,2022-08-24T15:33:53Z,candidate
UgxcT4M6iNiz1TQrElx4AaABAg,k0rkC2wS2sc,सुपर,18,2022-08-24T08:45:03Z,candidate
Ugxcnz_Y8h0U1oqDNTZ4AaABAg,k0rkC2wS2sc,O,3,2022-08-20T08:34:22Z,candidate
UgyND_NNgAvwy_J2fBt4AaABAg,k0rkC2wS2sc,"Dinesh
 Bariya",0,2022-08-20T05:41:34Z,candidate
Ugy4XP4we2vV9lUcplt4AaABAg,k0rkC2wS2sc,Un on,6,2022-08-16T15:51:58Z,candidate
UgzFnX4BKo__52eifsd4AaABAg,k0rkC2wS2sc,Ha moj Ha,2,2022-08-14T15:19:27Z,candidate
UgyyLWtgsKLHjMZmCJN4AaABAg,k0rkC2wS2sc,S,0,2022-08-14T01:37:58Z,candidate
UgzarsLTjLkBdTiggA54AaABAg,k0rkC2wS2sc,Rahul,2,2022-08-13T00:31:21Z,candidate
UgwrTdmUVLLKcDBsyxh4AaABAg,k0rkC2wS2sc,।।,1,2022-08-11T14:47:17Z,candidate
UgzDONCdcpd53OvVECJ4AaABAg,k0rkC2wS2sc,मणञ,0,2022-08-09T10:25:13Z,candidate
UgyO9V_sXb6bPfqz60t4AaABAg,k0rkC2wS2sc,|,0,2022-08-09T04:46:36Z,candidate
UgwyLZZ5-LRKn6SSHBh4AaABAg,k0rkC2wS2sc,M,0,2022-08-08T15:06:09Z,candidate
UgzGVxZbqIRZUQlxXPd4AaABAg,k0rkC2wS2sc,Sp,27,2022-08-06T16:13:02Z,candidate
UgzX_Tspzl8B8DX6udp4AaABAg,k0rkC2wS2sc,"मममढथरमज्ञ


भणढढढतरभभभ
भमभ",1,2022-08-05T06:42:56Z,candidate
Ugzya4f5zqqV4CKHGW94AaABAg,k0rkC2wS2sc,0,3,2022-08-04T08:25:05Z,candidate
UgweiySSm9_nHLf5SYB4AaABAg,k0rkC2wS2sc,Yu,4,2022-08-04T05:22:05Z,candidate
UgwKcd5gH5F5K3RUVd54AaABAg,k0rkC2wS2sc,To o,2,2022-08-01T03:37:34Z,candidate
UgwYC34Bp9cY0mJipzJ4AaABAg,k0rkC2wS2sc,નવી ચેનલ ફુલ કોમેડી https://youtu.be/RkV79u3zCdg,0,2022-07-28T08:29:05Z,candidate
Ugzynu9_hWHR_3wI3A54AaABAg,k0rkC2wS2sc,Pop,4,2022-07-26T09:48:07Z,candidate
UgyWTpZqIcq2NA5DNst4AaABAg,k0rkC2wS2sc,.uhhjo,0,2022-07-26T09:48:01Z,candidate
UgxlcdgKfrzO1pKbpcN4AaABAg,k0rkC2wS2sc,y  y,1,2022-07-26T01:27:26Z,candidate
UgyxN2ukp5LAP9QbsV54AaABAg,k0rkC2wS2sc,\,0,2022-07-23T05:20:22Z,candidate
UgxSOWivZx1dvXCRSip4AaABAg,k0rkC2wS2sc,🅹🅶🅵,0,2022-07-22T15:48:16Z,candidate
Ugx-Rb8AmH7ClNgivtt4AaABAg,k0rkC2wS2sc,. 😔🐵🙈🙉🙊🐒,5,2022-07-17T07:13:15Z,candidate
Ugyqm7E3bqVkTBlc7x14AaABAg,k0rkC2wS2sc,In,1,2022-07-14T01:39:05Z,candidate
UgzrOWQGZX_Tz6n3-194AaABAg,k0rkC2wS2sc,Quuko,0,2022-07-14T01:33:02Z,candidate
UgxMs6bnUYCJoGPceoh4AaABAg,k0rkC2wS2sc,Okokokkok,0,2022-07-13T11:07:09Z,candidate
UgxwgoDZJzS7BAxo13l4AaABAg,k0rkC2wS2sc,3t,0,2022-07-12T16:06:05Z,candidate
UgxMlpOWNtI0WMbmCht4AaABAg,k0rkC2wS2sc,9żt,0,2022-07-12T09:34:18Z,candidate
Ugxuepq12bnR5DJZmw94AaABAg,k0rkC2wS2sc,Please,2,2022-07-11T14:06:14Z,candidate
UgwwnvYgGqVh4wRwAZZ4AaABAg,k0rkC2wS2sc,B,0,2022-07-11T07:57:26Z,candidate
Ugz2LGqmVPRfRucbgFB4AaABAg,k0rkC2wS2sc,😂🤣😂😂,0,2022-07-08T12:27:43Z,candidate
Ugx9l9u4PZkvSsVDH2h4AaABAg,k0rkC2wS2sc,Hii,2,2022-07-04T17:18:41Z,candidate
Ugy8sAOa69Tps7JzIyR4AaABAg,k0rkC2wS2sc,Vha ravina king Vha,11,2022-07-04T12:13:04Z,candidate
UgxSkvtMbCThxyHtIpd4AaABAg,k0rkC2wS2sc,Kunjijj gvv,0,2022-06-29T07:57:43Z,candidate
UgzIpRfKFIFsUVshi514AaABAg,k0rkC2wS2sc,Gopalsathu,1,2022-06-29T05:56:20Z,candidate
Ugx9nrXPLG1kB-BfC6d4AaABAg,k0rkC2wS2sc,🆙 🆗,9,2022-06-21T16:06:10Z,candidate
UgySbdhCvjcohaT5N5x4AaABAg,joVv_ZM9jco,😂😂😂😂😂😂,1,2026-06-18T12:46:59Z,candidate
UgzAEZHS_UO08YuenHV4AaABAg,joVv_ZM9jco,😅😅😅😅😅😂😂,1,2026-06-05T14:01:26Z,candidate
UgynnC9J67PGvh8fijF4AaABAg,joVv_ZM9jco,🍄‍🟫🐏🐏🐏🐏🐏🐏🐏🐏🐏🐏,3,2026-05-12T16:49:21Z,candidate
Ugxlx59mMGLyY00OzLl4AaABAg,joVv_ZM9jco,Ra,4,2026-03-16T02:31:53Z,candidate
UgxFDSeV7DJkKOZxFal4AaABAg,joVv_ZM9jco,😂😂❤❤❤😂😂😂😂😅😅😅😅😅😅😅😅😅😅😅😅🎉😮😢😮😢😮😢😮😢😢😢😮😮😢😢,0,2026-03-07T11:08:14Z,candidate
Ugws6TmPsKgN-4iPGYh4AaABAg,KESFTJroNzw,❤❤❤❤❤❤❤❤❤❤❤❤❤❤❤❤❤❤❤❤❤❤❤❤,1,2026-07-31T12:17:49Z,candidate
UgzFS_jvItT_V4V3pzx4AaABAg,KESFTJroNzw,बहुत अच्छा 😊😊😊😊,0,2026-07-04T00:02:57Z,candidate
Ugyj8DZ63Z0v7YR_ygd4AaABAg,KESFTJroNzw,❤❤❤❤❤❤❤❤❤❤❤❤,0,2026-07-01T15:46:52Z,candidate
UgytmEQ4z2FlO4xaSSx4AaABAg,KESFTJroNzw,😂,0,2026-06-15T08:58:45Z,candidate
UgzVzy9_G0jwVJ-nzqx4AaABAg,KESFTJroNzw,.,0,2026-05-27T08:04:38Z,candidate
UgyNXi5IZrutc0WHUql4AaABAg,KESFTJroNzw,Jordar,0,2026-05-25T06:54:09Z,candidate
UgyKEiVKwlEd50S4YX94AaABAg,KESFTJroNzw,Gigali 2 keri levi se tari,0,2026-05-13T10:28:22Z,candidate
Ugy4gqwIHpf3lmwnL1Z4AaABAg,KESFTJroNzw,Ilovey ❤ilovey,1,2026-05-09T09:05:06Z,candidate
Ugwpk2DVc73gKmw3MVd4AaABAg,KESFTJroNzw,Super,0,2026-04-20T08:46:58Z,candidate
UgwX16jVZoGUAwrByHR4AaABAg,KESFTJroNzw,🎉❤😢😮😮😅,0,2026-03-06T11:01:59Z,candidate
UgwbpXYmhmw7KL9b7XB4AaABAg,KESFTJroNzw,Ravina ben ni keri sari chhe,0,2026-02-09T10:44:02Z,candidate
UgwsFS_SLGCwIJPWu5V4AaABAg,KESFTJroNzw,❤❤❤-❤❤❤+❤❤❤+❤❤❤❤❤❤❤❤❤❤1❤41,0,2025-11-05T15:45:32Z,candidate
Ugwd9nJ4KjLVl1XjO1F4AaABAg,KESFTJroNzw,Good komedi. Respect thi comment Karo gujratini jat na  Batavo,0,2025-10-26T13:55:50Z,candidate
UgyYlVywf1CLytnUYr54AaABAg,KESFTJroNzw,Comet respect this karo,0,2025-10-26T13:51:21Z,candidate
UgwnwWkfDX-kxcjdPhp4AaABAg,KESFTJroNzw,Toilyaad 11:17,0,2025-03-28T15:13:16Z,candidate
Ugznhw5Vegafwz3-xtJ4AaABAg,KESFTJroNzw,Toilyaad,1,2025-03-28T15:12:48Z,candidate
Ugz1WqbJ1_QlgGQDRwF4AaABAg,KESFTJroNzw,L😅,0,2025-03-27T00:29:35Z,candidate
UgzUhiIxefYWD-7dVw14AaABAg,KESFTJroNzw,👌👌👌👌,0,2025-01-26T16:30:16Z,candidate
Ugy3zZzHWxKiAad8xYJ4AaABAg,KESFTJroNzw,0:25 0:25 0:26 ❤😂😂😂😂😂😂😢😢😢😢😢😅😅😅😅😅😅😅😅😅😅😅😅😅😅😅qeehdvnhfhc dgtui❤😮😊gsjdfitqgqiltyik 0:45 0:45 0:45 0:45 tugkgj❤❤❤❤❤🎉🎉🎉🎉gudg.i,0,2024-10-23T00:57:29Z,candidate
Ugw6C7mnWbWAkKsohw14AaABAg,KESFTJroNzw,Jordar,1,2024-08-22T12:53:10Z,candidate
UgxxRCc8macWtBbydPx4AaABAg,KESFTJroNzw,Km,4,2024-06-29T17:11:58Z,candidate
UgwPUcQ9AunuWGKv6Xl4AaABAg,KESFTJroNzw,L,0,2024-06-27T10:31:36Z,candidate
UgyQ6TpedLzsvZBDG5p4AaABAg,KESFTJroNzw,Vy mm,2,2024-06-13T01:44:36Z,candidate
UgyeG4jkD8e7P6MEKt14AaABAg,KESFTJroNzw,Aajodi 16   60  ni chhe😂😂,27,2024-06-07T11:10:56Z,candidate
UgwTZjrugADZKzUS7cd4AaABAg,KESFTJroNzw,😅😊😊😊😊,2,2024-06-06T11:48:10Z,candidate
Ugz4au9bkz8oHO5B2Fp4AaABAg,KESFTJroNzw,Wah wah.... Comedy 🎉🎉,2,2024-06-06T09:54:43Z,candidate
UgyfqJ2-hUAtl-rlmSV4AaABAg,KESFTJroNzw,😅😅😅,0,2024-03-11T09:33:17Z,candidate
UgyIMaY_bX5JUv5Oclt4AaABAg,KESFTJroNzw,"was*,",0,2023-08-30T01:44:38Z,candidate
UgwHrCzfALcWS1D9z0N4AaABAg,KESFTJroNzw,Ha bhola bhai ha,2,2023-05-30T04:49:53Z,candidate
UgzEJpQLm_ir9B4xpWF4AaABAg,KESFTJroNzw,Vah gigli vah 🙏🏻,2,2023-05-02T11:29:43Z,candidate
Ugxvdtu1iOX67Ms9z5t4AaABAg,KESFTJroNzw,"बापा सीताराम 2 भाग कब बनेगा,,,,,,",1,2023-05-02T07:09:57Z,candidate
Ugz4O26pOHWCGHxY-a94AaABAg,KESFTJroNzw,👌🏿👌🏿👌🏿👌🏿👌🏿👌🏿,19,2022-11-16T15:15:05Z,candidate
Ugxs2CxTfrmRxwGeTiF4AaABAg,KESFTJroNzw,"By hu
Mi by",0,2022-11-08T09:34:07Z,candidate
UgwfzWe9iRmjp12A49l4AaABAg,KESFTJroNzw,BH,1,2022-09-25T14:57:49Z,candidate
Ugwbn3yvaRurcYiLO2J4AaABAg,KESFTJroNzw,ૉ,2,2022-09-10T15:55:04Z,candidate
UgwdghH6Z0FPa_uYGa54AaABAg,KESFTJroNzw,Umme,4,2022-09-07T06:28:57Z,candidate
Ugz_lY_X7xBSQlMuFN14AaABAg,KESFTJroNzw,M.pe,0,2022-07-26T13:55:40Z,candidate
UgxkjVMZXILH8OH_MpB4AaABAg,KESFTJroNzw,"षष,",0,2022-07-08T17:05:04Z,candidate
Ugz3WW3Bj1u053vZv314AaABAg,KESFTJroNzw,1⁰,0,2022-06-29T14:02:26Z,candidate
Ugz9loRzAugDdfofybJ4AaABAg,KESFTJroNzw,"Baaki paka gujarati chhene 
Nadoo chuti gayoo.the end.",0,2022-06-25T05:06:01Z,candidate
UgwmphXMaP6dTV8aN0l4AaABAg,KESFTJroNzw,"Pahela producer have director financer
Maaro varo kyare.",0,2022-06-25T05:00:57Z,candidate
UgzaUo209pvgEodJH3h4AaABAg,KESFTJroNzw,Baaki acting che.fatko che gaami jai avid.,4,2022-06-25T04:56:57Z,candidate
Ugz4TVrzOUdimdOxEpV4AaABAg,KESFTJroNzw,Chene gujarati vyapari.,11,2022-06-25T04:52:57Z,candidate
UgxcCCHX9IH0xQoMz3t4AaABAg,KESFTJroNzw,Nice video.,2,2022-06-18T11:20:38Z,candidate
UgyGhpL0VkWkPRRCxWt4AaABAg,KESFTJroNzw,🍅🌶️🥕🍠🌽🥒🥑🌰🥜🍞🥐🥖🎉🎊🎉🍓🍒🍎🍉🍑🍊🍍🍌🍋🍈🍈🍋🍌🍍🍊🍑🍉Hbxz🍓🎉🎊🍖🍗🥓🍏🍐🥝🍇🥔🍆🧀🥚🍳🥞🥖🥐🍞🥜🌰🥑🥒🌽🍠🥕🌶️🥞🍳🥚🧀🍆🥔🍇🥝🍐🍏🍈🍋🍌🍍🍊🍑🍉🍎🍒🍓🥓🍗🍖🍖,0,2022-06-12T10:42:09Z,candidate
UgxcFpkVfn9Z0wjqbVV4AaABAg,KESFTJroNzw,Ha moj ha,0,2022-05-22T03:02:14Z,candidate
Ugyg1XAod5RGUFckDAJ4AaABAg,KESFTJroNzw,જોરદાર Acting,64,2022-04-29T16:01:26Z,candidate
UgwWo1KYM2INvgKL3QZ4AaABAg,KESFTJroNzw,. o.o,0,2022-04-26T15:50:01Z,candidate
Ugw_cDis96TFaD98Ixl4AaABAg,KESFTJroNzw,Kalmukha Tibia lukhino th a ma !,0,2022-04-21T09:37:42Z,candidate
UgxIou16cx3j2lZX89d4AaABAg,KESFTJroNzw,ेप_पेेपे_प_टपेेेे__टर्टपे_े_ेप___े_पेप_े_र्_े&&,0,2022-04-05T06:53:38Z,candidate
UgwALgx-pnHm19UF09t4AaABAg,KESFTJroNzw,",",0,2022-04-01T07:13:38Z,candidate
UgyPCeI7lxSxopdZyMt4AaABAg,KESFTJroNzw,Tark mehata Ka oll mucis copy,3,2022-03-29T03:26:31Z,candidate
UgxKTLF7PBERE5cEx954AaABAg,KESFTJroNzw,Ankesh,2,2022-03-20T15:58:06Z,candidate
UgxTn-_5-r2QailzvSZ4AaABAg,KESFTJroNzw,I love you Ravina gigali,0,2022-03-17T02:58:27Z,candidate
UgyOWt2uPNFumC2hriV4AaABAg,KESFTJroNzw,Hi,0,2022-03-16T16:20:35Z,candidate
Ugz4XCo4AS9Gc8C7lqN4AaABAg,KESFTJroNzw,Apne title hi olta likha he 🤣🤣🤣,1,2022-03-03T15:56:12Z,candidate
Ugy6GEpOBZGc607NI-h4AaABAg,KESFTJroNzw,7 fry 586 CTO hip nutty,0,2022-02-23T05:43:08Z,candidate
UgzfekAhRy9BafWQ3Zp4AaABAg,KESFTJroNzw,",b",0,2021-12-28T20:17:39Z,candidate
UgzOfQLT9aa0t4Q4bHB4AaABAg,KESFTJroNzw,B,1,2021-12-28T14:21:15Z,candidate
Ugx00-Za8-X2BvBym0h4AaABAg,KESFTJroNzw,..M..,0,2021-12-22T14:00:07Z,candidate
UgwdxC4MfL6QvORSXKB4AaABAg,KESFTJroNzw,🚌,6,2021-10-21T07:52:58Z,candidate
UgwIOHtEsmzanz7poSZ4AaABAg,KESFTJroNzw,B.k,0,2021-10-02T14:35:20Z,candidate
UgwYNkdgALqwDElB4rl4AaABAg,KESFTJroNzw,🙃😮🙃😕🙃😕🙁🙃🙃😣😴🙃😴🙃🙁🙃🙁😄😕🙃😕🙃😮🙂😮🙂🙃🙃,0,2021-09-03T15:53:25Z,candidate
Ugx1W3BjlPUPCrBgsU14AaABAg,KESFTJroNzw,HA HA HA,0,2021-08-22T08:37:38Z,candidate
Ugy9YN2059drGn3lJOZ4AaABAg,KESFTJroNzw,"Superb acting ravina.. you are just fantastic..😄 aetle tamaru kevanu hu Thay che...
Her favourite dialogue...",8,2021-08-21T13:48:56Z,candidate
Ugwq3Ho-PMeXvhTMzXd4AaABAg,KESFTJroNzw,8,1,2021-08-09T18:03:41Z,candidate
UgwXsRszeK66qJvDW1h4AaABAg,KESFTJroNzw,😄😄,7,2021-07-05T11:16:15Z,candidate
Ugw1ktn5PZuS4w2RtBl4AaABAg,KESFTJroNzw,Vi😄😚🤣🚜🚜🚜🚜🚜🚜,0,2021-07-03T15:35:36Z,candidate
UgxQIJUikH7RZtX0_B14AaABAg,KESFTJroNzw,h7,0,2021-06-28T08:50:13Z,candidate
Ugw9PAIodnOAyQb30tx4AaABAg,KESFTJroNzw,tamaru gam kyu se,1,2021-06-24T10:46:54Z,candidate
Ugwai2Owlahh-LG_N7V4AaABAg,KESFTJroNzw,Ha moj  ha,4,2021-06-22T16:20:42Z,candidate
Ugyb6yVv4Vd8xI6y-C14AaABAg,KESFTJroNzw,"Higoo
0jjjp",1,2021-06-22T14:54:46Z,candidate
UgyEAtPo1nCPhjJEibh4AaABAg,KESFTJroNzw,सुपरहिट,8,2021-06-22T13:58:31Z,candidate
UgxkVsO-dz6QqUfSHyh4AaABAg,KESFTJroNzw,Tamaro nabr aapo,3,2021-06-22T07:51:41Z,candidate
UgwAVhrJtMfZwnOpNvN4AaABAg,KESFTJroNzw,https://youtu.be/IcclYoPDmXw,1,2021-06-21T19:47:24Z,candidate
Ugz6p_vANxT8qkCzJoZ4AaABAg,KESFTJroNzw,😁😁😁😁😁👌👌👌,4,2021-06-21T15:06:12Z,candidate
UgyM-dS0ngX2-WLc79Z4AaABAg,KESFTJroNzw,kya tihla bhabha ne kya ghrvali kpda nu komineshn hovu joye ke,2,2021-06-20T16:01:30Z,candidate
UgxSh7zRzY5HCAHd3sJ4AaABAg,KESFTJroNzw,👌👌👌👌,1,2021-06-20T14:21:34Z,candidate
UgxQmkv3kXKL7NmR_kl4AaABAg,KESFTJroNzw,Hamna vidio nota avta,6,2021-06-20T13:53:50Z,candidate
UgxZkJKGzYFDQOFiiCx4AaABAg,KESFTJroNzw,https://youtu.be/_7GceRI9Dng,0,2021-06-20T07:56:13Z,candidate
Ugx8Due3YNeiTMmEgXR4AaABAg,KESFTJroNzw,Good,4,2021-06-19T17:15:38Z,candidate
Ugx60M7AK-QcHB1B82R4AaABAg,KESFTJroNzw,Super ce bhai Keri,6,2021-06-19T16:16:09Z,candidate
Ugx77_7KpF7CRoXKAxZ4AaABAg,KESFTJroNzw,Super ho Gagudiya,5,2021-06-19T15:25:21Z,candidate
UgwDC8bckYYF8GXfQAB4AaABAg,KESFTJroNzw,"हा गगुडीया तारी मोज हा,",2,2021-06-19T13:33:45Z,candidate
UgzHy6sS8-8yxvipaZ54AaABAg,KESFTJroNzw,Gigli a maryada rakhi ho bv mathe odhu😁😁,1,2021-06-19T11:46:58Z,candidate
Ugzs9M55Q61JC1DPrQ94AaABAg,KESFTJroNzw,Gigli bv keri na khati ho jadi lage chhe Aama😂😂😂😂,5,2021-06-19T11:45:39Z,candidate
Ugwzjj-jQvy4ljtHeiR4AaABAg,KESFTJroNzw,Saras gigli Hare gagudiyo J saro lage 😀,1,2021-06-19T11:44:47Z,candidate
Ugx2eE-Lkg6y5_T3p8t4AaABAg,KESFTJroNzw,Op,2,2021-06-19T10:58:17Z,candidate
Ugy9byiWlg7ojfBHaPd4AaABAg,KESFTJroNzw,पेलो केरी नी चोरी करतो हतो त्यारे पेली बेर देखती हती।😁😁😂😂😂😂😂😂😂😂,2,2021-06-19T08:21:58Z,candidate
UgyAkYaFa2teyBGDKzl4AaABAg,KESFTJroNzw,😘😘😘😘😘👍,7,2021-06-19T06:05:36Z,candidate
Ugw_F8vEmdnAN3MutTh4AaABAg,KESFTJroNzw,☺☺☺☺☺😑😑😎😎😎😎😋😋🤩🤩🤩🤩🤩🤩😀😀😀,1,2021-06-19T03:24:58Z,candidate
UgxLubb7hOrqWghRV7h4AaABAg,KESFTJroNzw,Va👌👌👌👌👌👌👌👌👌,4,2021-06-18T18:23:22Z,candidate
UgzxdOwdM6OGlvjb32V4AaABAg,KESFTJroNzw,Vah Vah very nice comedy,6,2021-06-18T17:31:19Z,candidate
UgzgxvPgfKAPWTyJMjx4AaABAg,KESFTJroNzw,Very nice and very buttiful comic,7,2021-06-18T17:11:15Z,candidate
Ugz9ah9q-FxTHSzmo114AaABAg,KESFTJroNzw,Hi,2,2021-06-18T16:52:03Z,candidate
Ugy7UC7M13Po9j032Bd4AaABAg,KESFTJroNzw,"Agiyaras no video aavse,?",1,2021-06-18T16:45:14Z,candidate
Ugwcr4-3NVozJS0WxXR4AaABAg,KESFTJroNzw,Gagudiyabhai ane giglinu sasu nam suse,3,2021-06-18T15:58:17Z,candidate
Ugyy0_jHAGZWwG0Jf3t4AaABAg,KESFTJroNzw,Aa Umare sadi sobhe masi,4,2021-06-18T15:52:13Z,candidate
UgzJ16CO5GQvPsymWqt4AaABAg,KESFTJroNzw,Have to dresh badlo bhabhano,3,2021-06-18T15:28:33Z,candidate
UgxEyeMlHPYTctA6FUB4AaABAg,KESFTJroNzw,Nice,3,2021-06-18T14:47:46Z,candidate
UgzU5q__yI7JvTgW_Hp4AaABAg,KESFTJroNzw,😂https://youtu.be/FZjz3X3IEDw👍🏻,0,2021-06-18T14:43:17Z,candidate
UgzqQRsuYuN2hA0TkSp4AaABAg,KESFTJroNzw,Vikrams  village  Vlogs 1 var  jojo,5,2021-06-18T14:41:23Z,candidate
Ugwqn6rbUkvcnlPvNWZ4AaABAg,KESFTJroNzw,Very nice,6,2021-06-18T14:31:59Z,candidate
UgzmrqDoeM2DF4OvoER4AaABAg,KESFTJroNzw,Nice,1,2021-06-18T14:28:13Z,candidate
UgzQ5PwVw0ibwN19pe54AaABAg,KESFTJroNzw,❤️❤️❤️😭,6,2021-06-18T14:28:03Z,candidate
UgxFE5QLHBDm65QI4tl4AaABAg,KESFTJroNzw,👍🏾👍🏾,6,2021-06-18T14:27:57Z,candidate
UgzI3IskfWcFNNJ9PJl4AaABAg,KESFTJroNzw,😘😘😀❤️,1,2021-06-18T14:27:53Z,candidate
UgwIfv_hqSjvTyiOSJN4AaABAg,KESFTJroNzw,😂😂,3,2021-06-18T14:27:48Z,candidate
UgxCqQS_5gwM1dAwLEd4AaABAg,KESFTJroNzw,👈👈👈👈🤏🤏🤏👌👌👌👌👌👌👌👌👌👌👌👌👌👌👌👌👌👌👌👌👌👌👌👌👌👌👌👌,1,2021-06-18T14:26:52Z,candidate
UgzBx7oixkMh4l9qSip4AaABAg,KESFTJroNzw,Super 😎😎,17,2021-06-18T14:03:16Z,candidate
UgyssEfvhMj-Ml3wrmF4AaABAg,KESFTJroNzw,Tomorrow Jor daar video chahie ❤️,2,2021-06-18T14:02:20Z,candidate
Ugz4-u8AbxmhL74nXcp4AaABAg,KESFTJroNzw,Jordar video 👌👌👌👌👌,1,2021-06-18T14:01:16Z,candidate
UgxGMWm6X7oLd9R5GtF4AaABAg,KESFTJroNzw,Kyu village se,3,2021-06-18T13:59:45Z,candidate
UgzuZce7uS9nwDg_Nqd4AaABAg,KESFTJroNzw,first view,5,2021-06-18T13:59:25Z,candidate
UgxPac4DcxLO-QSiIr14AaABAg,KESFTJroNzw,Kayu gaam che village super👌,4,2021-06-18T13:46:51Z,candidate
Ugzm55ckoanNZ0AzaG54AaABAg,Kspub5YQCwE,😂😂😂😂😂😂😂😂😅,0,2026-08-13T07:16:03Z,candidate
UgxP0SSb1HY7WD14r4h4AaABAg,Kspub5YQCwE,😂😂😂😂,1,2026-08-13T03:53:47Z,candidate
UgwjuqqnI5sM4lj6Vx94AaABAg,Kspub5YQCwE,Nice bhabhi and Bhai,1,2026-08-12T17:05:01Z,candidate
UgzL6tjdJp8c6hoPcyl4AaABAg,Kspub5YQCwE,😂😂😂😂😂😂,1,2026-08-12T16:46:59Z,candidate
UgxMRB8z7IugVrH9c9x4AaABAg,ZfVf84yXt1U,"For More Such Videos Subscribe to our channels - 

https://www.youtube.com/@shemaroogujarati
https://www.youtube.com/@shemaroogujaratimusic1004
https://www.youtube.com/@gujaraticomedy5787
https://www.youtube.com/@shemaroogujaratimanoranjan2663

Follow us on
 
Facebook - https://www.facebook.com/shemaroogujarati/
Twitter - https://twitter.com/ShemarooGuj
Instagram - https://www.instagram.com/shemarooguj/?hl=en",94,2024-01-18T18:27:29Z,candidate
Ugz8jyI6e1C2aeVeY6d4AaABAg,ZfVf84yXt1U,Why No Subtitles ??,0,2026-08-12T13:29:44Z,candidate
UgxdCNkateLTn2VHEht4AaABAg,ZfVf84yXt1U,Khub j saras,0,2026-07-29T13:03:56Z,candidate
UgzmrBStccykcUM6PGN4AaABAg,ZfVf84yXt1U,सनी जी। यू विल सेल थ्रू इन ८ डेज डोंट बी अंडर टेंश्यॉय।,0,2026-05-30T19:12:24Z,candidate
UgyBffm9gpynQ6uj3gB4AaABAg,ZfVf84yXt1U,😂😂😂😂😂😂😂😂😂😂😂😂😂😂😂😂😂😂😂😂😂😂😂😅😂😂😂😂😂😂😂😂😂😂😂😂😂😂,0,2026-05-23T16:04:23Z,candidate
UgweiYTBSOLZo09b6Ux4AaABAg,ZfVf84yXt1U,"Brahman vishay ma kadi karab na bolvu.bheahman srwa shresth hoychhe.
Aa aek prakar ni sanatan dharm sathe majak kaheway.agar tame Brahman ni majak banavta hoyto.
Save sanatan dharm",0,2026-05-19T17:12:18Z,candidate
UgwLug3B2KBoFzTXdtB4AaABAg,ZfVf84yXt1U,Darpok log bhgvan bhgvan kare se..karm kharab karva ne karela karmo thi dari bhagvan bhagvan kare che...sab juth hay..bhakti na name dhong kare se pan niti satya thi nathi chalvu...,0,2026-05-09T15:38:55Z,candidate
UgwsK6rZqGeh7Z-Gczx4AaABAg,ZfVf84yXt1U,U,0,2026-05-05T17:01:46Z,candidate
UgyP7hxHvdZn7HhEtQd4AaABAg,ZfVf84yXt1U,Ganda gujrati veda,0,2026-04-18T07:25:02Z,candidate
UgzhyPywORhjRE2bU8V4AaABAg,ZfVf84yXt1U,Background  has Waanu  Jarawathre chey,0,2026-04-03T17:08:13Z,candidate
UgzCK3mGmHin_W5Z5gp4AaABAg,ZfVf84yXt1U,Oveshi ne keva Jane dofa,0,2026-01-22T16:36:44Z,candidate
Ugypi9Y1YlMRPgaDQpF4AaABAg,ZfVf84yXt1U,Krishna  ko comedy  me bich me mat lo please,1,2025-12-09T13:02:48Z,candidate
UgzmfcinOWH1pWHF0mh4AaABAg,ZfVf84yXt1U,🌹🌹🌹🌹😊😊,0,2025-10-25T16:52:06Z,candidate
Ugy0oPDjyWk_JMWU1XN4AaABAg,ZfVf84yXt1U,Very very nice 🎉❤,0,2025-07-05T21:23:52Z,candidate
UgxHXNvHdYSzIvCm5eV4AaABAg,ZfVf84yXt1U,❤❤❤❤❤😊😊😊😍💙😊😃,1,2025-06-13T14:10:23Z,candidate
UgzAM4AAxwb2HGMaZ_94AaABAg,ZfVf84yXt1U,"Gujju kaka
Brahmano ni koi e.ethi maari nathi
Ulta Brahmano.  E.     Des ni bholi. Janta. Ane des. Ni fakat. Methij maari nathi
Aakhu. Shaak. Maari Lidhu chhe 😂😂",0,2025-04-09T20:41:42Z,candidate
UgxFjtidJVWGJGdYXQl4AaABAg,ZfVf84yXt1U,Super,2,2025-04-08T11:51:35Z,candidate
UgyGeY58YxrQgONl8UB4AaABAg,ZfVf84yXt1U,मां की ममता क्या होती है वृद्धाश्रम अनाथ आश्रम पर कॉमेडी बनाओ,1,2025-04-01T13:48:03Z,candidate
Ugyn8noD0eo70n4aKxR4AaABAg,ZfVf84yXt1U,भाई साहब गुजराती फिल्मों में भी ट्राई करें गुजराती फिल्में बनने प्लीज,1,2025-04-01T13:47:45Z,candidate
UgxCjD4M5D_uGjgsx394AaABAg,ZfVf84yXt1U,मारवाड़ी पंजाबी मराठी अलग अलग ड्रेस में वीडियो बना,1,2025-04-01T13:47:30Z,candidate
UgzSHrT4kHhm7KPMw8J4AaABAg,ZfVf84yXt1U,साधु बनकर जाता है हाथ देखा है भविष्य बताता है ऐसी कॉमेडी बनाओ,3,2025-04-01T13:47:16Z,candidate
Ugw3H5-Vwua3uXaqgiN4AaABAg,ZfVf84yXt1U,गूंगा बहरा तोतला बोबडा की भाषा में कॉमेडी बना,1,2025-04-01T13:47:01Z,candidate
Ugz2_wmn-xTWTwdaQRV4AaABAg,ZfVf84yXt1U,"Very Nice Acting,",0,2025-03-15T14:46:41Z,candidate
UgzFbZs6Qx3JxNQMMNZ4AaABAg,ZfVf84yXt1U,"Malti,,,,I LOVE YOU 😘😘😘",4,2025-02-15T14:26:50Z,candidate
Ugy3dUd9lfPpKlz9xQx4AaABAg,ZfVf84yXt1U,Na game a na juo it’s not serious just comedy che,1,2025-01-27T16:25:28Z,candidate
UgzEB--d8-TixImMxdJ4AaABAg,ZfVf84yXt1U,Kekek,1,2024-12-04T15:20:58Z,candidate
UgxZb4q_lsz3hVXI86Z4AaABAg,ZfVf84yXt1U,H what keep,1,2024-12-04T15:20:53Z,candidate
UgxZ4-OXXnjiPJ7WmVd4AaABAg,ZfVf84yXt1U,"Third class language 

Don't use God names for jokes",1,2024-11-18T16:56:16Z,candidate
UgzWr9r33llF5vENMTV4AaABAg,ZfVf84yXt1U,😂😂😂😂😂,1,2024-11-09T15:59:36Z,candidate
UgwuwkdkS0JEHRnH_RV4AaABAg,ZfVf84yXt1U,👌👌👌👌👌👌,1,2024-11-07T08:21:37Z,candidate
UgxgpbADliuaBTPznmx4AaABAg,ZfVf84yXt1U,😊😅😮😢🎉😂❤❤😂🎉😢😮😅😊😊😅😮😢🎉😂❤,0,2024-10-25T16:24:09Z,candidate
UgzNNS_14BuKu6qF4zd4AaABAg,ZfVf84yXt1U,Bhai aa aek manoranjan se khush raho,4,2024-10-01T14:42:29Z,candidate
UgxDNUhJhKEFtXIe7Ex4AaABAg,ZfVf84yXt1U,❤❤😂,1,2024-09-27T16:46:15Z,candidate
UgykI_k1lISxYf_Xf-N4AaABAg,ZfVf84yXt1U,Hamen to Gujarati Jago Modi ne hatao Desh mein bachao nahin to tumhari per baat,1,2024-09-21T18:22:02Z,candidate
Ugyil36OG-d5JQgHHe14AaABAg,ZfVf84yXt1U,Hamen to Gujarati Modi ne hatao Desh ne bachao nahin to tumhare per sharm aapse ham logon,1,2024-09-21T18:21:14Z,candidate
UgzLJVB04Y2SDQFvxqV4AaABAg,ZfVf84yXt1U,😂😂😂😂😅😅😅😅,2,2024-09-18T14:25:16Z,candidate
UgyOuQPznH3qgyJHu6J4AaABAg,ZfVf84yXt1U,Very nice,0,2024-09-05T18:13:17Z,candidate
UgzSnfRx316ptYtfL5Z4AaABAg,ZfVf84yXt1U,Comedy kare Teri rit hoi badhuj eni Mane jevu na hoi,0,2024-08-16T14:54:07Z,candidate
UgxQH8bVkrsWiSgASdR4AaABAg,ZfVf84yXt1U,Bhagavan vise khubaj kharab bole che claim karava joie,0,2024-08-16T14:49:09Z,candidate
UgwbJclJ75PYHMI3Ddt4AaABAg,ZfVf84yXt1U,Tejal is beautiful,2,2024-08-04T17:58:18Z,candidate
UgzN8zB9OF8v_13-0Dh4AaABAg,ZfVf84yXt1U,बहुतही अच्छी जोडी और अदाकरी !,0,2024-07-01T14:54:13Z,candidate
UgxVF-x_edLkFM0pSBd4AaABAg,ZfVf84yXt1U,Bahu saras comedy 😅,4,2024-06-22T13:27:14Z,candidate
UgzvKEQZPwGV0Ujtl7F4AaABAg,ZfVf84yXt1U,Jene n game te n juvo. Pan bija ne sudhrva wada aapne kon ? E enu jose. E fakt acting kare che. Te nathi kehta video jova mate,0,2024-06-06T19:47:06Z,candidate
Ugxvg-GfDUVpxZq-L0B4AaABAg,ZfVf84yXt1U,Public ko aise neta ko sabk sikhna chahiye,2,2024-05-30T04:50:30Z,candidate
Ugy_RmL0LFxF6V-ZXfJ4AaABAg,ZfVf84yXt1U,He is doing comedy 😮,1,2024-05-25T19:30:50Z,candidate
Ugz8DLmUfkodx4vVcAt4AaABAg,ZfVf84yXt1U,Natak ma bhagvan ni mazak na karo nakar tamari mazak banijase kabar par naypade,1,2024-05-14T11:09:12Z,candidate
UgwR2PV97tNm9Y_Wo-14AaABAg,ZfVf84yXt1U,Don't disrespect god 😡,2,2024-05-08T15:37:55Z,candidate
Ugx4qM4abvOS0EpTtcF4AaABAg,ZfVf84yXt1U,PAL 😅😅😅😅😅😅😅😅😅,3,2024-04-30T08:21:06Z,candidate
UgyEh4ieYVSu0xyGTsV4AaABAg,ZfVf84yXt1U,Shu mandyu che ? Bhagwan ni majak udadva lagyo ?,1,2024-04-28T15:30:37Z,candidate
UgyOnTBNpfVaWtALpql4AaABAg,ZfVf84yXt1U,Natak ma bhagvan ni majak na udavo sudhri jav,30,2024-04-05T05:47:00Z,candidate
Ugyz_zMaeKBKm3xjQ0N4AaABAg,ZfVf84yXt1U,Nice to meet you 🎉,3,2024-03-29T14:20:32Z,candidate
Ugyl54CS92A8phQQXB54AaABAg,ZfVf84yXt1U,वाह  पंडया  भाई,4,2024-03-18T16:58:00Z,candidate
UgwpUgUuDVaJDnbQGEB4AaABAg,ZfVf84yXt1U,😂😂😂😂,0,2024-03-17T15:59:05Z,candidate
UgxE-zm4vwAymD_25SN4AaABAg,ZfVf84yXt1U,😂,1,2024-02-07T07:09:28Z,candidate
UgyjbPawIXBjfliChGp4AaABAg,ZfVf84yXt1U,😂❤,2,2024-02-01T16:09:04Z,candidate
Ugzvjc5xu4jpVrCd3o54AaABAg,ZfVf84yXt1U,Duplicate hasava no avaj bandh karo dofao a su bole che a to sambhdva do topa,10,2024-01-29T15:00:59Z,candidate
UgysjUNrOtOHwQbOhUJ4AaABAg,ZfVf84yXt1U,Very good,0,2024-01-28T17:25:52Z,candidate
UgyFRZ1Q256N391O0d54AaABAg,ZfVf84yXt1U,😂😂😂😂😂😂😂😂 super se bhi uper,7,2024-01-27T17:29:10Z,candidate
UgzE_ItVjI7Lkhi7kvV4AaABAg,ZfVf84yXt1U,Very nice comedy,2,2024-01-17T16:09:40Z,candidate
UgxcAnMVGv5jLWP35_p4AaABAg,ZfVf84yXt1U,😂😂😂😂,2,2024-01-17T09:10:30Z,candidate
Ugz0dkFV6aCZ9W150cB4AaABAg,ZfVf84yXt1U,https://www.youtube.com/@Ashasentakapadiya daily cooking in routine😊,1,2024-01-17T08:37:38Z,candidate
Ugyv1Dv_Qsrze3WIQAR4AaABAg,ZfVf84yXt1U,🎉😢🎉😊😊😊😂😂🎉😊😂😂😂😂😂😂😂,1,2024-01-17T08:37:07Z,candidate
UgwEV9vHRmSeVhBKQgd4AaABAg,lOS3lhLEyJU,Tt,0,2026-05-11T11:20:48Z,candidate
UgzFUU5NG_kbCqaN0d54AaABAg,lOS3lhLEyJU,🎉🎉,1,2025-12-27T09:17:30Z,candidate
Ugw-dEKtvmVqNpltSW54AaABAg,lOS3lhLEyJU,Wah wah super.  Comedy 🎉🎉. Bhai 🎉🎉,7,2025-05-05T06:15:42Z,candidate
UgwDzwiEYtd2Agb8F454AaABAg,lOS3lhLEyJU,Jay mataji🙏,2,2025-03-23T05:01:13Z,candidate
Ugyoc5vxX1z98DU9ulp4AaABAg,lOS3lhLEyJU,Ha.  Moj masti. Bhai 🎉🎉,4,2025-03-11T14:40:29Z,candidate
Ugzly9RuCawdQzC-kr14AaABAg,lOS3lhLEyJU,😂😂😂,1,2023-10-12T04:18:39Z,candidate
UgwIm9O8gHn0_IDJf2l4AaABAg,lOS3lhLEyJU,😂😂😂,1,2023-04-21T09:51:50Z,candidate
UgxXSsGP1v63SciE7B54AaABAg,lOS3lhLEyJU,👌👌,2,2023-02-07T12:34:01Z,candidate
Ugy2l19pYoTkEyPSslV4AaABAg,lOS3lhLEyJU,Vegas ka bhagyo ?,2,2023-02-04T12:47:38Z,candidate
UgwSHsdyw4fs_uzIlLh4AaABAg,lOS3lhLEyJU,😂😂😂,2,2023-01-29T03:21:05Z,candidate
UgyjB5cTksDy0ojN6zZ4AaABAg,lOS3lhLEyJU,😀😀😀😀👍,2,2023-01-25T06:37:14Z,candidate
Ugw5RPmPuA4qZk7PUKR4AaABAg,lOS3lhLEyJU,Super ho,2,2023-01-25T05:04:41Z,candidate
UgzFFSc5k9F40af4prF4AaABAg,lOS3lhLEyJU,🤣🤣🤣✌️👌,2,2023-01-23T18:21:52Z,candidate
UgyYOXQIH7WditHHqlx4AaABAg,lOS3lhLEyJU,😂😂🤣🤣,4,2023-01-23T16:19:15Z,candidate
UgxRnb84HUJlfFThNkx4AaABAg,lOS3lhLEyJU,Ha vasu ni moj ha,4,2023-01-23T14:53:44Z,candidate
UgzVctBT9yDXmkEpT_B4AaABAg,lOS3lhLEyJU,👌👌👌👌😄✅,3,2023-01-23T13:28:14Z,candidate
UgwaBZC6WoU79u6G5hh4AaABAg,Xpy8XiVMRK4,😅😅,0,2026-08-05T16:17:46Z,candidate
UgxGRKNPO-5SfqBkDoR4AaABAg,Xpy8XiVMRK4,"Www



Ovvv",0,2026-07-14T17:03:57Z,candidate
Ugy5WrYP_XnF_10O7qd4AaABAg,Xpy8XiVMRK4,"Mm
,,",0,2026-04-10T17:56:57Z,candidate
UgwQaRlrCK7ULzXnJ2h4AaABAg,Xpy8XiVMRK4,Nice joks Prafulbhai joshi saheb.,4,2026-03-15T16:18:19Z,candidate
Ugz3tVhg95D4t_kVfft4AaABAg,Xpy8XiVMRK4,😂😂😂😂😂😂,0,2026-02-25T14:50:28Z,candidate
UgzhSgCCzB9-bLsl3f14AaABAg,Xpy8XiVMRK4,❤❤❤❤❤😊🎉🎉🎉🎉🎉,1,2025-12-22T14:42:47Z,candidate
Ugw-i-8ArJxQcGWHL9J4AaABAg,Xpy8XiVMRK4,❤❤❤❤❤❤😅,0,2025-12-16T08:28:38Z,candidate
UgxrvEl_IntoFfLyFiN4AaABAg,Xpy8XiVMRK4,Arebhaibhaijordarjokes,1,2025-12-07T21:33:40Z,candidate
UgzshEFY4i2mXsOOCEB4AaABAg,Xpy8XiVMRK4,Good,1,2025-11-18T17:51:55Z,candidate
Ugzbvun3AfrgpYtfd6V4AaABAg,Xpy8XiVMRK4,Very nice sir,1,2025-09-12T16:13:29Z,candidate
UgxaE8X5uiPcNgsrDgZ4AaABAg,Xpy8XiVMRK4,😂😂😂😂😂😂😂😂😂😂😂😂😂😂😂😂😂😂😂😂😂😂😂😂😂😂😂😂😂😂😂😂😂😂😂😂😂😂😂😂😂😂😂😂😂😂😂😂😂😂😂😂😂😂😂😂😂😂😂😂😂😂😂😂😂😂😂😂😂😂😂😂😂😂😂😂😂😂😂😂😂😂😂😂😂😂😂😂😂😂😂😂😂😂😂😂😂😂😂😂😂😂😂😂😂😂😂😂😂😂😂😂😂😂😂😂😂😂😂😂😂😂😂😂😂😂😂😂😂😂😂😂😂😂😂😂😂😂😂😂😂😂😂😂😂😂😂😂😂😂😂😂😂😂😂😂😂😂😂😂😂😂😂😂😂😂😂😂😂😂😂😂😂😂😂😂😂😂😂😂😂😂😂😂😂😂😂😂😂😂😂😂❤❤❤❤❤❤❤❤❤❤❤❤❤❤❤❤❤❤❤❤❤❤❤❤❤❤❤❤❤❤❤❤😂😂😂😂😂😂😂😂😂😂😂😂😂😂😂😂😂😂😂😂😂😂😂😂😂😂😂😂😂😂😂😂😂😂😂😂😂😂😂😂😂😂😂😂😂😂😂😂😂😂😂😂😂😂😂😂😂😂😂😂😂😂😂😂😂😂😂😂😂😂😂😂😂😂😂😂😂😂😂😂😂😂😂😂😂😂😂😂😂😂😂😂😂😂😂😂😂😂😂😂😂😂😂😂😂😂😂😂😂😂😂😂😂😂😂😂😂😂😂😂😂😂😂😂😂😂😂😂😂😂😂😂😂😂😂😂😂😂😂😂😂😂😂😂😂😂😂😂😂😂😂😂😂😂😂😂😂😂😂😂😂😂😂😂😂😂😂😂😂😂😂😂😂😂😂😂😂😂😂😂😂😂😂😂😂😂😂😂😂😂😂😂❤❤❤❤❤❤❤❤❤❤❤❤❤❤❤❤❤❤❤❤❤❤❤❤❤❤❤❤❤❤❤❤❤😂😂😂😂😂😂😂😂😂😂😂😂😂😂😂😂😂😂😂😂😂😂😂😂😂😂😂😂😂😂😂😂😂😂😂😂😂😂😂😂😂😂😂😂😂😂😂😂😂😂😂😂😂😂😂😂😂😂😂😂😂😂😂😂😂😂😂😂😂😂😂😂😂😂😂😂😂😂😂😂😂😂😂😂😂😂😂😂😂😂😂😂😂😂😂😂😂😂😂😂😂😂😂😂😂😂😂😂😂😂😂😂😂😂😂😂😂😂😂😂😂😂😂😂😂😂😂😂😂😂😂😂😂😂😂😂😂😂😂😂😂😂😂😂😂😂😂😂😂😂😂😂😂 24:49 😂😂😂😂😂😂😂😂😂😂😂😂😂😂😂😂😂😂😂😂😂😂😂😂😂😂😂😂😂😂😂😂😂😂😂😂😂😂😂😂😂😂😂😂😂😂😂😂😂😂😂😂😂😂😂😂😂😂😂😂😂😂😂😂😂😂😂😂😂😂😂😂😂😂😂😂😂😂😂😂😂😂❤❤❤❤❤❤❤❤❤❤❤❤❤❤❤❤❤❤❤❤❤❤❤❤❤❤❤❤❤❤❤❤❤😅😅😅😅😅😅😅😅😅😅😅😅😅😅😅😅😅😅😅😅😅😅😅😅😅😅😅😅😅😅😅😅😅😅😅😅😅😅😅😅😅😅😅😅😅😅😅😅😅😅😅😅😅😅😅😅😅😅😅😅😅😅😅😅😅😅😅😅😅😅😅😅😅😅😅😅😅😅😅😅😅😅😅😅😅😅😅😅😅😅😅😅😅😅😅😅😅😅😅😅😅😅😅😅😅😅😅😅😅😅😅😅😅😅😅😅😅😅😅😅😅😅😅😅😅😅😅😅😅😅😅😅😅😅😅😅😅😅😅😅😅😅😅😅😅😅😅😅😅😅😅😅😅😅😅😅😅😅😅😅😅😅😅😅😅😅😅😅😅😅😅😅😅😅😅😅😅😅😅😅😅😅😅😅😅😅😅😅😅😅😅😅😅😅😅😅😅😅😅😅😅😅😅😅😅😅😅😅😅😂😂😂😂😂😂😂😂😂😂😂😂😂😂😂😂😂😂😂😂😂😂😂😂😂😂😂😂😂😂😂😂😂😂😂😂😂😂😂😂😂😂😂😂😂😂😂😂😂😂😂😂😂😂😂😂😂😂😂😂😂😂😂😂😂😂😂😂😂😂😂😂😂😂😂😂😂😂😂😂😂😂😂😂😂😂😂😂😂😂😂😂😂😂😂😂😂😂😂😂😂😂😂😂😂😂😂😂😂😂😂😂😂😂😂😂😂😂😂😂😂😂😂😂😂😂😂😂😂😂😂😂😂😂😂😂😂😂😂😂😂😂😂😂😂😂😂😂😂😂😂😂😂😂😂😂😂😂😂😂😂😂😂😂😂😂😂😂😂😂😂😂😂😂😂😂😂😂😂😂😂😂😂😂😂😂😂😂😂😂😂❤❤❤❤❤❤❤❤❤❤❤❤❤❤❤❤❤❤❤❤❤❤❤❤❤❤❤❤❤❤❤❤❤❤❤❤❤❤❤❤❤❤❤❤❤❤❤❤❤❤❤❤❤❤❤❤❤❤❤❤❤❤❤❤❤❤❤❤❤❤❤❤❤❤❤❤❤❤❤❤❤❤❤❤❤❤❤❤❤❤❤❤❤❤❤❤❤❤❤❤❤❤❤❤❤❤❤❤❤❤❤❤❤❤❤❤❤❤❤❤❤❤❤❤❤❤❤❤❤❤❤❤❤❤❤❤❤❤❤❤❤❤❤❤❤❤❤❤❤❤❤❤❤❤❤❤❤❤❤❤❤❤❤❤❤❤❤❤❤❤❤❤❤❤❤❤❤❤❤❤❤❤❤❤❤❤❤❤❤❤❤❤❤ super jokes 😢😢😢😢😮😮😮😂😂😂😂😂😂😂😂😂😂😂😂😂😂😂😂😂😂😂😂😂😂😂😂😂😂😂😂😂😂😂😂😂😂😂😂😂😂😂😂😂😂😂😂😂😂😂😂😂😂😂😂😂😂😂😂😂😂😂😂😂😂😂😂😂😂😂😂😂😂😂😂😂😂😂😂😂😂😂😂😂😂😂😂😂😅😅😅😅😅😅😅😅😅😅😅😅😅😅😅😅😅😅😅😅😅😅😅😅😅😅😅😅😅😅😅😅😅😅😅😅😅😅😅😅😅😅😅😅😅😅😅😅😅😅😅😅😅😅😅😅😅😅😅😅😅😅😅😅😅❤❤❤❤❤❤❤❤❤❤❤❤❤❤❤❤❤❤❤❤❤❤❤❤❤❤❤❤❤😂😂😂😂😂❤❤❤❤❤❤❤❤❤❤❤❤❤❤❤❤❤❤❤❤❤❤❤❤❤❤❤❤❤❤❤❤❤❤❤❤❤❤❤❤❤❤❤❤❤❤❤❤❤❤❤❤❤❤❤❤❤❤❤❤❤❤❤❤❤❤❤❤❤❤❤❤❤❤❤❤❤❤❤❤❤❤❤❤❤❤❤❤❤❤❤❤❤😂😂😂😂😂😂😂😂😂😂😂😂😂😂😂😂😂😂😂😂😂😂😂😂😂😂😂😂😂😂😂😂😂😂😂😂😂😂😂😂😂😂😂😂😂😂😂😂😂😂😂😂😂😂😂😂😂😂😂😂😂😂😂😂😂😂😂😂😂😂😂😂😂😂😂😂😂😂😂😂😂😂😂😂😂😂😂😂😂😂😂😂😂😂😂😂😂😂😂😂😂😂😂😂😂😂😂😂😂😂😂😂😂😂😂😂😂😂😂😂😂😂😂😂😂😂😂😂😂😂😂😂😂😂😂😂😂😂😂😂😂😂😂😂😂😂😂😂😂😂😂😂😂😂😂😂😂😂😂😂,1,2025-09-07T15:46:45Z,candidate
UgyFiQMEzL3maBVr6wV4AaABAg,Xpy8XiVMRK4,super jokes 😂😂😂😂😂😂😂😂😂😂😂😂😂😂😂😂😂😂😂😂😂😂😂😂😂😂😂😂😂😂😂😂😂😂😂😂😂😂😂😂😂😂😂😂😂😂😂😂😂😂😂😂😂😂😂😂😂😂😂😂😂😂😂😂😂😂😂😂😂😂😂😂😂😂😂😂😂😅😅😂😅😂😅😂😅😂😅😅😅😂😅😅😅😅😂😂😂😂😂😂😂😂😂😂😂😂😂😂😂😂😂😂😂😂😂😂😂😂😂😂😂😂😂😂,1,2025-09-07T15:37:44Z,candidate
UgyHozPyxg_qLjsg3KB4AaABAg,Xpy8XiVMRK4,❤,4,2025-08-07T13:45:49Z,candidate
UgwpXGF3-jNhEEVp8Q14AaABAg,Xpy8XiVMRK4,🎇🎇🎇🎇🎇🎇🎇🎇⚔️⚔️⚔️⚔️⚔️⚔️⚔️⚔️⚔️⚔️⚔️⚔️,1,2025-08-06T03:05:06Z,candidate
UgzBidHxBKdZwOS1jdB4AaABAg,Xpy8XiVMRK4,Jai jai Garvi Gujarat,2,2025-08-06T03:01:22Z,candidate
UgyJ3-0eMdLIgJqzuK14AaABAg,Xpy8XiVMRK4,41:05 41:07 41:08 🌹🌹🌹🌹🌹🌹🌹🌹🚩🚩🚩🚩🚩🚩🚩🚩🚩,1,2025-08-06T02:59:32Z,candidate
UgxqtCB7A6JRDuhe46d4AaABAg,Xpy8XiVMRK4,🎉🎉🎉😊🎉🎉🎉🎉🎉,0,2025-08-06T02:58:51Z,candidate
Ugx_QFhpgqY2oNEZgN14AaABAg,Xpy8XiVMRK4,Khubaj Saras Gujarat HAlOL thi chu Deepak Parmar,4,2025-08-06T02:55:05Z,candidate
UgzkjpV0h29wmFSoEcx4AaABAg,Xpy8XiVMRK4,Vaha parfulbhai josi ha moj ha,5,2025-07-20T15:48:58Z,candidate
UgzV87uhq_vcDe5jxnl4AaABAg,Xpy8XiVMRK4,🌻🌻🌻🌻Khubaj saras 🎈🎈🎈,20,2025-03-21T03:13:49Z,candidate
UgwYCs9Zh5DH06aoP-94AaABAg,Xpy8XiVMRK4,Har Har Mahadev,2,2025-02-05T17:21:28Z,candidate
Ugwo24M-22H49RY8Y7p4AaABAg,Xpy8XiVMRK4,😊,3,2025-01-10T14:38:49Z,candidate
Ugz2DB1Wcp0B0uOan3Z4AaABAg,Xpy8XiVMRK4,16:00,4,2024-12-28T01:09:11Z,candidate
UgzqYt-hedsJOLVXa814AaABAg,Xpy8XiVMRK4,Khub sundor praful bhai joshi,7,2024-12-26T16:16:02Z,candidate
UgxFmd4brHl-RHChuBB4AaABAg,Xpy8XiVMRK4,🎉,5,2024-11-29T09:00:47Z,candidate
Ugz1WTUxkyRTr2YMih54AaABAg,EDtLZVdLZTs,Nice comedy,0,2026-08-04T13:39:59Z,candidate
UgydGu8qVXsAJcVrrWh4AaABAg,EDtLZVdLZTs,Jay Dwarkadhish,0,2026-07-11T14:46:13Z,candidate
UgxD_9Agzr9wFBha3zx4AaABAg,EDtLZVdLZTs,Hi i like to komade 😂😂😂😂😂😂😂😂,0,2026-07-11T14:42:02Z,candidate
Ugz3Si-mpLabfL85SIR4AaABAg,EDtLZVdLZTs,😂😂😂😂😂😂😂😂😂😂😂😂😂😂😂😂😂,0,2026-07-11T14:38:36Z,candidate
UgzY0kfZnuGhhBj5gpR4AaABAg,EDtLZVdLZTs,😂😂😂😂😂😂😂😂😂😂😂😂😂😂😂😂,0,2026-07-08T13:38:59Z,candidate
UgxX2UspKvMlr5wK3MV4AaABAg,EDtLZVdLZTs,😊😊😊😊,0,2026-06-21T15:03:56Z,candidate
UgwHljHCBZo2YBVNHQ54AaABAg,EDtLZVdLZTs,🤣🤣🤣🤣🤣🤣🤣🤣🤣🤣🤣,0,2026-05-22T14:46:40Z,candidate
Ugwyipdix-mkukR88Ld4AaABAg,EDtLZVdLZTs,Maja aavi gyi hasi hasi ne pet dukhi gyu,0,2026-04-24T16:40:18Z,candidate
Ugy_RNr2kCY0Fp_MPPV4AaABAg,EDtLZVdLZTs,JAB BHI DEKHO.VO HI GREEN SÀREE,0,2026-03-06T13:01:32Z,candidate
Ugw-clZ-hkZEaiVQ8NR4AaABAg,EDtLZVdLZTs,Tamaru nam shu chhe,0,2026-03-01T04:17:34Z,candidate
UgzBQ9gm-92CmNFMqip4AaABAg,EDtLZVdLZTs,👍👍👍👍👍👍,0,2026-01-18T16:57:03Z,candidate
Ugx3D9-ndQzl02SrVpJ4AaABAg,EDtLZVdLZTs,Sab ke sab dogle sanatani virodhi o ka muh me dahi jam gaya hai..aur kuchh bol ne ki himmat hi nahi Bacha agar kuchh bola to sidha vote bank ke upar direct asar hoga..2014 se anaf sanaf bolte hua suna tha..wo bandh ho jaye ga..achha hua abhi asli rajniti Janata ke liye hoga..bahut achha kiya bihar vasi o ne samajdar public hai,1,2025-11-14T17:32:30Z,candidate
Ugy8Uy5yHLqFqfy4XFV4AaABAg,EDtLZVdLZTs,Mandir ma Rehva jata Raho. Tension bilkul nahi Rahe.,0,2025-11-07T10:26:58Z,candidate
UgzxBj3NPmPLobFJMXx4AaABAg,EDtLZVdLZTs,गुजराती आदमी हिंदी में कैसे बोलता है तो मेरे को क्या लेना है तो मेरे को क्या देना ऐसी कॉमेडी बनाओ,0,2025-10-26T21:05:06Z,candidate
Ugx98haBldcHCL00UYN4AaABAg,EDtLZVdLZTs,गंगा और बड़ा तोतला की भाषा बोलकर कॉमेडी बनाओ,0,2025-10-26T21:04:49Z,candidate
Ugwpm686N5MvSQzRv254AaABAg,EDtLZVdLZTs,वैलेंटाइन डे मदर्स डे और टीचर डे के ऊपर कॉमेडी बनाओ,0,2025-10-26T21:04:36Z,candidate
Ugx1hxSj7SB5S97G-4p4AaABAg,EDtLZVdLZTs,😂😂😂😂😅😅,0,2025-10-26T04:56:37Z,candidate
UgxWGAsLf3PPUn8syqN4AaABAg,EDtLZVdLZTs,Jay,0,2025-10-21T16:18:26Z,candidate
UgyVDz1AkwO1gZzhHT14AaABAg,EDtLZVdLZTs,Best comedian gujju bhai😅,0,2025-10-20T21:27:04Z,candidate
UgzhZ-sP32dai9zBj2R4AaABAg,EDtLZVdLZTs,👌 😅😂,0,2025-10-11T17:43:32Z,candidate
Ugyd0uLit3TF9OLmHqJ4AaABAg,EDtLZVdLZTs,😂😂😂😂😂,0,2025-10-01T11:03:32Z,candidate
UgyUUYeGm2Whg4Ppv0R4AaABAg,EDtLZVdLZTs,😂😂,0,2025-09-14T19:18:01Z,candidate
UgwPdgXdvFlakiUBzsx4AaABAg,EDtLZVdLZTs,❤❤❤,0,2025-09-01T15:25:10Z,candidate
UgwOdryuwVdc7ww0MOZ4AaABAg,EDtLZVdLZTs,Very very nice video sir 😂😂😂😂😂😂😂😂😂😂😂,1,2025-08-25T10:12:40Z,candidate
UgxHZpF9MdiiSf4x5o54AaABAg,EDtLZVdLZTs,"Aamne paacha bolavo, aa baburao ni pan vaat lagadi shake che😂😂 Jai Shree Krishna 🙏🏻🚩",0,2025-07-31T06:14:01Z,candidate
UgydGLBeRBJzgd7THiZ4AaABAg,EDtLZVdLZTs,"Super Hit Comedy,,, ❤❤❤❤❤",0,2025-05-21T16:02:34Z,candidate
UgxFpBI45ay3xfYiJCl4AaABAg,EDtLZVdLZTs,I m Gujarati,0,2025-05-15T09:52:02Z,candidate
Ugy636X5ZUkFsEDg3tV4AaABAg,EDtLZVdLZTs,",😂😂😂😂😂😂😂😂😂Comdey",0,2025-05-09T17:05:35Z,candidate
Ugxw-Fs5umrSnaszdmh4AaABAg,EDtLZVdLZTs,Awesome funny performance by Siddharth Randeria Uncle. I'm a big fan of Siddharth Randeria Uncle and I find him funny,0,2025-05-01T08:17:22Z,candidate
UgwPXmcW6TlDBtZIO5l4AaABAg,EDtLZVdLZTs,Super comedy ❤,0,2025-03-23T16:57:54Z,candidate
UgwL_ChGUbmvBoFMA_p4AaABAg,EDtLZVdLZTs,😅,0,2025-03-20T06:45:27Z,candidate
UgyIVL1bUjh_nT-VpjV4AaABAg,EDtLZVdLZTs,Mast,0,2025-03-12T04:36:04Z,candidate
Ugw7OGFYTrwXJEId-Dt4AaABAg,EDtLZVdLZTs,"I am Bhojpuriya Don, but understand Gujrati, excellent comedy.Hats off.",1,2025-03-10T16:52:05Z,candidate
UgykdrvRsJKTk6kFWmV4AaABAg,EDtLZVdLZTs,🎉😂😂😂🎉🎉,0,2025-03-09T19:04:53Z,candidate
Ugz771VHnLar2IuxelR4AaABAg,EDtLZVdLZTs,jhvh,0,2025-03-09T19:02:20Z,candidate
UgyU_ijmxuNIh1lYSDt4AaABAg,EDtLZVdLZTs,Jordar 👌👌👌👌,0,2025-03-01T17:36:05Z,candidate
UgxBSf8kRn-P1Dm_tQh4AaABAg,EDtLZVdLZTs,Kapil Sharma show ❌ Gujju bhai 😂😂😂😂😂,6,2025-01-27T09:21:17Z,candidate
UgzpAJmaekiJtfmBenV4AaABAg,EDtLZVdLZTs,"😅😅😅😅😅
ᴍᴀᴊᴀ ᴀᴀᴠɪ ɢᴀyᴏ.",2,2025-01-20T05:48:18Z,candidate
UgxDDNWgDdY744Ymp514AaABAg,EDtLZVdLZTs,i understand 30% of script enjoying from maharashtra 😂,0,2024-12-26T21:58:35Z,candidate
UgxcgapqL-csh7ciB7N4AaABAg,EDtLZVdLZTs,Jordan comedy.chhe. Enjoyed.,1,2024-12-03T14:23:03Z,candidate
Ugww8UzI8jM-7OU3okx4AaABAg,EDtLZVdLZTs,😂😂😂😂😂😂😂,0,2024-11-24T15:35:26Z,candidate
UgyD3R0KHscG66rjQFt4AaABAg,EDtLZVdLZTs,3:29,0,2024-11-05T09:46:34Z,candidate
Ugx-rNX7WSQIqPJ9Ty54AaABAg,EDtLZVdLZTs,Ismein kaun si comedy mein😂,0,2024-10-24T16:51:04Z,candidate
UgyToUDEBzftBD1_I3t4AaABAg,EDtLZVdLZTs,Very nice 👍,0,2024-10-18T14:15:49Z,candidate
UgwviYvnAmpfmxvp0QB4AaABAg,EDtLZVdLZTs,❤❤❤😂,1,2024-10-09T05:50:37Z,candidate
Ugx34IBKa_xV-5F2xAp4AaABAg,EDtLZVdLZTs,thanks for 325 subscriber❤,0,2024-09-21T11:08:27Z,candidate
UgwnGTn-BhjUEZmTVnx4AaABAg,EDtLZVdLZTs,❤❤❤❤😅😅😮,1,2024-08-30T11:42:33Z,candidate
UgyDp3RzVZQjdHRlJwh4AaABAg,EDtLZVdLZTs,Kavya. Hello Jagdish i love you ❤❤,0,2024-08-25T17:15:43Z,candidate
UgxTFiIANKCxNC6wMXp4AaABAg,EDtLZVdLZTs,Bahu saras,0,2024-08-24T14:55:41Z,candidate
UgxwLYsCXYjYpmBRpWt4AaABAg,EDtLZVdLZTs,😂😂,0,2024-08-15T08:18:40Z,candidate
UgxKQhoYYRK-vMHULCN4AaABAg,EDtLZVdLZTs,Maru namtejalkyos,1,2024-07-09T07:04:21Z,candidate
UgytzeKFft7cEyzn0qF4AaABAg,EDtLZVdLZTs,Apo no,1,2024-07-09T07:02:39Z,candidate
Ugxf_AjflPiEzdXNAiN4AaABAg,EDtLZVdLZTs,52 nani,0,2024-07-09T07:01:59Z,candidate
Ugyuhh1s5R3AkZH9t5R4AaABAg,EDtLZVdLZTs,Marivats sidha thtsir,0,2024-07-09T07:01:09Z,candidate
UgzufPOyCWLW-0KxVMR4AaABAg,EDtLZVdLZTs,Snehal vapras,0,2024-07-09T06:56:10Z,candidate
UgzOtmm0oEG_YK-gNmB4AaABAg,EDtLZVdLZTs,👍👍👍🤙,1,2024-07-02T09:02:14Z,candidate
UgyMoiteFXQws2hT66J4AaABAg,EDtLZVdLZTs,Shri Sidharthbhai ane Tejalben   na commedy video bahu jordar hoy chhe.  Bhagwan tamne din doona ane raat chaugana safalta aape,1,2024-06-26T13:12:20Z,candidate
UgxEjLq6mr4HcxDNgYt4AaABAg,EDtLZVdLZTs,😆😆😆😆😆😆😆😆,0,2024-06-25T11:43:16Z,candidate
UgzeyUSTthNBgi8y6nh4AaABAg,EDtLZVdLZTs,13:50😂😂😂😅😁🦷🦷😃😀😃😄😁😆😅😂🤣😭😭😝😜🤪🤠🤓🎃👌👌👌👌👌👌👌👌👌👌👌👌😅,0,2024-06-07T08:03:17Z,candidate
Ugw5AA9767WOHFCXPLd4AaABAg,EDtLZVdLZTs,"Very good enjoyment
Dialogue super",1,2024-05-15T13:13:44Z,candidate
UgyYnIT5GZrXDwuGwj94AaABAg,EDtLZVdLZTs,😊,0,2024-05-12T07:39:28Z,candidate
Ugz5xmVdS_G62kd9mzV4AaABAg,EDtLZVdLZTs,PAL,0,2024-04-30T13:03:31Z,candidate
UgzD0EnrmjxwJrHKE2t4AaABAg,EDtLZVdLZTs,😂😂😂😂😂😂😂😂🤣🤣🤣🤣😅😅,0,2024-04-27T08:10:51Z,candidate
UgxNKsxSqmcCpBHiWBZ4AaABAg,EDtLZVdLZTs,❤❤❤❤❤,3,2024-02-28T13:03:39Z,candidate
UgzF9bX-MDrXLHFOdaR4AaABAg,EDtLZVdLZTs,.,0,2024-02-21T10:21:17Z,candidate
Ugw16lHodF6yEKSKWs94AaABAg,EDtLZVdLZTs,😂😂😂😂😂,0,2024-02-19T10:17:27Z,candidate
UgynX5rLQyMCxyG6Rmh4AaABAg,EDtLZVdLZTs,😂😂😂,0,2024-02-15T08:21:12Z,candidate
UgzdSZZKSGqI_tscH8h4AaABAg,EDtLZVdLZTs,😂😂😂😂,0,2024-02-03T13:28:43Z,candidate
UgwbeS5-EfEvEcYW6tJ4AaABAg,EDtLZVdLZTs,"This is hands down one of the funniest scenes I've seen in a Gujarati natak! 😂 The acting, the dialogues, the expressions - everything is just perfect! 👌",1,2023-12-06T11:21:12Z,candidate
UgzJo9fpS1j3rltexnp4AaABAg,EDtLZVdLZTs,Very nice comedy video 👌👌,0,2023-11-22T15:15:25Z,candidate
Ugw8MGN9azsfjTPJYB94AaABAg,EDtLZVdLZTs,Kapil Sharma ❌ Gujju bhai ✅,0,2023-10-27T18:51:03Z,candidate
UgxJ0O5z9XicRX43wLt4AaABAg,EDtLZVdLZTs,Jordar😊,1,2023-10-14T16:43:30Z,candidate
Ugz2r9QvR8mD-jwy9ed4AaABAg,EDtLZVdLZTs,😂😂😂,0,2023-10-13T13:33:48Z,candidate
UgytT9qPHX7_sfNYbGJ4AaABAg,EDtLZVdLZTs,Best one 😂 😂😂😂😂,2,2023-10-03T14:34:29Z,candidate
UgxJAddwQXH05XhGFZd4AaABAg,EDtLZVdLZTs,😂😂😂😂😂😂😂😂😂😂😂😂😂😂😂😂😂😂😂😂😂,0,2023-09-29T18:17:44Z,candidate
UgwhrfJylPg6rAjvrBl4AaABAg,EDtLZVdLZTs,Maari pan bayedi 😂😂😂😂,0,2023-09-07T06:12:00Z,candidate
UgwRchZagNQ0zDVOhS54AaABAg,EDtLZVdLZTs,Waww,0,2023-09-07T04:11:44Z,candidate
UgzeW_uw6ClzChDKCGl4AaABAg,EDtLZVdLZTs,Exilent,0,2023-08-31T16:06:13Z,candidate
UgwXjrotL8IjR1N2NoR4AaABAg,EDtLZVdLZTs,2:15 😂😂😂,0,2023-08-29T03:45:13Z,candidate
UgyFXTLPwvu5BS24ZNB4AaABAg,EDtLZVdLZTs,1no bhai siddharth ji,1,2023-07-25T08:27:54Z,candidate
Ugz8spso7DAKEuIubyh4AaABAg,EDtLZVdLZTs,😅😅😅😅,0,2023-07-20T19:07:03Z,candidate
UgwlC2iGc9eFof8F3LB4AaABAg,EDtLZVdLZTs,Best 😂😂😂,0,2023-07-17T17:50:38Z,candidate
UgwB4KFJ1G20hYMoAlF4AaABAg,EDtLZVdLZTs,Sadhu ke vesh mein aata hai hath dekhta hai bhavishya batata hai andhvishwas per comedy banave,0,2023-06-21T14:45:44Z,candidate
UgxzeqDQ340JxROcGYR4AaABAg,EDtLZVdLZTs,Valentine de andha prem shak ka ilaaj nahin comedy banave Dua shayari ke sath,0,2023-06-21T14:45:27Z,candidate
UgwpIvUcK1P_gjZFGr14AaABAg,EDtLZVdLZTs,Gangoriya gigli comedy ko bhi comedy ke liye bulave comedy banave,0,2023-06-21T14:44:30Z,candidate
UgxF8f4htX76dCKWz6Z4AaABAg,EDtLZVdLZTs,Marwadi Punjabi Marathi अलग-अलग dress mein video banave,0,2023-06-21T14:44:10Z,candidate
Ugx4SC8kKvZ6na96G494AaABAg,EDtLZVdLZTs,June 2023 ma jova vala like kro,1,2023-06-14T13:04:18Z,candidate
UgxPFgO_yQvXE6YDiRN4AaABAg,EDtLZVdLZTs,Hahaha 😅🤣😂😁😁🙏👍,1,2023-06-11T17:56:52Z,candidate
Ugy-QonHvEyQIUzQb_F4AaABAg,EDtLZVdLZTs,❤❤❤❤❤super ser ❤❤❤❤❤,2,2023-06-08T06:45:06Z,candidate
UgzlpGYQtJSzcbv_WjB4AaABAg,EDtLZVdLZTs,"I watched this video many times,it's everytime enjoying and hilarious.",12,2023-04-15T12:53:32Z,candidate
UgxHpf0cqT0jaHm374l4AaABAg,EDtLZVdLZTs,Ni🎉nice 👌 ❤😂🎉😢😮😅😊🎉🎉🎉🎉🎉🎉🎉🎉🎉🎉🎉🎉🎉🎉🎉🎉🎉🎉🎉🎉🎉🎉🎉🎉🎉🎉🎉🎉🎉🎉🎉🎉🎉🎉🎉🎉🎉🎉🎉🎉🎉🎉🎉🎉🎉🎉🎉🎉🎉🎉🎉🎉🎉🎉🎉🎉🎉🎉🎉🎉,0,2023-04-01T17:14:50Z,candidate
UgwAatCgNMYAaaiJ1t94AaABAg,EDtLZVdLZTs,Nice  salam chhe tamne,0,2023-04-01T11:39:21Z,candidate
UgyONGNyRAY8oX-xPAl4AaABAg,EDtLZVdLZTs,Ful moj,2,2023-03-25T10:22:24Z,candidate
Ugw2mePESie-fHeWW-V4AaABAg,EDtLZVdLZTs,Hahaha,0,2023-03-13T14:12:39Z,candidate
UgxEeDIZsFTRyoExQLJ4AaABAg,EDtLZVdLZTs,🙌🙌🙌🙌😂,0,2023-03-04T17:55:13Z,candidate
UgwhGwBnKjWyOuyTu6J4AaABAg,EDtLZVdLZTs,New one,1,2023-02-25T10:04:48Z,candidate
Ugxi21QG_iF6lek8amp4AaABAg,EDtLZVdLZTs,Jabardast,0,2023-02-22T04:25:33Z,candidate
Ugz7gGuogkvN6dMjpqJ4AaABAg,EDtLZVdLZTs,Super 👌👌👌👌👌,0,2023-02-20T13:43:17Z,candidate
Ugzbw_TyCte1tTzScRF4AaABAg,EDtLZVdLZTs,rw GM rfe,0,2023-02-17T16:43:30Z,candidate
Ugx1O6rrjv2ce4iS8qt4AaABAg,EDtLZVdLZTs,All good video,0,2023-02-17T14:09:16Z,candidate
UgyPPeHDjg7iBn1y-TF4AaABAg,EDtLZVdLZTs,😎❣️❣️❣️❣️😂😂😂😂😂❣️🖤😂🖤🖤🖤🖤🖤❣️❣️❣️❣️❣️❣️❣️😂😂😂😂😂😂😂❣️❣️❣️❣️😂😂😂😂❣️❣️❤️❤️💸😎🧅🖤❣️❣️❣️❣️❣️😂😂😂😂😂❣️❣️❣️❣️❣️❣️❣️😂😂😂😂😂😂😂❣️❣️❣️😂😂😂😂😂😂😂😂😂😂❣️❣️🤕😂🤕😂🤕❣️🤕❣️🤕🙉😂❣️🙉❣️🩸💰🩸🚑💰🤒❣️🤒😂😂😂🙉😂🙉😂🙉😂🙉🙉😂🙉😂😂🙉😂🙉😂🙉😂😂🙉😂😂🙉🖤🙉❣️❣️🙉😂🙉❣️❣️🙉❣️🙉❣️😂😂😂😂😂😂😂😂❣️😎❣️😎❣️😎😂😎😂😎😂😎❣️😎😎❣️😎❣️❣️😎😂😎❣️😔😔❣️❣️❣️😂💸😂💸😔😎,0,2023-02-12T05:06:36Z,candidate
UgyJCtI3vXt4MTvsXQN4AaABAg,EDtLZVdLZTs,🤣😂🤣😂🤣😂🤣😂🤣😂🤣,0,2023-02-10T15:56:33Z,candidate
UgwTCXrrdi7TA7tPv_p4AaABAg,EDtLZVdLZTs,Lo,0,2023-02-09T13:47:55Z,candidate
UgwfcOZjqFeaHpMkWh14AaABAg,EDtLZVdLZTs,Pl,0,2023-02-09T13:47:49Z,candidate
UgyA_uOChVUz4s7lLqR4AaABAg,EDtLZVdLZTs,Funny. 🤣🤣🤣🤣🤣😭😂😂😂😂😂😂,0,2023-02-05T08:01:25Z,candidate
Ugw7p3wE9y4daI33Ws94AaABAg,EDtLZVdLZTs,I am punjabi but i love to watch this,10,2023-02-04T09:45:40Z,candidate
Ugw-dlXlKFsmrmFd4KF4AaABAg,EDtLZVdLZTs,I neha,0,2023-01-29T06:59:32Z,candidate
UgyYIyGcbZv00Udm3Eh4AaABAg,EDtLZVdLZTs,Yeh baat sachi che,0,2023-01-29T06:59:12Z,candidate
UgznCrcz0K2RnhCvpBF4AaABAg,EDtLZVdLZTs,Gujjuare always greatbhaiho,0,2023-01-13T08:27:49Z,candidate
Ugy-H-KJ8-7W05hThqV4AaABAg,EDtLZVdLZTs,❤️❤️❤️❤️❤️,0,2022-12-31T16:50:13Z,candidate
UgxmYykPxnFqaW0o9yp4AaABAg,EDtLZVdLZTs,Super,0,2022-12-31T16:49:05Z,candidate
Ugz7xuAom17uaXzc4it4AaABAg,EDtLZVdLZTs,Bahut Sharad Bhai Ho maja aaegi,0,2022-12-17T05:13:53Z,candidate
UgxxHoy-w7rPkasEzy94AaABAg,EDtLZVdLZTs,Mock mock,0,2022-12-06T18:10:56Z,candidate
UgzLOLtL573vQ6S1WLR4AaABAg,EDtLZVdLZTs,Very  funny,0,2022-11-28T15:41:26Z,candidate
Ugz7O8psSfFjMK_zXDx4AaABAg,EDtLZVdLZTs,19:00😂😂😂,1,2022-11-27T11:28:23Z,candidate
Ugxeyw0_6LnsHjUXB2t4AaABAg,EDtLZVdLZTs,12:40,0,2022-11-17T17:14:49Z,candidate
UgxwdTMX28VSOkreUDB4AaABAg,EDtLZVdLZTs,Are,0,2022-11-04T14:36:22Z,candidate
UgzVYu0re3L2zcR-9Ph4AaABAg,EDtLZVdLZTs,Hi,1,2022-11-04T13:54:29Z,candidate
Ugx79Q18_H-PKv1jmLd4AaABAg,EDtLZVdLZTs,NAIS,0,2022-11-02T17:45:26Z,candidate
UgwqEMC6AP6IYrQAbm54AaABAg,EDtLZVdLZTs,Nice video 🤣🤣🤣🤣🤣,0,2022-11-02T11:23:53Z,candidate
UgwnhjCmG3iyV_GWf5p4AaABAg,EDtLZVdLZTs,Hii,0,2022-10-25T07:13:22Z,candidate
Ugxf_0iJ0b2kLDHZx6F4AaABAg,EDtLZVdLZTs,dorbaja khullu che 😂😂,0,2022-10-20T19:31:41Z,candidate
UgxdQQVDjT0VseXvgNh4AaABAg,EDtLZVdLZTs,Amazing drama lafter continues into whole video congrats all drama actors.,4,2022-10-17T15:32:52Z,candidate
UgxfDUu-PKQs5uW_HU94AaABAg,EDtLZVdLZTs,Ben Ben Keta Jao Malto labh leta jao🤣🤣🤣,0,2022-10-07T07:28:00Z,candidate
UgyzjRiAReeCiSG87fZ4AaABAg,EDtLZVdLZTs,Bhai Bhai 🤣🤣🤣🤣,0,2022-10-07T07:21:13Z,candidate
UgyGG4m4xZkEwvSVNZ54AaABAg,EDtLZVdLZTs,Aam aadmi parti gujrat jeet rahi hai kejeriwal 💗💛💚💙🤎🧡❤💛💗🧡💛💚,0,2022-10-04T05:24:22Z,candidate
Ugy_zZJt6qSIYzdNWU94AaABAg,EDtLZVdLZTs,સુપર..very super..,0,2022-09-26T17:30:27Z,candidate
Ugz2MOVQEwQyUVs0G7F4AaABAg,EDtLZVdLZTs,at 16:54 natu bhai = 🕶️,0,2022-09-25T16:47:50Z,candidate
Ugyw83g3qnTn48G66IF4AaABAg,EDtLZVdLZTs,11:39 was so funnt,0,2022-09-25T16:46:23Z,candidate
UgyqdIxI2LC7ZHCjinN4AaABAg,EDtLZVdLZTs,33ee.n,0,2022-09-20T09:28:53Z,candidate
UgwUg8OGL6IgmZepI-t4AaABAg,EDtLZVdLZTs,Gujju nqppu,1,2022-09-18T08:48:33Z,candidate
UgxCXz2fPSV5ZaSJ4MJ4AaABAg,EDtLZVdLZTs,👌👍,0,2022-09-05T10:47:31Z,candidate
Ugzdj3N1R2hXg7e6HrN4AaABAg,EDtLZVdLZTs,U just rock.... amazing actors,15,2022-09-04T06:27:19Z,candidate
UgxhtHXxyphiAb_SWDp4AaABAg,EDtLZVdLZTs,Super funny 🤣🤣🤣,2,2022-09-02T12:15:47Z,candidate
UgyvBv7x4D1cRuauUCV4AaABAg,EDtLZVdLZTs,Super ♥️♥️♥️,1,2022-08-21T04:33:33Z,candidate
UgwT_7xJBj2Wzhx6eNN4AaABAg,EDtLZVdLZTs,Very fantastic,0,2022-08-17T14:59:13Z,candidate
UgwO0oS33KbBwG6VYAN4AaABAg,EDtLZVdLZTs,Hey Jagdish Kumar scene 🤣🤣,1,2022-08-16T16:05:36Z,candidate
Ugy-viIAsV7vZtqyvKV4AaABAg,EDtLZVdLZTs,Op,0,2022-08-01T15:00:15Z,candidate
Ugy2wfuFTvP4_FqgzO14AaABAg,EDtLZVdLZTs,Op,0,2022-08-01T15:00:05Z,candidate
UgxNaYrT6xAeeE03tCJ4AaABAg,EDtLZVdLZTs,So nice 😍,0,2022-07-28T16:06:52Z,candidate
UgwRFOiXIjSd8gfc3BN4AaABAg,EDtLZVdLZTs,😂😂😂,0,2022-07-27T13:41:58Z,candidate
UgzWUfqGVjwHWm1g-Jx4AaABAg,EDtLZVdLZTs,Mara bhog lagya goradiya bhog !,1,2022-07-27T10:01:32Z,candidate
UgzAkIuBXDNW3otZJDd4AaABAg,EDtLZVdLZTs,😀😀😀😀😀👌👌👌👆,0,2022-07-20T18:50:50Z,candidate
Ugwq4QgZboHBa-1Ec1t4AaABAg,EDtLZVdLZTs,"I am Marathi, still I am laughing 🤣🤣🤣",52,2022-07-16T18:53:25Z,candidate
Ugye8B5mOTIyHuDep0F4AaABAg,EDtLZVdLZTs,Gujrati power l am,0,2022-07-16T17:23:17Z,candidate
UgyNe6QpTZlAKb0lMj94AaABAg,EDtLZVdLZTs,आईला बाबा ने दो बार,0,2022-07-16T11:44:31Z,candidate
Ugzuo1-sA2nMcT3d4yh4AaABAg,EDtLZVdLZTs,Excellent,0,2022-07-16T07:29:08Z,candidate
UgzmCvGBN3y3pqWBphF4AaABAg,EDtLZVdLZTs,B.    Zh of girl in e,0,2022-07-14T16:49:08Z,candidate
UgzsbquaMwBmZBuP8Yp4AaABAg,EDtLZVdLZTs,Op,0,2022-07-04T14:25:40Z,candidate
UgzZ9O1fMyeokrXmS9p4AaABAg,EDtLZVdLZTs,Maja avi gai,0,2022-06-30T15:21:53Z,candidate
UgyXvrXDIpf_Nnpxfap4AaABAg,EDtLZVdLZTs,A mm,0,2022-06-25T15:13:26Z,candidate
UgxgwarRpdrsr6KLSxp4AaABAg,EDtLZVdLZTs,11:14 12:48 🤣🤣,1,2022-06-22T15:16:46Z,candidate
UgxEG1nsXmcpXIvAZEZ4AaABAg,EDtLZVdLZTs,This is the best comedy video,0,2022-05-29T18:01:39Z,candidate
Ugxcz3DB5RwQosDclHl4AaABAg,EDtLZVdLZTs,Bhai bhai,1,2022-05-26T09:04:52Z,candidate
UgzeOkbUIkoYvkPgnxN4AaABAg,EDtLZVdLZTs,Khuoob saras,0,2022-05-25T13:39:12Z,candidate
UgwX1wsn5SSbcix3isJ4AaABAg,EDtLZVdLZTs,"Me whose name is rahul
EMOTIONAL DAMAGE",0,2022-05-24T11:32:21Z,candidate
Ugy3ymQyHjpD6mmQ5lt4AaABAg,EDtLZVdLZTs,Roj jovu chu hu bav jordar ho tejalben sidhdhrathbhai jordar 3 ni comedy,6,2022-05-23T02:19:14Z,candidate
UgzQhzoK06GNRQCXkS14AaABAg,EDtLZVdLZTs,Mne aa video khubj gamyo.. ❤️,0,2022-05-03T15:17:12Z,candidate
UgzbBNtIm_4si3km-RJ4AaABAg,EDtLZVdLZTs,Khub j sundar.. 👌,2,2022-05-03T15:16:48Z,candidate
UgyhsestIwMnhuTLNpV4AaABAg,EDtLZVdLZTs,Wow.. 😁,1,2022-05-03T15:16:32Z,candidate
UgxDzH6v8cMIYM71Pop4AaABAg,efnK5QDX1iM,🤣🤣🤣🤣🤣🤣🤣🤣😂😂😂😂😂😂😂😂😂😂😂🤣🤣🤣🤣😆🇦🇷🇧🇪🇧🇪🇦🇼🇦🇸🇦🇹🇦🇼🇧🇲🇧🇲🇧🇶🇧🇳🇧🇶🇧🇻🇧🇶🇧🇾🇧🇶🇨🇦🇨🇬🇧🇿🇨🇱🇧🇼🇨🇮🇨🇱🇨🇱🇨🇱🇨🇬,0,2026-08-10T15:40:43Z,candidate
UgwUJPvJYykhayfrQ9B4AaABAg,efnK5QDX1iM,😂,0,2026-08-10T15:39:07Z,candidate
UgyiWfJgNV5CLLmsSap4AaABAg,efnK5QDX1iM,😂😅😂😂😂😂😂😂😂😅😅😅😅😅😅😅😅😅😅😅😅😅😂😂😂😂❤❤😂😅,1,2026-08-03T15:11:10Z,candidate
UgyxuQV3IW_jwPsncuZ4AaABAg,efnK5QDX1iM,Thanks,1,2026-07-06T13:45:05Z,candidate
Ugxd6AadVxos7U-YNxF4AaABAg,efnK5QDX1iM,Wah dhirubhai,0,2026-05-23T06:57:43Z,candidate
UgxEe0njMKoSGvCTjI54AaABAg,efnK5QDX1iM,Support karna,0,2026-02-13T05:59:02Z,candidate
Ugxtnumnx6SS0rintfJ4AaABAg,efnK5QDX1iM,Thank you so,7,2026-02-13T05:58:43Z,candidate
UgyuBxTQxdJyuen0jRl4AaABAg,efnK5QDX1iM,A dhirubhai aa tamaru ghar se,1,2026-01-16T10:31:46Z,candidate
UgxHxNEE3bxReUHeV_14AaABAg,efnK5QDX1iM,Ha moj Ha,1,2026-01-09T11:14:16Z,candidate
UgyXs5Ic5iq9kKA7aWl4AaABAg,efnK5QDX1iM,Mast,2,2025-10-05T15:12:18Z,candidate
Ugwpa6WUEcc4OvUX08p4AaABAg,efnK5QDX1iM,Saspara kevin find jokes 😂😂😂😂😂😂,1,2025-10-05T08:28:09Z,candidate
Ugw8glTMbO5OYjMuXYl4AaABAg,efnK5QDX1iM,❤,1,2025-09-08T12:10:59Z,candidate
UgxYjKvEn__3bvkmWmF4AaABAg,efnK5QDX1iM,😂😂😂,9,2025-06-18T18:02:47Z,candidate
Ugzm_y3L1IdqrNmGe0B4AaABAg,efnK5QDX1iM,Waah dhiru bhai😂😂,2,2025-06-04T11:12:55Z,candidate
UgzN7HQ8syhsbjzZtiB4AaABAg,efnK5QDX1iM,Jagdishh Parmar,1,2025-05-26T17:26:24Z,candidate
UgzTxRJuP1aZW_H7I6B4AaABAg,efnK5QDX1iM,❤,1,2025-05-20T05:24:19Z,candidate
UgziLgQXzQW3q_-iL_Z4AaABAg,efnK5QDX1iM,Moj dhirubhai,8,2025-05-15T16:31:53Z,candidate
UgxgIJtr0cysj7h0oct4AaABAg,efnK5QDX1iM,Wah,8,2025-05-15T08:20:16Z,candidate
UgxnoiJZyZqDDKBuV5F4AaABAg,efnK5QDX1iM,Ha moj Ha 😂😂😂,4,2025-05-13T07:14:58Z,candidate
Ugwb7b4N_nbohln8Rnt4AaABAg,efnK5QDX1iM,Jay hind vandematram,11,2025-05-11T06:44:40Z,candidate
Ugzcu9x4ueMxuU8jr-94AaABAg,efnK5QDX1iM,Jay hind,1,2025-05-10T16:44:47Z,candidate
UgxWE6nE9VH27xNRskd4AaABAg,eTRP5zN5Pfs,😊😊😊😊😊😊,0,2026-07-23T15:23:23Z,candidate
UgxhkVlUEnyAct8ST2l4AaABAg,eTRP5zN5Pfs,😂😂good idea😂😂,0,2026-07-20T20:08:13Z,candidate
UgwEIKn-ujUe4TCcGCF4AaABAg,eTRP5zN5Pfs,I.   Am.   Also.    Gujarit😂😂,0,2026-07-14T11:39:32Z,candidate
UgzMLR34Gf8y_b9Ma4Z4AaABAg,eTRP5zN5Pfs,😂😂,0,2026-06-10T17:45:49Z,candidate
UgxEu9DhUoee0keyXmJ4AaABAg,eTRP5zN5Pfs,😂😂😂,0,2026-06-08T17:45:03Z,candidate
UgzriFWdfUaVf9jJ7eZ4AaABAg,eTRP5zN5Pfs,😂😂😂😂😂,0,2026-03-21T15:13:59Z,candidate
Ugy3VTzEq34_Sk18NUR4AaABAg,eTRP5zN5Pfs,Jordar idea ho bahar farva javano 😂😂😂,1,2025-09-07T11:09:01Z,candidate
UgwlxPr-VGGSuVayBD94AaABAg,eTRP5zN5Pfs,😂😂😂😂😂😂😂😂😂,1,2025-08-31T10:37:49Z,candidate
UgzOCElJKtk_nTq2F794AaABAg,eTRP5zN5Pfs,😂😂😂😂,0,2025-08-30T20:14:56Z,candidate
UgzSQPqK_VzEH9MkMnp4AaABAg,eTRP5zN5Pfs,😅😅😅😅,0,2025-08-27T04:14:08Z,candidate
Ugxe6uRvNCjoM_0x9Kt4AaABAg,eTRP5zN5Pfs,😮😮😮❤,1,2025-08-26T05:09:31Z,candidate
Ugwekx-jmYujb_xUEYV4AaABAg,eTRP5zN5Pfs,😂😂😂😂😂😂😂❤😂😂😂❤❤❤,0,2025-08-24T15:03:42Z,candidate
Ugxd6XPcROPpCncido14AaABAg,eTRP5zN5Pfs,😂,0,2025-08-03T10:44:35Z,candidate
UgxjbzaxrplwjuhmWHF4AaABAg,eTRP5zN5Pfs,Rong msg. Samaj mate. Gharni maa ne ullu kevi rite banavay. Evu. Msg male. Saru nathi. Loko ne. Sara msg apo please,0,2025-06-28T07:40:33Z,candidate
UgxfpK5PsmilJ74gLN54AaABAg,eTRP5zN5Pfs,Miyaa bivi ka dimag,0,2025-06-13T05:50:46Z,candidate
UgyIKnIbrjorz4ARJ5x4AaABAg,eTRP5zN5Pfs,अश्व ने तो लाइजॉब😅😅 idya srs chhe,0,2025-06-12T05:29:46Z,candidate
UgxY5-8sFV3iFLn-cv54AaABAg,eTRP5zN5Pfs,😂😂😂😂,0,2025-06-05T07:12:40Z,candidate
Ugz5RdYZ_ONLU8jSO_N4AaABAg,eTRP5zN5Pfs,❤😂🎉😢😮😅😊❤😂🎉😢😮😅😊,0,2025-06-01T17:29:21Z,candidate
Ugw2hnGnqrn5iAyfJCR4AaABAg,eTRP5zN5Pfs,Aa idea real life ma kam aave 😂😂,4,2025-05-28T11:20:31Z,candidate
UgxPH_R2Au4oMkoFIf94AaABAg,eTRP5zN5Pfs,😂😂😂😂😂😂😂😂😂😂😂😂❤😂😂,0,2025-05-28T08:49:27Z,candidate
UgywtlTTRx0vAurVeth4AaABAg,eTRP5zN5Pfs,Mast plane bnao😂😂,0,2025-05-18T08:18:16Z,candidate
UgxLOyPXyZCnJWIlKgN4AaABAg,eTRP5zN5Pfs,😮😮❤❤,4,2025-05-05T01:26:45Z,candidate
UgwIHpWRiqm3RDEqKVZ4AaABAg,eTRP5zN5Pfs,Jordar 😅😅❤❤😂😂,4,2025-04-15T09:34:49Z,candidate
UgzxmEjbfyWnQp1A-7J4AaABAg,eTRP5zN5Pfs,😂😂😂😂😂😂,0,2025-04-15T08:54:11Z,candidate
UgwuVNFljFTHWdSn4Od4AaABAg,eTRP5zN5Pfs,Bag kem khali,0,2025-04-13T02:16:59Z,candidate
Ugx98By_XqWNCLfj6il4AaABAg,eTRP5zN5Pfs,😂😂😂,0,2025-04-12T17:11:48Z,candidate
UgzlqHsddksvxioCwJZ4AaABAg,eTRP5zN5Pfs,Meri patni gadi Se kaise,0,2025-04-12T12:13:41Z,candidate
Ugxu9PR9PeOaeHbrqfx4AaABAg,eTRP5zN5Pfs,Pachhi aavti j nahi 😂😂😂😂😂🎉Haaaaaash gayi,0,2025-04-12T09:20:33Z,candidate
Ugy_sLcfPs7MXnTWGph4AaABAg,eTRP5zN5Pfs,😂😂good idea😂😂,44,2025-04-12T03:24:59Z,candidate
UgztVp4440E5FXyA9LV4AaABAg,eTRP5zN5Pfs,😂😂😂😂😂😂😂😂,0,2025-04-11T13:34:42Z,candidate
Ugx3BgpGupGX4bWLLnJ4AaABAg,eTRP5zN5Pfs,lol. Good idea. ❤,9,2025-04-11T08:27:03Z,candidate
UgwVNXQKy4BBwid1WrJ4AaABAg,eTRP5zN5Pfs,Jordar 👌🏻👌🏻👌🏻,0,2025-04-11T04:55:11Z,candidate
UgzKzTBoaViiuP08A694AaABAg,eTRP5zN5Pfs,😅😅😅😅,0,2025-04-11T02:53:40Z,candidate
Ugw4PtoblVQ_AkaDxFV4AaABAg,eTRP5zN5Pfs,Excellent,1,2025-04-11T00:28:16Z,candidate
UgzKLSTBweWrekQek5p4AaABAg,eTRP5zN5Pfs,Wow,1,2025-04-10T20:08:16Z,candidate
Ugykb3uw1MKulWN5iT14AaABAg,eTRP5zN5Pfs,Aarshiv ne to leta jav 😂,0,2025-04-10T18:50:45Z,candidate
UgyUUvV26K8Dh6pNd414AaABAg,eTRP5zN5Pfs,Wah❤❤❤❤❤❤❤enjoy 😊😊😊,6,2025-04-10T18:49:33Z,candidate
Ugy0Xua1AWGOo2E7lyd4AaABAg,eTRP5zN5Pfs,😅😅😅😅😅😅,1,2025-04-10T17:58:38Z,candidate
UgzrINVNAz0_T2Orfux4AaABAg,eTRP5zN5Pfs,😂,0,2025-04-10T17:51:43Z,candidate
Ugx8mPkVPS4lvua6YCN4AaABAg,eTRP5zN5Pfs,Wah wah jordar 😂❤ pn aarshiv ne to lai javo to bhuli ka gya,0,2025-04-10T17:40:49Z,candidate
Ugx0ISO6NIDUq2gZ_XF4AaABAg,eTRP5zN5Pfs,Aarsiv dika ne leta jav❤😂😂🎉,3,2025-04-10T17:30:41Z,candidate
UgxKzv5qtBqBuqLD0r94AaABAg,eTRP5zN5Pfs,😂😂😂😂😂😂😂😂,0,2025-04-10T16:31:30Z,candidate
Ugyqg86r0k3kRMKn1t14AaABAg,eTRP5zN5Pfs,😊😊😊😊😊,0,2025-04-10T16:25:28Z,candidate
UgzHzdLxCeW0i2jvzA94AaABAg,eTRP5zN5Pfs,😊😊😊😊,2,2025-04-10T16:01:18Z,candidate
Ugx66qu_OfgR4L3sx4J4AaABAg,eTRP5zN5Pfs,"A,,,,aarshiv bhuli gaya❤",2,2025-04-10T15:53:07Z,candidate
Ugz5AxZ2TfNSmgjXbBR4AaABAg,eTRP5zN5Pfs,Khushi di Aarshiv ne manali nathi lai javo😍🤗,0,2025-04-10T15:52:19Z,candidate
Ugw5jw1xUH121MTNu0N4AaABAg,eTRP5zN5Pfs,😂😂😂,0,2025-04-10T15:36:16Z,candidate
UgyOM3iyQfoSv0p_lRx4AaABAg,eTRP5zN5Pfs,😂😂😊,0,2025-04-10T15:35:25Z,candidate
Ugywit7d-kisVdJ4Gip4AaABAg,eTRP5zN5Pfs,😂😂,0,2025-04-10T15:33:20Z,candidate
UgzAliwsiMDlqjQn37l4AaABAg,eTRP5zN5Pfs,Khusi jordar hoo idea to bhu mast hoo 😅😅😅😅😂😂😂😂,5,2025-04-10T15:31:16Z,candidate
Ugx-B8q2gRz2MhEVk4B4AaABAg,eTRP5zN5Pfs,😊😊😊😊😊😊😊😊😊😊😊😊,0,2025-04-10T15:30:36Z,candidate
UgyDKbJEkSQqKA1op114AaABAg,ObN7szcBuoY,😂😂😂😂😂😂😂😂🎉🎉😂😂😂😂😂😂😂😂😂😂😂😂😂😂😂😂😂😂😂😂😂😂😂😂😂😂😂😂😅😅😅😅😅😅😅,0,2026-08-07T16:37:56Z,candidate
UgyzXZwwoZKsbL9bMFJ4AaABAg,ObN7szcBuoY,@Gujaratijokehub,0,2026-08-05T03:48:05Z,candidate
UgwkgCcZcaqcFt7aU0x4AaABAg,ObN7szcBuoY,😂😂😂😂,0,2026-07-26T07:34:49Z,candidate
UgxRq4aVf9jH4ErmIop4AaABAg,ObN7szcBuoY,😂😂😂,0,2026-07-14T02:40:32Z,candidate
Ugz_N955MVf2jJkzLqh4AaABAg,ObN7szcBuoY,🤣🤣🤣🤣🤣,0,2026-06-26T15:51:28Z,candidate
UgwUtHZurgjvg3GVdSl4AaABAg,ObN7szcBuoY,😂😂😂,0,2026-06-18T09:21:29Z,candidate
Ugysi25W-a2ULtn5mf94AaABAg,ObN7szcBuoY,Iayobapulayo,0,2026-05-07T05:52:59Z,candidate
UgxLmKMnnpSnKFG11rF4AaABAg,ObN7szcBuoY,",🤣🤣🤣🤣",0,2026-04-27T12:52:19Z,candidate
Ugx6TtPNZb6cnObWcMl4AaABAg,ObN7szcBuoY,❤❤❤🎉🎉🎉🎉😮😮😮😮,0,2026-03-02T06:14:03Z,candidate
UgwTY-XyfiQCpEF52nR4AaABAg,ObN7szcBuoY,😂😂😂😂🎉🎉🎉 mast,4,2025-10-11T04:51:21Z,candidate
UgzeJTdITBVaKta0a_N4AaABAg,EJOVCpL0URo,"For More Such Videos Subscribe to our channels - 

https://www.youtube.com/@shemaroogujarati
https://www.youtube.com/@shemaroogujaratimusic1004
https://www.youtube.com/@gujaraticomedy5787
https://www.youtube.com/@shemaroogujaratimanoranjan2663

Follow us on
 
Facebook - facebook.com/shemaroogujarati
Instagram - instagram.com/shemarooguj
Twitter - twitter.com/ShemarooGuj",267,2023-03-28T13:23:05Z,candidate
Ugwr2ixgKTjuqXYSwxx4AaABAg,EJOVCpL0URo,JaisrikrishnaExcelient,0,2026-08-06T00:28:45Z,candidate
Ugyp-6Sw9StbkbphnKx4AaABAg,EJOVCpL0URo,ये नया क्या है ये तो घर घर की कहानी है 😂,0,2026-07-22T07:42:58Z,candidate
UgwnkfBbEAd2Jj8WQsV4AaABAg,EJOVCpL0URo,Best comedy 😅,0,2026-07-13T10:53:06Z,candidate
Ugxz7-p2xgIKYoC6cqt4AaABAg,EJOVCpL0URo,Hasavi Hasavi Ne Pet Dukhva Lagyu. 🤣😂😆😁,0,2026-07-07T11:15:01Z,candidate
Ugw8W5dukNMPc8JkDPR4AaABAg,EJOVCpL0URo,"no body cancome and compete,,He is the Best",0,2026-06-07T07:43:35Z,candidate
Ugxx2UCm5pPATVb1Tth4AaABAg,EJOVCpL0URo,Excellent Comedy.,0,2026-05-29T17:38:12Z,candidate
UgycMGZY1argHvR7Ng54AaABAg,EJOVCpL0URo,❤❤❤😂😂😂,0,2026-05-29T17:37:24Z,candidate
UgxRb6eUnnzpGHWE_Rl4AaABAg,EJOVCpL0URo,Excellent comedy,0,2026-05-29T17:37:00Z,candidate
Ugw75rpJaalh47dJsYd4AaABAg,EJOVCpL0URo,😂😂😂,0,2026-05-23T03:52:34Z,candidate
UgzWJwU7Sh1tzi1_YK94AaABAg,EJOVCpL0URo,https://youtube.com/shorts/BsxMWWJmeI8?si=SA9ZPaygiQgFLjUe,0,2026-05-05T16:13:06Z,candidate
Ugz9tuUeFx3ydwCp_Jd4AaABAg,EJOVCpL0URo,Best comedy 🤣 😂😂😂😂😂😂😂,0,2026-04-25T03:56:24Z,candidate
Ugz_VA8rVYEq00KR6rJ4AaABAg,EJOVCpL0URo,❤❤😊😊😊😂😂😂,0,2026-04-20T04:02:07Z,candidate
UgxJTkjA5OeIqhrY5eF4AaABAg,EJOVCpL0URo,Big fan 😅😂❤,0,2026-03-30T12:35:01Z,candidate
Ugy6ESWNhoC02cosNu94AaABAg,EJOVCpL0URo,Wah bhai wah 😂,0,2025-12-17T16:32:24Z,candidate
UgyA1raSu588d5PhwI94AaABAg,EJOVCpL0URo,Nice🎉❤👌👍,0,2025-12-16T11:36:39Z,candidate
UgxlzQbwuvBzkaN3sm14AaABAg,EJOVCpL0URo,❤❤❤❤❤,0,2025-12-15T08:06:34Z,candidate
Ugyu6f8pV7gdAsgCqMR4AaABAg,EJOVCpL0URo,😂😂😂😂😂😂,0,2025-12-13T05:32:05Z,candidate
UgyM1OjuS_PLWPGulbR4AaABAg,EJOVCpL0URo,😂😂😂😂😂😂 Best comidy 😂😂😂😂😂,0,2025-12-09T17:10:11Z,candidate
UgyD7xQfB_WYLO7uSBh4AaABAg,EJOVCpL0URo,Aoi,0,2025-12-05T08:53:57Z,candidate
UgzC8aMbcekFK6owifp4AaABAg,EJOVCpL0URo,So TRUE 👍 👌 ❤THANKS 👍 👌  नमस्ते 👍 👌 🙌 🙏 ❤ Funny too 👍 ❤,0,2025-12-04T16:54:46Z,candidate
UgytRMrA6j-WHL2WAXB4AaABAg,EJOVCpL0URo,App,0,2025-12-01T15:42:36Z,candidate
Ugw6XxsRZKvI64_mI0x4AaABAg,EJOVCpL0URo,Best comedy bhai salute ❤️👌❤️,0,2025-11-14T17:21:57Z,candidate
Ugzo1hQhXFUYseqSEVh4AaABAg,EJOVCpL0URo,Siddhartha bhai your timing is great,0,2025-11-12T20:22:15Z,candidate
UgwH9voh7y-5G-ICI6x4AaABAg,EJOVCpL0URo,😂,0,2025-11-06T14:05:40Z,candidate
Ugz3UopCSNpMR5WIGux4AaABAg,EJOVCpL0URo,😊😊😄😄,0,2025-10-21T15:57:40Z,candidate
Ugy6i56RD8u_BgjpfsR4AaABAg,EJOVCpL0URo,Comedy doesn’t mean insulting your wife and her family and hit own. Nowadays comedy is about insulting “the wife and her family”,5,2025-09-28T13:45:05Z,candidate
Ugz-z74zuo36Y7Ndhrd4AaABAg,EJOVCpL0URo,Gajab comedy 😂🤣👌,0,2025-09-24T14:28:48Z,candidate
UgwKYqW1BKMw8xTxowp4AaABAg,EJOVCpL0URo,very interesting and funny video.,0,2025-09-09T14:59:19Z,candidate
UgzRUPmZAwkkrm0onpJ4AaABAg,EJOVCpL0URo,"Dard Bhari Dastan ,Bolnay Ne Doa 💕 Boz ,---->...... !❤",0,2025-08-28T12:17:05Z,candidate
UgzUlMt5lSXMtCAduLh4AaABAg,EJOVCpL0URo,😂,0,2025-08-17T14:59:56Z,candidate
Ugxfij82dVnr1-WOeeB4AaABAg,EJOVCpL0URo,Tajkhan ❤,2,2025-08-07T18:02:12Z,candidate
Ugw2JHiq9uLBuG6qKkB4AaABAg,EJOVCpL0URo,"Doodhpak Randeria, backwash actor.",0,2025-07-14T22:22:53Z,candidate
UgwukemEQP-xR2Fr3TJ4AaABAg,EJOVCpL0URo,Jay Gujrat,0,2025-06-13T15:31:53Z,candidate
UgwY48KUlMljOvkx8054AaABAg,EJOVCpL0URo,natak nu nam su che,0,2025-05-23T17:26:08Z,candidate
Ugynxw6lV0AmFXeYdW54AaABAg,EJOVCpL0URo,Lovely ghjrati commedy I love it.,0,2025-05-10T13:14:13Z,candidate
Ugzw-Ekwju1z4oOPEcN4AaABAg,EJOVCpL0URo,😂,0,2025-05-04T17:21:40Z,candidate
UgxAnPJPytKGZhy2Xlp4AaABAg,EJOVCpL0URo,VERY NICE,0,2025-05-03T14:22:48Z,candidate
UgwJW8zoWO9YnS1DouJ4AaABAg,EJOVCpL0URo,https://youtu.be/RpK0EkQ0fl8?si=Yf6Amre7dxr3C1uO😊❤👌,0,2025-03-31T20:29:54Z,candidate
UgwoAzZRxUwGrEEjPp14AaABAg,EJOVCpL0URo,Yad rahijase,0,2025-03-21T10:05:47Z,candidate
UgzmrUM98T6brfl8eaJ4AaABAg,EJOVCpL0URo,❤❤❤❤❤😂😂😂😂,0,2025-03-20T05:51:24Z,candidate
UgzOgJo4srWUhU9uAY54AaABAg,EJOVCpL0URo,😂😂very nice,2,2025-02-02T10:36:52Z,candidate
Ugwgrw3nG-zZTT55pv14AaABAg,EJOVCpL0URo,Awesome comedy,0,2025-01-09T16:01:20Z,candidate
UgyL6K7-teZNzkmp9Ed4AaABAg,EJOVCpL0URo,Supar,1,2024-12-10T15:05:00Z,candidate
Ugy8j_8d86XwH0niPNl4AaABAg,EJOVCpL0URo,Gajab ni comedy che,0,2024-11-24T14:15:49Z,candidate
UgxF9wCC930r2i49PMB4AaABAg,EJOVCpL0URo,"Jordar, comedy ❤",1,2024-11-11T16:57:36Z,candidate
Ugwx8nrLNOzY-Vn7RD94AaABAg,EJOVCpL0URo,Nice  fanni,0,2024-11-09T20:08:04Z,candidate
Ugxd6rZAtqOzsm70ONp4AaABAg,EJOVCpL0URo,Excellent comedy 👌 👏 🤣 👍,0,2024-10-31T17:00:05Z,candidate
UgzTjSLOu965jBwaxjB4AaABAg,EJOVCpL0URo,World's best comedy show,2,2024-10-30T17:59:59Z,candidate
UgyvbfdSPEhhLiXI4L54AaABAg,EJOVCpL0URo,"Zabardast, saheb! Mane yaqeen chhe jo aavi comedy raj jovama aave to jivan 10 varsh vadhi jaye",1,2024-10-21T18:50:42Z,candidate
UgwGDVhH6gZzvRzAHr94AaABAg,EJOVCpL0URo,10:25😂😂❤,1,2024-10-14T16:56:01Z,candidate
UgxB0cjZnPjUTiGjs-N4AaABAg,EJOVCpL0URo,Jay Swaminarayan,1,2024-10-13T11:47:54Z,candidate
UgzYFT8AWnfYe_yT8PZ4AaABAg,EJOVCpL0URo,😂😂😂😂😂😂😂😂😂👃❤,0,2024-10-11T16:49:37Z,candidate
UgxkJ5zTWGyOKw2aOGd4AaABAg,EJOVCpL0URo,😂😂😂🇮🇳💯👍,1,2024-10-11T16:22:49Z,candidate
UgwCV27Q6mo5Y3CQsAx4AaABAg,EJOVCpL0URo,Verry verry good funny drama,1,2024-10-10T14:37:37Z,candidate
UgxwO8ygC2ndj0Art954AaABAg,EJOVCpL0URo,God bless both of you for your lovely comedy 😂😂,4,2024-09-26T19:45:30Z,candidate
UgzpUAau5503CpdrkCB4AaABAg,EJOVCpL0URo,Super Duper 💐🇵🇰,1,2024-09-04T18:25:13Z,candidate
UgyWATa7qbb8g0pqA814AaABAg,EJOVCpL0URo,😂😂😂😂😂nice,0,2024-09-02T09:45:12Z,candidate
Ugx3MUT5np40lFf3Xux4AaABAg,EJOVCpL0URo,😂😂❤❤😢😮,0,2024-09-02T09:44:49Z,candidate
UgyNYWY9wkbl3cQg8iB4AaABAg,EJOVCpL0URo,Bahu j maja padi sbhrvsni,2,2024-09-01T16:11:07Z,candidate
UgwIYSSIqo2GXF1_HV14AaABAg,EJOVCpL0URo,Very nice 😂,0,2024-08-23T16:42:45Z,candidate
UgxJdJhOA5tomAXY8ZB4AaABAg,EJOVCpL0URo,आप बोली शकोछो😢 अमे 😅😊😂,1,2024-08-16T21:12:53Z,candidate
UgxI_kAauXs-E5TaDKZ4AaABAg,EJOVCpL0URo,Bakwas.,1,2024-08-15T21:05:38Z,candidate
UgwvHr_cKZUVAjUeTdJ4AaABAg,EJOVCpL0URo,😅😅😅😅😅😅😅😅😅,0,2024-08-14T11:11:28Z,candidate
UgyV0Rn5h_ffRSrROHt4AaABAg,EJOVCpL0URo,This is really disrespectful.,1,2024-08-13T02:49:29Z,candidate
UgyuW-neT_gj-9UZBQZ4AaABAg,EJOVCpL0URo,Kujjbhai srs😊😊😊,1,2024-08-02T00:14:44Z,candidate
UgypmpgdRexC8O1czwt4AaABAg,EJOVCpL0URo,Ek number❤,2,2024-07-30T07:44:49Z,candidate
UgyVoF_MlKUiS2WQ1jV4AaABAg,EJOVCpL0URo,😂😂,0,2024-07-19T17:52:16Z,candidate
UgzHUdh897dcs5x-30l4AaABAg,EJOVCpL0URo,"Randeriya Saab, my ? To u ""SIR HOW MANY AGE ? ? ""Laughing is best exercise for all""",2,2024-07-16T19:46:13Z,candidate
UgzhyQZMGZnZk-j-Igh4AaABAg,EJOVCpL0URo,"RANDERIYA SAAB SALAM, GOD GIVE  U 100 YRS... I M 73 YRS,I DON'T  LEFT  ANY YOUR SINGLE  ""NATAK"" BEFORE 5 DAYS""BLUFF-MASTER IN THAKOR-HALL AHMEDABAD.750 RS, 3 LINE MA....WAH, WAH, WAH WHAT A DIALOGS SIR ""IN STOMECH PAIN BY YOUR HASYA(LAUGH).🎉🎉🎉🎉🎉",1,2024-07-16T19:38:40Z,candidate
UgxTBU_WnzzvI1c2Svt4AaABAg,EJOVCpL0URo,Sidhathnoni,0,2024-07-09T07:37:11Z,candidate
Ugy-w9Nc32_-nUTa2f54AaABAg,EJOVCpL0URo,❤❤❤❤,1,2024-07-02T17:12:11Z,candidate
UgxNfrdKUw42vu6P10l4AaABAg,EJOVCpL0URo,Best comedy,0,2024-07-02T15:16:03Z,candidate
UgwkQiJY3u1YoYP0Lnd4AaABAg,EJOVCpL0URo,Very  good  😂😅😅😅,1,2024-06-24T08:01:46Z,candidate
UgwJNMfdEumNOnpx7SN4AaABAg,EJOVCpL0URo,😀😀😀,1,2024-06-14T18:02:08Z,candidate
Ugxo8DIERSqaS86p_0N4AaABAg,EJOVCpL0URo,Good 👍 very nice,1,2024-06-14T18:01:02Z,candidate
UgzHViiZozqzQlBYSc54AaABAg,EJOVCpL0URo,Wha wha nice cmedi,1,2024-06-13T18:22:50Z,candidate
UgxdrUhugslcUmuOIUJ4AaABAg,EJOVCpL0URo,Moj,2,2024-06-12T02:22:07Z,candidate
Ugw1SH2UJMoyWIYHP2t4AaABAg,EJOVCpL0URo,😂😂,0,2024-06-08T17:04:42Z,candidate
UgzJL6OrN8OyCQjNvKN4AaABAg,EJOVCpL0URo,😂😂😂😂,0,2024-06-05T16:32:48Z,candidate
Ugxf5VQJwsck7NrOx6l4AaABAg,EJOVCpL0URo,Very nice ❤,0,2024-06-05T14:59:19Z,candidate
UgyP9Lj_oZbSGM43Xz14AaABAg,EJOVCpL0URo,Very nice😊😊,2,2024-05-30T19:22:33Z,candidate
UgyCgk25ZnFSQ9ICEFR4AaABAg,EJOVCpL0URo,Siddharth Bhai jaberjast acting jaberjast comedy ❤❤❤❤❤❤,4,2024-05-28T15:29:22Z,candidate
Ugzjb4oaCX3-6TJOToF4AaABAg,EJOVCpL0URo,Wow Super Duper 😮,5,2024-05-25T03:20:30Z,candidate
UgzHrM87kkXb3AhI3wJ4AaABAg,EJOVCpL0URo,"10:21 worst acting, worst ever, stupid foolish, what is this, he he haha, get a life, do something good",0,2024-05-24T18:43:10Z,candidate
UgwMs4goYNBF3q6pcO54AaABAg,EJOVCpL0URo,😂,0,2024-05-22T16:07:06Z,candidate
Ugy7NVlnJ0FV0M40_2h4AaABAg,EJOVCpL0URo,I like your work sir 👍,0,2024-05-21T12:53:28Z,candidate
Ugxs0pmmZhW1Lfl6OXB4AaABAg,EJOVCpL0URo,😂😂😂😂😂😅😅😅😅😂😂🤣🤣,0,2024-05-21T07:23:58Z,candidate
UgwQvU4gZHIXS52oabF4AaABAg,EJOVCpL0URo,😂😂😂😂😂😂welcome to the club of reality of women power 💪 😅😅😅,1,2024-05-19T00:21:52Z,candidate
UgzkWlbOsg4uXfdKXjR4AaABAg,EJOVCpL0URo,मस्त comedy show!,1,2024-05-18T16:51:24Z,candidate
UgzJJnNvU1MLce9igkx4AaABAg,EJOVCpL0URo,Superb😅😅😅😅,2,2024-05-17T19:40:23Z,candidate
UgzBqxG_N9xFVr3yfq14AaABAg,EJOVCpL0URo,https://youtube.com/shorts/zik1rfBwP9s,0,2024-05-16T12:23:43Z,candidate
UgybcEpNuZeLilKoCYB4AaABAg,EJOVCpL0URo,https://youtube.com/shorts/9ByLg6Nt7iU?si=yenHkcMMkvQkinCb,0,2024-05-14T05:01:47Z,candidate
UgxmMyIjAovdY1u2i1F4AaABAg,EJOVCpL0URo,Superb comedy🎉,0,2024-05-12T09:20:42Z,candidate
UgyQy8Zn5rzbSeDKAHF4AaABAg,EJOVCpL0URo,My favourite show,2,2024-05-10T07:01:00Z,candidate
Ugx6YnTxMnup4N0oMX54AaABAg,EJOVCpL0URo,😂😂,1,2024-03-18T16:25:36Z,candidate
Ugyef4AnwJQt3j71KGZ4AaABAg,EJOVCpL0URo,😂,0,2024-02-20T04:58:40Z,candidate
Ugz_h1RGxzj5lhLDG3F4AaABAg,EJOVCpL0URo,Best comedy,0,2024-01-10T11:23:10Z,candidate
Ugy5IGRU93k52A29UDR4AaABAg,EJOVCpL0URo,Useless and cheap comedy. Always on wife.,2,2024-01-09T04:50:28Z,candidate
UgwXNshex_wp0qFrdVJ4AaABAg,EJOVCpL0URo,Ha gujju bhai 💆‍♂️,4,2023-12-31T17:30:47Z,candidate
Ugwx-yi2KwJYQXHSrqR4AaABAg,EJOVCpL0URo,Nvanatko kyaremukshobhaiyo,0,2023-12-14T00:14:40Z,candidate
UgxE2LfRhiW-aL8aB914AaABAg,EJOVCpL0URo,Best humour and comedy .....😅😅,1,2023-12-13T02:59:43Z,candidate
Ugxy5-mgqYQDneeeVAR4AaABAg,EJOVCpL0URo,Ni ni CT,0,2023-12-12T13:53:08Z,candidate
UgyC-G5KWqX7nsicbaN4AaABAg,EJOVCpL0URo,😮🎉🎉😢😢😢😢😢😮😅😅😅😅😅😅😅,1,2023-11-17T06:25:21Z,candidate
UgzBai4Jh9sGpudYEsl4AaABAg,EJOVCpL0URo,👌😂😂😂,0,2023-11-04T13:58:03Z,candidate
UgzPhxX-f0MXfG_KGwB4AaABAg,EJOVCpL0URo,😅😅😅,1,2023-10-27T11:04:07Z,candidate
Ugzu0csyoKFGuBmCmQl4AaABAg,EJOVCpL0URo,😂😂😂😂😂,1,2023-10-27T03:37:34Z,candidate
UgyIeaW4mt8hy_S3EPl4AaABAg,EJOVCpL0URo,Excellent,0,2023-10-25T17:36:26Z,candidate
Ugzv5jm1S75PAnGFGJB4AaABAg,EJOVCpL0URo,Sasu ji ki akting best ki,0,2023-09-27T16:27:18Z,candidate
UgznWR-XAx8wBGsriXd4AaABAg,EJOVCpL0URo,Gajab ki comedy best akting ki hai,9,2023-09-27T16:26:23Z,candidate
UgyeqSKS6r8GLV7yDyl4AaABAg,EJOVCpL0URo,Wah mast,0,2023-09-17T17:12:40Z,candidate
UgwzCUoWrKL-25YNCeF4AaABAg,EJOVCpL0URo,Mast comedy,0,2023-09-17T17:08:05Z,candidate
Ugy4uAV6vGxHRTTjuAl4AaABAg,EJOVCpL0URo,Mast kar diya Best comedy,0,2023-09-17T17:07:16Z,candidate
UgzLPOdD3FX31BcxkSF4AaABAg,EJOVCpL0URo,Mast,0,2023-09-10T11:42:39Z,candidate
UgzYHaafsm-dLNPLybZ4AaABAg,EJOVCpL0URo,You guys are the best😂,1,2023-09-07T03:09:37Z,candidate
UgwwilzxQg_j73oZvMx4AaABAg,EJOVCpL0URo,Excellent,0,2023-09-02T18:35:48Z,candidate
Ugzoe4Rf4VxQ6U4bq754AaABAg,EJOVCpL0URo,kkjjkoiiorasarsaatwesa,0,2023-08-25T07:06:59Z,candidate
UgzTPxDtVNyWG3NBFix4AaABAg,EJOVCpL0URo,Bau mast😂😂😂😂😂😂😂😂😂,2,2023-08-13T09:29:19Z,candidate
UgxTvgTn4r-IkgTgy094AaABAg,EJOVCpL0URo,Very nice 😂😂😂,2,2023-08-11T14:47:03Z,candidate
Ugwg1LM0Io0C058irAt4AaABAg,EJOVCpL0URo,Marwadi Punjabi Marathi अलग-अलग dress mein video banave,0,2023-08-01T01:01:13Z,candidate
Ugy4r0h_6KDX4IDx-vZ4AaABAg,EJOVCpL0URo,ओ भाई😂,4,2023-07-31T07:49:51Z,candidate
UgyAy04xD6ly8Atjc_94AaABAg,EJOVCpL0URo,Too funny 😂😂,1,2023-07-22T18:14:58Z,candidate
UgyKfaWbzsNEObNcAER4AaABAg,EJOVCpL0URo,",nys",0,2023-07-19T04:21:06Z,candidate
UgyInL0A4MjeaEbTjHR4AaABAg,EJOVCpL0URo,Very good comedy,1,2023-07-02T01:05:33Z,candidate
UgxfjDSJ1icrSZFtCVp4AaABAg,EJOVCpL0URo,🤣🤣🤣😂😂😂🤗🤗🤗😝😝😝,0,2023-07-01T12:44:41Z,candidate
UgwDcwAiAJMrLZE-hKx4AaABAg,EJOVCpL0URo,😂,0,2023-07-01T10:44:45Z,candidate
UgxblnIwkKDYVZ8huZ54AaABAg,EJOVCpL0URo,Hilarious video.. enjoyed it,2,2023-06-28T16:04:42Z,candidate
UgyhVZEL9IJaFx3YKLp4AaABAg,EJOVCpL0URo,Rahul naam valo dialogue excellent 6.... Its perfect fit,4,2023-06-24T12:15:49Z,candidate
UgyrueZPvaJXJG_EiXZ4AaABAg,EJOVCpL0URo,Guju bhai😅😅😅,0,2023-06-23T19:38:38Z,candidate
UgwZ71TPBTLFwodyf-N4AaABAg,EJOVCpL0URo,Ha moj ha😂😂,4,2023-06-23T17:46:05Z,candidate
UgwfvNQhqyvWxtssJVR4AaABAg,EJOVCpL0URo,😅😅,1,2023-06-17T02:19:28Z,candidate
Ugwok5vbCDlh68C-fTV4AaABAg,EJOVCpL0URo,Very enjoyable all performances are outstanding daily I see for relieving in case of tension 👏,4,2023-06-05T08:47:25Z,candidate
UgznPbpE9ItK3zWevf14AaABAg,EJOVCpL0URo,Wow...😂😂,2,2023-04-29T11:22:17Z,candidate
UgwOSY4k58LQokVDNU94AaABAg,EJOVCpL0URo,Good comedy,1,2023-04-17T18:03:17Z,candidate
UgzJjTi8yqSrTMdG2nR4AaABAg,EJOVCpL0URo,Very nice Comedy 👌,2,2023-04-16T11:26:22Z,candidate
Ugwoa1qoZ1Nlt4NySO14AaABAg,EJOVCpL0URo,Super video,3,2023-04-11T17:17:30Z,candidate
Ugzj5qQIKxwZ081I9vx4AaABAg,EJOVCpL0URo,🎉🎉🎉🎉🎉,0,2023-04-06T19:16:58Z,candidate
UgyRyBYc6-ZOB2SC1Bt4AaABAg,EJOVCpL0URo,Super comedy😂,1,2023-03-28T17:44:03Z,candidate
UgzeJTdITBVaKta0a_N4AaABAg,EJOVCpL0URo,"For More Such Videos Subscribe to our channels - 

https://www.youtube.com/@shemaroogujarati
https://www.youtube.com/@shemaroogujaratimusic1004
https://www.youtube.com/@gujaraticomedy5787
https://www.youtube.com/@shemaroogujaratimanoranjan2663

Follow us on
 
Facebook - facebook.com/shemaroogujarati
Instagram - instagram.com/shemarooguj
Twitter - twitter.com/ShemarooGuj",267,2023-03-28T13:23:05Z,candidate
UgxtxYuLxv1CyKTbvdN4AaABAg,EJOVCpL0URo,Kumar nu naam su chhe??....Jagdishkumar k Girishkumar...🤣🤣🤣😃😃😃,11,2023-03-23T09:17:48Z,candidate
UgwhnvnelGug15Y27Ql4AaABAg,EJOVCpL0URo,Wah Jagdish kumar....🤣🤣🤣🤣🤣,18,2023-03-23T09:15:20Z,candidate
UgwqUq1sRn5BN6Ym7yV4AaABAg,EJOVCpL0URo,😃😃😃😃😃😃😃,2,2023-03-23T09:14:48Z,candidate
UgxHvZ1V4YjP5sCMwF94AaABAg,EJOVCpL0URo,Very nice,0,2023-03-04T14:19:39Z,candidate
Ugw2BVhgkYc2DCfQO1h4AaABAg,EJOVCpL0URo,Mind blowing,0,2023-03-03T17:38:09Z,candidate
UgwLBzNRXT-wYysUEkV4AaABAg,EJOVCpL0URo,JAIN E AND,0,2023-02-26T07:02:10Z,candidate
UgwpgwAYYni1smwqWXp4AaABAg,EJOVCpL0URo,My fewreit show....And You....👆👆👆👆👆👆👆👆👆,0,2023-02-25T17:05:21Z,candidate
UgxglXJCtjNyTOdbjJB4AaABAg,EJOVCpL0URo,Pandya bhai no dialogue delivery n acting is mind blowing. He is an actor of very high standard. Admirable presence n fabulous timing in dialogue bazi!!,7,2023-02-17T13:57:44Z,candidate
UgwkAb9SsXURoWAR6I94AaABAg,EJOVCpL0URo,"Hats off to the script writer...""tipe tipe pani "" ""ghatotkach ki Ben""...omg..
Bau majja avi....hasta hasta pet ma dard avi gayu.",17,2023-02-17T13:36:36Z,candidate
UgwDhKFbU60O2M38c0V4AaABAg,EJOVCpL0URo,What is the name of this natal??,1,2023-02-11T18:47:56Z,candidate
Ugzpl3tmZQQecBJzkeF4AaABAg,EJOVCpL0URo,Gujubhai is great comtiman,0,2023-02-06T16:39:13Z,candidate
Ugwtkg5XxznlEssiB7B4AaABAg,EJOVCpL0URo,gee acha,1,2023-02-03T21:56:19Z,candidate
Ugzwb290-wNI9Fn0VH94AaABAg,EJOVCpL0URo,😁😁😁😁😁😁,0,2023-02-01T11:45:54Z,candidate
Ugzkya3oBD478wu0w7B4AaABAg,EJOVCpL0URo,🤣🤣🤣🤣🤣🤣🤣,0,2023-01-18T15:34:27Z,candidate
UgycDIHtM2KxG6sUpXZ4AaABAg,EJOVCpL0URo,Siddharth Bhai great artist 👌👌👌,3,2022-12-21T09:11:01Z,candidate
UgzeEwDXs57xGHJVkpF4AaABAg,EJOVCpL0URo,Very nice 👌😊😊,1,2022-12-06T11:22:30Z,candidate
UgydmbKpnZ7QWlL-1YB4AaABAg,EJOVCpL0URo,Best comedy,0,2022-12-02T09:28:50Z,candidate
UgyhvQeWiYKcsSST6uN4AaABAg,EJOVCpL0URo,SABKO SUKHSHAANTI MILE UPARVAALE JIVIT ISVAR PRABHU YESHUNAATH SATGURUDEV,2,2022-11-25T15:45:36Z,candidate
UgyYnqht6MrZpMOnHIl4AaABAg,EJOVCpL0URo,Very nice,0,2022-11-08T17:59:20Z,candidate
UgyW6c_sie-gWuIn2MV4AaABAg,EJOVCpL0URo,एसे पुरुष एवं महिलाएं जो एक दूसरे से परेशान हैं करिब बिस बिस लोगों का समुह बना लें और रोज रोज पति पत्नी बदल अदला बदली करते रहना चाहिए मन भरजाए तो साथ हो जाना चाहिए,1,2022-11-03T13:24:32Z,candidate
UgzCdCuTk-UGnLgIUEF4AaABAg,EJOVCpL0URo,😂😂😂😂,0,2022-11-03T08:37:55Z,candidate
UgynJp-nknx_ETa704Z4AaABAg,EJOVCpL0URo,👌👌👌👌,2,2022-11-03T07:11:20Z,candidate
UgwUqBGmoAfFdm7k82p4AaABAg,EJOVCpL0URo,great,0,2022-10-30T17:53:49Z,candidate
Ugxuvb_KGMcLAI290IV4AaABAg,EJOVCpL0URo,CD,0,2022-10-29T15:56:38Z,candidate
UgzUCpYRu7AFP37BwZZ4AaABAg,EJOVCpL0URo,😴😴😴,0,2022-10-29T09:51:16Z,candidate
UgxIR5FTIc55-5LonUB4AaABAg,EJOVCpL0URo,"*विचार धारा*🙏✨🙏
                
🏵️🌺🌿🏵️🌺🌿🏵️🌺🌿
*नम्रपणा*
*हा गुण सर्व गुणांपेक्षा जास्त किंमती व मौल्यवान आहे तो ज्याच्याकडे आहे त्याच्याभोवती कितीही बलाढ्य स्पर्धक असले तरी तो आयुष्यात नक्कीच यशस्वी होतो..*
💐🪷💐🪷💐🪷💐🪷💐
*र*विचार धारा*🙏✨🙏
                
🏵️🌺🌿🏵️🌺🌿🏵️🌺🌿
*नम्रपणा*
*हा गुण सर्व गुणांपेक्षा जास्त किंमती व मौल्यवान आहे तो ज्याच्याकडे आहे त्याच्याभोवती कितीही बलाढ्य स्पर्धक असले तरी तो आयुष्यात नक्कीच यशस्वी होतो..*
💐🪷💐🪷💐🪷💐🪷💐
*रामकृष्ण हरि⭕☘️*
*शुभ संध्या*☘️⭕https://youtu.be/SfX3lwq4BLM
🍁💐🔥🍁💐🔥🍁💐🔥",4,2022-10-28T02:58:21Z,candidate
UgxEizMqZqMWOEi1r5R4AaABAg,EJOVCpL0URo,“Success is not final; failure is not fatal: it is the courage to continue that counts.” – Winston Churchill.  ..,11,2022-10-25T08:36:12Z,candidate
UgxZfvF-WT3DHB3xd0F4AaABAg,EJOVCpL0URo,Hilarious 😂,7,2022-10-21T18:36:39Z,candidate
Ugz9iyBANxUoFjROZTJ4AaABAg,EJOVCpL0URo,tamara chokra freedom fighter che,3,2022-10-16T10:47:44Z,candidate
UgzmtT-qUgPrutFx3Td4AaABAg,EJOVCpL0URo,Good    comedy,0,2022-10-15T05:54:50Z,candidate
UgypuaG6w9idTmUwnt14AaABAg,lhWXKbvtcjA,Shemaroo is not free. Asking pay price 😳😳😳,6,2020-04-15T15:08:35Z,candidate
Ugzab1hJ5qIP8QTdKW54AaABAg,lhWXKbvtcjA,Amazon prime video ad gand mara,2,2020-04-09T18:11:22Z,candidate
UgzT6-l6WF1C_tb0NR54AaABAg,lhWXKbvtcjA,"https://youtu.be/rbmbkyYhhio
Link Gujarati comedy 👆👆👆",0,2020-04-05T03:32:08Z,candidate
UgxtAU4W4P6yZPYFwaZ4AaABAg,lhWXKbvtcjA,Dhekasan🕺,1,2020-04-01T08:39:41Z,candidate
Ugw-naqTyau9KDgNP-B4AaABAg,lhWXKbvtcjA,NAEIS,1,2020-03-30T19:36:40Z,candidate
Ugx4XylkcbV_GdpNlRx4AaABAg,lhWXKbvtcjA,😂😂,15,2020-03-29T19:05:52Z,candidate
UgzwsM9PQhKWH0fsjHp4AaABAg,lhWXKbvtcjA,Super,4,2020-03-29T13:59:48Z,candidate
UgwJ5ypB2hAGL6-69AV4AaABAg,lhWXKbvtcjA,best comedy,12,2020-03-22T18:56:11Z,candidate
UgwXMCdH2aHS-QpdKo94AaABAg,lhWXKbvtcjA,Shemaroo gujarati ane kids,2,2020-03-03T03:36:34Z,candidate
UgyJdoYLbMxuzktfL6V4AaABAg,lhWXKbvtcjA,Pilz add chenal to dd free dis,1,2020-03-03T03:36:00Z,candidate
UgzBG9NL_L-Wq9M6uyR4AaABAg,lhWXKbvtcjA,Very funny,5,2020-01-28T16:17:46Z,candidate
UgwYi9dv4GeGG4IfSKJ4AaABAg,lhWXKbvtcjA,Bhola rishi,2,2020-01-03T08:20:51Z,candidate
UgzFnvqAAEp4UXeI2Tp4AaABAg,lhWXKbvtcjA,8460284630,1,2019-12-29T16:56:51Z,candidate
UgyTfTPl_5PTnyp9gtN4AaABAg,lhWXKbvtcjA,Super,4,2019-12-02T17:49:02Z,candidate
Ugw0eenfMpQ7FVdoe_R4AaABAg,lhWXKbvtcjA,😂😂😂😂😂😂😂😂😂😂😂😂😂😂😂😂,3,2019-12-01T07:35:27Z,candidate
UgzUDSMvrLSBr0ahu9B4AaABAg,lhWXKbvtcjA,osmmm,3,2019-10-27T08:50:50Z,candidate
Ugwk95J0rbUHVvDUZnF4AaABAg,lhWXKbvtcjA,13:33 very funny,22,2019-10-13T05:44:07Z,candidate
Ugxb5Ye_Df5X6vygv0B4AaABAg,lhWXKbvtcjA,Super,2,2019-10-11T14:11:42Z,candidate
Ugw7a8HfAH4MCED25ll4AaABAg,lhWXKbvtcjA,2:35 😂😂😂,15,2019-10-04T18:10:28Z,candidate
Ugwl8YeY8D323uUmDzR4AaABAg,lhWXKbvtcjA,Superb God bless you br,8,2019-09-06T05:17:25Z,candidate
UgzikKFlvoW5vjqsIvt4AaABAg,lhWXKbvtcjA,jks,1,2019-07-29T15:40:44Z,candidate
Ugx7hdBFIIWrh0h37Hd4AaABAg,lhWXKbvtcjA,Very nice Comedy,7,2019-07-24T03:42:43Z,candidate
Ugwh_9Pr6UdLIGXsIU94AaABAg,lhWXKbvtcjA,Gujju comdey,2,2019-06-24T09:27:48Z,candidate
UgykUmbt574Xo0frM854AaABAg,lhWXKbvtcjA,Very nice taim pass,1,2019-06-09T19:54:44Z,candidate
Ugyj3TcFn1q47bhe4yd4AaABAg,lhWXKbvtcjA,32:15 osm,5,2019-06-07T15:16:06Z,candidate
UgyFVFv764dYwwiiLDx4AaABAg,lhWXKbvtcjA,Good Work#desicurrent,4,2019-06-03T08:07:18Z,candidate
Ugz0mql0XYhIRY0T8BR4AaABAg,lhWXKbvtcjA,32:19 awesome kathiyavadi rocks,22,2019-04-30T08:30:57Z,candidate
Ugz7xxyuXkn7RUnfT1l4AaABAg,lhWXKbvtcjA,Good,2,2019-04-11T03:32:45Z,candidate
Ugw1OGCTDBYnsIP9-IZ4AaABAg,lhWXKbvtcjA,Sanjay goradiya is best,2,2019-03-26T14:01:53Z,candidate
UgyKXkXiK0fP6hxubfN4AaABAg,lhWXKbvtcjA,Super,0,2019-03-14T15:16:14Z,candidate
Ugz_N9goevoaN3Jg5Kt4AaABAg,lhWXKbvtcjA,Good👍👌👌,5,2019-03-08T14:11:21Z,candidate
UgxwBWAm6qbLRllE3s14AaABAg,lhWXKbvtcjA,Both r Rajanikant n Amitabh Bachchan of gujrati Natak.,2,2019-03-06T01:50:24Z,candidate
UgzBjveqDXe6N9Z5FU14AaABAg,lhWXKbvtcjA,Hiiiiiiiiiiiiiiiiiiiiiiiiiiiiiiiiiiiiiiiiii,1,2019-03-05T15:12:27Z,candidate
UgxtV2uXutStCjrvart4AaABAg,lhWXKbvtcjA,Nice,1,2019-03-03T09:24:55Z,candidate
UgysIHFBMq9JnUqnw6R4AaABAg,lhWXKbvtcjA,https://youtu.be/g31UDKtgnE0,1,2019-03-02T19:37:11Z,candidate
UgzamoBJh9ylV1kJinN4AaABAg,lhWXKbvtcjA,Siddharth sir n  Sanjay goradia  grt,12,2019-02-21T18:54:07Z,candidate
Ugy1xw7wBnIX6nDgWqB4AaABAg,lhWXKbvtcjA,Bichara purush jat keti daya jnak 6e,22,2019-02-21T10:05:59Z,candidate
UgzYHh9qgRBp9MsaWgF4AaABAg,lhWXKbvtcjA,सुपर,1,2019-01-31T15:47:27Z,candidate
UgxTGgxXmM-_gE7-yBh4AaABAg,lhWXKbvtcjA,Hello,3,2019-01-21T15:48:55Z,candidate
UgzXYj2KJuaxhAAOBZh4AaABAg,lhWXKbvtcjA,"Join safeshop to be a successful person !!! SAFESHOP is a company which provides lifetime smile on our face with having success n secured life through it !! Call me to join safe n secure online marketing company pvt.ltd. and fulfill your every dreams with everlasting smile on your face,at 9979486419 !!!",0,2018-12-23T19:56:45Z,candidate
UgzGTbGkNAFvBIH5R-d4AaABAg,lhWXKbvtcjA,Nice super,4,2018-11-25T06:09:20Z,candidate
UgznYoENeQ7fRLsFdC14AaABAg,lhWXKbvtcjA,Super,4,2018-11-07T08:30:25Z,candidate
UgxlVVJMAt2ptJmdy0V4AaABAg,lhWXKbvtcjA,Any update about gujrati drama Waris... Plz update soon,1,2018-10-27T17:22:44Z,candidate
UgxJKvWx0A6xyR7Z_VJ4AaABAg,lhWXKbvtcjA,"Hii shemaro 
Any update for movie' Hera pheri phera pheri ' ??",7,2018-10-25T14:13:52Z,candidate
Ugzp-EcO09SA57X9Nqh4AaABAg,lhWXKbvtcjA,👌👌👌👌,1,2018-10-12T11:44:49Z,candidate
UgyVYHxMrsaeUxDQPeZ4AaABAg,lhWXKbvtcjA,super,0,2018-10-11T17:55:12Z,candidate
UgxdQYCdqwvXq9b5V954AaABAg,lhWXKbvtcjA,Super,1,2018-09-18T09:11:19Z,candidate
UgwbZGO-PMzkNYcfj494AaABAg,lhWXKbvtcjA,Good,1,2018-09-14T21:08:20Z,candidate
UgxqtMrAFRXCxZ8OyKF4AaABAg,lhWXKbvtcjA,I love sanjay goradia,3,2018-09-12T19:28:39Z,candidate
UgzkDkUuzs3QxS0yXIZ4AaABAg,lhWXKbvtcjA,Sanjay bhai tamne to hakk che natak banavvama,7,2018-09-12T19:28:10Z,candidate
UgwKtoLnS8UdsohKQ_V4AaABAg,lhWXKbvtcjA,Supar,1,2018-08-28T11:49:08Z,candidate
Ugza2_yFdUkB_GvhyJ14AaABAg,lhWXKbvtcjA,artist mate conect 9104944925,0,2018-08-27T07:16:03Z,candidate
UgyGQn98spygOtVcMQh4AaABAg,lhWXKbvtcjA,Superb,2,2018-08-21T14:14:57Z,candidate
UgyyCWBp7ip2-FZpFaR4AaABAg,lhWXKbvtcjA,Good,3,2018-07-26T19:16:40Z,candidate
Ugx0qQX7eFnMlo0rZsx4AaABAg,lhWXKbvtcjA,Hiiiiiiiiiiiiiiiiiiiiiiiiiiiiiiiiiiiiiiiiiiii,3,2018-07-12T15:54:36Z,candidate
UgxrUPbTpZTUcRch6nJ4AaABAg,lhWXKbvtcjA,Cf f$,1,2018-07-08T18:32:18Z,candidate
UgzF5KtjyPnIhxrvc8N4AaABAg,lhWXKbvtcjA,Hii yd femeliy kayare aavase muvie,1,2018-07-01T04:28:21Z,candidate
UgzfiNRZ3Z-0CIdHmtB4AaABAg,lhWXKbvtcjA,Jor bapu,1,2018-06-08T15:05:07Z,candidate
UgzZuoJssp5N49kasld4AaABAg,lhWXKbvtcjA,Nice,4,2018-06-03T10:21:08Z,candidate
Ugznt0hu0K-VgBhkKgF4AaABAg,lhWXKbvtcjA,jit,1,2018-05-28T12:14:44Z,candidate
UgyzwfQAQgDGazZAnL14AaABAg,lhWXKbvtcjA,Ajay senta very comedi video,1,2018-05-12T14:58:40Z,candidate
UgxDHvLZrpkG3gDuj514AaABAg,lhWXKbvtcjA,best,1,2018-04-21T17:14:24Z,candidate
UgzRJptW0edul7kdCKh4AaABAg,lhWXKbvtcjA,Best vidio comedi,2,2018-04-05T15:47:36Z,candidate
UgxyETDlY60g9JnbAjN4AaABAg,lhWXKbvtcjA,jorr,2,2018-04-04T15:06:00Z,candidate
UgwFdtJAD-W3GVmqaul4AaABAg,lhWXKbvtcjA,Supar,3,2018-03-28T13:19:18Z,candidate
Ugz7ORGdnHT73TFvzYZ4AaABAg,lhWXKbvtcjA,😂,3,2018-03-18T11:57:42Z,candidate
UgwghqxAob3dcGa3R0t4AaABAg,lhWXKbvtcjA,nice super b,17,2018-03-18T04:58:36Z,candidate
Ugzt3ZYpEauNSYQwrv54AaABAg,lhWXKbvtcjA,Thanks,1,2018-03-07T18:26:19Z,candidate
Ugx4JHXrs9RfnSL5nS54AaABAg,lhWXKbvtcjA,2 good,2,2018-02-16T18:27:48Z,candidate
UgxjnE70jv3gw3gEFlp4AaABAg,lhWXKbvtcjA,Super,25,2018-02-13T19:06:49Z,candidate
UgzaDGLTGEmzvayanKt4AaABAg,lhWXKbvtcjA,Please update new natak n movie,4,2018-02-12T18:24:51Z,candidate
UgwaWGoblcXIEvjCgKB4AaABAg,lhWXKbvtcjA,Passport movie muko,7,2018-02-12T16:28:23Z,candidate
Ugw_VX3CqP3pTK2rajp4AaABAg,lhWXKbvtcjA,@,2,2018-02-12T16:25:13Z,candidate
UgwvPEbI6bbJGVLZt1h4AaABAg,lhWXKbvtcjA,Hair styl,12,2018-02-10T19:14:01Z,candidate
UgziimQ1Lgij40zZ5OV4AaABAg,lhWXKbvtcjA,"tnx for uplod video
sanjay goradia and siddharth  randeria is great and my favourite 
i love both
i love you gujarat
i love you shemaroo gujarati",32,2018-02-10T14:48:48Z,candidate
Ugwz_eXr2uNUTd2NjOx4AaABAg,lhWXKbvtcjA,ahemadpathan,2,2018-02-10T13:13:40Z,candidate
Ugwacshd7bikG35_Gg54AaABAg,lhWXKbvtcjA,best of luck laalu MUKJO,25,2018-02-10T09:59:10Z,candidate
UgyC-7X_cuON962q2154AaABAg,lhWXKbvtcjA,Sanjay gordiya sir super,21,2018-02-09T15:11:23Z,candidate
UgwwOSgDl8cvZFK7nVl4AaABAg,lhWXKbvtcjA,SSßßæfdxkbdßà0q@@@@@21!/)#!)1=!@9 doc!sao!aox!weoxd!ldwo!k!OK!aoq!sqsql!k(!(2/#(;#3(/( (!#2#/9#;9!9!👏👐,3,2018-02-09T14:46:49Z,candidate
Ugy4S66PP88Pgf-v66R4AaABAg,lhWXKbvtcjA,"So
ä",4,2018-02-09T09:06:03Z,candidate
UgzNEWHExPuILzzJLCJ4AaABAg,lhWXKbvtcjA,Great great very nice,5,2018-02-09T08:34:34Z,candidate
UgwGSQFoelsjIIBSQ9l4AaABAg,lhWXKbvtcjA,"Hi Shemaroo
Any update for upcoming NEW natak/urban Gujarati movies.
Btw Waiting for ,
love ni bhavai,Romance complicated ,papa tamne nai samjay,vitamin she,Passport,carry on kesar etc.Well eagerly waiting for your new uploads.Thanks.",20,2018-02-09T08:00:27Z,candidate
UgwEgk1y991OBY86Lzx4AaABAg,lhWXKbvtcjA,"B vin
F
Gg
EgRrt
GGG
BG
bfg
bfg
bfg
Ff

Gn
Ttgng",1,2018-02-09T07:36:36Z,candidate
UgxtP2l3a6lTyc9Ctep4AaABAg,lhWXKbvtcjA,I like my Gujarati,4,2018-02-09T07:16:38Z,candidate
Ugx2PSsLct6MA4Q-vdZ4AaABAg,lhWXKbvtcjA,https://youtu.be/U0nwrJsTZ28,1,2018-02-09T07:01:55Z,candidate
UgzPQaWjZfpEWelY6yp4AaABAg,fFZDVcvT7HE,"TCF Upcoming Shows
Ticket Link: https://linktr.ee/thecomedyfactoryindia",2,2025-09-03T10:36:37Z,candidate
UgzNp34blW0wU9Vr-gV4AaABAg,fFZDVcvT7HE,Watching in 2026,3,2026-07-16T19:55:51Z,candidate
Ugzzx-Z630lUtGzK2OZ4AaABAg,fFZDVcvT7HE,Manan look like Rickshawala.,0,2026-04-04T02:02:34Z,candidate
UgyT3xiZcC05pZbQoQB4AaABAg,fFZDVcvT7HE,9-3-2026,0,2026-03-09T16:20:52Z,candidate
UgybjGo-zSMhB3kUomB4AaABAg,fFZDVcvT7HE,Om ne pan lai avya hot to ..,0,2026-01-20T08:27:47Z,candidate
UgwPj27kYENG1MuQ57V4AaABAg,fFZDVcvT7HE,Ohhh bhaii sahab me aa video pela Kem na joyo 🤣 7 years ago ni comedy superb 🤣👏🏻,0,2025-08-19T19:21:02Z,candidate
UgxcrI5PiXxfxIBW2WB4AaABAg,fFZDVcvT7HE,"Rixa kon chalavse,
Tu chalaai

Was personal 😂",0,2025-08-02T04:26:00Z,candidate
Ugx8yiO2YHFhTiMX0zl4AaABAg,fFZDVcvT7HE,2025 ❤,0,2025-06-07T04:05:16Z,candidate
UgymA1sSnBQT5OiVC5t4AaABAg,fFZDVcvT7HE,Bov aj comedy 😂😂,1,2025-06-03T13:20:49Z,candidate
UgwT-r3_enddN_Z67wJ4AaABAg,fFZDVcvT7HE,GJ 01 op,0,2025-02-21T07:46:46Z,candidate
UgzqptKp72NQgNbxnHJ4AaABAg,fFZDVcvT7HE,Beautiful viedo che maja aavi gyi yaar😂😂😂😂😂,0,2024-08-15T19:18:42Z,candidate
UgzxBuh5P4n-ZXEB2F54AaABAg,fFZDVcvT7HE,700 comment me puri kari didhi,1,2024-03-02T18:11:12Z,candidate
UgypwNiRZd_OsKTOEnR4AaABAg,fFZDVcvT7HE,Kaka e subscribe bau confidence sathe bolyu laa mney lkhta j avde bolta nay 😂,0,2023-08-04T06:29:05Z,candidate
UgzMkaLZl55K_gSZbWV4AaABAg,fFZDVcvT7HE,2023 enjoy gj rikashawalo,1,2023-03-16T06:28:48Z,candidate
Ugxln42sQvvNrmwA9j14AaABAg,fFZDVcvT7HE,Kem pelu mangal wada scene ma tee tede wadu music nikadi didhu,0,2022-03-25T17:58:23Z,candidate
Ugwfwo2rVDXuO1z78Vx4AaABAg,fFZDVcvT7HE,Dariya ma rixa naakhi didhi ne keche saaru thayu raam lakhelu hatu,0,2022-02-20T05:40:41Z,candidate
UgzuIPtAjoa9GDF_Uot4AaABAg,fFZDVcvT7HE,2:19 damn😂,0,2022-02-13T21:08:00Z,candidate
UgyuIwXASZEGIOsLPUR4AaABAg,fFZDVcvT7HE,jordar !! Amazing comedy,0,2022-02-01T18:24:14Z,candidate
Ugzbx7u8AV7ts1cZbgd4AaABAg,fFZDVcvT7HE,These people have mostly a Vadodara accent...,1,2022-01-16T15:23:52Z,candidate
UgzlR-7F5Xlik4fie654AaABAg,fFZDVcvT7HE,Bhaai. You guys are rockstar.. super amazing,0,2022-01-13T03:55:27Z,candidate
UgxG_YBG3WCUHGtwZC54AaABAg,fFZDVcvT7HE,Boj Solid...😂😂😂👌,0,2021-12-27T17:37:28Z,candidate
Ugy_pif-KDjV3VLhYGd4AaABAg,fFZDVcvT7HE,"Music kem change kari nakhyo lya ...... juno music mast hato ....ricksaw saathe match karto hato space maaa...... avenger , and tesla car saathey ....",0,2021-11-10T12:15:11Z,candidate
Ugwlty2K8H7MiOuH03d4AaABAg,fFZDVcvT7HE,Bhai gotri tadav jso?? Naa mne tarta nthi awdtu 🤣🤣🤣🤣🤣🤣,0,2021-09-24T10:42:48Z,candidate
UgwOCv1QOVGX4jUd0MJ4AaABAg,fFZDVcvT7HE,This video never gets old,0,2021-08-23T18:09:13Z,candidate
UgxgTUNHzZ228PXtUSp4AaABAg,fFZDVcvT7HE,Language u r using is perfect observation of Gujarati people,0,2021-07-07T08:26:53Z,candidate
Ugxn5PsY3-dCHcst7G94AaABAg,fFZDVcvT7HE,Chalo ne saaith ma lai jaau 😀🤣🤣,0,2021-07-03T07:50:18Z,candidate
UgyAz0cY9K2t9WTrrQN4AaABAg,fFZDVcvT7HE,4:33 Dunder Vaker is back 🤘🤣🤣🤣,1,2021-06-17T07:52:21Z,candidate
Ugwjld_wyVHQLx6QJ854AaABAg,fFZDVcvT7HE,Olo bolyo riksha ni hadtal che tyarej bajuma thi ek riksha hai 😂,1,2021-05-26T13:17:15Z,candidate
Ugy6huHNkCR7OWSPfM94AaABAg,fFZDVcvT7HE,Rewatching this video after 3 years and still I love this video. Also did anyone notice Laksh Nayak at 1:00 and Akshat Jain at 3:00,1,2021-05-23T20:35:39Z,candidate
UgzNH-LIP77rf3qCbLZ4AaABAg,fFZDVcvT7HE,😂😂😂maja ai gai,1,2021-05-13T23:09:07Z,candidate
UgyWm_5lSknW7S9GqlV4AaABAg,fFZDVcvT7HE,manan desai really looks professional auto driver,0,2021-05-13T11:38:57Z,candidate
Ugy_BdqfLY9bYeyIPGh4AaABAg,fFZDVcvT7HE,Chirayu...to chirayu bhai...,0,2021-05-08T18:15:39Z,candidate
Ugza9E4fmF0JUChuaMx4AaABAg,fFZDVcvT7HE,Hi,0,2021-05-05T08:50:47Z,candidate
Ugxm_0an26hpusZk-ZB4AaABAg,fFZDVcvT7HE,3:26 to 3:37 epic.. 🤗🤗,0,2021-04-28T15:40:01Z,candidate
UgzY-2ATpXTIRdL3dI54AaABAg,fFZDVcvT7HE,"Rickshaw man🤣
❤️",0,2021-03-13T13:48:49Z,candidate
Ugw82Wc24g9suxN0qlF4AaABAg,fFZDVcvT7HE,dangerous dialouge Gulbai tekra javanu  chhe tare🤣🤣🤣🤣🤣🥵,0,2021-02-26T13:28:45Z,candidate
Ugw2XPDAwjsVf37kq554AaABAg,fFZDVcvT7HE,gopbai rikshawada pacchhi manan bai rikshawada song me banaunga Bas coment pe sahi response dijiye phir chamatkar dekhiye,0,2021-02-06T20:18:23Z,candidate
Ugwl0ejdHK9EFR3chrJ4AaABAg,fFZDVcvT7HE,@2:05 the best 🤣🤣🤣,1,2021-02-06T14:44:08Z,candidate
Ugx9n4qejhBAXkvJScR4AaABAg,fFZDVcvT7HE,Mangal javanu che 😂😂😂 and animation 😂😂😂,0,2021-01-16T08:16:08Z,candidate
Ugz78YSdyixMLzl9kuh4AaABAg,fFZDVcvT7HE,Hamnaj cab book Kari cheered😎😎😎😎😎,0,2020-12-05T18:19:44Z,candidate
UgxQbtL1v-JOjCamKGZ4AaABAg,fFZDVcvT7HE,Mangal 🤣🤣🤣 what a grt animation,0,2020-11-25T06:35:04Z,candidate
Ugy5PuOTt7tTDu3TmlR4AaABAg,fFZDVcvT7HE,Laya baki laya,0,2020-10-12T08:58:39Z,candidate
UgwCso9K7ckedQAHHIZ4AaABAg,fFZDVcvT7HE,Desai tu pako criminal ane animal lage che,0,2020-09-23T11:44:08Z,candidate
UgzVET2zUzDBjX1FBfd4AaABAg,fFZDVcvT7HE,Pls comment if you miss Naseer Sheikh in new Comedy Factory Videos 🙌,0,2020-08-22T04:35:28Z,candidate
UgwUekl144HVDCmVZ2t4AaABAg,fFZDVcvT7HE,Your channel deserve millions of views,0,2020-07-29T06:54:03Z,candidate
UgzZ9kMp2lIMmBl4hBx4AaABAg,fFZDVcvT7HE,Osm guys😂,0,2020-07-09T10:10:51Z,candidate
UgykK-bxzrZkhKtcp_t4AaABAg,fFZDVcvT7HE,Best one,0,2020-07-06T12:03:34Z,candidate
UgwSSt3AjpVLroKD2sN4AaABAg,fFZDVcvT7HE,Rixa valo surat no,0,2020-06-21T07:46:09Z,candidate
UgxXgivtjDxSvBnIkhp4AaABAg,fFZDVcvT7HE,"Bahot hard bhai log, Gujarati comedy nu to kevu pade baki",0,2020-06-03T05:24:28Z,candidate
UgwA3N-Dzk9WXwmPBlx4AaABAg,fFZDVcvT7HE,UCB ni slippers saathe rickshaw valo,0,2020-05-24T07:45:27Z,candidate
UgzNG5HK_WxNn2Fkpwx4AaABAg,fFZDVcvT7HE,Biji Vaar Joyo To Bhi Etlo J New Lagyo Jetlo First Time Lagyo To😛😂❤,0,2020-05-17T11:33:11Z,candidate
UgyTKR7ePdJsQlO3QSx4AaABAg,fFZDVcvT7HE,"Gulbai tekra javanu che ,tmne kevi rite khabar padi - tara dacha par lakhyu che ,  jordar",0,2020-05-08T18:55:46Z,candidate
UgyD1KWSVcHEJnOAWVh4AaABAg,fFZDVcvT7HE,"i do like and subscribe to your channels, please watch my videos and support me",0,2020-05-01T17:05:05Z,candidate
UgxAiJomTTcOjBgYWah4AaABAg,fFZDVcvT7HE,Khub j saras. Gamyu ke tame loko ekdum relatable content lavya,0,2020-04-25T11:52:36Z,candidate
UgxyApuBLz2wRu6fCoh4AaABAg,fFZDVcvT7HE,Very funny 😆,0,2020-04-21T11:14:36Z,candidate
UgxZ5TCE8DtzNJ6NbXN4AaABAg,fFZDVcvT7HE,@manandesai GJ 06  rikshavala gulbai tekra laii jay?,0,2020-04-09T14:19:10Z,candidate
UgwGd75eQJgNwQiylDl4AaABAg,fFZDVcvT7HE,5:05 Ala Jabri Editing Kari Ho 😂🤣🤣🤣🤣 Best Part Video no 😆😆😆😆,3,2020-03-14T09:17:54Z,candidate
Ugy65h2KkXI95cAXmg94AaABAg,fFZDVcvT7HE,🤣🤣🤣,0,2020-03-10T09:16:35Z,candidate
UgyDZGWPeBZzNEetbXp4AaABAg,fFZDVcvT7HE,Mast she yar,0,2020-02-29T04:08:23Z,candidate
UgzAdj5jrTVfeRrJuZp4AaABAg,fFZDVcvT7HE,"Mawa thi shot
Boo saras",0,2020-02-25T17:58:43Z,candidate
UgzF-SFMnVPYlLlYleB4AaABAg,fFZDVcvT7HE,@carryminati Roast karo bhai ye video ko.,0,2020-02-25T06:49:04Z,candidate
UgyFrXFApRDlRqX38bN4AaABAg,fFZDVcvT7HE,Kya jaavu che gulbai tekra?😂😂😂😂,0,2020-02-07T19:36:27Z,candidate
UgwkOtjraSxduaqOplB4AaABAg,fFZDVcvT7HE,😂😂😂😂,0,2020-01-16T11:59:27Z,candidate
UgzS4clPQ3KP2DBqD6V4AaABAg,fFZDVcvT7HE,Khoto valank levay gayo. Saru Che Riksha par RaM lalkelu che       The beat👍👍👍,0,2019-12-30T04:15:18Z,candidate
UgyYTqRft6OPBxmS7yF4AaABAg,fFZDVcvT7HE,2:18 saru thayu rikhsha par ram lakhelu hatu 😂,5,2019-11-11T07:30:01Z,candidate
Ugzv6-IpnpDvg-S818N4AaABAg,fFZDVcvT7HE,Gj 06 Vadodara Vara Mojj,0,2019-10-27T17:20:02Z,candidate
Ugy_n72ygiC9GL-xxF94AaABAg,fFZDVcvT7HE,Riksha man,0,2019-10-22T19:06:02Z,candidate
UgzD2eLLCczZMWH8KZx4AaABAg,fFZDVcvT7HE,Maja aai gai,0,2019-10-21T19:05:02Z,candidate
Ugy-blL8zouEHocyqfx4AaABAg,fFZDVcvT7HE,One of the best,0,2019-09-28T18:34:13Z,candidate
Ugz6K3-1RHUXmWaGy1F4AaABAg,fFZDVcvT7HE,Gujjus ni comedy mast...😂❤,0,2019-09-27T16:10:20Z,candidate
Ugx_lQDfiq-Len_IZ4V4AaABAg,fFZDVcvT7HE,"This is one of the best video of Comedy factory , after watching dis I regularly watches all ur videos n posts ! N always feel proud of u guys!",0,2019-09-20T11:42:43Z,candidate
Ugx6G0YkErY-9xIxMMZ4AaABAg,fFZDVcvT7HE,Can you please tell me song name at 5:12 ??,0,2019-09-17T13:36:24Z,candidate
UgyKWBsrzNOsXNQiyXp4AaABAg,fFZDVcvT7HE,Bahuj Funny Video che😂😂 I recently found a new video about ahmedabad Rickshawala. its so funny. Must Watch Guys. https://youtu.be/umBPFohNhVs,0,2019-09-04T08:03:57Z,candidate
UgwH44afcyLIsOn63OZ4AaABAg,fFZDVcvT7HE,Mast matlab mangad upar javu che e to epic hatu love the editing the sound selection the acting of the entier team going to share with all my gujju folks😆,0,2019-07-31T08:37:47Z,candidate
UgygwVC5olXvAiSg0d94AaABAg,fFZDVcvT7HE,"Rikshawala : Mara chokra a IAS karyu che, Ph.D karyu che CA karyu che
Passenger : To saru ne !
Rikshawala : Shu saru , aa riksha kon tu chalais ? 🤣🤣🤣",1,2019-07-17T09:44:28Z,candidate
Ugw2kaaLVgo-pidr8iN4AaABAg,fFZDVcvT7HE,Bhai tamara video mast chhe ho,0,2019-07-14T06:53:29Z,candidate
Ugygr7T0mKrEndIx0LF4AaABAg,fFZDVcvT7HE,🔥😂😂😂,0,2019-07-12T06:49:13Z,candidate
Ugx9r2YHRmQ-sZAEGxp4AaABAg,fFZDVcvT7HE,Return nu bhadu nathi mdtu😁,0,2019-07-07T06:14:58Z,candidate
UgwOqBtIy4ERmAVSZBp4AaABAg,fFZDVcvT7HE,Mast bau maja aavi,0,2019-07-01T19:49:23Z,candidate
UgxRsyooux_faxNPXgR4AaABAg,fFZDVcvT7HE,Channel pramot Kar do please,0,2019-06-19T07:43:50Z,candidate
Ugy4gjbt6yw6qxCmTaV4AaABAg,fFZDVcvT7HE,Awesome,1,2019-06-16T08:12:06Z,candidate
UgzRrT2mMQpCarz51ZB4AaABAg,fFZDVcvT7HE,"Gulbai takara ,tara dacha par lakhelu che
Holly wood gali",0,2019-06-15T01:03:03Z,candidate
UgyMfwFHtM6p1RPcrJ94AaABAg,fFZDVcvT7HE,Very funny,0,2019-06-08T06:30:42Z,candidate
Ugxa9CwYrgZXBCg5UZJ4AaABAg,fFZDVcvT7HE,5:05,1,2019-05-14T16:26:23Z,candidate
UgzSWAO5nvrmJu3hEmx4AaABAg,fFZDVcvT7HE,Ram😀,1,2019-05-10T07:03:03Z,candidate
UgxD5Y8EkG_at-bR7mV4AaABAg,fFZDVcvT7HE,"Bhai gutka ni padiki khai ne , chuingum no foogo fulawe che auto walo 0.43 sec par... just a healthy comment ho bhai baki tmra fan che a... Jati reje",0,2019-05-06T18:18:16Z,candidate
UgykgSyOwugYAGrzD594AaABAg,fFZDVcvT7HE,Bhailog seriously aa channel bov j underrated che....u guyz deserve more than 3-4 millon subscribers...,0,2019-05-04T08:39:45Z,candidate
UgwbiwOsA2umkZywFJB4AaABAg,fFZDVcvT7HE,Either these guys or Dhaval Domadiya. One of them has copied from the other.,1,2019-04-27T07:27:28Z,candidate
Ugzz_vfM28-APJ3kist4AaABAg,fFZDVcvT7HE,5:05 does anyone know this music name??,0,2019-04-23T09:43:49Z,candidate
UgwWVRzCMMIJCKo3hTV4AaABAg,fFZDVcvT7HE,Excellent Actors.,0,2019-04-18T06:33:04Z,candidate
UgyfIb2DG1fls5UV0Nx4AaABAg,fFZDVcvT7HE,@7:11 the music one piece overtaken hip hop beats!,0,2019-04-10T05:58:30Z,candidate
Ugyq670vsGMpeuqcRvl4AaABAg,fFZDVcvT7HE,"જોરદાર, support for gujju always.",0,2019-04-08T17:52:59Z,candidate
UgwRnn7BUgdLqkQ0cZt4AaABAg,fFZDVcvT7HE,Tame surat ma rew cho???,0,2019-03-20T11:34:56Z,candidate
UgyO_rE8sl_0unTh5Ol4AaABAg,fFZDVcvT7HE,Best !,0,2019-03-08T04:51:28Z,candidate
UgywVeIAdp9vqokSEDB4AaABAg,fFZDVcvT7HE,Which city are u from??,0,2019-03-06T08:33:24Z,candidate
UgwDBmKitKFk7UQbpOh4AaABAg,fFZDVcvT7HE,OMG Jakkkaassssss.....specially DJ Adee😍😘,1,2019-02-21T03:32:35Z,candidate
UgzYHNa1w3QLrFtDBDh4AaABAg,fFZDVcvT7HE,Bhai tamara video jaigo gill copy kareche kai karo... Bhai,1,2019-02-14T03:50:07Z,candidate
UgxLK8DQ7azQhQ3S6YZ4AaABAg,fFZDVcvT7HE,🤣🤣🤣🤣🤣🤣🤣🤣🤣😂😂😂😂😂😂😂😂😂🤣🤣🤣😂😂😂🤣😂😂😂🤣🤣😂😂🤣😂😂🤣🤣😂😂🤣😂😂😂🤣😂🤣🤣😂😂🤣😂😂😂🤣😂😂😂🤣😂😂😂,0,2019-02-13T17:33:01Z,candidate
UgzFjH74SVZvKxomE4F4AaABAg,fFZDVcvT7HE,Jordar kam ho mananbhai tamaru ne tamari team nu...kehvu pade bhai....,0,2019-02-06T15:30:34Z,candidate
UgyBUANVg-IVAch3lsB4AaABAg,fFZDVcvT7HE,Aavti reje...,0,2019-01-19T18:55:54Z,candidate
UgxnSy83go_QVi89fw14AaABAg,fFZDVcvT7HE,wow manan bhai Riksha ne Mars uper jor rite lai gya ema pn Bahubali ne besadi ne srss😁😁😁😁👍👌,1,2019-01-17T19:41:51Z,candidate
UgyUidPCuwCU6V6CCW54AaABAg,fFZDVcvT7HE,Cabe book kari che😂😂,0,2019-01-13T10:37:30Z,candidate
UgxGIXKQ-FpV7r4Ykix4AaABAg,fFZDVcvT7HE,Tara dacha par lakhyu6,0,2019-01-10T10:12:27Z,candidate
UgxCpuEJLrpS7bnmpUl4AaABAg,fFZDVcvT7HE,Acha hai,0,2019-01-09T19:12:10Z,candidate
UgweXYKDXsbRJm2iXUV4AaABAg,fFZDVcvT7HE,Jordar very fany,0,2019-01-07T07:37:03Z,candidate
UgzAVenGwOvxSUw9cph4AaABAg,fFZDVcvT7HE,Too good...,0,2019-01-05T16:53:47Z,candidate
Ugw4Z9XODgavmXkZyw14AaABAg,fFZDVcvT7HE,Bakavas comedy👎🏻,0,2019-01-03T14:59:15Z,candidate
Ugxges1MI4lYvtCeyKV4AaABAg,fFZDVcvT7HE,Too gooood,1,2018-12-29T19:59:00Z,candidate
Ugz0JZCpqwUzMM3rz2p4AaABAg,fFZDVcvT7HE,Tandalja 😂😂😂😂,0,2018-12-14T10:58:31Z,candidate
UgwCMs14SWd8-VRYbqV4AaABAg,fFZDVcvT7HE,Majedarr 🤣🤣😂,0,2018-12-12T14:46:36Z,candidate
Ugy2T_uyF2pB-VtWDOd4AaABAg,fFZDVcvT7HE,Supper,1,2018-12-11T10:56:29Z,candidate
UgwE7QAl9_QO8MZhGQh4AaABAg,fFZDVcvT7HE,manan desai😂😂👌👌👌👌👌👌,1,2018-12-11T07:18:20Z,candidate
UgxnHv8dXVLxj9C_b2B4AaABAg,fFZDVcvT7HE,Hahahahahaha,0,2018-12-08T17:25:17Z,candidate
UgxxwgOKkp6rlG2VTqt4AaABAg,fFZDVcvT7HE,All video's r simply outstanding,0,2018-12-07T17:19:35Z,candidate
UgyNxrHHnkAnm2sz7Yl4AaABAg,fFZDVcvT7HE,Waah Bhai u r addicted me... Nice,0,2018-12-06T05:54:42Z,candidate
Ugw5VhSU_yVdMEaAedJ4AaABAg,fFZDVcvT7HE,Laya bhai laya hahaha,0,2018-12-02T04:16:46Z,candidate
Ugw78WH-tlhXhfUqzbh4AaABAg,fFZDVcvT7HE,Wahhhh.  Mast yaaar,0,2018-11-29T06:08:16Z,candidate
UgywyfAvp7pDEDohH8R4AaABAg,fFZDVcvT7HE,🤣🤣🤣,0,2018-11-28T05:44:31Z,candidate
UgwGURy9LV9vwaIosRp4AaABAg,fFZDVcvT7HE,Rickshaw rickshaw man 😂😂😂😂 shu wahiyaat che yaar bc paper ma aaj magaj ma avtu rickshaw rickshaw man hattt,0,2018-11-27T09:24:30Z,candidate
UgxptLxgzyrrQ4yRg9Z4AaABAg,fFZDVcvT7HE,sir tara video ma kam karvano chance apo ne 7043803155,0,2018-11-23T16:56:14Z,candidate
Ugzfgm7dSkliAOxwy4V4AaABAg,fFZDVcvT7HE,Jabardast...,0,2018-11-22T07:10:01Z,candidate
Ugwf57iWsJo_f2m4gNp4AaABAg,fFZDVcvT7HE,"Best Part Is તમારી જે ઈચ્છા હોય એ આલ દો ને પ્રભુ, I Like It Very Much, Because It Is Natural Thing Come Out From Manan Bhai 😄😄👌",0,2018-11-21T10:31:25Z,candidate
UgzK5dk4hQg78BsPYrt4AaABAg,fFZDVcvT7HE,JORDAR VIDEO CHE BHAI 😎😎😎😎😎,1,2018-11-12T15:31:54Z,candidate
Ugx-EFYPllj1DAkiRVV4AaABAg,fFZDVcvT7HE,Best video everrr😂😍😂😍,0,2018-11-07T11:54:04Z,candidate
UgyUG5FhhLw6WcxIwnl4AaABAg,fFZDVcvT7HE,"Ani mane jabru lavya rame chodya o

Ama ani mane pelu undertaker walu best creative 😂😂😂",0,2018-11-06T01:50:39Z,candidate
UgwArMnAs3uG8JggJIF4AaABAg,fFZDVcvT7HE,"Nice 
Super",0,2018-10-28T11:17:18Z,candidate
UgxX4QrXoolxdnDkGlh4AaABAg,fFZDVcvT7HE,Jordar content baaki! Glad I came across comedy factory. Subscribed!,1,2018-10-26T12:10:51Z,candidate
Ugyg7CfQDEVgytVEz014AaABAg,fFZDVcvT7HE,wah,0,2018-10-19T07:54:30Z,candidate
UgzJcUr7GjOz-FAYAFZ4AaABAg,fFZDVcvT7HE,maja avi gayi Bhai log mast vedio banavi cho tame logo,0,2018-10-11T18:25:56Z,candidate
UgwYZ_QiDGSRMV87uY94AaABAg,fFZDVcvT7HE,Rikhshaw pr Ram lakhelu chhe 😂😂😂😂,0,2018-10-05T19:21:03Z,candidate
Ugx-MopEV1hcxZryN9B4AaABAg,fFZDVcvT7HE,Falcon heavy laya baki🤘👌👌👌,0,2018-09-24T20:51:17Z,candidate
Ugy_oAoVeO8P1XC5LER4AaABAg,fFZDVcvT7HE,Mast....video,0,2018-09-14T18:43:28Z,candidate
UgyI6eNT2sAWKjHP21Z4AaABAg,fFZDVcvT7HE,very nice....,0,2018-09-14T18:43:16Z,candidate
UgzRS3rrpeIu-btKg254AaABAg,fFZDVcvT7HE,Vry funny good #smrutijoshi,0,2018-09-14T06:44:55Z,candidate
Ugyi98jzREX1YOQwkWp4AaABAg,fFZDVcvT7HE,https://youtu.be/sJbkHIqxVYA.   Aa video ni copy 😂,0,2018-09-13T17:30:38Z,candidate
Ugxn7vq7kFRa7J0k8tV4AaABAg,fFZDVcvT7HE,Super,1,2018-09-12T16:50:41Z,candidate
UgwzGCMXdVKSsEvyT_N4AaABAg,fFZDVcvT7HE,02:18 saaru thayu rickshaw me Ram lakhyu che...hahahaha.epic😂,0,2018-09-12T08:26:08Z,candidate
UgzyKW2N5fD5y2m6qq14AaABAg,fFZDVcvT7HE,I am also from vadodara,0,2018-09-06T04:00:23Z,candidate
UgxmYnfwmO6AjOTm7FN4AaABAg,fFZDVcvT7HE,Nice Baroda,0,2018-09-03T09:01:16Z,candidate
UgzhTr9Dk3AFCjJAg9x4AaABAg,fFZDVcvT7HE,"Manan ..
Gulbai Tekra wala scene =
Rishi Ved Vyas sitting under a tree meditating and saying Bhishma padhar rahe hai unhe adar ke sath bhitar le aao. #Antaryaami#Manan :)",0,2018-09-03T04:52:30Z,candidate
Ugw1hb7AEFXJIiDsb994AaABAg,fFZDVcvT7HE,"The Comedy Factory
Bau j mast video 6 boss. keep it up",0,2018-09-02T18:19:21Z,candidate
Ugyr5M1k_sZN5F6YO7Z4AaABAg,fFZDVcvT7HE,Manan Desai your angry style acting is best so Manan Desai new video making the Angry style acting,0,2018-09-02T07:53:42Z,candidate
Ugx_G7AHby0em4kNpa54AaABAg,fFZDVcvT7HE,osm,0,2018-09-01T17:08:57Z,candidate
Ugw-tliBMyYoWZLXdnJ4AaABAg,fFZDVcvT7HE,That Elon musk reference tho🔥,0,2018-08-31T00:38:02Z,candidate
UgyVyCxNRPucT1-drsJ4AaABAg,fFZDVcvT7HE,"Hit like From Tandalja , Baroda😎",1,2018-08-30T19:12:17Z,candidate
UgyRZPn6vCp35aJP1tV4AaABAg,fFZDVcvT7HE,"Awesome Bhai, maja padi gai!!",0,2018-08-30T13:44:02Z,candidate
Ugy0lPRG1gBFzlBnnKZ4AaABAg,fFZDVcvT7HE,Bhai koi su tha you? Movie uploaded karo yar plz...,0,2018-08-30T07:02:13Z,candidate
UgzdAKa-iviW2QnL0w94AaABAg,fFZDVcvT7HE,"that passenger in yellow tshrt....
lakshya nayak is the best....!!!! 😍😍😍
what acting....!!!!! 
😝😝😝😝",0,2018-08-30T06:52:22Z,candidate
Ugyhmy34zcpEftKLVRZ4AaABAg,fFZDVcvT7HE,"nice video
for more :- #haqthigujarati",0,2018-08-29T05:00:07Z,candidate
Ugwt28gbL8fRowWOHyp4AaABAg,fFZDVcvT7HE,South na action movie karta pan jordar,1,2018-08-28T16:03:55Z,candidate
UgzA5M8JCuBwhApiS7x4AaABAg,fFZDVcvT7HE,Awesome dude,0,2018-08-28T14:48:13Z,candidate
UgzdWHGmfq2OF-Bbyvx4AaABAg,fFZDVcvT7HE,Jordar Bhai 😂🤘,0,2018-08-27T12:16:15Z,candidate
Ugx5XMjI_rOKoarA6dl4AaABAg,fFZDVcvT7HE,Gubali tekra😁😁😁,0,2018-08-25T13:37:30Z,candidate
UgxhoI3eYKlOCQ5LByB4AaABAg,fFZDVcvT7HE,Saru thyu rixa par ram lakhelu 6😂😂,0,2018-08-24T20:43:09Z,candidate
Ugx4iaIYGtW-NvNDSPd4AaABAg,fFZDVcvT7HE,Chaiwalo rickshaw maa beswoo che,0,2018-08-24T08:31:55Z,candidate
UgzKLKUHUFOS09l5aA14AaABAg,fFZDVcvT7HE,OMG why didn't I saw this before. I laughed too much today. Thanks,0,2018-08-23T19:49:42Z,candidate
UgyLd9otyxD3UMoRs0J4AaABAg,fFZDVcvT7HE,Badha video no baap che aa....😂😂😂😂😂,0,2018-08-23T07:07:33Z,candidate
UgxbSsKbpF9EzS3u5Wt4AaABAg,fFZDVcvT7HE,Aapdu pan elon musk ni jem falcon heavy 6😂😂😂,0,2018-08-22T05:40:39Z,candidate
Ugzjg-HiGKJ9VDEt0Dh4AaABAg,fFZDVcvT7HE,https://youtu.be/hcKS74kBFEY,0,2018-08-21T12:34:55Z,candidate
UgxBMJ7TFShfHO5V7KF4AaABAg,fFZDVcvT7HE,Gotri talav,0,2018-08-20T17:56:43Z,candidate
Ugw-dW1Rneb69oAICGN4AaABAg,fFZDVcvT7HE,I am from vadodara,0,2018-08-19T09:35:54Z,candidate
UgxTV6XP40p8xugyo2x4AaABAg,fFZDVcvT7HE,Which music at 1:07 ?,0,2018-08-17T15:52:16Z,candidate
UgxPv3p0s6WQM0hSiT14AaABAg,fFZDVcvT7HE,Ohh what a concept 😂😂😂😂,0,2018-08-17T10:05:45Z,candidate
UgzEJ2P6krOWhVBZYN54AaABAg,fFZDVcvT7HE,"Jordar bhai jordar 
Camera model kayu lens kayo and kaya mode ma shoot kryu e kejo",0,2018-08-17T09:09:11Z,candidate
UgyVXSo9pyP7_UnVgaN4AaABAg,fFZDVcvT7HE,"જે લોકો students છે એ તો ખાસ જોવે...
અને બીજા પણ જોવે..મજા તો આવશે જ...
https://youtu.be/Av94haH0iIc",3,2018-08-17T07:19:52Z,candidate
UgznK0G2c85U5qaNJKJ4AaABAg,fFZDVcvT7HE,Chokeslam😄,0,2018-08-17T05:04:21Z,candidate
UgyGM4_nywllIqexcwp4AaABAg,fFZDVcvT7HE,😂😂😂😂👌👌👌very nice,0,2018-08-16T21:25:44Z,candidate
UgwSeG4Un_N9IMBnOG14AaABAg,fFZDVcvT7HE,Ha moj ha,1,2018-08-16T08:37:16Z,candidate
UgyPlhyq-Y2QWlqcEyZ4AaABAg,fFZDVcvT7HE,Bhai Bhai Jordar,0,2018-08-15T19:05:46Z,candidate
UgzXMrqlWUR-76OeLex4AaABAg,fFZDVcvT7HE,Sakhat! Majai gai yaar. Waiting for a sequel. Keep it up!,0,2018-08-15T18:48:54Z,candidate
Ugxm-Q6oMHf9JI0qtwN4AaABAg,fFZDVcvT7HE,Gazb,0,2018-08-14T17:27:46Z,candidate
UgwdX3Nc7g7RmW5EETp4AaABAg,fFZDVcvT7HE,@being india ke Bhaade ka badla ki copy 😁,0,2018-08-14T15:52:30Z,candidate
Ugwbt_eimyW1FI24jSJ4AaABAg,fFZDVcvT7HE,Bhai me to aap ka fan hogaya hu aaj se 😍... Mene apki PUBG wali Vedio b dekhi Bhot maja aya 😆👌,0,2018-08-14T12:29:30Z,candidate
UgwH1oCMnYS83J_AAt54AaABAg,fFZDVcvT7HE,Nice One,0,2018-08-14T11:58:20Z,candidate
UgzWwLT23m6JwI8IWip4AaABAg,fFZDVcvT7HE,Are Gujarat ni to moj j alag che.,1,2018-08-14T06:33:41Z,candidate
UgygT5msJKqpHewXm2h4AaABAg,fFZDVcvT7HE,"Bakka hassi hassi na peet ma dukhaav nuu lagge gaayuu.. 😂😂😂

Hahaha mazza avee gaeee..

#Gulbai Tekra

#Mars

#IAS #CA

#Ram lakhelu che

Hahaha.. so fukcing awesome maan... 🤣🤣🤣🤣🤣",0,2018-08-13T17:53:38Z,candidate
UgxOm5kOsXo9QZ_b07d4AaABAg,fFZDVcvT7HE,I m rajasthani from bharatpur. nice video i can understand gujrati language bt speak little little.🤣🤣🤣🤣🤣,0,2018-08-13T10:48:13Z,candidate
UgzduoVdEa2XkprEaSp4AaABAg,fFZDVcvT7HE,Supper dupper hitttt,0,2018-08-12T16:49:23Z,candidate
UgzERFKIKX-Z4PfUE5p4AaABAg,fFZDVcvT7HE,"*You guys do so much efforts*
Thanks",2,2018-08-12T08:26:56Z,candidate
UgyuasTT8k5fSNOF9cV4AaABAg,fFZDVcvT7HE,"Really like this b,cos the location is my home's back side area",4,2018-08-11T07:53:19Z,candidate
UgxMXxJD3Uf7SYqcSEZ4AaABAg,fFZDVcvT7HE,Nice video friends,0,2018-08-11T07:51:22Z,candidate
Ugxbh2XU3NpRK-rjyBh4AaABAg,fFZDVcvT7HE,gujarati horror short film - https://www.youtube.com/watch?v=tPNLUc-ZPnA,0,2018-08-11T05:12:40Z,candidate
UgxfnxhXY7l-JGCYDg14AaABAg,fFZDVcvT7HE,😃😃😃😃,0,2018-08-08T17:20:47Z,candidate
Ugwx6mrzzt0tVJpG5c14AaABAg,fFZDVcvT7HE,"Nice video mitro.


Im from Surat. tame agar surti gujarati ma video banawo to majja padi jay",0,2018-08-07T18:45:51Z,candidate
Ugzew4E-qlnC4sYtNCt4AaABAg,fFZDVcvT7HE,Jabrdat Maja avya ho nice job,0,2018-08-07T08:17:32Z,candidate
UgxD8saR2RTsuEMyLCB4AaABAg,fFZDVcvT7HE,Me Vadodara thi j chu,1,2018-08-06T09:52:32Z,candidate
UgyjfhD7sfhLlD_QK8V4AaABAg,fFZDVcvT7HE,"Superb,jordaar.....bau majaa aavi saaheb.....😁",0,2018-08-05T07:35:05Z,candidate
Ugy7vCJO5QYuP6FQFlZ4AaABAg,fFZDVcvT7HE,Nice,0,2018-08-04T14:53:29Z,candidate
Ugzyq38dh1FOzC3aLkJ4AaABAg,fFZDVcvT7HE,Super yaar jardar jakas 1 nuber,0,2018-08-04T12:31:23Z,candidate
Ugxi0yhAwFwK59qjwop4AaABAg,fFZDVcvT7HE,👌👌👌👌👌👌😘😘😘😘😘,0,2018-08-03T06:30:08Z,candidate
UgxiI2Np0nthje0rYKB4AaABAg,fFZDVcvT7HE,"4:59.
Bhai shooting stars 😂😂😂🤐🤐",0,2018-08-02T13:51:09Z,candidate
UgxqzPwjimLAt3gR8wF4AaABAg,w1MGewMbhug,❤❤❤❤❤❤❤❤❤❤❤❤❤❤❤❤❤❤❤❤😂😂❤❤❤,0,2026-07-19T14:49:36Z,candidate
UgzGSnuezGJsjTBoapB4AaABAg,w1MGewMbhug,😂😂😂😂😂❤😅😅😢😢😊😮💔💔🚻🚻🚻,0,2026-07-13T07:11:59Z,candidate
UgyGkvKwWFoiFBGsVbx4AaABAg,w1MGewMbhug,🙏🙏🙏🙏🙏🙏🙏🙏🙏🙆🙆🙏🙏🙏🙏🙌🙏,0,2026-05-23T23:11:01Z,candidate
UgzI_7pIzWKJD7gCKml4AaABAg,w1MGewMbhug,😂😂😂😂😂😂😂😂😂😂😂😂😂😂😂😂😂😂😂😂😂😂😂😂😂😂😂😂😂😂😂😂😂😂😂😂😂😂😂,7,2026-02-17T06:34:21Z,candidate
UgxdtdZzb1FQU6FIcTZ4AaABAg,w1MGewMbhug,🤣🤣🤣🤣🤣🤣🤣🤣🤣🤣🤣🤣🤣🤣🤣🤣🤣🤣😁😁😁😁😁😁😁,3,2025-09-14T12:04:08Z,candidate
Ugykj4CHSpARmjDFn2F4AaABAg,w1MGewMbhug,🌹💃,1,2025-08-11T03:29:19Z,candidate
UgwfKqSdzR5BwWGuiqx4AaABAg,w1MGewMbhug,😂😂😂😂😂😂😂😂😂,16,2025-07-06T13:47:11Z,candidate
UgzpHQk8suKEbL75p314AaABAg,w1MGewMbhug,😅😅,5,2025-07-02T12:46:44Z,candidate
Ugz6QTJrGLm7xv9BqUJ4AaABAg,w1MGewMbhug,😅😅😅😅😅,2,2025-06-30T07:25:27Z,candidate
UgyHIL__025nIrypLBR4AaABAg,w1MGewMbhug,😅😅😅😅😅😊😊😊😊😊😊😊😊😊😊😊😊😊😊😊😊😊😊😊😊😊😊😊😊😊😊😊😊😊😊😊😊😊😊😊😊😊😊😊😊😊😊😊😊😊😊😊😊,0,2025-06-15T11:07:44Z,candidate
UgxRtvIqsakughItmj54AaABAg,w1MGewMbhug,😂😂😂😂,2,2025-05-28T03:29:43Z,candidate
Ugwyo_1d7cSI2R99sBl4AaABAg,w1MGewMbhug,😂😂😂🎉😂😂😂,2,2025-05-18T09:37:55Z,candidate
Ugxi1-7gxnn4EFFldd54AaABAg,w1MGewMbhug,❤m,2,2025-05-13T15:43:33Z,candidate
UgxbRhw86NZ5K1lS6mJ4AaABAg,w1MGewMbhug,❤ माता ❤❤❤❤❤,7,2025-05-12T09:03:34Z,candidate
UgzGK-ph0eDuu0d8weN4AaABAg,w1MGewMbhug,😅😅😅😅😅😅😅😅❤❤❤❤❤❤,18,2025-04-24T08:05:50Z,candidate
Ugw-2Uz7xpb5TDDWYJZ4AaABAg,w1MGewMbhug,😂😂😂😂😂😂😂😂😂😂,4,2025-02-09T02:44:37Z,candidate
UgxnGOvlkbXrb7vRK3Z4AaABAg,w1MGewMbhug,jgm@gmh@@@@@@mpmjm,1,2023-07-16T11:02:54Z,candidate
UgxIS58Nwp6C9j4IexR4AaABAg,w1MGewMbhug,🎉😢😮😢tigf,11,2023-07-16T01:43:10Z,candidate
UgwzMfYYADOHxp5p03t4AaABAg,w1MGewMbhug,🙏🙏🙏🙏🙏🙏🙏🙏🙏🙏,23,2023-07-15T11:15:31Z,candidate
UgwCgq_6ngbqMUKGiLt4AaABAg,yocFiHAfVf0,😂😂😂,0,2026-08-11T13:16:13Z,candidate
UgxnCis5_oV4FPwcF3p4AaABAg,yocFiHAfVf0,Teri Tarak Mehta😂😂😂😂😂😂😅😅,0,2026-07-20T14:51:32Z,candidate
Ugx8E93OsvBExr_97_J4AaABAg,yocFiHAfVf0,😂😂😂😂😂😂😂😂,0,2026-07-07T11:08:17Z,candidate
Ugwb4hheEZJCLLkSmFJ4AaABAg,yocFiHAfVf0,🦅🧎🧎🦅🦅🦅😛😛😛😛😛🤕🤕🤕🤕,0,2026-07-04T14:34:48Z,candidate
UgwtbCM9oTtPUsq0cZd4AaABAg,yocFiHAfVf0,😅😅😂,0,2026-06-09T07:00:03Z,candidate
UgzjD_RUka_zN8-0TFd4AaABAg,yocFiHAfVf0,Tu peace Tu peace hair cutting,0,2026-05-29T14:11:14Z,candidate
UgwbZr3-uSfETRSZGH14AaABAg,yocFiHAfVf0,😂😂😂😂😂😂😂,0,2026-05-23T18:04:02Z,candidate
UgxNKmjkS7hAS98NZUx4AaABAg,yocFiHAfVf0,Awaaz Karo Pardesi,0,2026-05-19T14:20:49Z,candidate
UgxaoLpjolUiWzRc-ZV4AaABAg,yocFiHAfVf0,Chachu ki dukaan Marwadi,0,2026-05-14T15:52:32Z,candidate
Ugz3G5wvKTcTnSvah4B4AaABAg,yocFiHAfVf0,Ham bole the paisa paisa Dil Paisa Paisa Paisa Paisa Karti Hai Jo tatti tatti karti hai pichh,0,2026-05-11T09:17:14Z,candidate
UgwSraTCyWV4oDDxt8N4AaABAg,yocFiHAfVf0,😂😂😂😂😂😂😂😂😂😂😂😂😂😂😂😂😂😂😂😂😂😂😂😂😂😂😂😂😂😂😂😂😂😂😂😂😂😂😂😂😂😂😂😂😂😂😂😂😂😂😂😂😂😂😂😊😊😂😂😂😂,1,2026-05-03T14:52:11Z,candidate
UgzIcHgJL7GoBe-JFyd4AaABAg,yocFiHAfVf0,😂😂😂🫢🤭😀😄😃,0,2026-04-30T02:40:46Z,candidate
UgzpqKPAg5QAlsctDl14AaABAg,yocFiHAfVf0,Hair cutting tera baap piche❤❤❤❤❤❤❤❤❤❤❤❤❤❤❤❤❤❤❤❤❤❤,0,2026-04-18T14:57:07Z,candidate
UgxaWYsP7_wO3KifOu14AaABAg,yocFiHAfVf0,😂😂😂😂😂😂😂😂😂😅😊,0,2026-03-26T02:55:23Z,candidate
UgwbEsiUCHo452liMZd4AaABAg,yocFiHAfVf0,😂,0,2026-03-11T09:26:08Z,candidate
UgxQmOHOUH3HZlF2Eux4AaABAg,yocFiHAfVf0,❤❤❤❤😂😂🎉🎉🎉,0,2026-02-27T06:38:59Z,candidate
UgxF7dDJw1E8juZjAnh4AaABAg,yocFiHAfVf0,Good 😂😂😂,1,2026-01-30T06:13:41Z,candidate
Ugwg7CKw8C9to1yD-x54AaABAg,yocFiHAfVf0,Hahahahahahahahhahahahhahahahhahahahaha,0,2026-01-14T09:32:52Z,candidate
UgxEOaIBz93ifiNf5pp4AaABAg,yocFiHAfVf0,👬👭👬👭👭👬👭😂,0,2026-01-14T09:32:41Z,candidate
Ugxsp412tPADfYw1tLF4AaABAg,yocFiHAfVf0,😂👭👭👭👭👭👭👭👭👭👭🤣... 🥋👭👬👭👬👭👬👬👭👬👭👬😆.,0,2026-01-14T09:32:18Z,candidate
Ugy5Kk3qaC0P3JBw-UZ4AaABAg,yocFiHAfVf0,❤😂😂😂😂😂,0,2026-01-06T04:45:01Z,candidate
UgytsKV5qCMKSEx9JAx4AaABAg,yocFiHAfVf0,🦧🤣😂😅😆😁😄😃😀,1,2025-11-09T13:09:08Z,candidate
Ugz8AYjIwt36UTk9JYV4AaABAg,yocFiHAfVf0,😂😂😂,0,2025-10-29T16:11:14Z,candidate
UgwoctNDShevERfF8dx4AaABAg,yocFiHAfVf0,Danny HoHa,0,2025-10-27T06:20:12Z,candidate
Ugx6HBZMhY2hyD8qnu14AaABAg,yocFiHAfVf0,।,0,2025-10-19T15:23:18Z,candidate
UgzF2GbDyjfypXp60mh4AaABAg,yocFiHAfVf0,10k complete Subc TQ you tube family,0,2025-09-26T14:15:57Z,candidate
UgwTpVaLF80k7TtEJO94AaABAg,yocFiHAfVf0,😂😂,0,2025-09-24T13:40:53Z,candidate
Ugws1LerEXdwTz0Bk654AaABAg,yocFiHAfVf0,😂😂😂😂,0,2025-09-22T00:32:01Z,candidate
UgySRMlCNphSO78u3gR4AaABAg,yocFiHAfVf0,😅😅😅😅😅😅😅😅😅😅😅😅😅😅😅😅😅😅😅😅,0,2025-09-11T15:12:22Z,candidate
Ugw2uoV6gPZCkUJM2g54AaABAg,yocFiHAfVf0,🤣🤣🤣🤣🤣🤣🤣🤣🤣🤣🤣,0,2025-09-10T05:42:23Z,candidate
Ugxen34pT_n1homLiAt4AaABAg,yocFiHAfVf0,Mobile band Pani wala Apne Parivar to kaise,0,2025-09-09T14:40:08Z,candidate
UgwWRv3KrVeCSgyaZB94AaABAg,yocFiHAfVf0,😂😂😂😂😂,0,2025-09-06T13:36:19Z,candidate
Ugz0466LPdvIBOQSnVR4AaABAg,yocFiHAfVf0,"🔥😎તમે ગુજરાતીનો આવો વટ નહીં જોયો હોય🔥😲

https://youtube.com/shorts/2-bfgJzPjWI?si=gm2n8eeuZy2osw4g",0,2025-08-31T08:17:58Z,candidate
UgykS6aOJjGUYJ5uMv94AaABAg,yocFiHAfVf0,❤❤❤❤❤😊😊😊😊😊😮😮😮😮😮,0,2025-08-20T08:28:19Z,candidate
Ugx-fEWwhvUdzbKb59Z4AaABAg,yocFiHAfVf0,❤❤❤❤❤😊😊😊😮😮,0,2025-08-20T08:28:02Z,candidate
UgybyLMjyy8b39p7T2d4AaABAg,yocFiHAfVf0,😅😂🤣😂😅😁,0,2025-08-17T12:32:00Z,candidate
UgxpjP6FLow0A6IOP414AaABAg,yocFiHAfVf0,Iolo,0,2025-08-13T18:32:53Z,candidate
Ugx01SmAcI-86xJgmyV4AaABAg,yocFiHAfVf0,😂😂😂😂,0,2025-07-24T04:37:24Z,candidate
UgyAZ0_pz0ATRpC0HzF4AaABAg,yocFiHAfVf0,😂😂😂😂😂😂🤣🤣🤣🤣🤣🤣😆😆,0,2025-07-14T15:16:34Z,candidate
Ugxr4L8dXoALL0JJxnd4AaABAg,yocFiHAfVf0,❤❤❤❤😊😊😊,0,2025-06-29T03:18:53Z,candidate
Ugwle5xarFknrQTNFFt4AaABAg,yocFiHAfVf0,😂😂,0,2025-06-27T05:28:30Z,candidate
UgzJCSqNtEbhZiX3BdJ4AaABAg,yocFiHAfVf0,😂😂😂😂😂😂,0,2025-06-16T09:55:52Z,candidate
UgwHxr3pKygbyGgwUa54AaABAg,yocFiHAfVf0,😂😂😂😂😂😢❤🎉😅😅😅😅😅😂🤣❤️‍🩹,0,2025-05-25T10:11:28Z,candidate
Ugw6wxWWDziQUkbJzXp4AaABAg,yocFiHAfVf0,https://youtube.com/shorts/THrx3LP9Jto?feature=share,0,2025-05-25T04:49:21Z,candidate
UgyvmtbqeIfBOXdX1Cx4AaABAg,yocFiHAfVf0,🤣😂🎉🤑😎,0,2025-05-21T05:19:22Z,candidate
UgzgI-ATyyP33JoQArV4AaABAg,yocFiHAfVf0,😂😂😂😂😂😂😂😂😂😂😂😂😂😅😅😅😅😅😅😅😊😅😊😅😊,0,2025-05-20T18:01:22Z,candidate
Ugy3WrEa8-SozCgH1sx4AaABAg,yocFiHAfVf0,Mastan😂,1,2025-05-15T04:50:13Z,candidate
Ugy1Mhq8N_JQD78ZAZd4AaABAg,yocFiHAfVf0,Ap🤡😂😂😅😝🤪😘🤣😅,0,2025-05-14T01:58:21Z,candidate
UgxPHyeVRPYII9_-V0F4AaABAg,yocFiHAfVf0,😂😂😂😂😂😂😂😂😂😂,0,2025-05-13T17:47:28Z,candidate
UgxGjsjX6yiez_eGl2x4AaABAg,yocFiHAfVf0,❤❤,0,2025-05-11T04:49:09Z,candidate
UgwoPIHcHL7g52Im9dl4AaABAg,yocFiHAfVf0,re,0,2025-05-09T03:51:15Z,candidate
UgwdDT-BcXVccRr6kdd4AaABAg,yocFiHAfVf0,❤❤❤❤❤❤❤❤❤,0,2025-05-07T04:29:00Z,candidate
Ugyb_ViD3mZmTflnEyV4AaABAg,yocFiHAfVf0,❤,0,2025-05-04T01:19:31Z,candidate
UgyXZDs_7grmxYze6254AaABAg,yocFiHAfVf0,😂😂,1,2025-04-30T08:25:19Z,candidate
UgwJpuj6l7B6WBs2gFd4AaABAg,yocFiHAfVf0,Shiva Shiva,0,2025-04-29T17:36:05Z,candidate
UgwnMHQoNd5kUU5vlOV4AaABAg,yocFiHAfVf0,😂😂😂😂😂😂😂,0,2025-04-28T15:07:04Z,candidate
UgwgN5Z8EXu96F4i6kd4AaABAg,yocFiHAfVf0,Teni ne to teni j kevay,0,2025-04-28T13:38:31Z,candidate
Ugz5_-MJxfdXlNp81Ed4AaABAg,yocFiHAfVf0,😂,0,2025-04-28T05:07:00Z,candidate
Ugwgn-wTuts4DhKc3qB4AaABAg,yocFiHAfVf0,😂😂😂😂😂😂😢,0,2025-04-27T11:21:41Z,candidate
Ugwq2MMNwzjH6iM-0zp4AaABAg,yocFiHAfVf0,🤣🤣🤣😂😂😂😂😅😅😅😅,0,2025-04-27T10:00:47Z,candidate
UgzFV7Cm2yfDL27OMgB4AaABAg,yocFiHAfVf0,Yah Rakha bhi nahin bhai😅😅😅😅😂😂😂,1,2025-04-27T04:51:14Z,candidate
Ugx5hNL6XTlh1QGoaq14AaABAg,yocFiHAfVf0,😂😂😂😂😂😂😂😂😂😂😂😂😂😂😂😂,0,2025-04-26T18:31:37Z,candidate
UgysZM8jwbb22PGNI-N4AaABAg,yocFiHAfVf0,😊😊❤❤😮,0,2025-04-26T13:57:32Z,candidate
UgyM-8SOsZ0CzzvgWo94AaABAg,yocFiHAfVf0,😂😂😂😅😅😅,0,2025-04-25T09:46:58Z,candidate
Ugy9PAi3QBTwbCzLyQd4AaABAg,yocFiHAfVf0,😂😂😂😂😂,0,2025-04-24T05:10:57Z,candidate
Ugz_iAkzMuXvoQuoF3R4AaABAg,yocFiHAfVf0,❤❤😂❤😂❤❤❤❤❤❤❤❤❤❤❤❤❤❤❤❤❤🇮🇳🇮🇳🇮🇳🇮🇳🇮🇳🇮🇳🇮🇳🐶🐱🐰🐱🐱🎈🎈🎈🎈🎈🎈🎈🎀🎀🎀🎀🎀🎬🎛️🎙️,1,2025-04-23T05:05:16Z,candidate
UgwfwxFXoRH5fVq6qI54AaABAg,yocFiHAfVf0,😂😂😂,0,2025-04-22T11:47:27Z,candidate
UgyyoBHnm5Fw4vBosJx4AaABAg,yocFiHAfVf0,❤😊😊❤😊❤😅😂😅😂🎉😮😮😢😢😢,0,2025-04-22T07:03:49Z,candidate
Ugz1ekTZ0lyUcmcU9r54AaABAg,yocFiHAfVf0,😂😂😂,0,2025-04-22T06:10:39Z,candidate
Ugyklq2CMoLgtPjRAOR4AaABAg,yocFiHAfVf0,😂😂😂😂😂😂😂😂😂😂,0,2025-04-20T16:24:20Z,candidate
UgzbF2FdQFKB9dZ6m114AaABAg,yocFiHAfVf0,❤❤😂😂😂😂❤❤,0,2025-04-19T15:09:13Z,candidate
Ugzb3uEBFWg3qpEyRRh4AaABAg,yocFiHAfVf0,😂😂😂,0,2025-04-18T05:52:09Z,candidate
UgyQVUD9eDlscuI3sb94AaABAg,yocFiHAfVf0,😊😊,0,2025-04-17T07:46:08Z,candidate
UgyiOWTL6r4UvblzuoB4AaABAg,yocFiHAfVf0,Rakabi,0,2025-04-16T17:15:38Z,candidate
UgwrDWwob3iGQGBWFcd4AaABAg,yocFiHAfVf0,😂😂😂😂😂😂😂😂😂😂😂😂,0,2025-04-14T12:09:11Z,candidate
UgyxAu0dAqEXP8JcGB14AaABAg,yocFiHAfVf0,digk,0,2025-04-13T04:21:59Z,candidate
UgxoAXJsOcIHnjszhX94AaABAg,yocFiHAfVf0,Dhadkan ❎ rakabi ✅,1,2025-04-09T07:22:38Z,candidate
UgxnVHI3EbduwVVAk_94AaABAg,yocFiHAfVf0,♥️♥️♥️♥️♥️♥️♥️♥️♥️♥️♥️♥️♥️♥️♥️♥️♥️♥️♥️♥️,0,2025-04-01T12:52:42Z,candidate
Ugxhl6UKFPKLVJBfPTt4AaABAg,yocFiHAfVf0,Hi ❤,7,2025-04-01T02:46:23Z,candidate
Ugw9lnpW5oRzm7N1BYN4AaABAg,yocFiHAfVf0,😝😝😝😝😝😆😆😆😆😜😜😜😜😜,0,2025-03-31T04:03:16Z,candidate
UgzzIl5t_Wu1CLDYV_J4AaABAg,yocFiHAfVf0,😂,0,2025-03-29T16:36:11Z,candidate
UgyOTXeN7RMPlCiAi4F4AaABAg,yocFiHAfVf0,🎉🎉🎉🎉,0,2025-03-26T17:36:08Z,candidate
UgzjnJewr0ik-7H89_l4AaABAg,yocFiHAfVf0,🕊🦅🤬2020,1,2025-03-12T15:08:16Z,candidate
UgyCuaSkZCrrMidquJN4AaABAg,yocFiHAfVf0,😂❤😂😂😂😂😂,0,2025-03-07T06:45:24Z,candidate
UgzyapqC1KqssyeJIS54AaABAg,yocFiHAfVf0,Kabhi Nahin to Chaliye,0,2025-03-02T10:19:00Z,candidate
UgxqgjItjSMXNgKrsoZ4AaABAg,yocFiHAfVf0,😈😈,0,2025-02-22T04:27:29Z,candidate
Ugx7Oc6J9cz0_Gl2cT14AaABAg,yocFiHAfVf0,😎🔥💪🤕🐯👑🖕🖕🖕🖕😂😂😂😂🤣🤣🤣,0,2025-02-15T06:18:19Z,candidate
UgxxaqSBD8ZQInrET9J4AaABAg,yocFiHAfVf0,😂😂😂😂😂😂,0,2025-02-11T16:12:07Z,candidate
UgwjY8eJDnf1vvnNbnx4AaABAg,yocFiHAfVf0,Baa Tani a rakabi nati,0,2025-02-11T15:03:37Z,candidate
Ugx33cOe-_Z0TvpmGb94AaABAg,yocFiHAfVf0,😊❤😊❤😊❤❤❤😊,0,2025-02-07T12:35:57Z,candidate
Ugwf0N11yhEC9bN1lgB4AaABAg,yocFiHAfVf0,😂😂😂😂😂,0,2025-02-07T12:35:46Z,candidate
UgwgknxNQKQ6Xom36Fh4AaABAg,yocFiHAfVf0,Abe char cutting nahin teen cutting sale Tum teen hi Ho,0,2025-02-03T14:30:44Z,candidate
UgzRVT4c-EUCBcS37bB4AaABAg,yocFiHAfVf0,😂😂😂😂😂😂😂😂,0,2025-01-22T14:21:42Z,candidate
UgzRITr0hZV60dEDpuJ4AaABAg,yocFiHAfVf0,Baka rakabi nathi 😂,1,2025-01-21T04:47:14Z,candidate
Ugz7iP5DNvR7LhO68i94AaABAg,yocFiHAfVf0,🤣🤣🤣🤣🤣🤣🤣🥲😂😂😂😂,0,2025-01-17T16:19:09Z,candidate
UgxbGmTcj-ma2s-y1_V4AaABAg,yocFiHAfVf0,Nale,0,2025-01-17T11:42:32Z,candidate
Ugz9DxcgJbH9wa_cgCd4AaABAg,yocFiHAfVf0,😂😂😂😂😂😅 antaa goaq😅😅😅😢😢😂😂😮,0,2025-01-14T16:22:45Z,candidate
Ugx72uM8QXwp1fYG_G14AaABAg,yocFiHAfVf0,😂😂😂😂😂,0,2025-01-10T13:17:36Z,candidate
UgzW_d-E8wRQ0DX4OgZ4AaABAg,yocFiHAfVf0,😂😂😂😂😂,0,2025-01-07T16:12:08Z,candidate
Ugwl2MXJa-yVyS098BF4AaABAg,yocFiHAfVf0,🎉🎉🎉🎉😮😮😮😅😅😊😊😁😁😁😁😁,0,2025-01-03T05:11:56Z,candidate
Ugx1RfTnaUmiRLGh_0d4AaABAg,yocFiHAfVf0,https://youtube.com/shorts/rm7_xa8iUFs?si=GEw_NBifS4tX9gpA,1,2025-01-02T01:20:36Z,candidate
UgyvAERgTbS6lKI1_el4AaABAg,yocFiHAfVf0,",🤪🤪🤪🤪🤪🤦🤣🤣🤣🤣🤣😅😅",0,2024-12-31T06:20:43Z,candidate
Ugw-_QTikj0oO9Wyr_l4AaABAg,yocFiHAfVf0,Par hata to 3 Jana to 4 kating kem,0,2024-12-25T15:00:43Z,candidate
UgyRxrY0E62d-kWYoiR4AaABAg,yocFiHAfVf0,😂😂😂😂,0,2024-12-25T13:28:28Z,candidate
UgzSgIw6onIKBmgwlHJ4AaABAg,yocFiHAfVf0,Iodo,0,2024-12-21T03:55:47Z,candidate
Ugwv4TnkZtCQnWYYpbt4AaABAg,yocFiHAfVf0,Hatha ma rkabi to che nhi😂,1,2024-12-19T04:36:00Z,candidate
Ugwld9bDi16QU6dvcX54AaABAg,yocFiHAfVf0,😂😂😂😂,0,2024-12-15T05:55:43Z,candidate
UgzlDcovkeHd6sQDYS14AaABAg,yocFiHAfVf0,😊😊😅😅😮😮😂😂,0,2024-12-06T04:22:00Z,candidate
Ugwkdr62LdeifAwScah4AaABAg,yocFiHAfVf0,RAj,0,2024-12-02T12:14:00Z,candidate
UgziF8aLIyunI2klJVh4AaABAg,yocFiHAfVf0,😂😂,0,2024-11-26T07:26:57Z,candidate
Ugw7XzYi3HssGMbklJp4AaABAg,yocFiHAfVf0,So cute  tappu😂😂😂,7,2024-11-20T05:30:29Z,candidate
UgxIJGZKYbXorkO81vh4AaABAg,yocFiHAfVf0,😂😂😂😂😂😂😂😂😂😂😂😂😂😂😂😂,0,2024-11-16T13:19:20Z,candidate
UgxqdKsZW-stMVfN6uF4AaABAg,yocFiHAfVf0,😂😂😂😂😂😂😂😂🤣🤣🤣🤣🤣🤣🤣🤣🤣🤣🤣,0,2024-11-12T13:42:41Z,candidate
UgwBstWlhSkNwM2b0V94AaABAg,yocFiHAfVf0,😂😂😂😂😂😂😂😂😂😂😂😂,0,2024-11-12T07:39:59Z,candidate
UgwvIDK7sf-mxUowJuJ4AaABAg,yocFiHAfVf0,Bhai rakhi nai dhkanu chhe 😂😂😂,2,2024-11-11T14:31:27Z,candidate
UgyFQy5LsEs7i9cFbbd4AaABAg,yocFiHAfVf0,3hj,0,2024-11-09T13:39:39Z,candidate
Ugxv7C4XJm8m3mJGUgF4AaABAg,yocFiHAfVf0,😂😂😂😂😂😂😂😂😂😂,0,2024-11-09T00:58:49Z,candidate
UgyCAKmrLAGf98BRZc94AaABAg,yocFiHAfVf0,Zhdjdjndjsjsj❤❤❤,1,2024-11-08T12:52:33Z,candidate
UgxHvGBIqKEMTXgmgj54AaABAg,yocFiHAfVf0,😂😂😂😂😂😂😂😂😂😂😂😂😂😂😂😂😂😂,0,2024-11-08T02:47:31Z,candidate
Ugwv8RzKlT-zSpm_GMh4AaABAg,yocFiHAfVf0,😂😂😂😂😂😂😂😂😂😂😂😂😂😂😂😂😂😂😂😂😂😂😂😂😂😂😂😂😂😂😂😂😂😂😂😂😂😂😂😂😂😂😂😂😂😂😂😂😂😂😂😂😂😂😂😂😂😂😂😂,0,2024-11-07T13:37:10Z,candidate
UgyEznxZOQK9-FbCWbZ4AaABAg,yocFiHAfVf0,😂😅😊,0,2024-11-06T02:10:06Z,candidate
UgwdJzPz6aK3uDUgiFN4AaABAg,yocFiHAfVf0,😂😂😂😂😅😅😅😅😂😂😂😂😅😅😅😅,1,2024-11-05T16:03:58Z,candidate
UgzpgYwC_8Gzgf4Tx6B4AaABAg,yocFiHAfVf0,😂😂😂😂,0,2024-11-04T06:19:31Z,candidate
UgwvRKTE0-rkQhNkUbx4AaABAg,yocFiHAfVf0,😅😅,0,2024-11-02T14:47:29Z,candidate
Ugzn7nnrkuPi2AhW-Md4AaABAg,yocFiHAfVf0,Rsk Bolton Wanderers you 🎇❤️🪔🧬🎉🧬🎉👫😙💋😊,0,2024-11-02T02:01:24Z,candidate
Ugxo3OgaJtGPdEzphsl4AaABAg,yocFiHAfVf0,😂😂😂😂😂😂😂😂😂😂😂😂😂😂😂😂😂😂😂😂😂😂😂😂😂😂😂😂😂😂😂😂😂😂😂😂😂😂😂😂😂😂😂😂😂😂😂😂😂😂😂😂😂😂😂😂😂😂😂😂😂😂😂😂😂😂😂😂😂😂😂😂😂😂😂😂😂😂😂😂😂😂🎉😂😂😂😂😂😂😂😂😂😂😂😂😂😂😂🎉🎉😂🎉😂🎉🎉😂🎉😂😂😂😂🎉🎉😂🎉😂🎉,0,2024-11-01T13:11:46Z,candidate
Ugzf1k2ICJchscdpUNh4AaABAg,yocFiHAfVf0,🫵🏻🫵🏻🫵🏻🫵🏻🙏🏻🙏🏻🙏🏻👑👑👑😈😈😈😈😈😈😈😈🤫🤫🤫🤫🤫🤫🤫🦁🦁🦁🦁,0,2024-11-01T11:09:08Z,candidate
UgyVP3LhRuHjqYFmP0h4AaABAg,yocFiHAfVf0,Tr mae,0,2024-10-31T04:29:39Z,candidate
UgwWGjYfjqKiiRvv3CB4AaABAg,yocFiHAfVf0,Trme,0,2024-10-31T04:28:21Z,candidate
Ugx4rVHpEjUnWlJAQ0V4AaABAg,yocFiHAfVf0,Rsk❤😂🎉😢😮😅😊,0,2024-10-31T02:16:08Z,candidate
Ugy28gI_namF7kMqjJ54AaABAg,yocFiHAfVf0,😈😈😈😈🤫🤫🤫😎😎https://media.tenor.com/WddwAgkzSS4AAAAd/terrified-scared.gifhttps://media.tenor.com/WddwAgkzSS4AAAAd/terrified-scared.gifhttps://media.tenor.com/WddwAgkzSS4AAAAd/terrified-scared.gif,0,2024-10-30T15:42:43Z,candidate
UgwI6Pm-vXUgDTloDrd4AaABAg,yocFiHAfVf0,🤣🤣🤣😘🤣🤣🤣🤣🤣😘😘🤣🤣,0,2024-10-30T03:24:42Z,candidate
Ugw_oJqlIVZshhAFEdx4AaABAg,yocFiHAfVf0,😂😂😂😂,1,2024-10-25T12:19:52Z,candidate
UgyyLg7Md8ELtP_oOAR4AaABAg,yocFiHAfVf0,Nabara,0,2024-10-20T11:42:09Z,candidate
Ugysv14e2IHoA2hJeLx4AaABAg,yocFiHAfVf0,Nabara,0,2024-10-20T11:41:59Z,candidate
UgwWxLWj74nQKeJuUgZ4AaABAg,yocFiHAfVf0,😢😢😢😢,0,2024-10-12T13:22:16Z,candidate
UgyDqapwNfSTTmb917d4AaABAg,yocFiHAfVf0,😢😢😢😢😢😢😢😢,0,2024-10-12T13:22:01Z,candidate
UgxOJpdVVqV_BkLebHp4AaABAg,yocFiHAfVf0,😂😂😂😂😂😂😂😂😂😂😂😂😂😂😂,0,2024-10-01T01:07:12Z,candidate
Ugz1Vofd2JH7q7bXpPt4AaABAg,yocFiHAfVf0,😂😂😂😂😂😂😂🎉🎉🎉,0,2024-09-26T18:31:33Z,candidate
Ugwln4NtfRzxvnpPEcV4AaABAg,yocFiHAfVf0,❤❤❤,0,2024-09-22T10:03:06Z,candidate
UgxQ7RH90wJXVJvgjeJ4AaABAg,yocFiHAfVf0,",😂😂😂😂",0,2024-09-14T05:15:30Z,candidate
UgyqRySF7XXQrx29Rd54AaABAg,yocFiHAfVf0,Hello,1,2024-09-10T16:14:01Z,candidate
UgwNnRnFxJMXkO1mvEd4AaABAg,yocFiHAfVf0,Beta tappu rakabi nathi wo dhakan che😂😂😂,2,2024-09-10T09:35:20Z,candidate
UgzTLCy86VQEk8RnD_54AaABAg,yocFiHAfVf0,👑😍🥰💪😎❤️‍🔥,0,2024-09-08T10:58:51Z,candidate
UgySdJPlTgc5jcSc9XJ4AaABAg,yocFiHAfVf0,😂😂,0,2024-09-08T02:59:22Z,candidate
UgwpI5ZvjRGVLKZXqdd4AaABAg,yocFiHAfVf0,😂😂😂😂😂😂😂,0,2024-09-07T18:06:19Z,candidate
UgxSoAHwVCOszFR-STh4AaABAg,yocFiHAfVf0,😂😂😂,0,2024-09-07T14:27:13Z,candidate
UgyV5xMBB57TsR_ZjEF4AaABAg,yocFiHAfVf0,😂😂,0,2024-09-07T10:06:47Z,candidate
UgyIzpcSG9Ezd9nyStl4AaABAg,yocFiHAfVf0,डैनी ❌ नगर टू मेदी,2,2024-09-07T07:43:46Z,candidate
UgxtBmkhQml-p8HERy54AaABAg,yocFiHAfVf0,Ha bhai😂,0,2024-09-07T04:52:20Z,candidate
UgwkU-VRK_U1QhGZQsJ4AaABAg,yocFiHAfVf0,4nthi 3che,0,2024-09-07T01:17:07Z,candidate
UgzPIHphPZfAyQ9a9_d4AaABAg,yocFiHAfVf0,🤣🤣🤣🤣🤣🤣🤣,0,2024-09-06T16:59:18Z,candidate
Ugy39Ayzjr4zcg9EA6N4AaABAg,yocFiHAfVf0,Jay,0,2024-09-06T15:53:57Z,candidate
UgzWfa0mP63Dna5Efd54AaABAg,yocFiHAfVf0,❤❤❤❤❤,0,2024-09-05T19:22:06Z,candidate
UgzNksU3iFEVI2UZTBR4AaABAg,yocFiHAfVf0,❤❤❤❤❤😂😂😂❤❤,0,2024-09-05T19:18:34Z,candidate
Ugz-jk-Ae0erVR7pRDl4AaABAg,yocFiHAfVf0,😂😂😂😂teni😂😂😂😂😂,0,2024-09-05T10:37:41Z,candidate
UgxJjCyZN4NgwvyiqFN4AaABAg,yocFiHAfVf0,😅😅😅😅😅😂😂😂😂😂,0,2024-09-05T09:05:26Z,candidate
UgwP73VvBL4NiTmNZPd4AaABAg,yocFiHAfVf0,Pan vatko che,0,2024-09-05T02:41:54Z,candidate
UgyF1XBsKvzw41cVWPZ4AaABAg,yocFiHAfVf0,Taro bap,0,2024-09-05T02:17:33Z,candidate
Ugx7kFJSHW7JrM3lj_l4AaABAg,yocFiHAfVf0,Mja na aai😂😂😂😂,2,2024-09-04T15:49:44Z,candidate
Ugxy3_rlOgp4OqAMjHh4AaABAg,yocFiHAfVf0,Shabash,0,2024-09-03T16:40:18Z,candidate
UgzQqoc8bstJbxyWX214AaABAg,yocFiHAfVf0,🤣🤣🤣🤣🤣🤣🤣😂😂😂😂😂😂😂🤪🤪🤪🤪🤪🤪,0,2024-09-03T15:02:55Z,candidate
UgzcG4nKpHl1NmAuXiF4AaABAg,yocFiHAfVf0,😂😂😂😂😢😢😢😅😊😢😮,0,2024-09-03T12:56:50Z,candidate
UgyJluekI6H8uMTxCTd4AaABAg,yocFiHAfVf0,Hat ma to vatako chhe😂😂😂,1,2024-09-03T11:52:55Z,candidate
Ugw_kah6-LLNiThMzs14AaABAg,yocFiHAfVf0,E Teni 😂😂😂,1,2024-09-03T05:30:00Z,candidate
Ugz9rtWuPVx_rN86Qkl4AaABAg,yocFiHAfVf0,😂😂😂😂😂😂😂😂😂😂😂😂😂😂😂😂😂😂😂😂😂😂😂😂😂😂😂😂😂😂😂😂😂😂😂😂😂😂😂😂😂😂😂😂😂😂😂😂😂😂,1,2024-09-03T05:12:28Z,candidate
Ugz465nJ8ls44VJ6mzF4AaABAg,yocFiHAfVf0,😂😂😂😂😂😂😅😅😅,0,2024-09-03T03:27:33Z,candidate
UgyZDeARjwEEJKwdMsF4AaABAg,yocFiHAfVf0,Rakabi❌dhakadu✅😂😂,2,2024-09-03T02:28:51Z,candidate
Ugz-SehRBlH3xh_hYwB4AaABAg,F7T0i2TsFpA,King Kohli Khade rehte hai bade mach me,0,2026-06-02T07:57:52Z,candidate
UgyZnHSArWYLdb-eM7F4AaABAg,Hzt5lGoeH9A,💪 of sai sudarshan,0,2026-08-09T15:05:32Z,candidate
UgzZ4KJ-VaF0AL91RgZ4AaABAg,Hzt5lGoeH9A,❤❤❤❤❤❤❤❤❤❤❤🎉🎉🎉🎉🎉🎉🎉🎉🎉🎉🎉🎉🎉🎉❤❤❤❤❤❤❤❤❤❤❤❤❤😊😊😊😊😊😊😊😊😊😊😮😮😮😮😮😮😮,0,2026-08-09T04:38:11Z,candidate
UgwFZujprcjgPRrMHSN4AaABAg,Hzt5lGoeH9A,Gill koe bat nahi  fir sa hum apko spot karanga uagar ao har be gauga❤❤❤❤,0,2026-08-03T10:13:40Z,candidate
Ugx0CZSfOcuvk7o9lt54AaABAg,Hzt5lGoeH9A,Bhai GT ka power Dekha RCB ko bhi Hara Diya Hoga diya sab Kuchh,0,2026-08-02T13:52:33Z,candidate
UgyySr3C_ei0iHav83d4AaABAg,Hzt5lGoeH9A,Shubhi 🔥✨💓🥵🧿 aura++++++++++++++🥵,0,2026-07-30T15:54:02Z,candidate
Ugy9akT6dEgyCFk_Ub14AaABAg,Hzt5lGoeH9A,Gt❤,0,2026-07-30T13:51:16Z,candidate
UgzoqjU2JQ7MzFaT3bN4AaABAg,Hzt5lGoeH9A,Sudarshan gill 🎉,0,2026-07-27T13:52:06Z,candidate
UgyrTeoBG-fIZlxMqOJ4AaABAg,Hzt5lGoeH9A,Gt power  of  shubman gill,0,2026-07-25T10:57:06Z,candidate
UgzUDeo-AAUA7Tzf5qp4AaABAg,Hzt5lGoeH9A,GT💀☠️,0,2026-07-16T18:22:12Z,candidate
UgwnVbryVUHk9nQ5EC54AaABAg,Hzt5lGoeH9A,Gill💯🔥,0,2026-07-16T12:35:44Z,candidate
UgwX3AyFPqGB3YAeCrZ4AaABAg,Hzt5lGoeH9A,Gill🔥💯,0,2026-07-16T12:35:36Z,candidate
UgwOxhrf-r6Rp6PkaUJ4AaABAg,Hzt5lGoeH9A,❤❤❤️❤️❤️💪❤️❤️💪❤️❤️💪♥️♥️♥️♥️♥️♥️♥️♥️♥️💯💯💯💯,0,2026-07-16T04:06:17Z,candidate
UgyzofUALBhhX3FL5q94AaABAg,Hzt5lGoeH9A,❤❤❤❤❤❤❤❤,0,2026-07-15T13:37:52Z,candidate
UgyzUDf8XcRYeSvOWMJ4AaABAg,Hzt5lGoeH9A,Gill and sai ni antry pade ne to opning team ni hava nikali jay,0,2026-07-14T15:21:34Z,candidate
Ugyj5lNiEcBAFSglncR4AaABAg,Hzt5lGoeH9A,power of Titans Shubhman Gill,0,2026-07-14T15:19:32Z,candidate
UgyXJ63GAIrUA6yAxPN4AaABAg,Hzt5lGoeH9A,Power off gill m.siraj❤❤🎉🎉,0,2026-07-12T05:16:08Z,candidate
UgxDDNMHdafEFZ4K6CV4AaABAg,Hzt5lGoeH9A,Suman Gill 💛💛💛💛💛💛💛💛💟💟💟💟💟💟💟💟💟❤️❤️❤️❤️❤️❤️❤️❤️❤️❤️❤️❤️❤️🧡🧡🧡🧡🧡🧡🧡🧡🧡🧡🧡💘💘💘💘💘💘💘💘💘💘💗💗💗💗💗💗💗💗💗💗💗🤎🤎🤎🤎🤎🤎🤎🤎🤎🤎🤎❣️❣️❣️❣️❣️❣️❣️❣️❣️🎉🎉🎉🎉🎉🎉🎉🎉🎉🎉🎉💞💞💞💞💞💞💞💞💞💞💞💜💜💜💜💜💜💜💜💜💜💜💜💜💜💜💜💜💜💜💚💚💚💚💚💚💚💚💚💚💚💚💚💚💚💚💚💚💚💚💚💚💚💚💚💚💚💚🤍🤍🤍🤍🤍🤍🤍🤍🤍🤍🩵🩵🩵🩵🩵🩵🩵🩵💙💙💙💙💙💙💙💙💯💯💯💯💯💯💯💯💯🗿🗿🗿🗿🗿🗿🗿🗿🗿☠️☠️☠️☠️☠️☠️☠️☠️☠️💀💀💀💀💀💀💀💀💀💀💀💀💚💚💚💚💚💚💚💚💚💚💚💚💚💚💚💚🤍🤍🤍🤍🤍🤍🤍🩵🩵🩵🩵🩵🩵🩵💙💙💙💙💙💙💙💯💯💯💯💯💯🗿🗿🗿🗿🗿☠️☠️☠️☠️☠️💀💀💀💀💀💀💀🏆🏆🏆🏆🏆🏆🏆🏆🏆🏆🏆🏆🏆🏆🏆🏆🏆🏆🏆🏆🏆🏆🏆🏆🏆🏆🏆🏆🏆🏆🏆🏆🏆🏆🏆🏆🏆🏆🏆🏆🏆🏆🏆🏆🏆🏆🏆🏅🏅🏅🏅🏅🏅🏅🏅🏅🏅🏅🏅🏅🏅🏅🏅🏅🏅🏅🏅🏅🏅🏅🏅🏅🥉🥉🥉🥉🥉🥉🥉🥉🥉🥉🥉🥉🥉🥉🥉🥉🥉🥉🥉🥉🥉🥉🥉👑🏏🏏🏏🏏🏏🏏🏏🏏🏏🏏🏏🏏🏏🏏🏏👑👑👑👑👑👑👑👑👑👑👑👑👑👑👑👑👑👑👑👑👑👑👑👑👑👑👑👑👑👑👑👑👑👑👑👑👑👑👑👑👑👑👑👑👑👑👑👑👑👑👑👑👑👑👑👑👑👑👑👑👑👑👑👑👑👑👑👑👑👑👑👑👑👑👑👑👑👑👑👑👑👑👑👑👑👑👑👑👑👑👑👑👑👑👑👑👑👑👑👑👑👑👑👑👑👑👑👑👑👑👑👑👑👑👑👑👑👑👑👑👑👑👑👑👑👑👑👑👑🩶🩶🩶🩶🩶🩶🩶🩶🩶🩶🩶🩶🩶🩶🩶🩶🩶🩶🩶🩶🩶🩶🩶🩶🩶🩶🩶🩶🩶🩶🩶🩶🩶🩶🩶🩶🩶🩶🩶🩶🩶🩶🩶🩶🩶🩶🩶🩶🩶🩶🩶🩶🩶🩶🩶🩶🩶🩶🩶🩶🩶🩶🩶🩶🩶🩶🩶🩶🩶🩶🩶🩶🩶🩶🩶🩶🩶🩶🩶🩶🩶🩶🩶🩶🩶🩶🩶🩶🩶🩶🩶🩶🩶🩶🩶🩶🩶🩶🩶🩶🩶🩶🩶🩶🩶🩶🩶🩶🩶🩶🩶🩶🩶🩶🩶🩶🩶🩶🩶🩶🩶🩶🩶🩶🩶🩶🩶🩶🩶🖤🖤🖤🖤🖤🖤🖤🖤🖤🖤🖤🖤🖤🖤🖤🖤🖤🖤🖤🖤🖤🖤🖤🖤🖤🖤🖤🖤🖤🖤🖤🖤🖤🖤🖤🖤🖤🖤🖤🖤🖤🖤🖤🖤🖤🖤🖤🖤🖤🖤🖤🖤🖤🖤🖤🖤🖤🖤🖤🖤🖤🖤🖤🖤🖤🖤🖤🖤🖤🖤🖤🖤🖤🖤🖤🖤🖤🖤🖤🖤🖤🖤🖤🖤🖤🖤🖤🖤🖤🖤🖤🖤🖤🖤🖤🖤🖤🖤🖤🖤🖤🖤🖤🖤🖤🖤🖤🖤🖤🖤🖤🖤🖤🖤🖤🖤🖤🖤🖤🖤🖤🖤🖤🖤🖤🖤🖤🖤🖤🖤🖤🖤🖤🖤🖤🖤🖤🖤🖤🖤🖤🖤🖤🖤🖤🖤🖤🖤🖤🖤🖤🖤🖤🖤🖤🖤🖤🖤🖤🖤🖤🖤🖤🖤🖤🖤🖤🖤🖤🖤🖤🇮🇳🖤🇮🇳🇮🇳🇮🇳🇮🇳🇮🇳🇮🇳🇮🇳🇮🇳🇮🇳🇮🇳🇮🇳🇮🇳🇮🇳🇮🇳🇮🇳🇮🇳🇮🇳🇮🇳🇮🇳🇮🇳🇮🇳🇮🇳🇮🇳🇮🇳🇮🇳🇮🇳🇮🇳🇮🇳🇮🇳🇮🇳🇮🇳🇮🇳🇮🇳🇮🇳🇮🇳🇮🇳🇮🇳🇮🇳🇮🇳🇮🇳🇮🇳🇮🇳🇮🇳🇮🇳🇮🇳🇮🇳🇮🇳🇮🇳🇮🇳🇮🇳🇮🇳🇮🇳🇮🇳🇮🇳🇮🇳🇮🇳🇮🇳🇮🇳🇮🇳🇮🇳🇮🇳🇮🇳🇮🇳🇮🇳🇮🇳🇮🇳🇮🇳🇮🇳🇮🇳🇮🇳🇮🇳🇮🇳🇮🇳🇮🇳🇮🇳🇮🇳🇮🇳🇮🇳🇮🇳🇮🇳🇮🇳🇮🇳🇮🇳🇮🇳🇮🇳🇮🇳🇮🇳🇮🇳🇮🇳🇮🇳🇮🇳🇮🇳🇮🇳🇮🇳🇮🇳🇮🇳🇮🇳🇮🇳🇮🇳🇮🇳🇮🇳🇮🇳🇮🇳🇮🇳🇮🇳🇮🇳🇮🇳🇮🇳🇮🇳🇮🇳🇮🇳🇮🇳🇮🇳🇮🇳🇮🇳🇮🇳🇮🇳🇮🇳🇮🇳🇮🇳🇮🇳🇮🇳🇮🇳🇮🇳🇮🇳🇮🇳🇮🇳🇮🇳🇮🇳🇮🇳🇮🇳🇮🇳🇮🇳🇮🇳🇮🇳🇮🇳🇮🇳🇮🇳🇮🇳🇮🇳🇮🇳🇮🇳🇮🇳🇮🇳🇮🇳🇮🇳🇮🇳🇮🇳🇮🇳🇮🇳🇮🇳🇮🇳🇮🇳🇮🇳🇮🇳🇮🇳🇮🇳🇮🇳🇮🇳🇮🇳🇮🇳🇮🇳🇮🇳🇮🇳🇮🇳🇮🇳🇮🇳🇮🇳🇮🇳🇮🇳🇮🇳🇮🇳🇮🇳🇮🇳🇮🇳🇮🇳🇮🇳🇮🇳🇮🇳,0,2026-07-09T12:14:24Z,candidate
Ugxp0-DZzioY_94qwdV4AaABAg,Hzt5lGoeH9A,12 din 72 ran 2027 har match mein,0,2026-07-06T13:39:16Z,candidate
UgyyMKmJ9It2eqiZuwJ4AaABAg,Hzt5lGoeH9A,Gt power  ❤❤❤❤❤❤❤🎉🎉🎉🎉🎉🎉🎉😊😊😊😊😊😊,0,2026-06-22T09:02:12Z,candidate
UgxZJ4TX2JEknoALuh54AaABAg,Hzt5lGoeH9A,❤❤❤❤😂😂😂😂,0,2026-06-12T12:21:54Z,candidate
UgzfwB8UHHSJ_-1tRgV4AaABAg,Hzt5lGoeH9A,Gt ka dil shubhman gill,0,2026-06-07T05:09:36Z,candidate
Ugw_MSw8ddEXvmvHzhp4AaABAg,Hzt5lGoeH9A,"GT,Ka,qrins,,,।।,।❤❤❤❤❤",0,2026-06-06T05:56:54Z,candidate
Ugx6vbn0V-B6jigj6MZ4AaABAg,Hzt5lGoeH9A,😅❤😊🎉,0,2026-06-04T15:36:03Z,candidate
UgwJyc7YNRxeSgASYuR4AaABAg,Hzt5lGoeH9A,🏏👑💪👿💯💙☠️😈🔥😎,0,2026-05-31T18:02:42Z,candidate
Ugz1C3ohgW-CmUdJ1b14AaABAg,Hzt5lGoeH9A,कल आरसीबी धोए😢 गी तो पता😢 चलेगा बेटे 💩💩,0,2026-05-30T05:08:59Z,candidate
UgxM-Ccbr55yneuRX3J4AaABAg,Hzt5lGoeH9A,कल आरसीबी धोए गी तो पता चलेगा बेटे 💩💩,0,2026-05-30T05:08:45Z,candidate
Ugx_DSHPr5LTtWhPDmN4AaABAg,Hzt5lGoeH9A,Dc❤❤❤❤❤❤❤❤😮😮😮😮😮ch🖕💪💪💪💪💪💪💪💪💪💪💪💪💪💪,0,2026-05-29T05:09:02Z,candidate
Ugxl9k8Xh0NfvgRPs9x4AaABAg,Hzt5lGoeH9A,"Delhi Vs GT ❎
Rahul Vs GT ✅",0,2026-05-27T08:54:32Z,candidate
UgwTO5VHwjfRm5ftA8V4AaABAg,Hzt5lGoeH9A,This is a power of shubman gill and five Sudarshan power❤,1,2026-05-26T07:52:27Z,candidate
UgwMu2TH2jKPYlEWB0B4AaABAg,Hzt5lGoeH9A,Wo no kaise 🎉🎉🎉🎉🎉,0,2026-05-20T15:59:22Z,candidate
Ugz55rF-bmSZ-8_lNK14AaABAg,Hzt5lGoeH9A,சூப்பர் ப்ரோ 👏👏👏👏👏👏👏👏👏👏👏👏👏👏👏👏👏👏👏👏👏👏👏👏🌹🌹🌹🌹🌹🌹🌹🌹🤫🤫🤫🤫🤫🤫🤫🤫🤫😍💀😍💀😍😍💀😍🥳🥳😍💀😍😍🥳🫂🫂,0,2026-05-20T14:57:23Z,candidate
UgzPrZwqwACrKm-n7Ep4AaABAg,Hzt5lGoeH9A,Gt aura,0,2026-05-20T08:26:07Z,candidate
UgwqwBc_5rkuxPNc_Dh4AaABAg,Hzt5lGoeH9A,What is the target was of 250 and gt won by 10 wikets😮😮😮,0,2026-05-19T17:40:43Z,candidate
UgxoaB4yjdmL85S7ASd4AaABAg,Hzt5lGoeH9A,And now gt vs srh❤😂,1,2026-05-13T01:19:37Z,candidate
UgwjmVgMAmsdLbGVosF4AaABAg,Hzt5lGoeH9A,GT ❤😊🫀😎🦁🫀😍😘,0,2026-05-12T06:18:07Z,candidate
UgwnR76vEKxquXfmJUl4AaABAg,Hzt5lGoeH9A,Dynamic duo 6lvl,1,2026-05-08T07:54:55Z,candidate
UgxigOOQZgpVCrY-j1F4AaABAg,Hzt5lGoeH9A,Gt power bole meri jaan❤,0,2026-04-26T03:04:32Z,candidate
Ugxthy5B0QYKqMsqtgx4AaABAg,Hzt5lGoeH9A,*THE EXAMPLE OF CONSTENCI*,0,2026-04-17T10:58:21Z,candidate
Ugx1akO-jWJrM2AN-p94AaABAg,Hzt5lGoeH9A,India ka  dill shubman Gill 😈😈,2,2026-04-11T13:07:15Z,candidate
Ugwh1GK5J_aGtj0pScN4AaABAg,Hzt5lGoeH9A,❤❤❤❤❤,0,2026-04-10T13:39:50Z,candidate
UgzHMdP0Lr4gHEI75zJ4AaABAg,Hzt5lGoeH9A,WHO SUPPORT GT. GT ON TOP,1,2026-04-08T13:20:17Z,candidate
UgzEUO6vP-91ACTGwtB4AaABAg,Hzt5lGoeH9A,GT 👑🖤 SE JALTE HAI SARE KE SARE LOG😅😅😅😅😅,0,2026-04-07T15:45:58Z,candidate
UgyE9kFas-gsHcnXOQN4AaABAg,Hzt5lGoeH9A,GT 🏏 shubhman gill 💖🎉🏆,0,2026-04-07T10:01:09Z,candidate
Ugwk6_jFcqS5ecl_sbN4AaABAg,Hzt5lGoeH9A,Gt Prince +Sai ☠️☠️☠️,1,2026-04-05T08:31:10Z,candidate
UgxeClBa51s3VMei2Zd4AaABAg,Hzt5lGoeH9A,Gtteme,0,2026-04-02T17:12:12Z,candidate
Ugw1LthqkWguBLIDkmF4AaABAg,Hzt5lGoeH9A,Remember ur facing the best opening duo of SaiShu,0,2026-04-02T11:03:36Z,candidate
Ugx1w6BtflXpSWTTo8N4AaABAg,Hzt5lGoeH9A,Next year ambani ki kharidne ki baat chal rhi hai kya kharide,0,2026-03-31T04:32:15Z,candidate
UgwJ9Ik98c3v1gm0NoR4AaABAg,Hzt5lGoeH9A,KL rahul Full fom,0,2026-03-29T10:55:33Z,candidate
UgzkvjdtThUoHeYb27x4AaABAg,Hzt5lGoeH9A,🎉🎉🎉,1,2026-03-29T07:37:08Z,candidate
UgxiPra8isOl2XaAsw14AaABAg,Hzt5lGoeH9A,Gt પાવર,1,2026-03-27T06:13:34Z,candidate
UgztdJMkvS8y7exWyz54AaABAg,Hzt5lGoeH9A,Gt gujrat titans,2,2026-03-23T10:26:53Z,candidate
UgzWwRy2dBl6MdH18lR4AaABAg,Hzt5lGoeH9A,Gt na banka ❤❤❤❤❤❤🇮🇳🇮🇳🇮🇳🇮🇳🇮🇳🏏🏏🏏🏏🏏🏏 shubhu ❤❤❤,4,2026-03-22T08:26:01Z,candidate
Ugx_edvfNqoO8uEIInd4AaABAg,Hzt5lGoeH9A,Gol sai bhai kingof gt,2,2026-03-19T11:58:24Z,candidate
UgwbDSPUOWXtEjJuTr54AaABAg,Hzt5lGoeH9A,Power Of Titans And Shubman Gill ❤🎉,33,2026-03-15T15:51:20Z,candidate
UgyxDRHRsRKGU5AZ4dV4AaABAg,Hzt5lGoeH9A,"Ise bolte hai match bhai, maine to pura match dekha tha aur jo sukoon mila na kyuki mai hamesha se GT ko hi support karti aayi hu 
Jab commentator ne bola na ""GT won the match without losing a 
 single wicket"" jo sukoon mila na laga jaise ipl dekhna safal ho gaya
Only GT fans will understand the happiness 🥹
Sai Sudarshan and shubman Gill =🫡",35,2026-03-14T06:28:31Z,candidate
UgxzTLJd63CwHDt-m_54AaABAg,Hzt5lGoeH9A,शुभ्मन गिल इस माय फेवरेट और गत का पावर तो वही है यार❤❤❤❤❤❤❤❤❤😊😊😊😊😊😊😊😊,3,2026-03-12T14:52:06Z,candidate
UgxRd12zq6rQAYt1Fl54AaABAg,Hzt5lGoeH9A,Tabhi Ho😂❤😂❤,1,2026-03-10T15:16:32Z,candidate
UgyrBBwdHyG0Kznm_vZ4AaABAg,Hzt5lGoeH9A,Gt,0,2026-03-10T07:56:29Z,candidate
UgxE7J_Ull7gW8laXvd4AaABAg,Hzt5lGoeH9A,gujrat titans I ❤ you,3,2026-03-09T13:25:12Z,candidate
UgwNalqgUi2Ldm-kkHx4AaABAg,Hzt5lGoeH9A,🧿,1,2026-03-07T12:50:37Z,candidate
Ugxl3jr3amuHkAi3UPZ4AaABAg,Hzt5lGoeH9A,GT 💚💚💚💚💙💙💙💙💙💙💙🇮🇳🇮🇳🇮🇳🇮🇳🇮🇳🇮🇳🇮🇳🇮🇳🇮🇳🇮🇳🇮🇳🇮🇳🇮🇳💚💚💚💚💚💚💚💚💚💚💚💚💚💚,1,2026-03-03T09:01:18Z,candidate
UgwQCbftA11Tzobe9l54AaABAg,Hzt5lGoeH9A,GT 🖤🖤🖤🖤🖤🖤🖤🖤🖤🖤🖤,3,2026-02-20T05:37:50Z,candidate
UgzR_JtkFgaNus6V5Sl4AaABAg,Hzt5lGoeH9A,Is match mein shubman gill  Kitna ran banaya tha???,1,2026-02-17T15:33:57Z,candidate
UgzmxnU-XYgcsIQWH6h4AaABAg,Hzt5lGoeH9A,ma afka fan ho😊😊❤❤😇🤩,0,2026-02-10T09:32:58Z,candidate
UgyfaQLctDgLHeXLhZJ4AaABAg,Hzt5lGoeH9A,So best GT and Shubman Gill😩😩😩 🌚🌚🌚😈😈😈😳😳😳😉😉😉🖕🖕🖕,0,2026-02-10T02:56:51Z,candidate
UgyLwq0HftsAg7tRUot4AaABAg,Hzt5lGoeH9A,Happybirthdoysai🎉🎉🎉,3,2026-02-08T02:52:58Z,candidate
UgxbhlEe74cn8FKUldF4AaABAg,Hzt5lGoeH9A,GT power🔥Shubman Gill and Sai 🔥🔥🔥❤️,5,2026-02-07T12:13:04Z,candidate
Ugw4KeSyxqObk1udorx4AaABAg,Hzt5lGoeH9A,❤❤❤,0,2026-02-01T06:16:56Z,candidate
UgwJ52_P08CtonP5Ydp4AaABAg,Hzt5lGoeH9A,Aura of shubman gill ❤❤❤❤,0,2026-01-16T11:29:20Z,candidate
UgxhOKQv_W05wfwbhFR4AaABAg,Hzt5lGoeH9A,Gt,4,2026-01-07T10:33:06Z,candidate
UgwSf-LEmN0Y9_0RdNB4AaABAg,Hzt5lGoeH9A,First time in the ipl history 200 target chased by 10 wickets in hand,2,2026-01-01T06:01:50Z,candidate
Ugx8hEhByaWjnoufMWh4AaABAg,Hzt5lGoeH9A,GT Power 🔥 Shubman Gill 🔥,3,2025-12-29T16:48:37Z,candidate
UgzH3JXEtvxp3yYfIfN4AaABAg,Hzt5lGoeH9A,❤❤❤❤,3,2025-12-23T11:40:05Z,candidate
UgxxNvzrBOGUbaorbbd4AaABAg,Hzt5lGoeH9A,"Once KOHLI-ABD now GILL-SAI.
2 double hundred partnership. 
One against CSK.",1,2025-12-16T16:27:23Z,candidate
UgwqRRFAck67uMo4zzV4AaABAg,Hzt5lGoeH9A,Gt power❤❤❤❤,4,2025-12-16T13:53:12Z,candidate
UgxeYPL0KC004KMhVIx4AaABAg,Hzt5lGoeH9A,Gt❤❤🎉🎉,4,2025-12-13T13:31:17Z,candidate
Ugx5tn5TYZLRgFTKlJ14AaABAg,Hzt5lGoeH9A,GT🤘🤘🤘🤘🤘🤘🤘🤘🤘💪💪💪💪💪💪💪💪💪💪,3,2025-12-13T10:08:02Z,candidate
UgyUVST2BVgyf2CyxzN4AaABAg,Hzt5lGoeH9A,Kl hundred,1,2025-12-08T10:56:05Z,candidate
UgzHnpG6WNUSeP3K2bZ4AaABAg,Hzt5lGoeH9A,GT power ❤❤❤❤❤❤and prod of gill and Sai Baba😊😊😊😊😊😊,22,2025-12-08T07:45:26Z,candidate
UgzAj-oVVUIPlmjOo214AaABAg,Hzt5lGoeH9A,Yes thrilling match I saw complete live match,6,2025-12-07T07:31:53Z,candidate
Ugz1NoCnLXocPHiy5cF4AaABAg,Hzt5lGoeH9A,Do bhai donon ka bhai,2,2025-12-06T09:24:26Z,candidate
Ugy269Tv8Y6toCy_g7p4AaABAg,Hzt5lGoeH9A,GT power of shubhman gill 🏏🏏🔥💪💪🔥💪🔥🔥💪💪🔥,213,2025-12-02T03:48:39Z,candidate
Ugy-Rp8zLeyc_JrS2wZ4AaABAg,Hzt5lGoeH9A,Gill ❤❤,26,2025-11-26T09:22:22Z,candidate
Ugw_jDDlY00Chy-eQDp4AaABAg,Hzt5lGoeH9A,GT gill and Sai Sudarshan. ❤❤❤❤❤❤❤🏏💯💯💯🎉🎉💯💝😀,95,2025-11-24T15:36:12Z,candidate
Ugy5pzBWz0T6PfyBSCZ4AaABAg,Hzt5lGoeH9A,Gt❤❤❤❤❤,22,2025-11-20T08:03:35Z,candidate
UgzF_Hw9Tn_O11Ff-9h4AaABAg,Hzt5lGoeH9A,So best Shubman Gill😈😈😈🥵🥵🥵,16,2025-11-07T16:44:41Z,candidate
Ugz4n-QbFLVfq0q3jgF4AaABAg,Hzt5lGoeH9A,Gill sai ❤,14,2025-11-04T15:18:39Z,candidate
UgySHL5hse17BLc-XEB4AaABAg,Hzt5lGoeH9A,🫱🫱😱😱😱😱😱,2,2025-11-04T11:00:06Z,candidate
UgxfBTkAm6HJCIffYxl4AaABAg,Hzt5lGoeH9A,Wowowoowoeowowoow,0,2025-10-31T18:02:45Z,candidate
UgxBfp4qfFq58GVWxh94AaABAg,Hzt5lGoeH9A,GT the goat🤫,16,2025-10-30T17:34:44Z,candidate
Ugwml9dtIM7pvDq7Ns94AaABAg,Hzt5lGoeH9A,GILL PAVAR 🖤💀💀💀💀☠️☠️🖤🖤🖤🖤💪💪💪💪💪,22,2025-10-26T08:23:50Z,candidate
UgzhkUhlfOHxYhSq4vF4AaABAg,Hzt5lGoeH9A,Power of GT Sai Sudarshan and shubman gill wow nice ☺️☺️☺️🙂☺️☺️❤❤❤🎉❤❤❤❤🎉🎉🎉🎉🎉,15,2025-10-26T06:09:51Z,candidate
UgzxAv4bw0k-VqEhd-J4AaABAg,Hzt5lGoeH9A,Abd and Virat,0,2025-10-25T17:54:04Z,candidate
Ugw1Oh1dMBnmeK20yQ14AaABAg,Hzt5lGoeH9A,Sai and prince on 🔥🔥🔥🔥🔥,59,2025-10-19T08:09:36Z,candidate
UgyjL7gd3Ezo_4AyEpd4AaABAg,Hzt5lGoeH9A,Gill and sai sudhrshan power and aura ❤❤❤💪💪😈👿👿💪😈😈😈😈😡💪💪😈😈😈❤️❤️🎉🎉👑👑👑💝💝💝💝😄,24,2025-10-02T11:09:14Z,candidate
UgyG4MdHR167cfwRRp94AaABAg,Hzt5lGoeH9A,GT baba DC dache,3,2025-10-01T07:33:22Z,candidate
UgwXtnQh0P-b1ikgtEV4AaABAg,Hzt5lGoeH9A,❤❤❤❤❤😮,1,2025-10-01T04:39:19Z,candidate
Ugwv4E5wHMNyaK3H6H54AaABAg,Hzt5lGoeH9A,Gt🎉🎉🎉😮😮😮,6,2025-09-29T10:53:22Z,candidate
UgxLlKf_kT15_2Iei-l4AaABAg,Hzt5lGoeH9A,😊Dc children GT 👑 king.,3,2025-09-29T08:00:11Z,candidate
UgxQ5ir2CHuC-O7LxMl4AaABAg,Hzt5lGoeH9A,Gill 93run sai 108run,4,2025-09-28T14:09:24Z,candidate
UgxKDDpMa9tMZjuv7Tt4AaABAg,Hzt5lGoeH9A,Gill and sai the power💪💪💪💪💪💪💪💪💪💪💪💪💪❤❤❤❤❤,25,2025-09-28T14:08:21Z,candidate
UgxP01DxJAOVujrkVlV4AaABAg,Hzt5lGoeH9A,Power gt,7,2025-09-16T09:59:53Z,candidate
UgxLylkRrdRlcIUXWvt4AaABAg,Hzt5lGoeH9A,"GT
gill ka raj ma gt ka aura hai",99,2025-09-09T07:36:12Z,candidate
UgxklhJTOFM4jHPVWOx4AaABAg,Hzt5lGoeH9A,King numbar 23❤❤,4,2025-08-17T14:43:03Z,candidate
UgzJ4cgzCklzdghWeLl4AaABAg,Hzt5lGoeH9A,🎉 sai❤❤,6,2025-08-02T13:40:54Z,candidate
UgxmLBqmNrmCCljYdLZ4AaABAg,Hzt5lGoeH9A,Sai Sudharsan Century❤❤🧿🦋💓🙂,25,2025-07-17T22:57:07Z,candidate
Ugy1IU6cXaAeuaGhj194AaABAg,Hzt5lGoeH9A,Shu,0,2025-07-11T11:53:57Z,candidate
UgyQ3FJ0hZYDU-sNTeJ4AaABAg,Hzt5lGoeH9A,"Gt against other team 🤯☠️💀
Gt against Csk all out in 2025",5,2025-06-30T06:46:05Z,candidate
Ugwc_843ONRgFD6CfoJ4AaABAg,Hzt5lGoeH9A,"Gill,sai❤❤",176,2025-06-24T08:26:45Z,candidate
Ugzwo0xjihFh_BZctQ14AaABAg,Hzt5lGoeH9A,Sai Sudarshan ☠️☠️☠️☠️☠️☠️☠️☠️☠️☠️☠️,32,2025-06-07T06:51:03Z,candidate
UgyxaesyPB_fipGMccx4AaABAg,Hzt5lGoeH9A,☠️☠️☠️☠️☠️☠️☠️🏴‍☠️🏴‍☠️🏴‍☠️🏴‍☠️,6,2025-05-20T06:38:39Z,candidate
UgxNWKvfwTKdUhBG1wF4AaABAg,Hzt5lGoeH9A,"Delhi should thank them if one of them would get out then buttler enter and u know very well ""buttler se kisi ki century hazam. Nhi hoti""",18,2025-05-19T06:41:39Z,candidate
UgxqqTnqyTSvF3Z-9354AaABAg,1S5kLaSBbRs,I’m glad ppl didn’t mistake him to be Sam Curran,0,2024-08-13T18:44:08Z,candidate
UgxUPIp8U-0Uc1YkJ-d4AaABAg,1S5kLaSBbRs,Sam curran retires from cricket and joins sports journalism😂😂😂😂😂,7,2024-06-17T13:16:44Z,candidate
UgzOpBL7iZXlTYdNbY14AaABAg,1S5kLaSBbRs,😅,1,2024-06-11T12:35:53Z,candidate
UgxcPgISM1n0k54jh-x4AaABAg,1S5kLaSBbRs,Hehehe that’s me in the first scene!!!!!,1,2024-05-15T06:31:27Z,candidate
UgxBXCx29l8ZRkKJ9zh4AaABAg,1S5kLaSBbRs,I am Jeakings super fan,4,2024-04-30T13:09:19Z,candidate
UgxfwbTQWW4U-cXbdXl4AaABAg,1S5kLaSBbRs,Great interviewing Jake! 👍,3,2024-04-28T13:51:33Z,candidate
UgyiMHFUQX5Gxf1RejJ4AaABAg,1S5kLaSBbRs,Good luck bro for ur channel,2,2024-04-28T06:27:54Z,candidate
UgzT4cNpdbKnvZEH-kh4AaABAg,1S5kLaSBbRs,bro please upload video regular 🎉❤,1,2024-04-28T05:05:14Z,candidate
UgzBDl-ILg1CaOgEygZ4AaABAg,1S5kLaSBbRs,Mark my word india is not wining the world cup it's world cup is for England and Australia,0,2024-04-28T04:46:15Z,candidate
UgzH_uKnyuCivOXA8fp4AaABAg,1S5kLaSBbRs,My brother jake love you,2,2024-04-27T18:55:28Z,candidate
UgwzcAbm16w90MaXCUZ4AaABAg,1S5kLaSBbRs,Loving the cricket content! Can't wait to see more!🏏💙,5,2024-04-27T14:55:19Z,candidate
Ugx2uI3UgHBNV7LefX14AaABAg,1S5kLaSBbRs,16th subscriber bro,2,2024-04-27T14:50:23Z,candidate
UgxALgUywuqjjARr2fJ4AaABAg,1S5kLaSBbRs,very nice,3,2024-04-27T14:49:28Z,candidate
UgyplORHIJUHJarsy9l4AaABAg,1S5kLaSBbRs,"Tata Ipl 2024 Final
Rajasthan Royals Vs Sunrisers Hydrebad",1,2024-04-27T14:45:19Z,candidate
Ugwyinut9MsSFGp0ds14AaABAg,1S5kLaSBbRs,IM YOUR 4TH SUBSCRIBER!!,2,2024-04-27T14:23:16Z,candidate
UgzSpp9sWx5SSYGLeod4AaABAg,1S5kLaSBbRs,"Delhi is always the first place to start , well done bro 👏",6,2024-04-27T14:22:24Z,candidate
UgwDP1QVeGWOBoDaaM94AaABAg,Is_u8qjTBQ8,Wow,0,2026-08-09T11:19:24Z,candidate
UgyClBrsmaA8-p_vryl4AaABAg,Is_u8qjTBQ8,❤❤❤❤❤❤❤❤❤,0,2026-08-09T11:19:14Z,candidate
UgyFVStEEVfYH3i7Z9R4AaABAg,Is_u8qjTBQ8,Rcb ne kese haraya😂😂😂😂😂,0,2026-08-09T08:36:38Z,candidate
Ugx3fw-lMM6V40JFfOp4AaABAg,Is_u8qjTBQ8,RCB ki Sabse Badi kamjori lower batsman hai,0,2026-08-08T11:07:54Z,candidate
Ugy0hNPOkYZ2X9Alu254AaABAg,Is_u8qjTBQ8,❤❤❤❤❤❤❤❤❤❤❤,0,2026-07-29T16:02:12Z,candidate
UgzQ3PHpt_lnOAIyhS94AaABAg,Is_u8qjTBQ8,Mara favourite bollar,0,2026-07-27T07:58:43Z,candidate
UgzB6pfGqoi29VU2Vb94AaABAg,Is_u8qjTBQ8,❤️,0,2026-07-18T03:07:12Z,candidate
Ugzv4rI69YIiIts5-gV4AaABAg,Is_u8qjTBQ8,❤❤❤❤❤❤❤siraj,0,2026-06-28T15:32:25Z,candidate
Ugzk_u_sUAmIJOg-osh4AaABAg,Is_u8qjTBQ8,𝗦𝗶𝗿𝗮𝗷 𝗺𝗶𝘆𝗮 𝗺𝗮𝗴𝗶𝗰🪄 🧿🎀💙✨,1,2026-06-27T14:44:49Z,candidate
UgxkD1yrr7rVriZNPOl4AaABAg,Is_u8qjTBQ8,Release M.D siraj and take shivam duba,0,2026-06-26T05:14:22Z,candidate
UgybxTQl6ing001E9d94AaABAg,Is_u8qjTBQ8,Miya magic ❤❤,0,2026-06-20T13:29:53Z,candidate
UgyQ_uYcxG9LOax_r8R4AaABAg,Is_u8qjTBQ8,Miss miyan bhai from rcb yaar ❤❤😢,0,2026-06-13T05:25:08Z,candidate
UgwSSNpl7_LRtZIOYUN4AaABAg,Is_u8qjTBQ8,"D S P
❤❤❤❤❤❤❤❤❤❤❤❤❤🎉🎉🎉🎉🎉😊 siraj",0,2026-06-06T01:38:05Z,candidate
Ugzh4ZsreM5Jk_3F-4Z4AaABAg,Is_u8qjTBQ8,RCB 👑👑👑,0,2026-06-05T08:37:11Z,candidate
Ugy_yLfuhxlXDpdEenl4AaABAg,Is_u8qjTBQ8,Sai sudharsan's bat is also slipping in practice matches,0,2026-05-31T05:54:31Z,candidate
Ugwk0eOI-EiiSjLAust4AaABAg,Is_u8qjTBQ8,🎉🎉🎉,0,2026-05-29T23:25:08Z,candidate
UgxrCwFUXa0NWUU2bp14AaABAg,Is_u8qjTBQ8,❤❤,0,2026-05-29T23:25:04Z,candidate
Ugz5qO5Pvs6AbKKQArN4AaABAg,Is_u8qjTBQ8,Khujoriya ko hatiya match,0,2026-05-29T05:28:09Z,candidate
UgxCKf8O2HJNR8Q5IEx4AaABAg,Is_u8qjTBQ8,😮😮😮😮😮,0,2026-05-28T14:35:13Z,candidate
UgzVEXDNuSgMSXziept4AaABAg,Is_u8qjTBQ8,Miyan magic ❤❤,0,2026-05-25T09:32:58Z,candidate
Ugwg2tBItNxO7yZIFuR4AaABAg,Is_u8qjTBQ8,Please try ki video lalo na❤❤❤❤🎉🎉😢😢😢,1,2026-05-24T08:00:16Z,candidate
UgxgfIOmj3Xui0bllTF4AaABAg,Is_u8qjTBQ8,I love you siraj❤❤,1,2026-05-22T18:11:49Z,candidate
Ugw5Ilax1IB177L3x-h4AaABAg,Is_u8qjTBQ8,M,0,2026-05-16T06:23:02Z,candidate
Ugy0gUKnoAAd-FsorUB4AaABAg,Is_u8qjTBQ8,Iam gt fan,0,2026-05-15T10:37:49Z,candidate
UgyX4aegjUzfAoxBHhh4AaABAg,Is_u8qjTBQ8,Rcb management a very much tq to you for giving dsp siraj to gt 😊😊😊,0,2026-05-14T03:05:33Z,candidate
UgxKtVQVNsSrja6SfqR4AaABAg,Is_u8qjTBQ8,Only sirja ❤❤❤,0,2026-05-13T07:49:17Z,candidate
UgzTwnsnlTMlCvGQIah4AaABAg,Is_u8qjTBQ8,Kya bowling Hai Miyan magic is bar pakka Hyderabad ko Hara aaenge😊😊😊,1,2026-05-12T11:23:50Z,candidate
UgwUkcHRozcdRYk3pUR4AaABAg,Is_u8qjTBQ8,How saw M.Siraj throwing the last ball and then M.Siraj face😂😂😂😅🤣😆,0,2026-05-10T10:43:40Z,candidate
Ugyt84giWwHqd0XJ4s54AaABAg,Is_u8qjTBQ8,Siraj Bhai 😊😊😊,0,2026-05-06T09:11:30Z,candidate
UgzpUEFvIHhzbbizWMZ4AaABAg,Is_u8qjTBQ8,Please win GT V CSK 😊❤,0,2026-04-26T08:11:49Z,candidate
UgxNvd5gKAYgznuNqH54AaABAg,Is_u8qjTBQ8,❤❤❤❤❤❤😢😢😢,0,2026-04-16T06:02:33Z,candidate
UgxBMOy_Db3bTe7erd14AaABAg,Is_u8qjTBQ8,Pathum front of siraj🤡,1,2026-04-13T15:47:30Z,candidate
UgwFJTRvVTENSwalkRN4AaABAg,Is_u8qjTBQ8,Hello taitan me tu Mara sabse acha fen ju,1,2026-04-10T13:38:28Z,candidate
UgzNVf_QTiOsJmhvgT54AaABAg,Is_u8qjTBQ8,❤❤,0,2026-04-08T08:26:54Z,candidate
UgwIDeGxCySfyYTeCbt4AaABAg,Is_u8qjTBQ8,Shubman gill science Sudarshan Josh butler Kumar kushagra,0,2026-04-08T05:56:31Z,candidate
UgzTAGPHPZ00MTxr54N4AaABAg,Is_u8qjTBQ8,We want jason holder❤,0,2026-04-07T01:50:08Z,candidate
Ugy8grR3WiVEIcYnijt4AaABAg,Is_u8qjTBQ8,Match me nahi,0,2026-04-04T17:55:54Z,candidate
UgzMeLbn1_BQRpRhrpV4AaABAg,Is_u8qjTBQ8,"Siraj bro skillin bowling 140+ pace , tight line & length 🥵☠️",0,2026-04-02T06:01:26Z,candidate
Ugz9zL1GL_mvaeMTCsd4AaABAg,Is_u8qjTBQ8,😢😢😮😅😂,0,2026-04-01T13:49:43Z,candidate
UgzpAUpocPO-ve1YayB4AaABAg,Is_u8qjTBQ8,Siraj is amazing 👏,0,2026-04-01T09:14:39Z,candidate
UgxD0TQ71VPzYPn8AQl4AaABAg,Is_u8qjTBQ8,Veri nice 😮😮😮,0,2026-03-29T19:29:25Z,candidate
UgzEC7S-VBmNQ7A59gF4AaABAg,Is_u8qjTBQ8,Nice effects DSP sir's and my dear friends and my dear cutie captain ji love life ❤❤❤❤,0,2026-03-29T06:10:08Z,candidate
UgwFWID90gD399CfcSh4AaABAg,Is_u8qjTBQ8,DSP 🚨,0,2026-03-29T03:32:33Z,candidate
Ugwu8M9pOliPHNmsh9h4AaABAg,Is_u8qjTBQ8,❤❤😊❤😊❤,2,2026-03-28T09:12:03Z,candidate
UgxriZMpQMZMuYSOMwJ4AaABAg,Is_u8qjTBQ8,Maybe 💜🧢 cap in this season 2026,0,2026-03-28T07:27:34Z,candidate
UgzSvPKPD05VPWeYlUp4AaABAg,Is_u8qjTBQ8,Ye Rutherford bhul nahi gaya ke vo MI me he,0,2026-03-28T07:24:02Z,candidate
Ugw0KSKY9OgNoc1MhLl4AaABAg,Is_u8qjTBQ8,2 wicket is all credit give to batlar,0,2026-03-28T04:01:12Z,candidate
UgyCySNMVtiqzzGtgFZ4AaABAg,Is_u8qjTBQ8,Power of miyan ❤,0,2026-03-27T16:19:33Z,candidate
UgzodZ98dl9xHiN-Wch4AaABAg,Is_u8qjTBQ8,Vaibhav siraj ki lega😂😂😂😂,1,2026-03-27T05:58:47Z,candidate
UgyQfPNUlLNyk0KE7uJ4AaABAg,Is_u8qjTBQ8,❤❤,0,2026-03-27T04:12:22Z,candidate
Ugy85SsAvD9OXMDjwwx4AaABAg,Is_u8qjTBQ8,Good❤❤😮😮😮,0,2026-03-26T14:26:45Z,candidate
Ugw9u5h3Yj_Y8LyDf-t4AaABAg,Is_u8qjTBQ8,Siraj,0,2026-03-26T12:32:24Z,candidate
Ugwx7eqoU0VX2mWQJxt4AaABAg,Is_u8qjTBQ8,Mohammad Siraj total wicket  in this session 20 wicket,0,2026-03-26T10:51:31Z,candidate
Ugz4N4pYWuDlw0v5l2F4AaABAg,Is_u8qjTBQ8,DSP Saab,0,2026-03-26T09:57:20Z,candidate
Ugy2NKjcUaKChksdLKl4AaABAg,Is_u8qjTBQ8,Nice ❤❤,0,2026-03-25T14:01:52Z,candidate
Ugw94yMpbyWU-VCg51p4AaABAg,Is_u8qjTBQ8,GT batting looks poor,0,2026-03-25T03:18:52Z,candidate
UgxsgZobMsnKMpUF6n14AaABAg,Is_u8qjTBQ8,Suraj please come back to RCB 😢😢😢,0,2026-03-25T03:09:31Z,candidate
Ugy5ILsvn72lDbTHzTV4AaABAg,Is_u8qjTBQ8,I don’t like this man’s attitudes but he’s line and length in bowling is superb ✌️,0,2026-03-24T16:03:39Z,candidate
UgzYfK5B3zpbHowTUmp4AaABAg,Is_u8qjTBQ8,Miya,0,2026-03-24T15:40:41Z,candidate
Ugy4t9j32mQMfrixly54AaABAg,Is_u8qjTBQ8,Miya Bhai ke face fir se glow karne laga hai 😂,0,2026-03-24T15:13:25Z,candidate
Ugzf5X88ZvE6IJZXc9N4AaABAg,Is_u8qjTBQ8,Purani video hai..rutherford to Mumbai mei hai…,0,2026-03-24T11:37:12Z,candidate
UgwjaWGpkwcNziVFtUd4AaABAg,Is_u8qjTBQ8,Superb,0,2026-03-24T05:19:14Z,candidate
UgyMFlQqw0WLnHpI0W54AaABAg,Is_u8qjTBQ8,Mohammed Siraj day by day💀💀,0,2026-03-23T06:50:25Z,candidate
UgwG32s2a5CQzje6zch4AaABAg,Is_u8qjTBQ8,Rutherford is in Mumbai......,0,2026-03-23T02:04:12Z,candidate
UgyNuwgnfbAS8jseQNV4AaABAg,Is_u8qjTBQ8,My boy Siraj ❤❤❤,0,2026-03-22T17:50:01Z,candidate
UgwtVdmvQVzWn-x0jy54AaABAg,Is_u8qjTBQ8,Purana video he,0,2026-03-22T07:08:31Z,candidate
UgykruTGHUjUuR4tUP54AaABAg,Is_u8qjTBQ8,¿,0,2026-03-21T12:28:50Z,candidate
UgyJXp4RaA0yzbv8F914AaABAg,Is_u8qjTBQ8,Rr copy,1,2026-03-21T00:41:44Z,candidate
UgzC-hVX9HOPLyE9ZhJ4AaABAg,Is_u8qjTBQ8,Why he cannot hit the hard length,0,2026-03-18T18:30:27Z,candidate
Ugz6fzdYRNoR2iXP39F4AaABAg,Is_u8qjTBQ8,I love gujarat titan,0,2026-03-18T15:50:32Z,candidate
UgwFsErhSKXltSTIJlV4AaABAg,Is_u8qjTBQ8,Wow brilliant bowling miya❤ GT fann,0,2026-03-18T12:51:13Z,candidate
Ugw-mpELG_icIxrdCMR4AaABAg,Is_u8qjTBQ8,Siraj bhai ke samne kohi kuch bola sakta hai kya ye  Siraj bhai 😂❤😂,0,2026-03-17T13:34:30Z,candidate
UgzuIQ-6yMh5ka0iWQ94AaABAg,Is_u8qjTBQ8,Out,0,2026-03-16T18:03:15Z,candidate
Ugym7hhcFyAEZia7GsB4AaABAg,Is_u8qjTBQ8,17,0,2026-03-15T08:08:35Z,candidate
UgyiUmB0N78HD3JsKN14AaABAg,Is_u8qjTBQ8,Apne hi team ke batter ko out krke khush ho rhe hain 😢😢,0,2026-03-14T11:42:35Z,candidate
UgzmwwyOIaTrnZtJwT94AaABAg,Is_u8qjTBQ8,Gill sir big fan aapke batting ke tips chahiye,0,2026-03-14T11:08:14Z,candidate
Ugz8F9SFDlbpjMi0zXx4AaABAg,Is_u8qjTBQ8,Waiting for GT vs RCB🔥,0,2026-03-12T18:31:57Z,candidate
UgyFnI9ucR_5B8fwgfJ4AaABAg,Is_u8qjTBQ8,"SIRAJ TOTAL WICKER IN ALL FORMATS 
T20 ______?
1DAY______?
TEST_______?
IPL_________?
Ranji_______?",0,2026-03-11T19:45:59Z,candidate
Ugwe6Qrdjol-Z6Rbp-t4AaABAg,Is_u8qjTBQ8,Who is here after india in the finals t20 world cup,0,2026-03-08T03:07:00Z,candidate
Ugyns6BBSV7U9Ks5Q5h4AaABAg,Is_u8qjTBQ8,Miya magic,0,2026-03-07T12:28:19Z,candidate
UgydAaMBAXPN4o1C45F4AaABAg,Is_u8qjTBQ8,ANUJ RAWAT CATCH 🫡,0,2026-03-04T08:29:34Z,candidate
Ugzs503Q7ExK7NqXT7N4AaABAg,Is_u8qjTBQ8,Rutherford in tried MI 🫤,0,2026-03-03T15:15:10Z,candidate
UgyBWXmmQINu5sjtkXJ4AaABAg,Is_u8qjTBQ8,Keeping catch so goated,0,2026-02-27T12:51:38Z,candidate
UgxKCulJ2N4ww7RbUVd4AaABAg,Is_u8qjTBQ8,❤❤❤❤,0,2026-02-27T10:26:24Z,candidate
UgzTMIYviHcKzs-eUbh4AaABAg,Is_u8qjTBQ8,No one is talking about  keepers flying catch😢,0,2026-02-24T18:00:59Z,candidate
Ugz1Rm_Ql39TLvfa6Ut4AaABAg,Is_u8qjTBQ8,❤,0,2026-02-23T14:31:29Z,candidate
UgzxKRQ-8m6a5DfhwVl4AaABAg,Is_u8qjTBQ8,Hi,0,2026-02-23T03:24:58Z,candidate
Ugy1XxINN1yGe5cPaKp4AaABAg,Is_u8qjTBQ8,😂❤😂😂❤🎉😂😮😂😮,0,2026-02-23T03:24:53Z,candidate
UgxsnWMgV7-2-1Ff52F4AaABAg,Is_u8qjTBQ8,I see the fact or myth when the umpire down his head the siraj bowled wickets when he stood up the siraj didn't,1,2026-02-22T01:51:12Z,candidate
Ugx57_FRKqsbfRo8_ap4AaABAg,Is_u8qjTBQ8,Siraj express ❤,0,2026-02-16T08:32:01Z,candidate
UgyGV4sEEjuExXFCeXx4AaABAg,Is_u8qjTBQ8,The ball is literally going so fast like a bullet of a gun,0,2026-02-08T01:42:23Z,candidate
UgwuaxgrfrcjacxjiKl4AaABAg,Is_u8qjTBQ8,Ask rcb fans what pain they have right now after he's going😢😢,0,2026-02-07T01:14:11Z,candidate
UgyntCBJ6MrTnptmRSl4AaABAg,Is_u8qjTBQ8,.,0,2026-02-02T17:57:12Z,candidate
UgynlWZVZbVsi3Pyri14AaABAg,Is_u8qjTBQ8,Limitless efforts of all human beings,0,2026-01-09T17:43:50Z,candidate
UgyF92miFKSG3eHjKLt4AaABAg,Is_u8qjTBQ8,Vvs laxman umpire😂,1,2026-01-06T04:34:32Z,candidate
UgxPcgFg0pB5XIsHIXl4AaABAg,Is_u8qjTBQ8,Gt,0,2026-01-06T04:32:33Z,candidate
UgzQK5DCiyrrXryMWTR4AaABAg,Is_u8qjTBQ8,Mere ko bi  IPL ME AANA H PLZ SOMEONE HELP ME ❤😢😢😢,0,2026-01-05T17:47:44Z,candidate
UgxtOdTHMRjg8w47Jtp4AaABAg,Is_u8qjTBQ8,"Fear 😨 of siraj
Sirajophobia😂",0,2026-01-05T07:54:32Z,candidate
UgyNq6v40qTcoGveSTl4AaABAg,Is_u8qjTBQ8,🔥,0,2025-12-28T18:35:48Z,candidate
UgzV_uUwctsMCydM7tl4AaABAg,Is_u8qjTBQ8,Rcb blood😢,0,2025-12-17T14:31:27Z,candidate
Ugzs_HN5uTK3c6LfHSJ4AaABAg,Is_u8qjTBQ8,Mera favourite bowler hai jo hai Mohammad Siraj ❤❤,1,2025-11-26T14:57:16Z,candidate
Ugw-5TzGfOP6HhOr4Nl4AaABAg,Is_u8qjTBQ8,Hi,0,2025-11-08T11:57:03Z,candidate
UgyhPEJpPwUQFQb9GS14AaABAg,Is_u8qjTBQ8,GT please target 2026 IPL in Mohammed Shami and David Miller and New Zealand bowler and likely to dairil Mitchell,0,2025-10-29T11:37:48Z,candidate
Ugw5ONaWNhEnXJUfrkJ4AaABAg,Is_u8qjTBQ8,His last reaction is so cute 💙💙💙,2,2025-10-08T16:53:35Z,candidate
UgwpX1HJb_u5KPWz2Sp4AaABAg,Is_u8qjTBQ8,His last reaction is so cute 💙💙💙,1,2025-10-08T16:53:35Z,candidate
Ugyrl7ldVeMLo01wGax4AaABAg,Is_u8qjTBQ8,I am Gujarati,1,2025-10-06T14:48:58Z,candidate
Ugx4ASDeEMGphOK-J-Z4AaABAg,Is_u8qjTBQ8,"Siraj ok , but why is s.gill in wk position doing good",0,2025-09-22T08:54:03Z,candidate
Ugz1Onom7Ux5GsJfTuZ4AaABAg,Is_u8qjTBQ8,Siraj Mia,0,2025-09-19T14:52:46Z,candidate
UgzvAmi4gsw-jD3tcVV4AaABAg,Is_u8qjTBQ8,bhai siraj just washed englishmen at oval.,0,2025-08-07T17:26:17Z,candidate
UgwsjtaTe6Y1E0WWaed4AaABAg,Is_u8qjTBQ8,❤❤❤❤😊,0,2025-08-06T11:46:00Z,candidate
Ugyj5MLPc8HAtMjCd0J4AaABAg,Is_u8qjTBQ8,Rcb? 😢,0,2025-08-02T14:31:09Z,candidate
UgzjafsgPVmIGd_Gk4h4AaABAg,Is_u8qjTBQ8,Siraj improving his bowling but keeper take a exilent catch❤❤,0,2025-07-28T16:14:34Z,candidate
UgxqhaoGudGc4SzwOud4AaABAg,Is_u8qjTBQ8,Worst bowler ever 😂😂😂😂 siraj,0,2025-07-27T09:16:36Z,candidate
UgzDXfcPJ2yxXG1Tx8R4AaABAg,Is_u8qjTBQ8,Best of Mohammad Siraj 💓💓💓💓💓💓💓💓💓💓💓💓💓💓💓💓💓💓💓💓💓💓💓💓,1,2025-07-23T12:51:09Z,candidate
UgwbIDFwlYY1R1ywbw14AaABAg,Is_u8qjTBQ8,BAST of,0,2025-07-23T12:50:45Z,candidate
UgzH9qnAp0OIDESmCEN4AaABAg,Is_u8qjTBQ8,Cricket ❤❤dro ❤❤❤❤❤,0,2025-07-18T09:44:41Z,candidate
UgyiGCFTiO7l1uEMsnl4AaABAg,Is_u8qjTBQ8,❤️,0,2025-06-17T17:51:45Z,candidate
Ugw8PVKChCKz_KTz5314AaABAg,Is_u8qjTBQ8,He looks better in rcb jersey❤,0,2025-06-08T12:23:02Z,candidate
UgyjGVr8vZUgaEA3BAh4AaABAg,Is_u8qjTBQ8,गुजरात titan Ki video भेजो अशिष नेहरा की interview lo Gt FiX player 2026,1,2025-06-07T04:11:25Z,candidate
Ugyzl-Hl_5mS08O2Uxp4AaABAg,Is_u8qjTBQ8,❤️😊,0,2025-06-04T06:11:26Z,candidate
UgxzXwUwcm3rOlhIHjx4AaABAg,Is_u8qjTBQ8,Who is watching this after gt loose against mi😢😢😢,0,2025-06-03T13:12:09Z,candidate
Ugzy-wJS5wdETmBqrY94AaABAg,Is_u8qjTBQ8,As an gt fan PHODIOOOOOO,0,2025-05-27T13:58:47Z,candidate
UgzZoj1EZ_mJ6QYkVCd4AaABAg,Is_u8qjTBQ8,Gtper Kisi Ne najar laga diye😢😢😢😢😢😢😢😢😢😢 LSG lose csk loose,0,2025-05-27T08:36:55Z,candidate
Ugzy_ycGqPDCQv32j9l4AaABAg,Is_u8qjTBQ8,Hy Gujarat Titans please bolo 😢,0,2025-05-26T13:00:26Z,candidate
UgxHjy56beJ_FeGvJZt4AaABAg,Is_u8qjTBQ8,Once you was in rcb ❤ we loved you a lot  now this is time GT fans to be loved,0,2025-05-25T11:01:37Z,candidate
UgxVDmBlWg6Sv-L87Ah4AaABAg,Is_u8qjTBQ8,keepers gloves ❤❤❤,0,2025-05-23T08:49:30Z,candidate
UgzI1ASD1kjGvx-uxph4AaABAg,Is_u8qjTBQ8,GT so strong bowling and batting as well,0,2025-05-22T14:35:43Z,candidate
Ugy_ZI4gjLm7f96uBbR4AaABAg,Is_u8qjTBQ8,❤,0,2025-05-21T12:45:49Z,candidate
UgxdOW0grmqEUuou32l4AaABAg,Is_u8qjTBQ8,"Sudarsan in practice 😂
Sudarsan in match ☠️🙏🏻",0,2025-05-19T10:04:28Z,candidate
UgxUMyfRADlQ7g9PpFZ4AaABAg,Is_u8qjTBQ8,😮😮😮,0,2025-05-08T08:23:34Z,candidate
UgwWfkB0o9glHgXqmch4AaABAg,Is_u8qjTBQ8,Naariyal Pani ka asar,0,2025-05-06T21:44:35Z,candidate
Ugw19U0u07-LH8GxOCR4AaABAg,Is_u8qjTBQ8,That aaa sound😂😂,1,2025-05-04T17:20:37Z,candidate
Ugyioej8juYFRJZ652p4AaABAg,Is_u8qjTBQ8,Gt❤❤❤❤❤❤❤❤❤❤,1,2025-05-03T03:13:04Z,candidate
Ugz5clVfCmPKhgqBWXB4AaABAg,Is_u8qjTBQ8,Good bowling!!!,1,2025-04-14T05:10:23Z,candidate
UgzYZm-ptC6R8V8XV1h4AaABAg,Is_u8qjTBQ8,Siraj bhai❤,0,2025-04-09T10:03:00Z,candidate
UgwkDOQVAKMS5T1zD8x4AaABAg,Is_u8qjTBQ8,Last wala wicket hai..❤👆,11,2025-04-08T08:23:23Z,candidate
Ugz1YecxSrk2EvPZfXJ4AaABAg,Is_u8qjTBQ8,"RCB walon ne iska istemaal sahi nahi kiya
Nahi to yeh RCB me bhi ghatak hota",2,2025-04-08T01:36:04Z,candidate
Ugz3rLRifSPm5kbdUWt4AaABAg,Is_u8qjTBQ8,"M siraj will attitude go and give the lip kiss buffaloes sorry you also bufflo. Rcb vs Gt you take padikkal , salt wicket is good. You will over attitude . You was my centre finger",0,2025-04-02T14:35:45Z,candidate
UgwjuDWvqN52n_QY1bp4AaABAg,Is_u8qjTBQ8,Gt getaga🎉🎉,3,2025-03-28T11:20:40Z,candidate
UgyYkO0RznHQsIKOoZZ4AaABAg,Is_u8qjTBQ8,"He's so happy after leaving the 🍭🍭🍭🍭🍭🍭🍭🍭🍭🍭🍭🍭🍭🍭🍭🍭🍭🍭🍭🍭🍭🍭s club
& joining GT with a 🏆 already within 3years of ipl 🤣🤣🤣",0,2025-03-28T00:08:42Z,candidate
UgyG89br1HQ-FesRX-p4AaABAg,Is_u8qjTBQ8,Wrong umpiring,0,2025-03-27T23:23:43Z,candidate
UgxbrfazqLL2NyrMfDp4AaABAg,Is_u8qjTBQ8,That is lbw out,0,2025-03-27T23:23:24Z,candidate
UgxCi5ixn8tAElDUS8x4AaABAg,Is_u8qjTBQ8,"Miyan in practise match : ☠️☠️☠️
Miyan in real match :🤡🤡🤡🤡🤡",0,2025-03-27T07:33:20Z,candidate
UgyZ6NZZDx33y5XS5Pt4AaABAg,Is_u8qjTBQ8,Gill loser,0,2025-03-27T05:59:38Z,candidate
UgycI-9-YgW9hGf0sod4AaABAg,Is_u8qjTBQ8,What the soomoo,0,2025-03-27T01:52:25Z,candidate
Ugx0WAM1GtECB9pvx7t4AaABAg,Is_u8qjTBQ8,"Practice main toh dhoni bhi har ball 6 marte hain,iska matlab ye nahi wo match main bhi 6 hi marega,wo ata hi nahi hain batting karne",0,2025-03-26T12:19:41Z,candidate
Ugx2zx80LY-AZA3MviF4AaABAg,Is_u8qjTBQ8,Kal dekh liya bhai miya magic punjab ke saamne 👏 ✨,2,2025-03-26T05:39:20Z,candidate
UgwtM31GCCvLjvTpzSV4AaABAg,Is_u8qjTBQ8,In match 😢,0,2025-03-26T05:06:01Z,candidate
UgwtF3b48XouqoJP8dN4AaABAg,Is_u8qjTBQ8,Match ma nhi hoga magic😂😂,1,2025-03-25T22:33:18Z,candidate
UgwF-F8MRkH-uiegubR4AaABAg,Is_u8qjTBQ8,Siraj Bhai or virat Bhai💀💀💀💀,0,2025-03-25T16:52:28Z,candidate
Ugzcq7xBcqHW1mTHqU14AaABAg,Is_u8qjTBQ8,RCB me puri galat ki siraj ko nikal par bahat pastaenge,1,2025-03-25T04:19:35Z,candidate
UgytM4bTXKRvhSjvaJ54AaABAg,Is_u8qjTBQ8,Miss you siraj❤❤😢😢🤧🤧,0,2025-03-24T15:49:16Z,candidate
UgyxG7ELBnFA-h9289d4AaABAg,Is_u8qjTBQ8,सिराज भाई आप क्यों आरसीबी को छोड़कर चले गए❤❤❤❤❤❤❤❤❤😢😢😢😢😢😢😢,0,2025-03-24T14:55:08Z,candidate
UgwfmfsPcC6RHODtAxJ4AaABAg,Is_u8qjTBQ8,Dsp Siraj starting his villain arc❤,0,2025-03-24T11:58:54Z,candidate
UgzAF7I9cDze6AuwzMN4AaABAg,Is_u8qjTBQ8,His blood is still RCB s miss you miya bhai,0,2025-03-24T09:35:55Z,candidate
UgwaSOuo7H0Kxxbbbyh4AaABAg,Is_u8qjTBQ8,17 mumber 🎉🎉🎉,0,2025-03-24T08:32:47Z,candidate
Ugxpoo2SKULh16SKDqZ4AaABAg,Is_u8qjTBQ8,Worst bowler,0,2025-03-24T05:47:44Z,candidate
UgwAlJi_KAschZNMh6J4AaABAg,Is_u8qjTBQ8,"I, AM, miss, you, RCB 👑😱",0,2025-03-24T05:44:35Z,candidate
UgzpSeYXJZianzBffTp4AaABAg,Is_u8qjTBQ8,Weak batting gujrat and not a pro bowling,0,2025-03-23T14:42:16Z,candidate
Ugw24kguEFJejbGySF94AaABAg,Is_u8qjTBQ8,Miss you miyan😢,0,2025-03-23T08:29:03Z,candidate
UgypYewfG3cQfFB0Fcl4AaABAg,Is_u8qjTBQ8,Bhai mujhe kab bhej do Gujarat Titans wala chai peene wala Siraj ke autograph wala Danish Pathan bahut bada fan hu Siraj ka 😢,0,2025-03-23T08:28:52Z,candidate
UgxAr87np5rucF1Zt714AaABAg,Is_u8qjTBQ8,Ghatiya batting bhai no footwork 😾🥲,0,2025-03-23T08:20:49Z,candidate
UgzRU9nryOhcd_68Jq14AaABAg,Is_u8qjTBQ8,Siraj 😂😂,0,2025-03-23T08:16:03Z,candidate
Ugx3m-6QgKUQud__Hcx4AaABAg,Is_u8qjTBQ8,Bhai nehra g ka hath hoga us k sr pr,0,2025-03-23T08:14:08Z,candidate
Ugzqkr8h8VELkDKphw14AaABAg,Is_u8qjTBQ8,Bhai har baar nayi ball se daal raha tha kya,0,2025-03-23T07:18:01Z,candidate
Ugw0uzQCyk_YTL3N4X94AaABAg,Is_u8qjTBQ8,"This grounds will suit him nice,he will be among the leading wicket takers this season for sure",0,2025-03-23T06:40:51Z,candidate
UgwuVRQBUmQwo_nvqRR4AaABAg,Is_u8qjTBQ8,That catch by keeper ❤,0,2025-03-23T06:04:39Z,candidate
UgzhXoijeXPK7KHVo2J4AaABAg,Is_u8qjTBQ8,Good luck but i not miss in you rcb😂,1,2025-03-23T05:48:17Z,candidate
UgzL83jyL0jGJf2Bvip4AaABAg,Is_u8qjTBQ8,You are chor,0,2025-03-23T04:00:08Z,candidate
UgzkAMuQqnS3YGHR2-B4AaABAg,Is_u8qjTBQ8,Good luck siraj,0,2025-03-23T02:16:15Z,candidate
UgzTyTGYNX-hsdsaSOV4AaABAg,Is_u8qjTBQ8,True rcb fan know the feeling,0,2025-03-23T01:11:32Z,candidate
UgyHbtk2nD50SBoOFzt4AaABAg,Is_u8qjTBQ8,❤❤,0,2025-03-22T21:07:19Z,candidate
UgygYnvPmz_Crn8mWqx4AaABAg,Is_u8qjTBQ8,😂😂😂😂😂,0,2025-03-22T19:52:09Z,candidate
Ugyx8GRRVUfmTCDdiPV4AaABAg,Is_u8qjTBQ8,Acche batsman to laao😂😂😂,0,2025-03-22T17:36:44Z,candidate
UgyNfgVhhWy4wjgJP7J4AaABAg,Is_u8qjTBQ8,Pela round ma j bar thai jaso? Magic walina thaya so,0,2025-03-22T17:33:50Z,candidate
UgxQ-JPxGcdiLlYG05J4AaABAg,Is_u8qjTBQ8,Hardik pandya he kay,0,2025-03-22T15:54:25Z,candidate
UgzIb4BUkOVxBOrkSot4AaABAg,Is_u8qjTBQ8,RCB be like - gt mei Jake wicket le raha hei jab apne mei tha tab run de raha tha,1,2025-03-22T15:10:19Z,candidate
UgwzfEgm6APH_AbwjRR4AaABAg,Is_u8qjTBQ8,Waste bowler 😂😂,0,2025-03-22T13:40:22Z,candidate
UgwCjmdY_x1dY3Fzphx4AaABAg,Is_u8qjTBQ8,I miss Saraj bai,0,2025-03-22T13:34:32Z,candidate
UgxdnJPg5Wzbwg6BEgl4AaABAg,Is_u8qjTBQ8,Batting line up is poor,0,2025-03-22T13:29:20Z,candidate
Ugxjv08ZGszVrCPK5ZZ4AaABAg,Is_u8qjTBQ8,Pura rcb samaj dara hua hai😂,0,2025-03-22T13:11:30Z,candidate
UgzjlpDxBwoojtZ3pDB4AaABAg,Is_u8qjTBQ8,Siraj ❤,0,2025-03-22T13:03:54Z,candidate
UgyoDcWk0jz_XNxfqV14AaABAg,Is_u8qjTBQ8,I love you siraj,0,2025-03-22T12:55:53Z,candidate
Ugyls5Yqu2G4ihSWGEd4AaABAg,Is_u8qjTBQ8,Ye sala humare management ne ye kya kiya 😢,0,2025-03-22T12:48:00Z,candidate
UgyyWlgwUNojXTV26ml4AaABAg,Is_u8qjTBQ8,GT BOSS❤❤❤,0,2025-03-22T12:29:15Z,candidate
UgzfWBpIlFQ1U0ldvaF4AaABAg,Is_u8qjTBQ8,RCB diamond 😊,0,2025-03-22T12:19:19Z,candidate
UgzdaBoLX5XQv6JG2kl4AaABAg,Is_u8qjTBQ8,Respect button for siraj 🫡❤ but miss u form RCB😢,1,2025-03-22T12:10:34Z,candidate
UgyPsxfXDGLefyLZ_Th4AaABAg,Is_u8qjTBQ8,Best of luck,0,2025-03-22T12:03:59Z,candidate
Ugxj5A6G_Dl9RqzCUIh4AaABAg,Is_u8qjTBQ8,I CAN'T,0,2025-03-22T11:37:28Z,candidate
Ugy4AEiE7xaudBwgLTB4AaABAg,Is_u8qjTBQ8,Miya magic,0,2025-03-22T11:30:13Z,candidate
UgxZQ-QaHAGZ3ce73zZ4AaABAg,Is_u8qjTBQ8,"M siraj to rcb 
Thukra ke mera pyar mera inteqam dekhegi😂😂😂",1,2025-03-22T11:21:40Z,candidate
UgzuY7nm0lFHXThweGR4AaABAg,Is_u8qjTBQ8,siraj not got retained by rcb Clown manegement,0,2025-03-22T11:03:25Z,candidate
Ugxqfow4HD3wfNcyQYZ4AaABAg,Is_u8qjTBQ8,"💔 watching this as a RCBian 😢
But it is good he has improved 🥲",0,2025-03-22T10:58:33Z,candidate
UgzRp1QOjJI2S4A9XKt4AaABAg,Is_u8qjTBQ8,"If he gets hurt, he became ruthless.",0,2025-03-22T10:44:54Z,candidate
UgzSCw3IGc5hnEdzmkR4AaABAg,Is_u8qjTBQ8,ab siraj bhokal masayega ❤,0,2025-03-22T10:30:03Z,candidate
Ugz_iwn7rKKWnPZ7a9V4AaABAg,Is_u8qjTBQ8,Bhaichara itna hai ki virat ki wicket nahi le payega😢,0,2025-03-22T10:10:48Z,candidate
UgzjO10wdvJuPmQZ39J4AaABAg,Is_u8qjTBQ8,Inshallah mashallah subhanallah subhanallah subhanallah subhanallah subhanallah subhanallah subhanallah subhanallah subhanallah alhamdulillah,0,2025-03-22T10:10:30Z,candidate
Ugwnw6neIhX5WNR9ySt4AaABAg,Is_u8qjTBQ8,😂😂 RCB 😅,0,2025-03-22T10:02:22Z,candidate
UgwMJ3Cp6grExUGm9ed4AaABAg,Is_u8qjTBQ8,Bhai keeper kohn hai?,0,2025-03-22T10:00:19Z,candidate
UgwZzN0xIFroTjocv_V4AaABAg,Is_u8qjTBQ8,jo Bhi rcb Se jata hai Achaa player banta hai,0,2025-03-22T09:58:57Z,candidate
Ugzn6xVmL0iK_NAASf54AaABAg,yS0Fxj4LPw4,Jay ganpati bapa moriya❤❤❤❤❤❤,0,2026-05-26T09:51:05Z,candidate
UgzI6N1ff3FW0Zisn8R4AaABAg,yS0Fxj4LPw4,❤❤,0,2026-05-24T09:43:16Z,candidate
Ugwj8sTHROYDHUbqpBZ4AaABAg,yS0Fxj4LPw4,Rashid bhai ko hindi ati😅,0,2026-04-12T15:34:42Z,candidate
UgwDLONKYVioY1k4Pbl4AaABAg,yS0Fxj4LPw4,Rashid Karamati Khan 🔥,0,2026-04-09T15:31:28Z,candidate
Ugzo8QJH0lwfGklMQW94AaABAg,yS0Fxj4LPw4,Rashid is good 👍,0,2026-02-16T04:53:31Z,candidate
UgzIu4Wq_XMDuZoaCJt4AaABAg,yS0Fxj4LPw4,❤❤❤❤ rashid khan gift for Gugarat,0,2025-11-17T13:16:17Z,candidate
UgzEPLdI1kgsEzw6D554AaABAg,yS0Fxj4LPw4,He is the best circketer in the world. Love from India.,0,2025-09-14T18:09:47Z,candidate
UgzeVgoa8urglzxBxi94AaABAg,yS0Fxj4LPw4,Us book p ganpati bappa tha kisine notice hi nahi ka na comment kiya 😢 calo me hi lik deta hu Ganpati Bappa morya,0,2025-05-27T00:11:36Z,candidate
Ugws8M3PqY-rbR3wCxR4AaABAg,yS0Fxj4LPw4,Gt will win ❤❤❤,0,2025-05-01T16:27:35Z,candidate
UgyGofSTO5mbSPsw6hJ4AaABAg,yS0Fxj4LPw4,Ek selfie humko de do na😅😅😅😅,0,2025-04-15T05:07:11Z,candidate
UgyxA8WfIC-xgMNFv_94AaABAg,yS0Fxj4LPw4,Ganapati bappa morya ❤,1,2025-03-23T19:28:15Z,candidate
UgyntahJ7seimfc_JxV4AaABAg,yS0Fxj4LPw4,King 👑 RK19,0,2025-03-18T18:18:46Z,candidate
UgzCApVwoQGUYATOWtl4AaABAg,yS0Fxj4LPw4,❤❤❤❤🥂🥂🍻🥃🥃🍾🍾🎊🎊🙌🙌🤟🤟💯💯❤️🔝🔝🏏🏏,0,2025-03-10T07:08:00Z,candidate
UgzDTYpjmgiDc_aOObd4AaABAg,yS0Fxj4LPw4,❤❤❤❤❤❤,0,2025-01-08T05:59:38Z,candidate
UgzikXBxVQjPpoEDqSd4AaABAg,yS0Fxj4LPw4,Lagta he ki Virat Kohli he😊,0,2024-12-18T23:49:35Z,candidate
Ugxwnxg48vb97LDkwmh4AaABAg,yS0Fxj4LPw4,Meri Bus mein ek Afghanistan ka ladka tha uska naam Rashid muskan Ali tha vah Rashid Khan to bahut bada fan tha,0,2024-11-11T17:14:39Z,candidate
UgzmZrMMEWmyjHZwk354AaABAg,yS0Fxj4LPw4,❤❤❤❤❤❤❤❤❤❤,0,2024-11-05T16:34:25Z,candidate
UgzvjqwUTPzdshnSN9V4AaABAg,yS0Fxj4LPw4,Afghan Heart ❤,0,2024-10-09T17:59:42Z,candidate
UgzQVWW7hb9MnF3pv9x4AaABAg,yS0Fxj4LPw4,All the my best friends ❤❤❤❤❤ good effects ❤❤❤❤❤,0,2024-09-18T03:11:52Z,candidate
Ugztir9rRQCda87y2Ux4AaABAg,yS0Fxj4LPw4,Jai Gauri Shankra putra ganesh,1,2024-07-13T16:50:28Z,candidate
UgyD_M3F7K0dAns7cKZ4AaABAg,yS0Fxj4LPw4,Love ❤️ you Rashid Khan,0,2024-07-12T04:36:24Z,candidate
UgwdM0i_wj2dYBUqZ4V4AaABAg,yS0Fxj4LPw4,Love you khan sahab,0,2024-07-12T04:13:08Z,candidate
UgxPd6vyECN-8rVEQMp4AaABAg,yS0Fxj4LPw4,king,0,2024-07-07T20:16:26Z,candidate
UgxKnGs1qtJ0AdXYbZl4AaABAg,yS0Fxj4LPw4,Osm bhai ❤,0,2024-07-01T11:57:49Z,candidate
Ugw4ORpHl4o1YbK7fS94AaABAg,yS0Fxj4LPw4,Jay Shree Ram 🙏🙏🙏🙏🙏,0,2024-06-30T04:58:41Z,candidate
UgxEr25LRIVa18bNGuF4AaABAg,yS0Fxj4LPw4,❤❤❤❤❤❤😊😊😊😊,0,2024-06-28T13:40:57Z,candidate
UgwlWYAyDEzWunqcD-N4AaABAg,yS0Fxj4LPw4,"The ""Pentonic pen""😂",0,2024-06-27T11:11:07Z,candidate
UgxLudT7ergzXFxHAd54AaABAg,yS0Fxj4LPw4,गणपती बाप्पा मोरया 🙏🙏,0,2024-06-26T11:42:15Z,candidate
UgyNSH4D3p4BvNwgGxx4AaABAg,yS0Fxj4LPw4,Jai shree ganesh ji maharaj 🙏🏻,1,2024-06-24T22:41:43Z,candidate
UgxZnoIe8SMlsaWyF2x4AaABAg,yS0Fxj4LPw4,"If india wins this World Cup,
Would like to see Afghanistan lift 2025 CT,if india cannot win or potentially boycott pak travel😃",0,2024-06-22T20:47:22Z,candidate
Ugw1Jb-T3kR0FBoX5tF4AaABAg,yS0Fxj4LPw4,Likhne se pehle soch liya hota,0,2024-06-16T13:20:03Z,candidate
Ugy51JFD3AxJLdrxtF54AaABAg,yS0Fxj4LPw4,Fam,0,2024-06-16T13:19:33Z,candidate
Ugz7VNYUtWr08Ch0Svl4AaABAg,yS0Fxj4LPw4,Jay Mata Di,0,2024-05-27T12:04:04Z,candidate
Ugx4h863ci-wn07rnn14AaABAg,yS0Fxj4LPw4,Jay Shree Ganesh,0,2024-05-27T12:03:50Z,candidate
UgwiuSevwbByT3wGtHZ4AaABAg,yS0Fxj4LPw4,Jay Shree Krishna Radhe Radhe Hare Krishna,1,2024-05-27T12:03:43Z,candidate
UgwMW6O33TvC9U2Pzox4AaABAg,yS0Fxj4LPw4,Ganpati bappa morya,0,2024-05-16T06:50:23Z,candidate
UgxFMIXPxEhIPfegyzR4AaABAg,yS0Fxj4LPw4,I love you Rashid Bhai,0,2024-05-14T11:53:54Z,candidate
UgwmW0zPC3ZXEbgahu94AaABAg,yS0Fxj4LPw4,Ganpati bappa morya🔥🚩🔥,0,2024-05-13T12:27:57Z,candidate
UgxbdV_RmeRHD-hIZqJ4AaABAg,yS0Fxj4LPw4,I first think that he is ishan😭😭💀💀,1,2024-05-13T02:29:15Z,candidate
UgwF2BvI9Cl_s_akcJp4AaABAg,yS0Fxj4LPw4,"Kidar bhi hattrick nahi choda
😅😅",0,2024-05-12T20:44:12Z,candidate
UgyKCf6wnXx5t1Bggil4AaABAg,yS0Fxj4LPw4,U,0,2024-05-10T07:55:22Z,candidate
Ugyh71UCJQMVwA1dVwN4AaABAg,yS0Fxj4LPw4,I love you sar,0,2024-05-09T17:00:52Z,candidate
UgwTLOe1k_IMYOawpbZ4AaABAg,yS0Fxj4LPw4,ماشاءالله ❤❤❤❤❤,0,2024-05-02T07:14:15Z,candidate
Ugz-Xcm3zEiDKmzJa-R4AaABAg,yS0Fxj4LPw4,Very nice sir,0,2024-04-30T18:27:45Z,candidate
UgyxX6bwnxw14yQzxP14AaABAg,yS0Fxj4LPw4,❤,0,2024-04-30T08:16:35Z,candidate
Ugw2s-oifQUcM62RpLV4AaABAg,yS0Fxj4LPw4,Jai Shree Ganesh ❤,1,2024-04-29T12:32:14Z,candidate
UgwQUvpejZffmDL9Iah4AaABAg,yS0Fxj4LPw4,Ganpati bappa morya ❤❤❤,0,2024-04-28T03:49:29Z,candidate
Ugx4M54HRoN-WmvYTVx4AaABAg,yS0Fxj4LPw4,He is to loyal with fans love you rashid Khan from Hyderabad ❤❤❤❤❤,0,2024-04-27T18:35:32Z,candidate
UgxZ_pgRr2fV26m6U_B4AaABAg,yS0Fxj4LPw4,my favourite Thala and Rashid Khan,1,2024-04-26T05:28:50Z,candidate
UgzRtMjshYQ4DEnRF-Z4AaABAg,yS0Fxj4LPw4,Our proud Rashid ❤,0,2024-04-24T11:41:02Z,candidate
UgwTsVMpaD0afZ9dL6V4AaABAg,yS0Fxj4LPw4,Drkiv❤😊,0,2024-04-23T13:41:04Z,candidate
UgxasmYd3U9ckbDd_3N4AaABAg,yS0Fxj4LPw4,❤❤,0,2024-04-22T08:48:07Z,candidate
Ugya69rasGTicP83cz54AaABAg,yS0Fxj4LPw4,Likhwane wala inshan amar ho jaata h kya,0,2024-04-18T00:44:11Z,candidate
UgyiWNNyzxOb-jPNmJt4AaABAg,yS0Fxj4LPw4,Ganpati Bappa Morya,0,2024-04-16T05:59:43Z,candidate
UgwJTmOz8tARAGez0lp4AaABAg,yS0Fxj4LPw4,Love respect to our Indian Brother's and Sister's ❤️Jay Afghanistan Jay Hindustan🇦🇫🇮🇳,3,2024-04-14T22:45:18Z,candidate
UgwfpBFXtyiCcKOFtnx4AaABAg,yS0Fxj4LPw4,Rashid is very good ❤,0,2024-04-14T08:28:01Z,candidate
UgyyR1XkLumDfL4QnQ14AaABAg,yS0Fxj4LPw4,Rashid bhai ab bht achhe ho bhai,0,2024-04-13T13:06:13Z,candidate
UgzPOY3k7BLouKzyB4l4AaABAg,yS0Fxj4LPw4,Rashid❤,0,2024-04-12T07:35:14Z,candidate
Ugysy3cpYr15R4mW8hN4AaABAg,yS0Fxj4LPw4,Isse bolte haai ladki ka chakkar haan meri jaan😂😂,1,2024-04-10T19:09:16Z,candidate
Ugz67VZ3c3PNSDoZkgF4AaABAg,yS0Fxj4LPw4,Jai ganesh ji ❤️🙏,0,2024-04-06T02:45:00Z,candidate
UgxfwVbjSPoqChFdnPZ4AaABAg,yS0Fxj4LPw4,❤❤❤❤❤,0,2024-04-03T12:24:01Z,candidate
UgyeA-L1mvsoZj2KYzt4AaABAg,yS0Fxj4LPw4,King 👑,0,2024-03-26T16:19:42Z,candidate
UgxdR59hjxrDcDhSa_B4AaABAg,yS0Fxj4LPw4,Jai Ganesh devta,0,2024-03-26T12:14:50Z,candidate
Ugw7PpmkqxxKj4AfoFV4AaABAg,yS0Fxj4LPw4,He is from Afghanistan but Indians love more than his country,1,2024-03-24T11:42:31Z,candidate
Ugx_BrhCUgziqKO_tR54AaABAg,yS0Fxj4LPw4,Sir ne to hattrick kar di🎉🎉🎉🎉,3,2024-03-21T14:37:17Z,candidate
UgydixENzUQWrSJx6GB4AaABAg,yS0Fxj4LPw4,Aur is hi ke saath un bahen ne bola woh sach ho gaya aur rashid bhai ne hat-trick le li😊,0,2024-03-21T11:59:24Z,candidate
Ugw-Sd2GO8efLyW5UMN4AaABAg,yS0Fxj4LPw4,Excellent 👌👌 all rounder .....rashid bro,0,2024-02-27T04:03:22Z,candidate
Ugx0ZdbzyuPV22mb6ux4AaABAg,yS0Fxj4LPw4,Sanatani rasid,0,2024-01-16T15:11:08Z,candidate
UgzrhXnnUY2Xfc1ZwyR4AaABAg,yS0Fxj4LPw4,❤❤😂❤❤,1,2024-01-06T03:25:44Z,candidate
Ugy23HJDDCHXecJeGvd4AaABAg,yS0Fxj4LPw4,Bappa,0,2023-12-28T15:48:39Z,candidate
UgwCdjKZuMpFkbyCZxp4AaABAg,yS0Fxj4LPw4,❤❤❤❤❤❤❤❤,1,2023-12-28T14:24:16Z,candidate
Ugy-x5fF2qiiJ2gkl3R4AaABAg,yS0Fxj4LPw4,I'm from Afghanistan 🎉🎉🎉🎉1,0,2023-12-24T02:51:15Z,candidate
UgxVcmQUSVDMnXUl0jx4AaABAg,yS0Fxj4LPw4,The “hatrick” Line was epic 😂,0,2023-12-09T22:54:13Z,candidate
UgwWb5hvM6mzXYxmVWZ4AaABAg,yS0Fxj4LPw4,Ganpati bappa moriya 🙏,0,2023-12-04T11:27:01Z,candidate
Ugxdw5jWho80OWB4uxR4AaABAg,yS0Fxj4LPw4,🙏,1,2023-12-03T16:43:10Z,candidate
UgzbQrsOrmtqX7BgcJN4AaABAg,yS0Fxj4LPw4,Ganapati bappa morya❤,0,2023-12-02T15:29:36Z,candidate
Ugx6MgCWW2AmGXdy1_N4AaABAg,yS0Fxj4LPw4,Jay Ganesh ji,0,2023-11-28T12:08:14Z,candidate
UgzA1baoDnxuoNlQIoh4AaABAg,yS0Fxj4LPw4,Jai gnanpati bapa❤❤❤,0,2023-11-27T15:18:57Z,candidate
UgyXsNyMmX9gBSotD7B4AaABAg,yS0Fxj4LPw4,♥️💯💝💯,0,2023-11-27T10:40:43Z,candidate
UgyZEoINAboxuSdeeNN4AaABAg,yS0Fxj4LPw4,Ganpati Bappa morya,0,2023-11-26T15:15:05Z,candidate
UgzK9LmdXwPt5aMemNp4AaABAg,yS0Fxj4LPw4,Guru guru love all kiss also,0,2023-11-24T00:38:55Z,candidate
UgzJDMcjcG-Q7Oy33hl4AaABAg,yS0Fxj4LPw4,Ganpati bappa morya,0,2023-11-22T15:42:06Z,candidate
UgzYKAFJhqCsAiNtAXF4AaABAg,yS0Fxj4LPw4,Ganpati Bappa moriya❤,0,2023-11-22T13:36:42Z,candidate
UgyxwVoZIT5pWplQrw54AaABAg,yS0Fxj4LPw4,Ek selfie dedo bhai...😂,1,2023-11-21T15:39:56Z,candidate
UgxIiRrryUhmRrsCInh4AaABAg,yS0Fxj4LPw4,Jai Shree Ganesh Ji ❤️❤️❤️❤️❤️❤️🙏🙏🙏🙏🙏🙏,0,2023-11-21T15:22:10Z,candidate
UgyNlPN0cXIsWazIDt54AaABAg,yS0Fxj4LPw4,I am biggest fan of rashid Khan || Rashid bhai ke samne Koi bol sakta hai kya Rashid bhai❤❤,1,2023-11-21T05:21:47Z,candidate
UgzHvl89uIeFECGVAqF4AaABAg,yS0Fxj4LPw4,Jai maa bharti,0,2023-11-18T10:26:14Z,candidate
UgxHzk_jm4QQthEcN4l4AaABAg,yS0Fxj4LPw4,Jai shree ganesh ji🙏,0,2023-11-18T10:15:23Z,candidate
Ugxkd4-APmGRrNOD-FJ4AaABAg,yS0Fxj4LPw4,Jay baba Ganesh 🚩🚩,0,2023-11-17T17:49:54Z,candidate
Ugw2bsRR1PQxE-8ugGt4AaABAg,yS0Fxj4LPw4,Jai shree Ganeshay Namah ❤❤❤,0,2023-11-16T18:06:08Z,candidate
UgzGvXjEor42u8ypnAh4AaABAg,yS0Fxj4LPw4,he looks alike of kohli😅,0,2023-11-16T07:25:14Z,candidate
Ugw8icmUSKrfji4xeeZ4AaABAg,yS0Fxj4LPw4,♥️🌺🌹🙏,1,2023-11-14T05:43:28Z,candidate
Ugye_8jBO4-yvVh_BJ14AaABAg,yS0Fxj4LPw4,Man with no haters.,0,2023-11-14T04:13:36Z,candidate
UgzA9LjUJlmMpayxzG14AaABAg,yS0Fxj4LPw4,Hattrick of signatures,0,2023-11-13T01:15:12Z,candidate
UgxGs18PMjPASVsBwgl4AaABAg,yS0Fxj4LPw4,जय बाबा गणपती,0,2023-11-11T16:53:27Z,candidate
UgyY9qjEE0t8-Lrj7r54AaABAg,yS0Fxj4LPw4,Jai shree Ganesh❤,0,2023-11-11T13:34:29Z,candidate
Ugwz1fX8QnY0QPWfLBp4AaABAg,yS0Fxj4LPw4,🙏🙏🙏🙏🙏,0,2023-11-11T10:33:17Z,candidate
UgwunCU63CvMXuejFS14AaABAg,yS0Fxj4LPw4,Your documentary on LGBTQ and woke culture was awesome... Connecting with the bud Weiser was also superb...,0,2023-11-08T20:42:27Z,candidate
UgwkfpaCCzxY4B4KWKp4AaABAg,yS0Fxj4LPw4,"Agar diwali pe crackers band honge to world cup,new year , saadhi , election, etc in sab mein bhi band karne chahiye 
Or popution sabse jada industries karte h une bhi population kam karna chahiye 
Par ye na to koi Bollywood wala bolega or na hi media 
Log bas intezaar hi karte rah jayege",1,2023-11-08T16:39:17Z,candidate
UgxKcg31HKtP4snAkfx4AaABAg,yS0Fxj4LPw4,Ganpati Bappa morya 🧡🚩🔥✊🏻,2,2023-11-07T17:53:10Z,candidate
UgzHQtJfqMD8Wg3xdVN4AaABAg,yS0Fxj4LPw4,Not fam😂😂 only Fan,0,2023-11-07T12:52:28Z,candidate
UgyS19Ta4BP79xOxsAV4AaABAg,yS0Fxj4LPw4,Afghanistan ❤India from nepal,0,2023-11-06T18:46:44Z,candidate
Ugx4HsUFQLjrEM1MsJZ4AaABAg,yS0Fxj4LPw4,I love Rashid 🏏🤝❤,0,2023-11-06T17:21:13Z,candidate
UgyDiojklrsVBICmwwN4AaABAg,yS0Fxj4LPw4,Bhai na bolti to kam ho jata 😂,0,2023-11-05T23:09:12Z,candidate
UgxqGOJ78zj0gtjh-tZ4AaABAg,yS0Fxj4LPw4,Great Human Being 🙏♥️,0,2023-11-05T03:23:48Z,candidate
UgxtpPb2hTt-dJTD6Nd4AaABAg,yS0Fxj4LPw4,I love rashid khan,0,2023-11-04T18:36:29Z,candidate
UgwsNBkvEOTHGvmA42R4AaABAg,yS0Fxj4LPw4,In the world of selfies she asked for signature. Feels nostalgic,0,2023-11-04T17:40:45Z,candidate
UgydaC08aODrCfMlebp4AaABAg,yS0Fxj4LPw4,Rashid Bhai sochte honge Abe itna likha hota to Aaj IAS officers hota 😂😂😂😂😂😂,1,2023-11-04T13:52:43Z,candidate
UgziqmnsBQ3hj7vUZ-14AaABAg,yS0Fxj4LPw4,"Sanatani tmhare sath h bhai 
Jai shree ram🚩",0,2023-11-04T12:01:58Z,candidate
UgwNW5B8tvR7nyurk5l4AaABAg,yS0Fxj4LPw4,Ye loda lassan kon bol rha hai bc 😂,0,2023-11-04T09:14:52Z,candidate
Ugz2Dpz7_jkMG-GBWCd4AaABAg,yS0Fxj4LPw4,Fraq hai boht faraq ae afganistan or Pakistan main ❤,0,2023-11-04T06:28:53Z,candidate
Ugw0e_XKE6ejkrJoUpl4AaABAg,yS0Fxj4LPw4,Jai shri ganesh jee ❤️❤️❤️❤️❤️❤️🌺🌺🌺🌺🪔🪔🪔🙏🏿🙏🏿🙏🏿🙏🏿🙏🏿🙏🏿,0,2023-11-04T02:53:17Z,candidate
UgzOyuI2vY1Vr59VraJ4AaABAg,yS0Fxj4LPw4,Rashid Khan ke liye respect to banti kya jhakkas player hai ❤❤❤❤❤,0,2023-11-03T18:53:53Z,candidate
UgylHZe1ur7kTIjNB6t4AaABAg,yS0Fxj4LPw4,❤❤❤,0,2023-11-03T14:47:12Z,candidate
UgxyD8aZ8_XZpJywZ_d4AaABAg,yS0Fxj4LPw4,❤❤❤❤,0,2023-11-03T09:57:29Z,candidate
UgztNWxNOtwZMSvZwKt4AaABAg,yS0Fxj4LPw4,Jai ho,0,2023-11-03T09:57:19Z,candidate
UgwT7RkU1jBAj9r5v2F4AaABAg,yS0Fxj4LPw4,Ganpati Bappa Photo on the front ❤,1,2023-11-03T03:13:30Z,candidate
UgxlVJS0aCuyHhjUMuF4AaABAg,yS0Fxj4LPw4,Jay shree Ganesh,0,2023-11-02T23:06:03Z,candidate
UgxzwUe9-NmWxmTi4sV4AaABAg,yS0Fxj4LPw4,Ganpati bapa morya,0,2023-11-02T23:05:58Z,candidate
UgwjodtCd-1-HG-c2mN4AaABAg,yS0Fxj4LPw4,Jai shree Ram ❤,0,2023-11-02T15:14:43Z,candidate
Ugxr9C_XNsI_1bIO6NJ4AaABAg,yS0Fxj4LPw4,Jai Shree Ganesh Ji 🙏🏻🙏🏻❤️❤️,2,2023-11-02T10:24:47Z,candidate
Ugxe_swxj5QztUORlP14AaABAg,yS0Fxj4LPw4,Abhi humare India walo ko Rashid Khan accha lagta hai kal k din yehi bowler humare India ko hara dega toh isko gali dege humare India wale😂😂😂😂,1,2023-11-02T10:05:50Z,candidate
UgxhXo67wttcVAkhiNZ4AaABAg,yS0Fxj4LPw4,Rashid is very humble.,0,2023-11-02T10:01:36Z,candidate
UgwBbsYwVR0FjT36f8B4AaABAg,yS0Fxj4LPw4,Jay Shri Ram 🕉️🕉️🕉️🕉️🕉️🚩🚩🚩🚩🙏🙏🙏🙏🙏🙏,0,2023-11-02T09:33:10Z,candidate
Ugwqj4I0bkZ54T9AWjR4AaABAg,yS0Fxj4LPw4,Sign ata hai is jahil ko. Hindustani ny sikhaya hoga 😂😂,0,2023-11-02T08:20:42Z,candidate
UgyEK8zjWMAIiIu2YWh4AaABAg,yS0Fxj4LPw4,Khaty pakistan ka ha gand inda say marvaty ha,0,2023-11-02T08:04:40Z,candidate
UgxU6NxwVH2aAXjRS5R4AaABAg,yS0Fxj4LPw4,"SARE INDIANS ISKA CHANNEL BAN KARO.. INDIAN PLAYERS KO ULTA SIDHA KAHETE HAI...
PLEASE INDIAN ARMY🇮🇳",0,2023-11-02T06:31:38Z,candidate
UgzeFUClAqtbSbUu8tt4AaABAg,yS0Fxj4LPw4,Ganpati Bappa Morya 🙏🙏🙏🙏🙏🙏,2,2023-11-02T06:29:33Z,candidate
UgyUjdj3tbspsvXjohR4AaABAg,yS0Fxj4LPw4,Jai Shree Ganesh Ji 🙏 🙏 🙏 🙏 🙏 🙏 🙏,1,2023-11-02T06:28:58Z,candidate
UgzajRfNvIoPaiyJmLd4AaABAg,yS0Fxj4LPw4,Bht himmat h aap k andar🙏🙏 waheguru aapko hmesha safe rakhe,0,2023-11-02T03:46:25Z,candidate
Ugx57jABNWxTTg4d-_14AaABAg,yS0Fxj4LPw4,jai ganapati bappa morya🙏🙏🙏,0,2023-11-02T02:54:21Z,candidate
UgzY6UcvV_xSk8dgVPV4AaABAg,yS0Fxj4LPw4,Boycott Gaddar Khan's 😡,1,2023-11-02T00:21:32Z,candidate
UgxLOrpmP0ci-hwMk4J4AaABAg,yS0Fxj4LPw4,Pakistan ko harane ke baad to Rashid bhai ka alag hi fan following bangaya India me.,0,2023-11-01T17:11:12Z,candidate
Ugx4c7s-tbRdgTSWZOx4AaABAg,yS0Fxj4LPw4,Jai shree ganesh ji🙏🙏🙏🙏,0,2023-11-01T16:57:57Z,candidate
UgzcewZ_UUm-siqBf2d4AaABAg,yS0Fxj4LPw4,😮😮😮😮😮😮😮,0,2023-11-01T13:14:56Z,candidate
Ugwe_qejU-nfqu2ae0d4AaABAg,yS0Fxj4LPw4,Bhai bola isiliye nhi di sellife,0,2023-11-01T13:04:30Z,candidate
UgwFe65CiI3jsHLz2254AaABAg,yS0Fxj4LPw4,Ganpati bappa morya,0,2023-11-01T11:25:08Z,candidate
UgyHAF98F90ww2f2OCF4AaABAg,yS0Fxj4LPw4,Muhhumad paigambar ke gaan me aids hua tha,0,2023-11-01T09:55:15Z,candidate
UgwGE1cijye0OI8U9tp4AaABAg,yS0Fxj4LPw4,"Ganapati bappa marya
out standing this is called secular",0,2023-11-01T09:52:14Z,candidate
Ugx-Q77tI1GgCFvMjZ54AaABAg,yS0Fxj4LPw4,"""Ya Rab, teri rahmat se choo jaye unka dil,
Maghfirat ke phool khile har ek zakhm pe,
Unki rooh ko mil jaaye teri jannat ki raahat,
Ameen, unhein tu apni rehmaton mein giraftaar kar.""",0,2023-11-01T07:28:05Z,candidate
UgxqwfYSamP781s47uN4AaABAg,yS0Fxj4LPw4,Ganpati Bappa Morya 🙏,0,2023-11-01T06:29:12Z,candidate
UgwbjNXaTtsyNCyExaZ4AaABAg,yS0Fxj4LPw4,గణపతి బప్పా మోరియా 🚩,1,2023-11-01T06:16:55Z,candidate
UgxDLsmKftv8OS4Hlt94AaABAg,yS0Fxj4LPw4,Bevkuf log musalmano ki sign ke liye mar rahe hai yahi khushi agar bhagwan ke prati hoti to jindagi safal ho jati aur ye khushi desh ke liye hoti to jindagi safal ho jati lekin ye murkh hai aur rahenge😡😡,0,2023-11-01T01:58:50Z,candidate
UgwWELdrH0PcihUBleB4AaABAg,yS0Fxj4LPw4,Every body loves Rashid in India . He is our own,0,2023-10-31T19:15:32Z,candidate
UgzSHS9tq06Wd6FH56B4AaABAg,yS0Fxj4LPw4,Rashid Bhai,1,2023-10-31T17:02:53Z,candidate
UgwJicr_NbcA8O5Ml_d4AaABAg,yS0Fxj4LPw4,Ganpati bapa Maurya 🙏. Jai hind 🇮🇳,1,2023-10-31T15:58:37Z,candidate
Ugx4Kz_DkufgSODbE394AaABAg,yS0Fxj4LPw4,Super,0,2023-10-31T15:36:25Z,candidate
UgzhzzraQPIdrI1LqVJ4AaABAg,yS0Fxj4LPw4,Rashid Khan is a very kind hearted person!..❤❤,2,2023-10-31T14:38:29Z,candidate
UgwgRFaDRrJJtoTBOeR4AaABAg,yS0Fxj4LPw4,Ganapatti bappa morya,1,2023-10-31T13:15:17Z,candidate
UgyHMv6A3hrUdYf6tMt4AaABAg,yS0Fxj4LPw4,This comment is for algorithm,0,2023-10-31T12:38:29Z,candidate
Ugz518Dwq-7___pPZy94AaABAg,yS0Fxj4LPw4,Rashid khan mast banda hai ♥️🇦🇫 🇮🇳bhagwaan kare wo sukhi rahe ♥️ jai Bharat jai shri ram 🙏,0,2023-10-31T12:38:04Z,candidate
Ugx-wSSeBD_feoEdnMR4AaABAg,yS0Fxj4LPw4,Ganpati Bappa Morya 🙏,0,2023-10-31T12:26:26Z,candidate
Ugz__frutB84Eq2j0Ex4AaABAg,yS0Fxj4LPw4,Jai Shri ram Jai mata sita Jai Shri ganesh Jai Shri kartik,0,2023-10-31T09:30:00Z,candidate
UgyHZF3ysg_rL1_OOO94AaABAg,yS0Fxj4LPw4,Jai Shri Krishna Jai Shri Radha madeb Jai Shri sambu Jai mata parvati,0,2023-10-31T09:29:33Z,candidate
UgwMa9nyMSqtkmR9-qR4AaABAg,yS0Fxj4LPw4,"Rashid is not just a player,he is love man. Too good.",64,2023-10-31T07:06:36Z,candidate
Ugx8-U-7Z2YceZPEtxZ4AaABAg,yS0Fxj4LPw4,"Rashid bhai ko golgappe bahot pasand hai,",0,2023-10-31T07:06:21Z,candidate
UgwxcjjA1t1n2132fJh4AaABAg,yS0Fxj4LPw4,Itna wild awaz😂😂,0,2023-10-31T07:04:45Z,candidate
Ugz9vHRJNidJ6Fj2BkZ4AaABAg,yS0Fxj4LPw4,Jay shree Ganesh kartikey bhagwan ki jai ho 🕉️🕉️🛐🛐💕💕,1,2023-10-31T06:38:22Z,candidate
Ugx-MnuTROoGrDEsh814AaABAg,yS0Fxj4LPw4,Rashid Bhai rock's ❤❤❤❤❤,0,2023-10-31T05:44:48Z,candidate
Ugy_KQApV0O12QPuO5Z4AaABAg,yS0Fxj4LPw4,Namek harem yaodi ke nasil,0,2023-10-31T04:26:29Z,candidate
UgyuaWHYP_VFKXoDWll4AaABAg,yS0Fxj4LPw4,Jai siya ram ji ki ❤️❤️ Jai hanuman ji ❤️❤️,0,2023-10-31T02:50:59Z,candidate
Ugw4JfsfqEcbznEDGyF4AaABAg,yS0Fxj4LPw4,कौन कौन गणपति बप्पा को देखकर आए comment पड़ने 🙏🙏❤️❤️❤️🚩🚩🚩🕉️🥰 गणपति बप्पा मोरिया ❤️🙏,1,2023-10-30T21:38:51Z,candidate
UgywIQCCIHXxkHyZrbJ4AaABAg,yS0Fxj4LPw4,One of the finest Spin bowlers in the world..huge fan 🎉 from Pakistan ..love you Rashid bhai,2,2023-10-30T17:40:34Z,candidate
Ugza6hSig-e0MRogrMR4AaABAg,yS0Fxj4LPw4,21:31 proudest moment For all of indian 😊,0,2023-10-30T15:44:20Z,candidate
Ugy6HOfAsWX-TMiVf_R4AaABAg,yS0Fxj4LPw4,Ab de Villiers and rashid khan most loved foreigner in india❤❤,1,2023-10-30T13:30:31Z,candidate
UgwRXNVoXTBFtWGqCw54AaABAg,yS0Fxj4LPw4,Jai Hind 🙏🙏🇮🇳🇮🇳💕💕🇦🇫🇦🇫💕💕,0,2023-10-30T13:13:06Z,candidate
UgzMNRMUFRW-OwoN8GN4AaABAg,yS0Fxj4LPw4,कोलकाता मे राशिद खान का फैन्स को देखकर बहुत सारे लोगो को अच्छा नहीं लगेगा क्या।,0,2023-10-30T13:06:16Z,candidate
UgwHAAHSwzsRg3YVVVl4AaABAg,yS0Fxj4LPw4,Sab ache hain 😊😊,1,2023-10-30T09:56:26Z,candidate
UgzoNbTFT-ZvxPyIIP14AaABAg,yS0Fxj4LPw4,Jai Shree Ganeshay Namaha,1,2023-10-30T08:15:33Z,candidate
UgznvlNmxiRF79zV4kp4AaABAg,yS0Fxj4LPw4,Rashid Bhai Mai bhi apka fan hu main milna chahta hu kab miloge bhai mujhse please,0,2023-10-30T07:34:54Z,candidate
UgxpGHxWAPRAbx_17Np4AaABAg,yS0Fxj4LPw4,Jai shree Ganesh 🙏🙏🙏🙏🙏❤️,0,2023-10-30T06:57:51Z,candidate
UgwMSKh-uMKwqj-nEmF4AaABAg,yS0Fxj4LPw4,Autograph ko selfi bol rhi hai😂...aur bhai autograph de bhee diya,0,2023-10-30T06:21:21Z,candidate
Ugz_ZbPRIi-X7aKlvR94AaABAg,yS0Fxj4LPw4,Jae v muslim hai.. izat dhrm daikh nehi ki yatti.. okaat honi chahiae,0,2023-10-30T06:18:42Z,candidate
Ugxz8ojZsxvRu_NUpnp4AaABAg,yS0Fxj4LPw4,Ganpati Bappa Moriya❤❤❤❤❤,0,2023-10-30T04:33:43Z,candidate
UgyrpThUOfxqBiMdTM14AaABAg,yS0Fxj4LPw4,Jay shree Ganesh,0,2023-10-30T02:16:53Z,candidate
UgxMKRLmhe7yKp5XO5N4AaABAg,yS0Fxj4LPw4,jai ganpti g,0,2023-10-29T22:47:26Z,candidate
Ugwqn5NJ9i9lmfbQZx14AaABAg,yS0Fxj4LPw4,Love India from Afghanistan ❤,3,2023-10-29T22:33:21Z,candidate
Ugzb50sY8bp0h0g-Ccd4AaABAg,yS0Fxj4LPw4,"I wish I could meet Rashid bhai once, maine unki IPL main bhi har matches dekhi hai & even now I’ve watched all the matches of AFG only n only for Rashid ❤ infact probably I was the only one cheering for Rashid in the IPL finals aur baki sab mujhe par gussa ho rahe the 🫣🫣🫣",4,2023-10-29T19:03:06Z,candidate
UgxY1lUCInJqeHTo25V4AaABAg,yS0Fxj4LPw4,Jai ganpti g,0,2023-10-29T18:48:13Z,candidate
UgwOnIfrb5xNmZxMnI54AaABAg,yS0Fxj4LPw4,Rashid khan bhai Pura Hindustan aap ki saat hai ❤,0,2023-10-29T18:07:06Z,candidate
Ugz2CI4dw98CfujJvwF4AaABAg,yS0Fxj4LPw4,Kis cartoon ki photo thi dairy pe 😂😂😂,0,2023-10-29T18:06:48Z,candidate
Ugy_7odaCnd324B6Xf94AaABAg,yS0Fxj4LPw4,We Indians loves Rashid Khan ❤❤,0,2023-10-29T17:49:00Z,candidate
Ugw3EiO5of1-11e4fdR4AaABAg,yS0Fxj4LPw4,Ganpati Bappa Morya🕉️🙏,0,2023-10-29T17:16:58Z,candidate
UgwC4cPcQkn3N8I2CEx4AaABAg,yS0Fxj4LPw4,Hatrick karunga teen autograph dedunga nice ♥️,0,2023-10-29T17:11:56Z,candidate
UgxhP5vKhFgWgRk31M94AaABAg,yS0Fxj4LPw4,Ganpati bappa morya 🙏♥️🙏,0,2023-10-29T16:55:16Z,candidate
UgySKA728ZuNWYGgk9l4AaABAg,yS0Fxj4LPw4,❤️❤️🇮🇳🇮🇳❤️❤️,0,2023-10-29T16:28:22Z,candidate
UgwinPWcMqxs402q2pF4AaABAg,yS0Fxj4LPw4,He is humble as his mother raised him so very well 🎉❤,0,2023-10-29T15:22:47Z,candidate
UgxF8TGBfRBeW4CjhQx4AaABAg,yS0Fxj4LPw4,"Lord Ganesha
Picture.🙏🕉️
Ganpati Bappa Morya
Mangal Murti Morya.🙏",0,2023-10-29T15:13:19Z,candidate
UgwKRrYql6-OrO_7JEN4AaABAg,yS0Fxj4LPw4,so humble❤❤,0,2023-10-29T09:27:31Z,candidate
UgxDsyvdqdGEowx2qn94AaABAg,yS0Fxj4LPw4,My favourite baller Rashid,0,2023-10-29T08:25:33Z,candidate
UgyP9I7fWSQL-IrR-UN4AaABAg,yS0Fxj4LPw4,I think you forget school life Arshad Khan babasaheb 😂😂😂😂,0,2023-10-29T08:17:41Z,candidate
Ugy1MwLoR4rKDqjmobJ4AaABAg,yS0Fxj4LPw4,Har har Mahadev jay Shree Krishna jay Shree Ram jay Shree Hanuman Jay Shree Ganesh jay Matadi Radhe Radhe Radhe Radhe Radhe Radhe,0,2023-10-29T07:47:38Z,candidate
UgzoxqvfJMDtIgMReMF4AaABAg,yS0Fxj4LPw4,❤,1,2023-10-29T07:04:42Z,candidate
Ugwi2_n2HsHBX2r_Lu94AaABAg,yS0Fxj4LPw4,We Indians are so cute... May god bless us and our country,0,2023-10-29T06:23:13Z,candidate
UgwviargdYXFqgdKZHB4AaABAg,yS0Fxj4LPw4,Disappoint Tanay bhai never us 😂,0,2023-10-29T06:14:37Z,candidate
Ugz5_XbOTALoj_H9lnd4AaABAg,yS0Fxj4LPw4,"Rashid bhai...
Apko aur sarey Afghan bhai ko hum Bhartiya bahut mohabbat kartey hai..❤
🇮🇳❤️🇦🇫",1,2023-10-29T06:12:59Z,candidate
Ugx6FIMsOcYDjY_ImId4AaABAg,yS0Fxj4LPw4,Kha gaye bo jo kahte hai ki india bale musalman ke nafrat karte hai,0,2023-10-29T06:01:32Z,candidate
UgxiTIFJYZsPB6eYs694AaABAg,yS0Fxj4LPw4,We love our Rashid khan ❤,0,2023-10-29T05:45:40Z,candidate
Ugzv0BxAuPE8VIwA2R94AaABAg,yS0Fxj4LPw4,"Pen 🖋️🖊️ pentonic ki hai ❤
गणपति बप्पा मोरया ❤",1,2023-10-29T05:24:18Z,candidate
Ugy7c5b0F1qk05OuzvB4AaABAg,yS0Fxj4LPw4,"He is my second favourite cricketer after Dhoni.
Pure sportsman. Hattrick karunga 3 de dunga.👍",0,2023-10-29T05:18:15Z,candidate
UgxRcw2Sts3XqyKIkhx4AaABAg,TkwdN7NRTig,❤❤❤❤❤❤❤❤❤❤❤❤❤❤❤❤,0,2026-08-13T07:53:19Z,candidate
UgxmUMUT8Mw8Ut8kJ254AaABAg,TkwdN7NRTig,Is bar mi ki trofi,0,2026-08-12T17:30:33Z,candidate
UgzQs_8ysTJHMYOEg-Z4AaABAg,TkwdN7NRTig,💙💙💙💙💙💙💙💙💙,0,2026-08-12T15:10:03Z,candidate
UgwFJQADBZfAKZaEY0V4AaABAg,TkwdN7NRTig,Rcb❤❤❤❤🎉🎉🎉🎉😊😊😊😊❤❤❤❤❤❤❤❤❤❤❤❤❤❤❤❤,0,2026-08-12T04:21:28Z,candidate
UgzmxwKxeXhf8C3PtgB4AaABAg,TkwdN7NRTig,"Gt
Gill❤❤❤❤❤🎉🎉🎉🎉🎉",0,2026-08-08T14:32:36Z,candidate
Ugxqn8k5LToCiuWHW_54AaABAg,TkwdN7NRTig,❤❤❤❤❤❤❤❤❤❤❤❤❤❤❤❤❤❤❤❤❤❤❤❤❤❤❤❤❤❤❤❤❤❤❤❤❤❤❤❤❤❤,0,2026-08-08T01:51:49Z,candidate
UgzV-2FQLFWgjCrWZxJ4AaABAg,TkwdN7NRTig,❤❤❤❤❤❤❤❤❤❤❤❤❤❤❤❤❤❤❤❤❤❤❤❤❤❤❤❤❤❤❤❤❤❤❤❤❤❤❤❤❤❤❤❤❤❤❤❤❤❤❤❤❤❤❤❤❤❤❤❤❤❤❤❤❤❤❤❤❤❤❤❤❤❤❤❤❤❤❤❤❤❤❤❤❤❤❤❤❤❤❤❤❤❤❤❤❤❤❤❤❤❤❤❤❤❤❤❤❤❤❤❤❤❤❤❤❤❤❤❤❤❤❤❤❤❤❤❤❤❤❤❤❤❤❤❤❤❤❤❤❤❤❤❤❤❤❤❤❤❤❤❤❤❤❤❤❤❤❤❤❤❤❤❤❤❤❤❤❤❤❤❤❤❤❤❤❤❤❤❤❤❤❤❤❤❤❤❤❤❤❤❤❤❤❤❤❤❤❤❤❤❤❤❤❤❤❤❤❤❤❤❤❤❤❤❤❤❤❤❤❤❤❤❤❤❤❤❤❤❤❤❤❤❤❤❤❤❤❤❤❤❤❤❤❤❤❤❤❤❤❤❤❤❤❤❤❤❤❤❤❤❤❤❤❤❤❤❤❤❤❤❤❤❤❤❤❤❤❤❤❤❤❤❤❤❤❤❤❤❤❤❤❤❤❤❤❤❤❤❤❤❤❤❤❤❤❤❤❤❤❤❤❤❤❤❤❤❤❤❤❤❤❤❤❤❤❤❤❤❤❤❤❤❤❤❤❤❤❤❤❤❤❤❤❤❤❤❤❤❤❤❤❤❤❤❤❤❤❤❤❤❤❤❤❤❤❤❤❤❤❤❤❤❤❤❤❤❤❤❤❤❤❤❤❤❤❤❤❤❤❤❤❤❤❤❤❤❤❤❤❤❤❤❤❤❤❤❤❤❤❤❤❤❤❤❤❤❤❤❤❤❤❤❤❤❤❤❤❤❤❤❤❤❤❤❤❤❤❤❤❤❤❤❤❤❤❤❤❤❤❤❤❤❤❤❤❤❤❤❤❤❤❤❤❤❤❤❤❤❤❤❤❤❤❤❤❤❤❤❤❤❤❤❤❤❤❤❤❤❤❤❤❤❤❤❤❤❤❤❤❤❤❤❤❤❤❤❤❤❤❤❤❤❤❤❤❤❤❤❤❤❤❤❤❤❤❤❤❤❤❤❤❤❤❤❤❤❤❤❤❤❤❤❤❤❤❤❤❤❤❤❤❤❤❤❤❤❤❤❤❤❤❤❤❤❤❤❤❤❤❤❤❤❤❤❤❤❤❤❤❤❤❤❤❤❤❤❤❤❤❤❤❤❤❤❤❤❤❤❤❤❤❤❤❤❤❤❤❤❤❤❤❤❤❤❤❤❤❤❤❤❤❤❤❤❤❤❤❤❤❤❤❤❤❤❤❤❤❤❤❤❤❤❤❤❤❤❤❤❤❤❤❤❤❤❤❤❤❤❤❤❤❤❤❤❤❤❤❤❤❤❤❤❤❤❤❤❤❤❤❤❤❤❤❤❤❤❤❤❤❤❤❤❤❤❤❤❤❤❤❤❤❤❤❤❤❤❤❤❤❤❤❤❤❤❤❤❤❤❤❤❤❤❤❤❤❤❤❤❤❤❤❤❤❤❤❤❤❤❤❤❤❤❤❤❤❤❤❤❤❤❤❤❤❤❤❤❤❤❤❤❤❤❤❤❤❤❤❤❤❤❤❤❤❤❤❤❤❤❤❤❤❤❤❤❤❤❤❤❤❤❤❤❤❤❤❤❤❤❤❤❤❤❤❤❤❤❤❤❤❤❤❤❤❤❤❤❤❤❤❤❤❤❤❤❤❤❤❤❤❤❤❤❤❤❤❤❤❤❤❤❤❤❤❤❤❤❤❤❤❤❤❤❤❤❤❤❤❤❤❤❤❤❤❤❤❤❤❤❤❤❤❤❤❤❤❤❤❤❤❤❤❤❤❤,0,2026-08-07T05:29:21Z,candidate
UgxSQFB3hKnyo3VGEqR4AaABAg,TkwdN7NRTig,❤❤❤❤❤❤❤❤❤❤❤❤❤❤❤❤❤❤❤❤❤❤❤❤❤❤❤❤❤❤❤❤❤❤❤❤❤❤❤❤❤❤❤❤❤❤❤❤❤❤❤❤❤❤❤❤❤❤❤❤❤❤❤❤❤❤❤❤❤❤❤❤❤❤❤❤❤❤❤❤❤❤❤❤❤❤❤❤❤❤❤❤❤❤❤❤❤❤❤❤❤❤❤❤❤❤❤❤❤❤❤❤❤❤❤❤❤❤❤❤❤❤❤❤❤❤❤❤❤❤❤❤❤❤❤❤❤❤❤❤❤❤❤❤❤❤❤❤❤❤,0,2026-08-07T04:58:39Z,candidate
Ugx4RypcHK8cJ0SN4MJ4AaABAg,TkwdN7NRTig,GT ❤❤❤❤❤❤,0,2026-08-06T15:11:48Z,candidate
UgxfiD4S_rlECNMinMN4AaABAg,TkwdN7NRTig,❤❤❤❤ GT,0,2026-08-06T03:36:45Z,candidate
UgxfLwIkpgFjXKiho014AaABAg,TkwdN7NRTig,❤❤❤❤❤❤❤❤,0,2026-08-05T15:56:07Z,candidate
UgxvihYO6pcO0_Osle54AaABAg,TkwdN7NRTig,Same pinch 😅😅❤❤❤❤😊❤😊😊❤😊❤😊❤😊❤😊😊❤😊❤,1,2026-08-05T11:40:52Z,candidate
UgyQt1FYJpSO1jJhVKp4AaABAg,TkwdN7NRTig,"Gujrat ka dill❤❤❤❤
Shubman gill❤❤❤❤",0,2026-08-05T09:59:44Z,candidate
UgyEzHwPJalm0yo4VHl4AaABAg,TkwdN7NRTig,Gt is best (gills team)❤❤❤,0,2026-08-05T09:58:51Z,candidate
UgwMUySlcx_kQGkbwUp4AaABAg,TkwdN7NRTig,Gt,0,2026-08-03T12:09:05Z,candidate
UgxHcRMgO7Qxe7JeaJB4AaABAg,TkwdN7NRTig,I am a mumbai person but i love ggtgtgtttgttt🎉,0,2026-08-03T11:32:57Z,candidate
Ugw89DkV8BT98Bq-BZp4AaABAg,TkwdN7NRTig,Dislike comments of  g5,0,2026-08-01T13:08:14Z,candidate
Ugyr7_03QkFTXpeFFSZ4AaABAg,TkwdN7NRTig,Rcb lovers,0,2026-08-01T13:06:27Z,candidate
UgxWhkMFKX8S0ifFdX94AaABAg,TkwdN7NRTig,Agar virat kohli ne ye vodeo dekh li toh tum log gaye kyuki trophy hai bangaluru walo ki,0,2026-08-01T13:05:51Z,candidate
Ugxylguvn3raTUJrJIR4AaABAg,TkwdN7NRTig,Gt king RCB or mi loser,0,2026-08-01T05:47:41Z,candidate
UgxgTpyaEt1pxiThdTF4AaABAg,TkwdN7NRTig,GT ke pass Panch Trophy Thodi Na Hai😂😂😂😂😂😂😂,0,2026-07-31T14:12:37Z,candidate
UgwxB0rNFoLm6oC5het4AaABAg,TkwdN7NRTig,❤❤❤❤❤❤❤❤❤❤❤❤❤❤❤❤❤❤❤❤❤❤❤❤❤❤❤❤❤❤❤❤❤❤❤❤❤❤❤❤❤❤❤❤❤❤❤❤❤❤❤❤❤❤❤❤❤❤❤❤❤❤❤❤❤❤❤❤❤,1,2026-07-28T16:16:35Z,candidate
UgynX1814rjTgHiTP2h4AaABAg,TkwdN7NRTig,Trophy to Hai Suman gilki 👿👿👿👿👿👿👿👿👿👿👿👿👿👿👿👿👿👿👿👿👿👿👿👿👿👿👿👿👿💯💯💯💯💯💯💯💯💯💯💯💯💯💯💯💯💯💯💯💯💯💯💯💯💯💯💯🤑🤑🤑🤑🤑🤑🤑🤑🤑🤑🤑🤑🤑🤑🤑🤑🤑🤑🤑🤑🤑🤑🤑🤑🤑🤑🤑🤑🤑🤑🤑🤑🤑🤑🤑🤑🤑🤑,0,2026-07-28T01:30:28Z,candidate
UgzJyzagoiQJWp3Ox9l4AaABAg,TkwdN7NRTig,"Trophy to Hai Suman Gil ki, 🤑🤑🤑🤑🤑🤑🤑🤑🤑🤑🤑🤑🤑🤑🤑🤑💯💯💯💯💯💯💯💯💯💯💯💯💯💯💯💯💯💯💯💯💯💯💯💯💯💯👿👿👿👿👿👿👿👿👿👿👿👿👿💙💙💙💙💙💙💙💙💙💙💙💙💙💙💙💙💙💙💙💙💙💙💙💙💙💙",0,2026-07-28T01:28:56Z,candidate
UgyL6HoujoiwWxC0ECJ4AaABAg,TkwdN7NRTig,Gt,0,2026-07-27T16:15:03Z,candidate
UgyYr4rJJzV2bBGzw3B4AaABAg,TkwdN7NRTig,Gt😂😂😂😂😂😂❤❤❤❤❤❤❤❤❤,0,2026-07-27T15:16:46Z,candidate
UgzO_5PDj0WrazwFM554AaABAg,TkwdN7NRTig,Jhula jhul Magar RCB  baap Ko mat bhul,0,2026-07-27T11:37:57Z,candidate
UgwyQGMjXUrtL3R6xr94AaABAg,TkwdN7NRTig,Gt 🎉🎉🎉🎉,0,2026-07-27T10:40:00Z,candidate
UgyP-h1XTGM_ip0BlQ54AaABAg,TkwdN7NRTig,Gt ❤❤❤❤❤❤❤❤❤🎉❤🎉❤🎉🎉🎉🎉,0,2026-07-25T10:10:02Z,candidate
UgxnkIeyUqdcVBlokj14AaABAg,TkwdN7NRTig,❤️❤️❤️❤️❤️❤️❤️❤️❤️,0,2026-07-25T04:50:02Z,candidate
UgzQ4exOwfF7kadCyiN4AaABAg,TkwdN7NRTig,Dekho is toh rcb ne trophy le li king kohli ki wajah se agle dekho  kya hota hai,0,2026-07-24T09:26:18Z,candidate
Ugz7lZzUkFFfJtJjTtl4AaABAg,TkwdN7NRTig,GT❤❤❤,0,2026-07-23T03:57:56Z,candidate
UgyCnigTAVwhFp1mLc54AaABAg,TkwdN7NRTig,❤GT,0,2026-07-21T16:11:23Z,candidate
Ugzk3QJGyOR2heZNFyV4AaABAg,TkwdN7NRTig,GT❤❤❤,0,2026-07-21T02:42:05Z,candidate
Ugy-ksxGueDqe2dRuvl4AaABAg,TkwdN7NRTig,❤❤❤❤gt,1,2026-07-18T18:22:54Z,candidate
UgwlMPX66Lj4qiAk_YJ4AaABAg,TkwdN7NRTig,Gt,0,2026-07-17T06:57:13Z,candidate
Ugz1GCCgriKsdVI4mnZ4AaABAg,TkwdN7NRTig,❤❤❤❤❤❤❤❤❤❤❤❤❤❤❤❤❤❤❤❤❤❤❤❤❤❤❤❤❤❤❤❤❤❤❤❤❤❤❤❤❤❤❤❤❤❤❤❤❤❤❤❤❤❤❤❤❤❤❤❤❤❤❤❤❤❤❤❤❤❤❤❤❤❤❤❤❤❤❤❤❤❤❤❤❤❤❤❤❤❤❤❤❤❤❤❤❤❤❤❤❤❤❤❤❤❤❤❤❤❤❤❤❤❤❤❤❤❤❤❤❤❤❤❤❤❤❤❤,0,2026-07-17T00:42:24Z,candidate
Ugwx_B4kN_t1xoxADeN4AaABAg,TkwdN7NRTig,❤❤💯💯🔥🔥🐆,0,2026-07-16T06:47:29Z,candidate
Ugzxi235n1ViF8h-xNV4AaABAg,TkwdN7NRTig,Gt💝💝💝♥️♥️♥️,0,2026-07-15T14:57:40Z,candidate
UgwF1GGENMDjRiGrpzF4AaABAg,TkwdN7NRTig,"RCB ❤❤❤, RR 💝💝💝 and SRH 🧡🧡🧡 still better than GT",0,2026-07-15T06:42:21Z,candidate
Ugypm2naAmXZDl8_f5B4AaABAg,TkwdN7NRTig,Final mein Virat Kohli ne jiti Ko pel Diya,0,2026-07-13T13:36:07Z,candidate
UgzzKHQGQydceuycO7N4AaABAg,TkwdN7NRTig,GT 🧿🧿,0,2026-07-12T10:07:14Z,candidate
UgzKaDp7jaZNMY41tw54AaABAg,TkwdN7NRTig,Trophy all time GT ke pass rahegi,0,2026-07-11T18:44:50Z,candidate
UgwbG28izxz2JWyPTqh4AaABAg,TkwdN7NRTig,2026 main bhul gaye kya ❤❤❤❤ samajhdar ko Ishara kafi hai,0,2026-07-11T14:48:57Z,candidate
UgyZHKq5W_bJClp874x4AaABAg,TkwdN7NRTig,2022 first season first trophy,0,2026-07-11T11:02:34Z,candidate
UgyIw2gJqCtZxjBo5Od4AaABAg,TkwdN7NRTig,GT achcha Koi nahin💙💙💙💙💙💙💙💙💙💙💙💙💙💥💥💥💥💥,0,2026-07-10T15:18:14Z,candidate
UgwOsDH29zdOI9260BN4AaABAg,TkwdN7NRTig,"Trophy hawa De hawa De, GT 🎉🎉🎉💙💙💙💙🏏🏆",0,2026-07-09T09:29:54Z,candidate
Ugw526CDdWEqX3u9-Fx4AaABAg,TkwdN7NRTig,"Gt❤️✨💫🌹🔥🏏🙌😉🏆shubman,gill",0,2026-07-09T08:02:39Z,candidate
UgzJopljekMWuC70VAB4AaABAg,TkwdN7NRTig,❤❤❤❤❤❤❤❤❤❤,1,2026-07-08T04:12:10Z,candidate
UgyId6D-CxNZpXz5tFZ4AaABAg,TkwdN7NRTig,Gt❤❤❤❤❤❤❤❤❤❤❤❤❤❤❤❤❤❤❤,0,2026-07-04T10:30:19Z,candidate
UgxBqbTOC-64UUvtiqJ4AaABAg,TkwdN7NRTig,Gujarat 🧿 titans 🫅🏻 shubham gill 🫅🏻🫅🏻🏆🏆🫅🏻 winner 🏆🥇🎖️🏅,0,2026-07-04T08:52:46Z,candidate
Ugxky1ASjEgI_GmaRYV4AaABAg,TkwdN7NRTig,RCB❤❤❤❤❤❤❤❤❤❤❤❤❤❤🎉❤🎉❤🎉❤🎉🎉🎉❤🎉❤🎉🎉🎉❤🎉❤🎉❤🎉🎉❤🎉❤🎉❤🎉❤🎉🎉❤🎉❤🎉❤🎉❤🎉❤🎉❤🎉🎉❤🎉❤🎉❤❤😂❤🎉❤🎉🎉❤🎉❤🎉❤🎉❤🎉❤🎉🎉❤🎉❤🎉❤😂❤🎉❤🎉❤🎉😂❤🎉❤🎉❤🎉❤🎉🎉❤🎉❤🎉🎉❤🎉❤🎉❤🎉❤🎉🎉❤🎉❤🎉❤🎉❤🎉❤🎉❤🎉❤🎉❤🎉❤🎉❤🎉❤🎉❤🎉🎉❤🎉❤🎉❤🎉❤🎉🎉❤🎉❤🎉❤🎉❤🎉❤🎉❤🎉❤🎉❤🎉🎉❤🎉❤🎉❤🎉❤🎉❤🎉🎉❤🎉❤🎉❤🎉❤🎉🎉❤🎉❤🎉❤🎉❤🎉❤🎉❤🎉❤🎉❤🎉❤🎉❤🎉🎉❤🎉❤🎉❤🎉❤🎉❤🎉🎉❤🎉❤🎉❤🎉❤🎉🎉❤🎉❤🎉❤🎉🎉❤🎉❤🎉🎉❤🎉🎉❤🎉❤🎉❤🎉❤🎉🎉❤🎉,0,2026-07-02T16:02:32Z,candidate
UgyyZXVoaB4cF4wj-pF4AaABAg,TkwdN7NRTig,I love you  gt❤❤❤❤❤❤❤❤❤❤❤❤❤❤❤❤❤❤❤❤❤❤❤❤❤❤❤❤❤❤❤❤❤❤❤❤❤❤❤❤,0,2026-07-01T15:30:42Z,candidate
UgyBeHfzZPsDfdfscsN4AaABAg,TkwdN7NRTig,GT ❤❤❤❤❤❤❤❤❤❤❤❤❤❤❤❤❤❤❤❤❤❤❤❤❤❤❤❤❤❤❤❤❤,0,2026-06-28T08:05:55Z,candidate
UgyiF_jVJAuDGGbQn_J4AaABAg,TkwdN7NRTig,𝗬𝗲𝘀𝘀𝘀 𝗮𝗹𝘄𝗮𝘆𝘀 🧿🎀💙✨,0,2026-06-27T14:44:01Z,candidate
UgwvubchoHyQYky28f54AaABAg,TkwdN7NRTig,"Hat !
Mi LOVER 💙💙💙
RCB LOVER ❤️❤️❤️❤️❤️❤️
LOLIPOP FOR U GT",0,2026-06-26T14:28:13Z,candidate
UgzBWLstgjJFX0MIKJt4AaABAg,TkwdN7NRTig,Mumbai Mumbai Indians,0,2026-06-26T14:21:52Z,candidate
UgxsjzfqOYm4qAV5zk94AaABAg,TkwdN7NRTig,GT❤❤❤❤❤❤❤❤,0,2026-06-26T14:00:40Z,candidate
UgyRxP1LF-4qlSXrYOF4AaABAg,TkwdN7NRTig,Gr🎉🎉🎉🎉🎉🎉❤❤❤❤❤❤❤,0,2026-06-26T08:27:41Z,candidate
UgwOutvgm7TngUTHewR4AaABAg,TkwdN7NRTig,👑👑👑👑👑👑👑👑👑👑👑👑👑,0,2026-06-26T07:37:24Z,candidate
UgwH-JrAixVOwz_iehh4AaABAg,TkwdN7NRTig,❤❤,0,2026-06-25T17:01:56Z,candidate
Ugx7ZfuASzseQTSQz_B4AaABAg,TkwdN7NRTig,Hogayi Lekin do saal ki rcb ko,1,2026-06-24T09:31:19Z,candidate
Ugyp3dSLYOeEPrnhcvN4AaABAg,TkwdN7NRTig,Gt forever 😚😚🤗🤗🤗🥰🥰🫶🫶💞💞🎀♥️❤️,0,2026-06-24T06:37:16Z,candidate
UgzPhfLVVh-uVM6pVCp4AaABAg,TkwdN7NRTig,Gt,0,2026-06-23T07:22:00Z,candidate
UgymMrNQyJ2CRENOtgV4AaABAg,TkwdN7NRTig,"GT forever 
For our subhiii ❤🤞",0,2026-06-22T14:13:22Z,candidate
UgxI831ce12U2NjyGTt4AaABAg,TkwdN7NRTig,❤❤❤❤❤❤❤❤❤❤❤❤❤❤❤❤❤❤Gt,0,2026-06-22T07:12:23Z,candidate
UgxqSgmU8RUfXlj0uDx4AaABAg,TkwdN7NRTig,GT kabhi harti nahin🩵🩵🩵🩵🩵🩵🩵,0,2026-06-21T11:16:10Z,candidate
UgyCchaOXuDhxGA1_GV4AaABAg,TkwdN7NRTig,Gt❤❤❤❤🖤🖤🖤🖤🖤🖤🖤🖤🖤🖤🚩🚩🏏🏏🏏,0,2026-06-21T09:16:05Z,candidate
UgxW0HYXWcFhaAYJmD54AaABAg,TkwdN7NRTig,Gt 🖤🖤🖤🖤🖤🖤🖤🖤🖤🖤🖤🖤,0,2026-06-21T06:28:28Z,candidate
UgwcsR39Uv5Z-HKuYWJ4AaABAg,TkwdN7NRTig,Gt😊😊❤❤🎉🎉,0,2026-06-20T16:38:18Z,candidate
Ugzg-X-9Gf3aY74XjZJ4AaABAg,TkwdN7NRTig,My favourite Gujarat Titans 🖤🖤🖤🖤💙💙👑🏆👑,0,2026-06-20T14:02:35Z,candidate
UgxKmLNjkIROQZpEfyR4AaABAg,TkwdN7NRTig,TRUE,0,2026-06-20T13:06:38Z,candidate
UgyQAj0wCXDFI_sU5Ot4AaABAg,TkwdN7NRTig,Gt❤❤❤❤❤❤❤❤❤❤❤❤❤❤❤❤❤❤❤❤❤❤❤❤❤❤❤❤❤❤❤❤❤❤❤❤❤❤❤❤❤❤❤❤❤❤❤❤❤❤2❤12❤❤❤❤❤❤❤❤❤❤❤❤❤❤❤❤❤❤❤❤❤❤❤❤❤❤❤❤❤❤❤❤❤❤,0,2026-06-19T17:50:27Z,candidate
Ugyx2ek5KnSbcNgHeY54AaABAg,TkwdN7NRTig,❤❤❤❤❤,0,2026-06-19T09:13:00Z,candidate
UgyeahAedxyNC7ghnW14AaABAg,TkwdN7NRTig,Gugurat Timm ❤ you 😊😊😊😊😊,0,2026-06-19T06:41:06Z,candidate
Ugzaf_ZF5R_WpS82MTZ4AaABAg,TkwdN7NRTig,Hardik GT me kaise ?,1,2026-06-18T13:51:11Z,candidate
UgyDG-mKA3jQIxd7Az54AaABAg,TkwdN7NRTig,गुजरात,0,2026-06-18T11:17:40Z,candidate
UgxgJ1sZJRaaH-Hmxg14AaABAg,TkwdN7NRTig,"Gujju n gujrat titanss 4ever..,,❤❤❤❤❤",0,2026-06-18T10:34:47Z,candidate
UgxYpGFgZScL5wE-zOZ4AaABAg,TkwdN7NRTig,GT❤❤❤❤❤❤❤❤❤❤❤❤❤❤❤❤❤❤❤❤❤,0,2026-06-18T00:35:36Z,candidate
UgxKpPHQvoZMEPb6T4N4AaABAg,TkwdN7NRTig,My favourite timm Hyderabad and ❤❤❤ ❤❤❤ Gujarat 💜💜💜💜💜💜,0,2026-06-17T07:10:35Z,candidate
UgzZZUokb56nDEzpgK14AaABAg,TkwdN7NRTig,Lekin is bar to rcb trophy jiti,0,2026-06-16T05:46:14Z,candidate
Ugw_9rED20k0qSZ00014AaABAg,TkwdN7NRTig,Gt❤❤❤❤❤❤❤❤❤❤❤❤❤❤❤❤❤❤❤❤❤❤❤❤❤❤❤❤❤❤❤❤❤❤❤❤❤❤❤❤❤❤❤❤❤❤❤❤❤❤😮😮😮😮😮😮😮😮😮😮😮😮😮😮😮😮😮,0,2026-06-15T09:46:09Z,candidate
UgwmTFWqLNd-r3q_g5h4AaABAg,TkwdN7NRTig,Gt❤❤❤,0,2026-06-14T07:47:15Z,candidate
UgwIaOKZ8YRj_gpHdeJ4AaABAg,TkwdN7NRTig,Trophy avade and home javade 🙃,0,2026-06-14T07:23:57Z,candidate
UgzPsCLJO3Xli2DOCWt4AaABAg,TkwdN7NRTig,2026 ka final yad he,0,2026-06-14T06:18:56Z,candidate
Ugy5ycSg8Ctc-eJLkih4AaABAg,TkwdN7NRTig,❤❤❤❤❤❤❤❤0❤0❤❤0❤0,0,2026-06-13T17:03:43Z,candidate
UgyDIlVNlSJhDHZb4514AaABAg,TkwdN7NRTig,Mumbai ki Na Delhi walon ki trophy Hai RCB walon ki😂,0,2026-06-13T03:49:02Z,candidate
UgzNqr1K6po78J6-Ow54AaABAg,TkwdN7NRTig,gt ka dil shubhman gill,0,2026-06-13T01:02:21Z,candidate
UgxoyNcpMErIFLdoVKl4AaABAg,TkwdN7NRTig,GT 👑👑👑,0,2026-06-12T13:53:50Z,candidate
UgyQk3hVOvUd9cTv8fx4AaABAg,TkwdN7NRTig,I love RCB❤❤❤,1,2026-06-11T17:08:56Z,candidate
UgxdDETA3mZeLkdePmt4AaABAg,TkwdN7NRTig,RCB❤❤❤❤❤❤❤GT chosen,1,2026-06-11T17:08:04Z,candidate
Ugy72tlKfAwZuDpwFN14AaABAg,TkwdN7NRTig,Ava de🎉🎉🎉🎉🎉,1,2026-06-11T10:39:40Z,candidate
UgzdZ_WIf3dMSNHztSx4AaABAg,TkwdN7NRTig,GT on fire 🔥🔥,0,2026-06-08T16:12:49Z,candidate
UgysaxymtgSb5XpiR_l4AaABAg,TkwdN7NRTig,Gujrat titans forever 😅❤ trophy to sib inki hi hai bhai 🎉,0,2026-06-08T05:49:57Z,candidate
Ugze2H1dstPNW-isNTt4AaABAg,TkwdN7NRTig,💪💪💪💪💪💥💥,0,2026-06-07T14:31:46Z,candidate
Ugy0dh7JSb-WJF0l9l94AaABAg,TkwdN7NRTig,😂 RCB Jeet gai so,0,2026-06-06T06:10:45Z,candidate
UgwxoUs9CtVOQzuRqSl4AaABAg,TkwdN7NRTig,2026 RCB jit gai,0,2026-06-05T09:10:38Z,candidate
UgxkOa4fics5H67pO0N4AaABAg,TkwdN7NRTig,I. ❤. Love Gujarat titan❤❤❤,0,2026-06-04T15:14:35Z,candidate
UgymMaY9ATC4WQfG8jR4AaABAg,TkwdN7NRTig,Gt King ❤❤❤❤❤🎉🎉,0,2026-06-04T04:24:32Z,candidate
Ugx0e9xUlZL20zRZAsx4AaABAg,TkwdN7NRTig,Avaa de,0,2026-06-03T09:54:30Z,candidate
UgysVg8RJCO2Y2Ni7t94AaABAg,TkwdN7NRTig,🎉🎉🎉🎉🎉🎉gt forever 🙌👏,0,2026-06-03T09:54:05Z,candidate
UgyKzAWz0ygigzhI8dF4AaABAg,TkwdN7NRTig,Prince king shubham gill century 104 run shubhm gill and jos buttler sudarshan 57 run,0,2026-06-03T09:53:07Z,candidate
Ugxv5MQ_CD0xvynJruZ4AaABAg,TkwdN7NRTig,🖤💙💙💙💙💙💙💙🩵🩵🩵🩵🩵🩵🖤🖤🖤🖤🖤🖤❤️❤️❤️❤️❤️❤️,0,2026-06-03T09:51:27Z,candidate
UgzCuQpPBabHOQ6AHB54AaABAg,TkwdN7NRTig,Gt❤❤❤❤🎉🎉🎉🎉🎉🎉,0,2026-06-03T06:36:09Z,candidate
UgzmodYKY7WQNIRq-6F4AaABAg,TkwdN7NRTig,GT on top 🏆🏆🏆🔝🫡,1,2026-06-03T03:04:05Z,candidate
Ugwuxy0bJqjnZr9BXOt4AaABAg,TkwdN7NRTig,Chal chal,0,2026-06-02T05:34:33Z,candidate
UgzDEI2Pmx_0zi2yY6p4AaABAg,TkwdN7NRTig,Yes GT ke ha 💙💙💙💙💙💙💙💙💙💙💙💙💙💙💙💙💙💙💙💙,0,2026-06-01T15:58:29Z,candidate
Ugw4dAtTaGG-LQ1-jpJ4AaABAg,TkwdN7NRTig,Rcb ki dafar 🎉🎉🎉😂😂😂rcb winner🎉,0,2026-06-01T15:49:17Z,candidate
UgyXtls7nuqfu5KZvdZ4AaABAg,TkwdN7NRTig,Mumbai ki na dilli walon ki trophy hogayi rcb walon ki 🎉🎉🎉🎉🎉🎉,0,2026-06-01T13:36:15Z,candidate
UgwBDosfTYqyUcz99Qh4AaABAg,TkwdN7NRTig,😜🤑,0,2026-06-01T12:10:08Z,candidate
Ugxp2E8deINNXCtdUiN4AaABAg,TkwdN7NRTig,When I am sad so I only see this and this touch ❤🩵 my heart 🩵❤️,0,2026-06-01T09:40:13Z,candidate
UgxXpLFLpqkBjn9zFqJ4AaABAg,TkwdN7NRTig,Rcb wale leke bhi chale Gaye 😂😂😂😂😂😂😂😂😂iam rcb fan,0,2026-06-01T08:17:17Z,candidate
UgxCGenCDDor7EGeeB14AaABAg,TkwdN7NRTig,Kya  hua 🤪 tumhare gt nahi jita kya maine bola tha rcb hii jitah ga 😂😂❤,0,2026-06-01T07:40:39Z,candidate
UgzjHlZbLd9Mel3CQRN4AaABAg,TkwdN7NRTig,GT haar gayi 😂😂,0,2026-06-01T07:16:47Z,candidate
UgyjzJLQONOyNnOO3Qh4AaABAg,TkwdN7NRTig,💪🏻💪🏻💪🏻💪🏻💪🏻💪🏻💪🏻,0,2026-06-01T06:08:15Z,candidate
UgyUnts9ozhaJ3uDZd14AaABAg,TkwdN7NRTig,But rcb leke gai trophy 😅😅😅😅😅😅😅❤❤❤❤❤❤❤,1,2026-06-01T05:27:57Z,candidate
UgwpBXuvh0ygp-x1qPV4AaABAg,TkwdN7NRTig,Rcb trophy leli bhai kha,0,2026-06-01T04:07:32Z,candidate
UgylglpK5ciyNy1j95B4AaABAg,TkwdN7NRTig,Is saal bhi nahi 😭😭😭😭😭😭🥺🥺🥺🥺🥺🥺but next year hum jaroor jitege,0,2026-06-01T03:25:35Z,candidate
UgwzHDobB9UisgvEMah4AaABAg,TkwdN7NRTig,❤❤❤❤❤,0,2026-06-01T03:23:37Z,candidate
Ugxpg8clLYcOB_4nnTx4AaABAg,TkwdN7NRTig,Rcb are winning,0,2026-06-01T02:54:20Z,candidate
UgwAIreHXm4p3l4Oy1Z4AaABAg,TkwdN7NRTig,Ate bahi RCB KI HO GYI HAI TROPHY 🏆,0,2026-06-01T02:10:09Z,candidate
UgwFzL977dFGQWsl04J4AaABAg,TkwdN7NRTig,Are bhai tu Shayad cal ka match nahin dekha Hai RCB Gujarat walon ke band Baja De 😅😅,0,2026-06-01T02:01:26Z,candidate
Ugy_F2_oKrZwQcekXvN4AaABAg,TkwdN7NRTig,Rcb,0,2026-06-01T01:53:57Z,candidate
Ugyft9Ria2XZHAXeiBR4AaABAg,TkwdN7NRTig,Bar rcb jeet gyi😁🥳🥳🥳,0,2026-06-01T01:13:06Z,candidate
UgweRoqGuDWJPsj7zJ94AaABAg,TkwdN7NRTig,I love you GT ❤❤,0,2026-05-31T15:38:52Z,candidate
UgxYfnhn9p1kn0Yy0NB4AaABAg,TkwdN7NRTig,Gt god,0,2026-05-31T15:02:12Z,candidate
UgzQ4vWEQZ3D2dMTDGF4AaABAg,TkwdN7NRTig,Gt,0,2026-05-31T13:32:34Z,candidate
UgzzOYJ3pMVBzGxoLs54AaABAg,TkwdN7NRTig,Is barr trophy gt,0,2026-05-31T10:10:08Z,candidate
UgxyZLKk6LOUyR-G4Zd4AaABAg,TkwdN7NRTig,Trophy RCB ki hai always RCB winners😂😂😅,0,2026-05-31T10:00:35Z,candidate
UgyJog6EIwuOpPHWL-x4AaABAg,TkwdN7NRTig,"GT lolipop 
RCB trophi",0,2026-05-31T09:28:45Z,candidate
Ugx5JelO7tC2tMZ7wg94AaABAg,TkwdN7NRTig,❤❤❤❤❤❤❤,1,2026-05-31T07:19:34Z,candidate
Ugzgf5AgHZW4C00YU3x4AaABAg,TkwdN7NRTig,Gt,1,2026-05-31T06:33:58Z,candidate
UgzCAW1FQuL-CO8nFOp4AaABAg,TkwdN7NRTig,🖤🖤🖤🖤🖤🖤🖤🖤🖤🖤🖤🖤🖤🖤🖤🖤🖤🖤🖤🖤🖤🖤🖤🖤🏆🏆🏆🏆🏆🏆🏆🏆🏆🏆🏆🏆🏆🏆🏆🏆🏆🏆🏆🏆🏆🏆🏆🏆😃😃😃😃😃gt,1,2026-05-31T05:39:29Z,candidate
UgxeE6sGOMuCluEfMkd4AaABAg,TkwdN7NRTig,GTGTGT❤❤❤❤❤❤❤❤❤❤❤❤❤❤GTGTGT,1,2026-05-31T05:36:29Z,candidate
Ugwr51-yx2frpKGL1ER4AaABAg,TkwdN7NRTig,Trophy toh gt ki hi hai❤❤❤❤❤,2,2026-05-30T19:24:29Z,candidate
UgwfcdH4F1VLjT8HjZ94AaABAg,TkwdN7NRTig,Yeah sure gt wins in final match o of IPL 2026,1,2026-05-30T17:53:21Z,candidate
UgxJDY98bl99tLLotlN4AaABAg,TkwdN7NRTig,GT will win 🏆,1,2026-05-30T17:47:14Z,candidate
UgxIDFyQaHbU_tH2goV4AaABAg,TkwdN7NRTig,GT,1,2026-05-30T17:33:14Z,candidate
UgzRQok441uMvLhPSKB4AaABAg,TkwdN7NRTig,Nooo rcbb❤❤❤❤❤,0,2026-05-30T11:22:20Z,candidate
UgyQYT-DeeGwC0HYLlJ4AaABAg,TkwdN7NRTig,❤,1,2026-05-30T10:10:26Z,candidate
Ugy1vEJAXXE_6STfG9Z4AaABAg,TkwdN7NRTig,❤,1,2026-05-30T09:51:00Z,candidate
UgxMKOd-kcSKGwQulHt4AaABAg,TkwdN7NRTig,Is bar trophy toh gt waalo ki❤,3,2026-05-30T09:19:27Z,candidate
UgysxVJhPrOiUtCF_iN4AaABAg,TkwdN7NRTig,Is baar to trophy aani hi chahiye❤🎉🎉,3,2026-05-30T06:52:31Z,candidate
Ugz88x2XqzAgdzWvZIZ4AaABAg,TkwdN7NRTig,Gt gado,1,2026-05-30T04:19:50Z,candidate
UgxuqjXFp4EfNu-kxPl4AaABAg,TkwdN7NRTig,GT Nambar1,1,2026-05-30T04:04:32Z,candidate
Ugwxc5TMB-V1lTAED6B4AaABAg,TkwdN7NRTig,Trophy jai GT walo ki,1,2026-05-30T03:10:21Z,candidate
UgxiwunMa3KsHMl2lQ14AaABAg,TkwdN7NRTig,GT 💙💙,0,2026-05-29T08:22:11Z,candidate
UgyhoBQlGHadzBjQfjt4AaABAg,TkwdN7NRTig,Lekin is bar rcb hi jitega  ❤❤❤❤❤❤❤❤❤❤❤❤❤❤,0,2026-05-29T06:56:30Z,candidate
UgyGC_KSNmw9a_dAASp4AaABAg,TkwdN7NRTig,❤❤,1,2026-05-29T03:58:59Z,candidate
Ugzu3wQFUWQ5nTZWZst4AaABAg,TkwdN7NRTig,Gt 💙 💙 💙 💙 💙 ❤❤❤❤💙❤❤,0,2026-05-28T08:35:00Z,candidate
UgwKBIKs6NoOs7hkqlp4AaABAg,TkwdN7NRTig,🩵🩵🩵GT,0,2026-05-28T07:35:00Z,candidate
Ugxv-6Zw1PafKahGlER4AaABAg,TkwdN7NRTig,My name 😂😂,0,2026-05-28T06:14:49Z,candidate
UgzGIrEVYj2MIkMKjx54AaABAg,TkwdN7NRTig,GT,0,2026-05-28T03:03:11Z,candidate
UgzMAEzgIkivRbojBTR4AaABAg,TkwdN7NRTig,GT..king,0,2026-05-27T13:41:43Z,candidate
Ugzvb7eiJ8TBY3kDlRF4AaABAg,TkwdN7NRTig,Na ji na trophy to bas ek hi team uthaigi vo hai RCB ❤❤❤❤❤❤❤❤❤❤❤❤❤❤❤❤❤❤🎉🎉🎉,0,2026-05-27T09:09:03Z,candidate
UgzIxMgVh77FgFV0rgN4AaABAg,TkwdN7NRTig,Is sal cup aave de,0,2026-05-27T08:32:58Z,candidate
UgzWMLk8hRlcRKhifGx4AaABAg,TkwdN7NRTig,"Trophy hai GT walo ki 💗✨🎀 
Vibe toh hai or trophy bhi hmari hi hai 🗿😎😏",1,2026-05-27T08:15:44Z,candidate
UgyWnaSVWxfU4tUG6UR4AaABAg,TkwdN7NRTig,Ha gt 2026🎉🎉🎉🎉🎉🎉🎉🎉🎉🎉💙💙💙💙💙🎊🎉💯💯💯💯🎉🎊💙🎉💯🎉,0,2026-05-27T05:59:57Z,candidate
UgyDDK7QjuE2CIJxRVR4AaABAg,TkwdN7NRTig,Kal gt har gyi fielding ki vajah se qualifier 2 me jeet ka final me jeetna ha GT ❤❤❤❤❤❤,0,2026-05-27T04:38:52Z,candidate
Ugx3lAjX1YxH3uS37A94AaABAg,TkwdN7NRTig,Gt winner 🏆🧿 aava DE 🎉,1,2026-05-26T20:07:06Z,candidate
Ugx0MqQ3vvBrQTRbZ3t4AaABAg,TkwdN7NRTig,GT 💙💙,0,2026-05-26T16:19:18Z,candidate
UgxkTWGKedvED6JuC7J4AaABAg,TkwdN7NRTig,2006 mein Gujarat Titan trophy jitegi,0,2026-05-26T07:49:27Z,candidate
Ugwx32RSrqnTHuJfxn94AaABAg,TkwdN7NRTig,Gt🥰🥰🥰🥰,0,2026-05-26T04:46:06Z,candidate
Ugxop7M9egCgLF0Otbp4AaABAg,TkwdN7NRTig,Trophy h RCB wali ki!!!! ❤❤❤❤♾️♾️♾️🤌🤌🤌🫡🫡🫡🫡,0,2026-05-25T19:46:35Z,candidate
UgzYw0g6sylJCGFhe3Z4AaABAg,TkwdN7NRTig,Bhai kuchh aur videos Dal De Gujarat Titans ki main bahut bada fan hun yah wali trophy to Gujarat Titans ke pass jayegi,0,2026-05-25T03:32:26Z,candidate
UgzmGGkmGiy9hVrxebd4AaABAg,TkwdN7NRTig,Mumbai ki na delhi wala ki trophy ha gt wala ki❤❤❤😂😂😂😂😂😂,0,2026-05-24T16:07:35Z,candidate
UgzskPp7RYHTloa7bKZ4AaABAg,TkwdN7NRTig,Very very right ❤❤❤❤❤,0,2026-05-24T09:33:16Z,candidate
Ugz992UtOAOC6KwyZqJ4AaABAg,TkwdN7NRTig,Is baar trophy hai GT waalo ki❤,1,2026-05-23T17:57:43Z,candidate
UgyowYCXG845ZhNj2pd4AaABAg,TkwdN7NRTig,GT ❤❤❤❤❤❤❤❤❤❤❤,1,2026-05-22T11:21:07Z,candidate
UgwyCnZODUM-GKcQsr94AaABAg,TkwdN7NRTig,77 ❤❤❤❤❤❤,0,2026-05-22T02:29:12Z,candidate
Ugx5RJAlf9iaYLOG-GJ4AaABAg,TkwdN7NRTig,❤❤❤❤❤❤gt❤❤❤❤gill,0,2026-05-22T01:00:12Z,candidate
UgzlPpSVXUXFKobAxvR4AaABAg,TkwdN7NRTig,❤❤❤,0,2026-05-21T08:00:00Z,candidate
UgyaSxnBHYe6x2EhXAZ4AaABAg,TkwdN7NRTig,❤❤,0,2026-05-21T03:46:43Z,candidate
UgwAz2_wEuYsJsMgxWN4AaABAg,TkwdN7NRTig,GT❤❤❤❤❤🎉🎉🎉🎉🎉🎉,0,2026-05-21T01:53:37Z,candidate
Ugy0GNazEii75pZ9ukF4AaABAg,TkwdN7NRTig,🖤🖤🖤🖤🖤🖤🖤🖤🖤🖤🖤🖤🖤🖤🖤🖤,1,2026-05-21T00:54:35Z,candidate
UgxZOTM6mO2sIiWEEjV4AaABAg,TkwdN7NRTig,Gt❤❤❤❤❤❤❤🔥🔥🔥🔥🔥🔥,0,2026-05-20T18:05:50Z,candidate
UgzlsOoyWmFyanI1UWx4AaABAg,TkwdN7NRTig,Aava De...!!!🙌🏻✌🏼😎,1,2026-05-20T09:59:42Z,candidate
UgwH6i-zQjdMzmmR5K14AaABAg,TkwdN7NRTig,GT ❤❤❤❤❤❤❤,0,2026-05-20T03:51:56Z,candidate
UgwmlchX7fPxOfENdbt4AaABAg,TkwdN7NRTig,Women girl lover,0,2026-05-19T15:28:01Z,candidate
UgyBj-BV1O-ajZi6fbB4AaABAg,TkwdN7NRTig,GT ❤❤❤ you,0,2026-05-19T14:28:32Z,candidate
UgxyIgo5WHBqRUn-zuZ4AaABAg,TkwdN7NRTig,🩵💙🩵💙🥲😍,0,2026-05-19T10:37:00Z,candidate
UgyFB-osntfVYw87INl4AaABAg,TkwdN7NRTig,Gt,0,2026-05-19T07:55:57Z,candidate
Ugyb1-kyzRzkdDPxlEh4AaABAg,TkwdN7NRTig,Gt,0,2026-05-18T19:09:53Z,candidate
UgwS8ivR4hhkby5xkgJ4AaABAg,TkwdN7NRTig,❤❤❤❤❤❤❤❤❤❤❤❤❤❤❤❤❤❤❤❤❤❤❤❤❤❤❤❤❤❤❤❤❤❤❤❤❤❤❤❤❤❤❤❤❤GT❤❤❤❤❤❤❤❤❤❤❤❤❤❤❤❤❤❤❤❤❤❤❤❤❤❤❤❤❤❤❤❤❤❤❤❤❤❤❤❤❤❤❤❤❤,0,2026-05-18T10:43:51Z,candidate
UgwQedWadFSdwsmWemt4AaABAg,TkwdN7NRTig,Always gt is winners🎉🎉🎉🎉🎉👿😈👿😈👿😈👿😈👿😈👿😈🥇🥇🥇🏆🏆🏆🚜🚜🚜,0,2026-05-17T10:39:34Z,candidate
Ugx5iQ-cYhAZH-yV_Wd4AaABAg,TkwdN7NRTig,Is bar bhai,0,2026-05-17T09:30:51Z,candidate
UgzgztVh0KyRWfpASxt4AaABAg,TkwdN7NRTig,Gt❤❤❤❤,0,2026-05-17T07:56:06Z,candidate
UgyJsk_NalYTegd923B4AaABAg,TkwdN7NRTig,RCB❤❤❤❤❤❤❤❤❤❤❤❤❤❤❤❤❤❤❤❤❤❤❤❤❤❤❤❤❤❤❤❤❤❤❤❤❤❤❤❤❤❤❤❤❤❤❤❤❤❤❤❤❤❤❤❤❤❤❤❤❤❤❤❤❤❤❤❤❤❤❤❤❤❤❤❤❤❤❤❤❤❤❤❤❤❤❤❤,0,2026-05-17T06:11:33Z,candidate
UgyLHvDvifaUYplPfzt4AaABAg,TkwdN7NRTig,Gujarat titans troies this season,0,2026-05-17T04:57:32Z,candidate
Ugw4kF3yWO24bknGg1Z4AaABAg,TkwdN7NRTig,🫶🫶🫶🫰🤘🤘🤘🤟🤟gt,0,2026-05-16T09:33:29Z,candidate
Ugww6LjW2Pr0cDsjUwB4AaABAg,TkwdN7NRTig,"Second trophy loading 🎉🎉
Aava de🏆🏆",0,2026-05-16T09:18:58Z,candidate
UgzF-jGeu9gPSMHkhd94AaABAg,TkwdN7NRTig,Gtmyking🖤🖤🖤🫅🐯🦁,0,2026-05-16T08:09:45Z,candidate
UgzUc8hiOzf4Az5VqNZ4AaABAg,TkwdN7NRTig,❤❤❤❤❤❤❤❤❤❤❤❤❤❤❤❤❤❤❤❤❤❤❤❤GT 🏆🏆🙂‍↕️🙂‍↕️🥺🫡🥺😘🥰😘🫡😘🤗😚,0,2026-05-16T07:08:54Z,candidate
UgzAWWVtlM0-y046Gk14AaABAg,TkwdN7NRTig,Trophy  he gt walo ki❤❤,0,2026-05-16T05:45:06Z,candidate
UgxE9roIFAUp72H-Esd4AaABAg,TkwdN7NRTig,GT FANS ❤❤❤❤❤😊😊😊😊😊😊😊😊😊😊,0,2026-05-15T07:09:34Z,candidate
UgyU0eCeFOApOLyq4Md4AaABAg,TkwdN7NRTig,❤❤❤❤.   GT.    ❤❤❤❤,2,2026-05-14T15:56:27Z,candidate
UgyA0_2WZKzGW5jOPFp4AaABAg,7QuClPJfYsQ,Bhai dono ko finishing krni thi isliye,0,2026-08-11T15:30:04Z,candidate
UgwUgq36QbvIeOX5tzx4AaABAg,7QuClPJfYsQ,Gt forever,2,2026-08-11T15:26:31Z,candidate
UgxmE2YDFbwrjmbamvB4AaABAg,7QuClPJfYsQ,Gtking team,1,2026-08-11T08:19:45Z,candidate
Ugy6oYEJtNH81lGpvw14AaABAg,f9BG_Mbs9J8,Masala paglu was epic 😂😂😂,0,2026-08-09T11:51:35Z,candidate
UgzNMJk_T7WP0x8rbdp4AaABAg,f9BG_Mbs9J8,Gt❤❤😊😊,0,2026-08-06T17:27:48Z,candidate
Ugx2dS0APE_IcFpfo9N4AaABAg,f9BG_Mbs9J8,बहुत अच्छा,0,2026-07-27T12:17:50Z,candidate
UgzlCrvHGqWIatgxHcl4AaABAg,f9BG_Mbs9J8,❤❤❤❤❤❤,0,2026-07-19T06:44:22Z,candidate
Ugw0HutCRzdO3KFFl314AaABAg,f9BG_Mbs9J8,Subhman gill chaka,0,2026-07-10T17:22:50Z,candidate
UgxYTNH8Giw_vKBwfHt4AaABAg,f9BG_Mbs9J8,Gt  gt. Gt🖤🖤🖤🖤🖤🖤🖤🖤🖤🖤🖤🖤🖤🖤🖤🖤🖤🖤🖤🖤🖤🖤🖤,0,2026-07-03T13:29:10Z,candidate
Ugw_gM9R_XqUwYJ7Dlp4AaABAg,f9BG_Mbs9J8,GT🖤🖤🖤🖤🖤🖤,0,2026-06-30T09:42:44Z,candidate
Ugw3m4FM2rc0MXZ6mpB4AaABAg,f9BG_Mbs9J8,❤❤❤❤,0,2026-06-30T07:44:30Z,candidate
Ugxp5XThU9jEjM_muzF4AaABAg,f9BG_Mbs9J8,❤❤❤❤,0,2026-06-30T07:44:26Z,candidate
UgzTnS3qPOvW-SXh0Lt4AaABAg,f9BG_Mbs9J8,❤❤❤❤❤,0,2026-06-30T07:44:21Z,candidate
UgxUHRnYQz3QhnVTzfV4AaABAg,f9BG_Mbs9J8,S,0,2026-06-24T00:26:17Z,candidate
Ugzus4NUxmPQFl6gIFR4AaABAg,f9BG_Mbs9J8,Hardik pandya in gt 🗿😈😈😈😈😌,0,2026-06-15T14:07:07Z,candidate
Ugwu40T5w8hJ5MnAEWR4AaABAg,f9BG_Mbs9J8,S gill ❤❤,0,2026-06-14T08:39:21Z,candidate
UgwNxQPgAL9SD1HPdat4AaABAg,f9BG_Mbs9J8,Gill 🎉🎉🎉❤❤❤,0,2026-06-11T07:10:52Z,candidate
UgxBXE8qPAHzxS2D86t4AaABAg,f9BG_Mbs9J8,Sahi kiya,0,2026-06-06T18:19:54Z,candidate
Ugy2Tvdq7rndaG8uEfR4AaABAg,f9BG_Mbs9J8,Gill❤❤❤,0,2026-06-06T00:57:52Z,candidate
Ugwe6cNpVR3frPVjCWZ4AaABAg,f9BG_Mbs9J8,GT,0,2026-06-03T05:03:36Z,candidate
UgxYEY2I0OmZ2ehYXSl4AaABAg,f9BG_Mbs9J8,"Masala paglu❌❌❌
Kaleshi padosan✅✅✅",0,2026-05-27T03:38:53Z,candidate
UgzhTyVWpyFc8d1CijN4AaABAg,f9BG_Mbs9J8,Hardik,0,2026-05-25T06:44:43Z,candidate
Ugy8-s_wZ-ybGW1yH-x4AaABAg,f9BG_Mbs9J8,❤❤❤❤❤❤❤❤❤❤❤❤❤❤❤❤❤❤❤❤❤❤❤❤❤❤❤❤❤❤❤❤❤❤❤❤❤❤❤❤❤❤❤❤❤❤❤❤❤❤❤❤❤❤❤❤❤❤❤❤❤❤❤❤❤❤❤❤❤❤❤❤❤❤❤❤❤❤❤❤GILL,0,2026-05-22T05:05:16Z,candidate
UgyHkkoasrdoyymUgpx4AaABAg,f9BG_Mbs9J8,🤬🤬🤬🤬🤬🤬🤬,0,2026-05-16T09:55:34Z,candidate
Ugx2q3yPI_wv0dxBCwJ4AaABAg,f9BG_Mbs9J8,😮😮,0,2026-05-13T13:19:38Z,candidate
UgwlKiJorVrXxd6keyp4AaABAg,f9BG_Mbs9J8,Gt❤❤❤❤❤❤❤❤❤❤❤❤❤❤❤❤❤❤❤❤❤😢😮😮😮😮😮,0,2026-05-08T01:13:45Z,candidate
UgxdWTyTOGhkivCPvXp4AaABAg,f9BG_Mbs9J8,Naraj jrur h par nafrat nhi is bande se .. well come hardik bhai in gt ....,0,2026-05-05T05:05:07Z,candidate
UgzC65vg6DXsm8q7HMB4AaABAg,f9BG_Mbs9J8,Dono Ke heaters ke vahan Aag Lag Rahi Hai,0,2026-05-02T05:04:16Z,candidate
Ugx5E1daoLJlLKprBn54AaABAg,f9BG_Mbs9J8,Hardik to chhota hai gill 💪💪,2,2026-04-29T08:23:47Z,candidate
Ugx8pS71M49cnXX4PJN4AaABAg,f9BG_Mbs9J8,Ms dhoni paglu matlb😂😂,0,2026-04-27T03:04:01Z,candidate
UgzRisFRFJX0Y_dFrcB4AaABAg,f9BG_Mbs9J8,Hardik Pandya,0,2026-04-23T12:29:18Z,candidate
UgxchkVVwbRvE3SQanZ4AaABAg,f9BG_Mbs9J8,"Chenai ma urvil patel 1 no. Che
Tene ramadta nathi",0,2026-04-20T16:54:16Z,candidate
Ugz77YHtC-u41MoPkdl4AaABAg,f9BG_Mbs9J8,Guj t. Ni pashe opnar bet line che,0,2026-04-20T16:52:54Z,candidate
Ugyi6ZWywhwwWopfMap4AaABAg,f9BG_Mbs9J8,Gill❤❤❤❤,0,2026-04-19T15:43:13Z,candidate
UgxEefBh16sVUXV21Xt4AaABAg,f9BG_Mbs9J8,❤️❤️❤️❤️❤️❤️❤️❤️❤️❤️❤️❤️❤️❤️❤️❤️❤️❤️❤️❤️❤️❤️❤️❤️❤️❤️❤️❤️❤️❤️❤️❤️❤️❤️❤️❤️❤️❤️❤️❤️❤️❤️❤️❤️❤️❤️❤️❤️❤️❤️❤️‍🔥❤️❤️❤️❤️❤️❤️❤️❤️❤️❤️❤️❤️❤️❤️❤️❤️❤️❤️❤️❤️❤️❤️❤️❤️❤️❤️❤️❤️❤️❤️❤️❤️❤️❤️❤️❤️❤️❤️,0,2026-04-19T14:45:56Z,candidate
UgwKs6kdLECtvCtnM2d4AaABAg,f9BG_Mbs9J8,Lafhda😂😂,0,2026-04-17T07:12:49Z,candidate
UgxqdVd34F7XSbYWyj94AaABAg,f9BG_Mbs9J8,Mere pass 1200. Rupay ka 5 ticket hain kisi ko chahiye to 1000. Karke de dunga. 20 April ka. Gujarat vs mumbai,0,2026-04-16T02:36:07Z,candidate
UgyscugEEGUPKqM9j9x4AaABAg,f9BG_Mbs9J8,Mi,0,2026-04-12T09:31:04Z,candidate
UgylM3nyyrn3BiIkayx4AaABAg,f9BG_Mbs9J8,Hardik  pandya RanD,0,2026-04-10T15:33:52Z,candidate
Ugy2EpHixEcHhzmW0ZN4AaABAg,f9BG_Mbs9J8,Shubbi ❤,1,2026-04-04T18:48:33Z,candidate
UgzoC_eZneYxwV9Jz0F4AaABAg,f9BG_Mbs9J8,Shubhman best,6,2026-04-04T18:28:22Z,candidate
UgxbeNezZPpjw73kuCB4AaABAg,f9BG_Mbs9J8,Man if shought on gill his fans was😡😡😡,4,2026-03-22T08:50:41Z,candidate
UgyhZzqA6KYWT77x_pZ4AaABAg,f9BG_Mbs9J8,Gill,1,2026-03-19T14:07:27Z,candidate
Ugzb5mrGfigeIHC2Kdl4AaABAg,f9BG_Mbs9J8,hardik,0,2026-03-06T05:59:06Z,candidate
UgwLSxD9NqkEw7o0KD94AaABAg,f9BG_Mbs9J8,Gill❤❤❤❤❤❤❤❤❤❤❤❤❤❤❤❤❤❤❤❤❤❤❤❤❤❤❤❤❤❤❤❤❤❤❤❤❤❤❤❤,7,2026-02-13T03:28:47Z,candidate
UgwilIfq8CsdJmUZPz54AaABAg,f9BG_Mbs9J8,Hardik pandya 🔥🔥🔥,4,2026-02-02T04:17:18Z,candidate
UgyeMLyrVeKtfuQUJXx4AaABAg,f9BG_Mbs9J8,33❤❤❤,1,2026-01-21T13:35:06Z,candidate
UgzV-1V1rybABmdPY4V4AaABAg,f9BG_Mbs9J8,💙💙💙💙,1,2026-01-13T06:08:00Z,candidate
Ugzp9c7mQjDCoswNZ714AaABAg,f9BG_Mbs9J8,Gill❤❤❤❤❤❤❤😢😢😢😢😢,12,2026-01-10T04:36:29Z,candidate
UgwtNj-OJDuDjhBvCkJ4AaABAg,f9BG_Mbs9J8,Gill❤❤❤❤🎉,11,2025-12-13T16:49:35Z,candidate
UgyKKWG7hu7Xtho4HiJ4AaABAg,f9BG_Mbs9J8,😂😂,1,2025-12-08T17:32:32Z,candidate
Ugw0m-Xo3QQqBZF3APx4AaABAg,f9BG_Mbs9J8,Gill❤,1,2025-11-23T08:53:26Z,candidate
Ugym3U7qk_w7ZDRjhyZ4AaABAg,f9BG_Mbs9J8,❤❤samangill❤❤❤❤❤❤,19,2025-11-20T04:41:36Z,candidate
UgwuVLCIo7YQfjL8Qb94AaABAg,f9BG_Mbs9J8,Gill😢😮😂😊,1,2025-11-14T14:06:45Z,candidate
UgwVJIne4cXBp55xHrp4AaABAg,f9BG_Mbs9J8,S.gill❤❤❤❤❤❤,20,2025-11-02T08:48:11Z,candidate
UgwF6NzlwL-W_pY4cdp4AaABAg,f9BG_Mbs9J8,Shulman hardik ki papa,2,2025-10-23T02:41:23Z,candidate
UgzM4I_AeLCqYNHNewx4AaABAg,f9BG_Mbs9J8,7❤❤❤❤❤,16,2025-10-20T11:47:27Z,candidate
UgwbSnxiDwiMn1rG6bV4AaABAg,f9BG_Mbs9J8,💙💙💙💙🤫🤫🤫,1,2025-10-20T03:32:25Z,candidate
UgxFfKMi3IsxBxV-N9l4AaABAg,f9BG_Mbs9J8,💙💙💙,1,2025-10-20T03:32:15Z,candidate
UgzgK_0YkZ7zT6Hzgzp4AaABAg,f9BG_Mbs9J8,Hardik Pandya ❤❤❤❤❤❤,1,2025-10-18T18:18:38Z,candidate
UgwYr7niasSBjH0VGkZ4AaABAg,f9BG_Mbs9J8,🤝🤝,3,2025-10-18T02:54:04Z,candidate
UgzwWPdj_G9dZr-GRkV4AaABAg,f9BG_Mbs9J8,"Gill 👎🏼🤮🤮 
Hardik Pandya ❤😊 
Elemation match har gai na Gujarat Titans kaisa laga gill Ko Hardik jab uske aage Mein Gujar Gaya 
Hardik ❤😊",2,2025-10-17T11:39:57Z,candidate
UgwexjNnZdI9-J2vsnZ4AaABAg,f9BG_Mbs9J8,Hardik Pandya 33,2,2025-10-16T14:43:18Z,candidate
UgzUx41HsE24V72XCK54AaABAg,f9BG_Mbs9J8,Hardik ❤❤❤❤❤❤❤❤❤❤❤❤,7,2025-10-15T15:46:03Z,candidate
UgyV5qQa_jgmIiiz8DZ4AaABAg,f9BG_Mbs9J8,What is you're frablen suman,0,2025-10-14T13:44:03Z,candidate
Ugy9MLIRy1twzX0z4ux4AaABAg,f9BG_Mbs9J8,Hardik ❤❤❤,30,2025-10-10T13:08:13Z,candidate
Ugzw0wt5E_foQd9cYfZ4AaABAg,f9BG_Mbs9J8,Jai hind😊,1,2025-10-09T11:38:08Z,candidate
UgystQ8QuCyPqkzC2rB4AaABAg,f9BG_Mbs9J8,Hardik🎉🎉🎉,5,2025-10-02T12:58:03Z,candidate
UgzodSkuP5NpGSYDMjR4AaABAg,f9BG_Mbs9J8,Hardik Pandey 💙💙💙💙💙💙💙💙👋,4,2025-09-13T18:39:04Z,candidate
UgxGE5SFI5FYFTmRLp54AaABAg,f9BG_Mbs9J8,Jab Main chalega Suman Gil FIR pata chalega tujhe Hardik Pandya Ko itna famous kyon Hai🎉🎉🎉,2,2025-09-07T09:04:41Z,candidate
UgwCs5Fgl0SSDsz2n7B4AaABAg,f9BG_Mbs9J8,"Tried other sites, but 4rabetT just hits different 🤩 Fair odds make all the difference",0,2025-09-02T10:19:26Z,candidate
Ugyrc4ZW74mcsVG8xs14AaABAg,f9BG_Mbs9J8,Hardik pandya❤❤❤❤❤❤❤❤❤❤❤❤❤❤❤❤❤is best cricketer,7,2025-09-01T19:43:23Z,candidate
UgxvvRQFInqKwMIVefR4AaABAg,f9BG_Mbs9J8,हार्दिक पांड्या सबका बाप है उसमे मंगल के बच्चे बच्चे भाईसाब हार्दिक पांड्या पिक्चर मध्ये होता ना तो❤❤❤❤❤🎉🎉🎉🎉😅😂😮😊,3,2025-08-29T09:06:35Z,candidate
UgyZBu3lf2qe66X_3s54AaABAg,f9BG_Mbs9J8,MI Hardik❤❤❤❤❤❤❤❤❤❤❤❤,5,2025-08-09T04:58:14Z,candidate
UgzvQ1ChkfxrgJ33PU94AaABAg,f9BG_Mbs9J8,Gill ❤❤❤,53,2025-08-03T14:40:16Z,candidate
UgxTiaT2OiPv7oyGdCl4AaABAg,f9BG_Mbs9J8,Mi hardik ❤❤❤❤hardik ❤❤❤mi,3,2025-08-03T14:35:57Z,candidate
Ugyb6JH3X0XP2EAAeEN4AaABAg,f9BG_Mbs9J8,Shubhman gill happy friendship day 😘,85,2025-08-03T10:29:46Z,candidate
UgxrmwUh66nwGryltpJ4AaABAg,f9BG_Mbs9J8,पांड्या वर्सेस शुभम गेम❤❤ गिल गिल❤❤,10,2025-08-03T09:02:14Z,candidate
Ugyno-3Gnn42CIbo0zR4AaABAg,f9BG_Mbs9J8,Me too,3,2025-08-02T08:25:12Z,candidate
UgzGy_Ie0E9CQnB0jPd4AaABAg,f9BG_Mbs9J8,Gill🎉🎉🎉🎉🎉🎉🎉🎉,19,2025-07-31T10:45:48Z,candidate
Ugx86phE1LheMQ-S5W14AaABAg,f9BG_Mbs9J8,Masala paglu😂😂😂,2,2025-06-02T17:42:51Z,candidate
UgxwYXZT6PpzKyQ-r_d4AaABAg,ZkoMNbU62FQ,Siraj against srilanka warmup match,0,2026-08-12T08:12:12Z,candidate
UgzPhCGbbWW0Iuw6JzJ4AaABAg,ZkoMNbU62FQ,Siraj Go pro helmet? 😂,0,2026-08-05T16:20:12Z,candidate
Ugzif8EJWnNEFxp5vIl4AaABAg,ZkoMNbU62FQ,Ishan and shubhman my prince,1,2026-06-13T15:55:29Z,candidate
UgwLRPkBXExbx0_RIch4AaABAg,ZkoMNbU62FQ,Deepak Bandhiya 🇮🇳 Gujarati 2027,0,2026-06-01T06:23:57Z,candidate
UgzUJOEdng8cXrmgxHp4AaABAg,ZkoMNbU62FQ,Shubmannnnnnnn❤❤❤❤❤❤❤❤❤,0,2026-05-17T08:45:48Z,candidate
UgydhxedbkLcgz_Vnpl4AaABAg,ZkoMNbU62FQ,Maje lere😂,0,2026-05-16T12:23:35Z,candidate
Ugw1dghxESlOWyhZ9xx4AaABAg,ZkoMNbU62FQ,Height difference is just ♥️,0,2026-05-13T10:55:59Z,candidate
Ugwo7Xb0eEmKhuMM-6B4AaABAg,ZkoMNbU62FQ,Tum apni dekh lo ..woh apna kaam barabar kar raha hai...😂,0,2026-05-13T01:34:34Z,candidate
UgwLNELM-XGRxbK6gQ94AaABAg,ZkoMNbU62FQ,I am Gujarat titans big fan🤩,0,2026-05-12T19:17:44Z,candidate
UgxoUA2thPZfmmupWuN4AaABAg,ZkoMNbU62FQ,GT🩵🩵💙RCB❤️❤️❤️,0,2026-05-07T09:57:41Z,candidate
Ugz0InrbT5YgjcAIXp54AaABAg,ZkoMNbU62FQ,Ghood bhais,0,2026-05-05T15:17:08Z,candidate
UgztI4AdN9EEhF8v4PB4AaABAg,ZkoMNbU62FQ,The legendary defence of Siraj in Australia to let Nitish score his century in Melbourne.😊❤,1,2026-04-30T05:38:53Z,candidate
UgwhtWNkD2HmMSFbAXx4AaABAg,ZkoMNbU62FQ,DSP Siraj 🔥🔥🔥,0,2026-03-23T04:34:05Z,candidate
UgzRwLRSzco4RKP_MnV4AaABAg,ZkoMNbU62FQ,😂,0,2026-03-21T14:38:45Z,candidate
Ugy-79ZSm8nbRWr9K1l4AaABAg,ZkoMNbU62FQ,mayan magic❤❤❤,0,2026-03-17T07:39:54Z,candidate
Ugx4qz-meZzsn2NV4RZ4AaABAg,ZkoMNbU62FQ,"He didn't stop smiling for a second 
That is healthy friendship dude...❤❤",0,2026-03-14T18:09:50Z,candidate
Ugx1qy-lq4wphj4XRz14AaABAg,ZkoMNbU62FQ,Inko dhek ke dil khus ho jata hai subhman  ki khusi ishu😊❤,0,2026-03-13T07:56:35Z,candidate
UgyaSv_i9zbjVxOk1P94AaABAg,ZkoMNbU62FQ,Shubman and Ishan's friendship >>>> 🧿🫂,0,2026-03-02T12:57:11Z,candidate
UgyRWDKG9YYQafbGhUF4AaABAg,ZkoMNbU62FQ,Who is after Ishan Kishan selected for T20 World Cup .???,1,2025-12-22T18:05:06Z,candidate
UgwJpDGvgejvQHmVcvR4AaABAg,ZkoMNbU62FQ,Ishman for forever ❤🥰😍😘💋💝💖💘💓💞💕,1,2025-12-10T16:35:42Z,candidate
Ugzf5-HaOcyn-dKvldF4AaABAg,ZkoMNbU62FQ,Ishman 🥹❤,1,2025-10-12T14:14:53Z,candidate
UgyPiuAP6dnkCA4t9AJ4AaABAg,ZkoMNbU62FQ,Va.  Gii😂,0,2025-09-18T04:33:12Z,candidate
UgzCJZ5b72jBdnahDHZ4AaABAg,ZkoMNbU62FQ,Tere feed back se thodi hi o khela raha hai...apna khel phele dekh,0,2025-08-09T22:31:34Z,candidate
UgzTdJiCCqlYmuDFmDV4AaABAg,ZkoMNbU62FQ,❤️,0,2025-08-06T08:32:06Z,candidate
Ugxq09ArmJ5jeMBoBH54AaABAg,ZkoMNbU62FQ,❤❤❤❤❤❤❤,0,2025-07-30T02:47:57Z,candidate
Ugz42aAjP9oiRW7pWVB4AaABAg,ZkoMNbU62FQ,Ishan and shubman best duo ❤,0,2025-07-21T06:44:54Z,candidate
Ugw9_V4xOrV2ZyrgW_14AaABAg,ZkoMNbU62FQ,😂,0,2025-07-20T10:14:08Z,candidate
UgwZ_yyPPaHuTfAHOW14AaABAg,ZkoMNbU62FQ,Two cuties in one frame! 💗🎀<3!!,0,2025-06-29T11:53:00Z,candidate
UgzHDjlIQ6ufketxUvN4AaABAg,ZkoMNbU62FQ,Shubhan gill sara ka number chahiye,0,2025-06-23T05:35:57Z,candidate
Ugw5IyC9saShQrTd88x4AaABAg,ZkoMNbU62FQ,Gill is my ❤❤❤ gill l love you too shubham ❤❤❤❤❤❤ so sweet and so cute 🥰🥰🥰🥰🥰🥰🥰🥰❤❤❤❤❤❤❤😍😍😍♥️♥️♥️ love you ❤❤❤❤❤,0,2025-06-19T08:20:11Z,candidate
UgwynIly9PQLKfVhoy94AaABAg,ZkoMNbU62FQ,Shubham ❤,0,2025-05-30T08:29:23Z,candidate
Ugy-3aujs2aP0iI-scZ4AaABAg,ZkoMNbU62FQ,Male cricket team mae chhako ko rakhha jata hai 😂ishan kinner,0,2025-05-30T08:21:54Z,candidate
Ugy17go1UI_GB-4GfiZ4AaABAg,ZkoMNbU62FQ,Shubman and Ishan Kishan very best friend,0,2025-05-29T09:13:37Z,candidate
UgwXAYbuUNF9G6Albap4AaABAg,ZkoMNbU62FQ,Hyderabad ka local h panga mat lo,0,2025-05-29T07:34:08Z,candidate
UgxLDUqPikz27of5XiF4AaABAg,ZkoMNbU62FQ,Ishan ipl k liye paida hua hai 😅😅😅😅,0,2025-05-28T23:13:08Z,candidate
Ugz3my0uMH0YWAdfYuF4AaABAg,ZkoMNbU62FQ,"""Mere shirt hatake pasina chat dega?""",0,2025-05-28T21:21:59Z,candidate
Ugy2OB7g7s9q_CYGpxt4AaABAg,ZkoMNbU62FQ,Dsp hai yha ka😅😅,0,2025-05-28T18:06:35Z,candidate
UgxnOaa9Eaa73PASYyd4AaABAg,ZkoMNbU62FQ,Aaj dono ek dusre ko chipke kyo nahi 😢❤,0,2025-05-28T11:57:45Z,candidate
UgxtBQ5P5ZM92NVFQB14AaABAg,ZkoMNbU62FQ,"Ishan's voice - 🗿
Shubhman's voice - 🥰",2,2025-05-25T12:45:16Z,candidate
Ugw2_pliGTml_TUmK9l4AaABAg,ZkoMNbU62FQ,Panga lete hi arrest nahi kar lega DSP siraj 💀🗿,1,2025-05-25T07:00:05Z,candidate
UgwF-vJgRqCp4xvhvQF4AaABAg,ZkoMNbU62FQ,Gill with ishan always hits different ❤,150,2025-05-24T09:40:11Z,candidate
Ugzehfjf23gDelnMs9N4AaABAg,ZkoMNbU62FQ,Please shubhman sir reply on my comment ❤,0,2025-05-17T12:00:30Z,candidate
UgxmkVnn27tarSqUSoh4AaABAg,ZkoMNbU62FQ,"THIS TREND IS OVER BUT I CONTINUED THIS TREND                                      


















SIR VIVIAN JHONTY SIRAJ",0,2025-05-15T08:00:09Z,candidate
UgwI1NkumK1H8MN0h894AaABAg,ZkoMNbU62FQ,"Siraj :the batter
Ishan:the entertainer
Shubman:the listener",1,2025-05-15T02:38:18Z,candidate
Ugwlr4DFp9mNYIWn16d4AaABAg,ZkoMNbU62FQ,Assalamualaikum ❤🎉,0,2025-05-13T15:17:58Z,candidate
Ugy9_KHKsBy4H5CB_l54AaABAg,ZkoMNbU62FQ,Chuse hue aam teeno,0,2025-05-11T12:02:11Z,candidate
UgwB0ssPiYaGIb36rZV4AaABAg,ZkoMNbU62FQ,So cute Shubman gill and ishaman😘😘😘😘😘😘😘😘😘😘😘😘😘😘😘😘❤❤❤❤❤❤❤❤❤❤❤,1,2025-05-09T14:24:05Z,candidate
Ugw49UodTYjcika1xT54AaABAg,ZkoMNbU62FQ,Panga nhi lyna 😂,0,2025-05-06T12:05:23Z,candidate
UgxqHY2gkgC5uvQDSWF4AaABAg,ZkoMNbU62FQ,"Siraj Keli mere drape se duahiki 
Isme bhi safal ho jayega ❤",0,2025-05-02T05:59:45Z,candidate
UgymNzRC1oxcKEmbqb94AaABAg,ZkoMNbU62FQ,Dono bhai dono inconsistent 😂😂,0,2025-05-01T18:17:18Z,candidate
UgwYV5QN6ULLKBTniVt4AaABAg,ZkoMNbU62FQ,Shubman gill aapka main bahut bada fan hun please mujhe autograph de dijiye ya mere comment ka reply de dijiye,0,2025-05-01T09:30:48Z,candidate
UgyrTK3eaRsgu857sDN4AaABAg,ZkoMNbU62FQ,Suman gill boy gift kar do kuchh,0,2025-04-27T04:54:09Z,candidate
UgyGXYQCxaLYdrNPawt4AaABAg,ZkoMNbU62FQ,❤❤❤❤❤❤,0,2025-04-26T06:11:28Z,candidate
UgzN8CAekzwcfZ-fpEN4AaABAg,ZkoMNbU62FQ,Tujhse acha khel raha hai....tu to bika hua hai bkc,0,2025-04-25T09:16:27Z,candidate
UgysQmyu1pNp93kUv3h4AaABAg,ZkoMNbU62FQ,Gill ❤❤❤❤❤,0,2025-04-25T08:33:22Z,candidate
UgwS_xXuGHNlDSwJFJx4AaABAg,ZkoMNbU62FQ,❤,0,2025-04-25T05:48:31Z,candidate
UgzmSv1F1gsGc6k2Pb94AaABAg,ZkoMNbU62FQ,Atleast siraj is batting well.. better then ishana now a days,1,2025-04-25T01:22:56Z,candidate
UgwDGHGaDI-n3FgeKa54AaABAg,ZkoMNbU62FQ,🧿🇮🇳♥️,1,2025-04-23T15:14:09Z,candidate
Ugy9KzJ2qwwr7gZYpwZ4AaABAg,ZkoMNbU62FQ,😂😂,0,2025-04-21T21:50:31Z,candidate
UgzWyje9ZusetdkHXrd4AaABAg,ZkoMNbU62FQ,Dsp se panga nahi,0,2025-04-20T13:27:24Z,candidate
UgzpwOBLaMqDMXLXiYJ4AaABAg,ZkoMNbU62FQ,Local hain panga nhi le sakta 😂,0,2025-04-18T19:48:42Z,candidate
Ugy1ZrfyU83mxGM73pd4AaABAg,ZkoMNbU62FQ,Ishan tera senior hai siraj😂,0,2025-04-18T17:47:44Z,candidate
Ugw49pxLu3UYZHproAp4AaABAg,ZkoMNbU62FQ,Tsp se panga mat lo arrest kar lega,0,2025-04-15T19:30:17Z,candidate
Ugzbml1ROL6GO1WDQsd4AaABAg,ZkoMNbU62FQ,Ishant bhai siraj bhai se panga mat liyo woh bhi Hyderabad me nahi toh jail pakki hai😅😅😂😂😂😂,0,2025-04-15T15:02:45Z,candidate
Ugw_BNd6JhD3UJdG5W94AaABAg,ZkoMNbU62FQ,🧿🧿🧿,0,2025-04-15T11:34:13Z,candidate
UgyYn0_2EHtdGxDRfIN4AaABAg,ZkoMNbU62FQ,"Ishan Kishan, please stop watching Siraj and wasting your time. Start watching Abhishek Sharma. 😊",0,2025-04-14T22:33:10Z,candidate
Ugz46EUMg2ooIWBtEa54AaABAg,ZkoMNbU62FQ,India ki shan India ki jaan Mohammed siraj sir ❣️🇮🇳❣️... All under Banega apna sir ❣️🇮🇳❣️🙌,0,2025-04-14T15:06:23Z,candidate
Ugzg9lpCv9XTakiPCyB4AaABAg,ZkoMNbU62FQ,Ishan ko Siraj hai so fast bowling aathi hai? Nalla bowler lagega 😂,0,2025-04-12T03:31:53Z,candidate
UgyEFz46sx-1GRx-5ft4AaABAg,ZkoMNbU62FQ,आज इन दोनों को एक साथ देख के दिल खुश हो गया । बहुत दिनों बाद मिले ये दोनों दोस्त 😅,8,2025-04-12T01:57:40Z,candidate
UgxXDTjJQ40P4g-CmpZ4AaABAg,ZkoMNbU62FQ,Ishan kishan be like hyderabadi tulla 😂😂😂,0,2025-04-11T20:12:37Z,candidate
UgyJPyl42ueKYFLsNGZ4AaABAg,ZkoMNbU62FQ,DSP Sir Viv Richards 😂❤,0,2025-04-11T19:17:49Z,candidate
UgyB3sMqDOxY55ZYXNZ4AaABAg,ZkoMNbU62FQ,"Ishan bhai usse panga mat lo DSP hai wo unha ka 😂, ave utha ke le jayenge 😂",0,2025-04-11T19:16:40Z,candidate
UgwovdG01A8943RUXLd4AaABAg,ZkoMNbU62FQ,Good decision…,0,2025-04-11T17:46:41Z,candidate
UgwHVX6tD8kB-jCf64p4AaABAg,ZkoMNbU62FQ,Siraj scored more boundaries than Gill in WC final,1,2025-04-11T11:02:09Z,candidate
Ugx1FpDk2BlYfQLHdqJ4AaABAg,ZkoMNbU62FQ,DSP se panga nhi..😅,2,2025-04-11T05:08:21Z,candidate
UgwNjBoQIyvx7XwZrRd4AaABAg,ZkoMNbU62FQ,Ishan pehle to apne batting par dhiyan de last 4 matches me flop,0,2025-04-10T20:48:22Z,candidate
Ugz_EIXXrphKFlJMqhV4AaABAg,ZkoMNbU62FQ,DSP MOHAMMED VIVIAN SIRAJ FOR A REASON 😂😊,0,2025-04-10T17:20:45Z,candidate
Ugzowjdr4EyOSSH4Sgd4AaABAg,ZkoMNbU62FQ,Siraj be like Dsp hai bhai tum logon ka,0,2025-04-10T13:28:09Z,candidate
UgznFmUZptKAz1TJbht4AaABAg,ZkoMNbU62FQ,Tum dono siraj se batting sikho tumse to run ho nahi raha hain 😂😂😂 Loser batsmen 😅😅,0,2025-04-10T12:55:01Z,candidate
UgwV1aAefspW66FXXRl4AaABAg,ZkoMNbU62FQ,"Yes, it's a 2",0,2025-04-10T12:51:53Z,candidate
Ugz7Z4NbPpPPyF3posB4AaABAg,ZkoMNbU62FQ,No offends but Ishan kishan chapri lagta hai 😢,0,2025-04-10T10:49:00Z,candidate
UgxghilHEarlpRKMGHZ4AaABAg,ZkoMNbU62FQ,"Sabse bevakoof ha ye ishan kishan khud ke pair pe kulhari maarne vaala , sack him always from team India",0,2025-04-10T10:02:44Z,candidate
UgwhJO9Ahp8uTwVRVyZ4AaABAg,ZkoMNbU62FQ,ishan aise bol raha jaise bhout bada batsman hai chutiya itna hi bada hota tu  wande match se nikalte nhi tujhe  Support krna Seekh Dosro khiladiyon ko,1,2025-04-10T07:41:30Z,candidate
UgyaraqAVGBgK-DKMLx4AaABAg,ZkoMNbU62FQ,"Tere se acha batting karega Ishan Siraj miyan se 😂, not a joke",0,2025-04-10T07:10:28Z,candidate
UgwL6NoC3mHI2EH1lBN4AaABAg,ZkoMNbU62FQ,He is much better than you ishan😂😂😂,0,2025-04-10T06:15:17Z,candidate
Ugw3s8hkj4LKyfMokNZ4AaABAg,ZkoMNbU62FQ,Sir Siraj richards from Tolichowki,0,2025-04-10T06:01:00Z,candidate
Ugy6G70r_eNRuS5Nh1h4AaABAg,ZkoMNbU62FQ,Ishan face 😊ishan voice ☠️,2,2025-04-10T05:53:46Z,candidate
UgydYbTHhdO-97dKeQd4AaABAg,ZkoMNbU62FQ,Ishan best buy for SRH 😂😂,0,2025-04-10T05:35:10Z,candidate
UgxsRZJI0EA6hPshHEJ4AaABAg,ZkoMNbU62FQ,सिराज की बैटिंग क्या देख रहा है वो तो सही कर रहा है बोलिंग में तू भाई अपना देख एक मैच में 100 मर कर अब 10 का आंकड़ा भी नहीं छू पा रहा है तो😂😂😂😂,0,2025-04-10T05:12:01Z,candidate
UgxfBXw11LbYX02ekRt4AaABAg,ZkoMNbU62FQ,Ishan aur gill tmshe tho ho nahi rahi batting tho aab siraj ko hee karne do,0,2025-04-10T05:09:51Z,candidate
UgwImLVlg8zQiCoyUk54AaABAg,ZkoMNbU62FQ,❤❤❤,0,2025-04-10T03:46:32Z,candidate
UgzQNRG0FjTkqIu4hbJ4AaABAg,ZkoMNbU62FQ,Bhai Ap apni dekho,0,2025-04-10T03:40:21Z,candidate
Ugx_VvB-Mq0GijRg0eZ4AaABAg,ZkoMNbU62FQ,Sita gita,0,2025-04-10T02:26:39Z,candidate
Ugw_go4jSQqSVytQpBJ4AaABAg,ZkoMNbU62FQ,खुद से रन बन नहीं रहा और यहां ज्ञान पेल रहा।😅,0,2025-04-10T00:59:16Z,candidate
UgySZJYqhPPe709wnXp4AaABAg,ZkoMNbU62FQ,Ishan ki yahi bakchodiyo ke liye yeh drop h 100 k baad kitne innings me bhai ke legs itne sahi chle ki Pavillion k rasta har bar,0,2025-04-10T00:53:58Z,candidate
UgzegCgGfbDYrLSEPfl4AaABAg,ZkoMNbU62FQ,Siraj bhai ko opening ana chahiye,0,2025-04-10T00:48:45Z,candidate
Ugwk0dHMuQxYJW7Fa4p4AaABAg,ZkoMNbU62FQ,I like the last one 😂,0,2025-04-09T21:38:58Z,candidate
Ugze23Oms6E8RK4puZ94AaABAg,ZkoMNbU62FQ,Siraj has won more matches than the leg pulling Ishan,0,2025-04-09T20:55:35Z,candidate
UgwE4bCzbFkeRH1vWex4AaABAg,ZkoMNbU62FQ,Both r best frnd and both hits 200 in INT ODI FOR INDIA❤,3,2025-04-09T20:09:36Z,candidate
UgzszXKSkVR1z1HJtnV4AaABAg,ZkoMNbU62FQ,Indian team in good hand,0,2025-04-09T19:49:29Z,candidate
Ugy-jcSJnB2ap_Bient4AaABAg,ZkoMNbU62FQ,😂😂,0,2025-04-09T19:46:35Z,candidate
UgxKXElmURTHL9x7bil4AaABAg,ZkoMNbU62FQ,गीता बबिता,0,2025-04-09T19:20:29Z,candidate
UgyTD2XO2Ir2q6Zp6bB4AaABAg,ZkoMNbU62FQ,he is not siraj he is dsp siraj in hyderabad,0,2025-04-09T18:57:18Z,candidate
UgznErsPxe4sg66ER3l4AaABAg,ZkoMNbU62FQ,😂,0,2025-04-09T18:20:29Z,candidate
UgxFph_O0K8zFWylGmN4AaABAg,ZkoMNbU62FQ,Lara,0,2025-04-09T18:09:27Z,candidate
Ugx0cyuxVEkQFpztyZh4AaABAg,ZkoMNbU62FQ,Arre bhaiya ishan ek hi match m chle,0,2025-04-09T14:32:34Z,candidate
UgxCxkRej20jkqsf6t54AaABAg,ZkoMNbU62FQ,Sir vivian dsp sahab siraj,0,2025-04-09T13:59:42Z,candidate
UgxzsVaZKS-V7xV7AT14AaABAg,ZkoMNbU62FQ,तेरे से ज्यादा run बना कर देगा अपने तो 2।  0।   4।   यह चल रहा है,0,2025-04-09T13:14:41Z,candidate
UgzSWfmlOnyo2sMcK9J4AaABAg,ZkoMNbU62FQ,किशन पहिले बडो की इज्जत करना सिख तू,0,2025-04-09T12:39:44Z,candidate
UgxYFkCz9h5tFD9CR814AaABAg,ZkoMNbU62FQ,Haydrabad local Miya Bhai 😂,0,2025-04-09T11:36:00Z,candidate
UgxSxGiVeg2ffKHHBeN4AaABAg,ZkoMNbU62FQ,Siraj ❤,0,2025-04-09T10:26:11Z,candidate
UgwvbN9Afiik3lXVcnh4AaABAg,ZkoMNbU62FQ,Dsp ka khauf 😂😂😂,0,2025-04-09T10:21:10Z,candidate
UgwXBIsNRg9rrDJmMMV4AaABAg,ZkoMNbU62FQ,Ishan + gill + abhisekh + Shaw this 4 playing for india in future,0,2025-04-09T10:20:42Z,candidate
UgxnDlyZ1DYoXjRtOnJ4AaABAg,ZkoMNbU62FQ,Oye bouna  tune apni batting dekhi hai… gyan de raha hai 🤮,0,2025-04-09T10:07:54Z,candidate
Ugx-mVSm0VHn7iuylOV4AaABAg,ZkoMNbU62FQ,"""He is actually hitting the ball""",0,2025-04-09T10:04:29Z,candidate
UgzbqDwebb-tdMQuGmh4AaABAg,ZkoMNbU62FQ,Ishan Kishan must think about his own batting rather than making mockery of a bowler's batting skill..,0,2025-04-09T09:31:53Z,candidate
Ugyc_mXnymN6zyOpQch4AaABAg,ZkoMNbU62FQ,Gill and ishan ki masti 😂👍👌❤️,2,2025-04-09T07:47:31Z,candidate
UgxCOapKoJvHqg330id4AaABAg,ZkoMNbU62FQ,Shubham ko team india hand over karo.,0,2025-04-09T07:46:59Z,candidate
UgwQ0cS4w1Wq4vUVo7R4AaABAg,ZkoMNbU62FQ,Ishan say jyada acha  batting kar raha hai siraj😂😂😂😂,0,2025-04-09T07:38:57Z,candidate
UgyNLBcwNgH7YYyYUt14AaABAg,ZkoMNbU62FQ,Warna arrest kar lega 😂,0,2025-04-09T07:28:01Z,candidate
Ugz_jKnEhIIgrYZQ_CV4AaABAg,ZkoMNbU62FQ,😮,0,2025-04-09T07:18:37Z,candidate
Ugx7TBzBkZ4AE9TItGp4AaABAg,ZkoMNbU62FQ,Khud bhi batting kar leta 🙂,0,2025-04-09T06:57:04Z,candidate
UgzdDD5ZfkSX3Ho41uZ4AaABAg,ZkoMNbU62FQ,Now Gill and Siraj pair is good 😂,0,2025-04-09T06:46:10Z,candidate
UgxaJZpz7jm-9uBjBiN4AaABAg,ZkoMNbU62FQ,Khud ki batting proof focus kar lagatar flof,1,2025-04-09T05:46:22Z,candidate
UgxxGen-cKBkZ513hHR4AaABAg,ZkoMNbU62FQ,Ishan be like panga nahi lun ga kahin arrest na karle,0,2025-04-09T05:33:44Z,candidate
Ugype54Q_vLCGh42wu14AaABAg,ZkoMNbU62FQ,DSP Siraj Bach ke rahana Ishan Kishan,0,2025-04-09T04:54:06Z,candidate
Ugwzo_V3-06mlDNPUfF4AaABAg,ZkoMNbU62FQ,Sita Gita jodi🤣,0,2025-04-09T04:14:38Z,candidate
Ugzgz449H5UQwxes0hV4AaABAg,ZkoMNbU62FQ,❤❤❤❤,0,2025-04-09T03:47:29Z,candidate
UgxdDOz-xfsS4OGuyMh4AaABAg,ZkoMNbU62FQ,Ball kidhar bhi ho pair idhar hi rahega 😂😂,0,2025-04-09T02:44:38Z,candidate
UgxuEQVb6eTh8jHrKXh4AaABAg,ZkoMNbU62FQ,Ishan : Siraj local hai.. v god batsmen.. Mai panga nahi ke sakta 😂😂,0,2025-04-09T02:30:57Z,candidate
UgzfMvS4biY_pzxkA1p4AaABAg,ZkoMNbU62FQ,Warm up kar raha tha😂😂,0,2025-04-09T01:34:06Z,candidate
UgwJBMI1qlH-IyoXzoN4AaABAg,ZkoMNbU62FQ,Chup kar bakwas,0,2025-04-08T22:01:55Z,candidate
Ugxms5JjDOzRM_g5F3d4AaABAg,ZkoMNbU62FQ,Siraj sir ...he is your senior,0,2025-04-08T21:31:28Z,candidate
Ugz8kcjAbs5phkMSkeh4AaABAg,ZkoMNbU62FQ,Wo dekh...😂😂,0,2025-04-08T21:00:29Z,candidate
UgwbHh2tXlFj16VIEXh4AaABAg,ZkoMNbU62FQ,Dono hi guy h😂,0,2025-04-08T19:42:37Z,candidate
UgzH5du9v_f1WHJ-JaF4AaABAg,ZkoMNbU62FQ,Youths Destroyers,0,2025-04-08T19:15:44Z,candidate
UgzipROi7ukqrbf_Fox4AaABAg,ZkoMNbU62FQ,Apni dikh rhi hai batting,0,2025-04-08T18:54:01Z,candidate
Ugyw7hKfObE6jUpbJTt4AaABAg,ZkoMNbU62FQ,दोस्ती कम नहीं होनी चाहिए दोनों की,2,2025-04-08T18:40:03Z,candidate
UgzXE8qE6Bjb3JlwZmV4AaABAg,ZkoMNbU62FQ,shi bole ishan bhai dsp sahab hain 😅,0,2025-04-08T18:39:10Z,candidate
UgxCgxyqeGqZ2wiBDYR4AaABAg,ZkoMNbU62FQ,Jalawa hein siraj ka,0,2025-04-08T18:19:31Z,candidate
Ugz08cOxRmTKr4CHeP14AaABAg,ZkoMNbU62FQ,Hydrabad me aye biryani nahi khaye aysa nahi hoata,0,2025-04-08T17:58:24Z,candidate
Ugzu0gCLay8aVqoqGAl4AaABAg,ZkoMNbU62FQ,1 match accha khela PR Chalu,0,2025-04-08T17:26:27Z,candidate
UgyhLG4hA00gf4L62S14AaABAg,ZkoMNbU62FQ,Siraj se opening karao yaar 😮,0,2025-04-08T17:24:07Z,candidate
Ugz7D9qgmty-Xcv0OKt4AaABAg,ZkoMNbU62FQ,Attitude kam ker thoda,0,2025-04-08T15:07:13Z,candidate
Ugz_elVw5GvpOJhEo3Z4AaABAg,ZkoMNbU62FQ,Bhai tu sirf batting he dekh sakta hai kyu ki uski bowling to gand faad degi tujhe 😂😂,0,2025-04-08T12:44:28Z,candidate
UgyuWcuT21jx8ytRKGt4AaABAg,ZkoMNbU62FQ,Best freinds forever ❤,3,2025-04-08T11:55:46Z,candidate
UgyTm8t0MZEOT3U_f-Z4AaABAg,ZkoMNbU62FQ,Jitne comment maine like kiye abhi pata chala sab ladkiyon ne kiye the 😅,0,2025-04-08T11:32:31Z,candidate
UgwEy4r2YgvvE9vz1nl4AaABAg,ZkoMNbU62FQ,dsp,0,2025-04-08T11:10:07Z,candidate
UgzV8R3n4FXf1j6Cdjl4AaABAg,ZkoMNbU62FQ,Tu bhi dikhada apni batting 😅,0,2025-04-08T10:09:50Z,candidate
UgxzTwjz3ndVfSQXEFt4AaABAg,ZkoMNbU62FQ,Hyderabad se to hai hi uper se DSP BHI HAI,0,2025-04-08T10:09:44Z,candidate
UgzcEbs36V5TdQ0UiNB4AaABAg,ZkoMNbU62FQ,I don’t know why but I find Ishaan Kishan very fake and he irritating,1,2025-04-08T10:06:38Z,candidate
UgxKa5q8QISOksXi72l4AaABAg,ZkoMNbU62FQ,Bhai niizam college ground meh siraj batting meh bohat martha tha... I played with him in nizam college hyderabad,0,2025-04-08T09:59:18Z,candidate
UgwSHC00FRDAPcCMC3p4AaABAg,ZkoMNbU62FQ,Do yaar dekh Kar to maje hi hai kya❤❤,0,2025-04-08T09:41:41Z,candidate
UgxH2Yl30rixW9oNTfF4AaABAg,ZkoMNbU62FQ,Bhai tu to pair hilakay bhi kuch nai karparaha hain.,0,2025-04-08T09:30:09Z,candidate
Ugx8O2E3HhDU9UOJheN4AaABAg,ZkoMNbU62FQ,Ishan bhai jara cricket pr bhi dhyan do..nahi to.commentry hi karni padegi age jake,0,2025-04-08T09:28:10Z,candidate
Ugx-m0AQRk8X7_LhnLJ4AaABAg,ZkoMNbU62FQ,SADAK se utha kar sTAR⭐⭐ Bana dunga,0,2025-04-08T09:14:50Z,candidate
UgyKRr7_jLsgnHgfyMx4AaABAg,ZkoMNbU62FQ,Ishan ko commentry krwa lo.. 5 innings me waise v 4 me to chla v ni,0,2025-04-08T08:45:06Z,candidate
UgyUVlRNdnPsmFWCzG54AaABAg,ZkoMNbU62FQ,कुछ करो 5मैच शिर्फ़ 1 जीते हो कुछ करो नही तो काव्या मारन रोने लगेगी,0,2025-04-08T08:34:32Z,candidate
Ugy5jfJuGptsJDV1EUd4AaABAg,ZkoMNbU62FQ,"Sir Viv Richard’s asked his wife after seeing Siraj’s batting who this batter reminds you of and she said you. 

A great compliment indeed.",18,2025-04-08T07:49:10Z,candidate
UgyBYWqlDTjGKWHZvDx4AaABAg,ZkoMNbU62FQ,Khusi bhi camere ke samne dikhane ke liye😂,0,2025-04-08T07:32:05Z,candidate
UgyUTumLj66QB1lkbwF4AaABAg,ZkoMNbU62FQ,"Siraj- Batsman ❤
Siraj- Bowler ❤❤
Siraj- DSP❤❤❤❤❤❤
DSP Siraj sir ❤❤❤❤",0,2025-04-08T07:25:26Z,candidate
UgyP5BTHqoN0wEDl22J4AaABAg,ZkoMNbU62FQ,Bhai century Marne ke Baad kya ho gya isako kisi ki Nazar lag gai hai 😂😂😂😂,0,2025-04-08T07:02:47Z,candidate
UgwTPBBreApLwafr3Tl4AaABAg,ZkoMNbU62FQ,ɪꜱʜᴀɴ ʜyᴅᴇʀᴀʙᴀᴅ ᴋᴀ ʜᴀɪ ꜱɪʀᴀᴊ,0,2025-04-08T06:47:47Z,candidate
Ugy2_X0UIPOZ7_EV_nd4AaABAg,ZkoMNbU62FQ,Khud to out pe out huye ja raha hai duba diya Hyderabad ko,0,2025-04-08T06:44:14Z,candidate
UgwIC7kIrWPYCcFF-Ot4AaABAg,ZkoMNbU62FQ,Gills voice is always muted I have noticed😂,0,2025-04-08T06:34:54Z,candidate
UgyeEEGoYFknXg_n1dl4AaABAg,ZkoMNbU62FQ,I am also a cricketer,0,2025-04-08T06:34:10Z,candidate
UgyIJOHaCdezwcGgGfZ4AaABAg,ZkoMNbU62FQ,Siraj's bating is like when a jee aspirant goes to give neet exam for fun,0,2025-04-08T06:31:52Z,candidate
Ugydj2v-Fed3-cDKvxR4AaABAg,ZkoMNbU62FQ,DSP SIR से डर सभी को लगता है 😅,0,2025-04-08T05:55:28Z,candidate
UgylhFbo47uo7bTZ7eF4AaABAg,ZkoMNbU62FQ,"Mera paseena chaaat dega 🗣
Shirt utar ke 🥰",1,2025-04-08T05:41:50Z,candidate
UgzcZL8HRoUPjoxEPTR4AaABAg,ZkoMNbU62FQ,Dsp power,1,2025-04-08T05:10:27Z,candidate
Ugw9ae_0M5FBEUiegER4AaABAg,ZkoMNbU62FQ,Khud ko jaise kitna bada Batman manta h sala gihari,0,2025-04-08T04:49:24Z,candidate
UgzQoRDMEeCREoau-yx4AaABAg,ZkoMNbU62FQ,Tum v seekh lo siraj se,1,2025-04-08T03:57:04Z,candidate
UgwYONtOb-KsKzP0BSB4AaABAg,ZkoMNbU62FQ,Dsp,0,2025-04-08T03:48:10Z,candidate
UgwdrtZBs8GsJcwN__J4AaABAg,ZkoMNbU62FQ,Dsp sir se panga 😂😂,0,2025-04-08T03:36:07Z,candidate
Ugx9LQLNP_VtBwhUIax4AaABAg,ZkoMNbU62FQ,Sir viv richards,0,2025-04-08T03:28:39Z,candidate
UgzX1cmju0_CIQuOgBR4AaABAg,ZkoMNbU62FQ,Kishan se toh acha batting karta h siraj 😂😂,1,2025-04-08T03:20:23Z,candidate
UgwCTE-EQJXJdwfA4X14AaABAg,ZkoMNbU62FQ,Tu kab sikhega .. ishan parchi,1,2025-04-08T03:10:07Z,candidate
UgyOYBq5p7_BbIclATR4AaABAg,ZkoMNbU62FQ,Ye bade admiyo ke chochle,0,2025-04-08T03:06:43Z,candidate
Ugy5EVcfoghWkaQnQSV4AaABAg,ZkoMNbU62FQ,Mohammad siraj richards hai bhai vo😂,0,2025-04-08T02:53:57Z,candidate
UgzjMX7Qc2va5KfkK7J4AaABAg,ZkoMNbU62FQ,ज्यादा पंगा भी मत लेना। नहीं तो DSP साहब सीधा अरेस्ट ही कर लेगा। वैसे भी आप अभी हैदराबाद में ही हो थोड़ा बचके। 🤣😂😂,0,2025-04-08T02:32:38Z,candidate
UgxabZFoFVr5N4k_lSZ4AaABAg,ZkoMNbU62FQ,Sir vivian siraj 😎,0,2025-04-08T01:23:45Z,candidate
UgzpN3T3hX9Z7jc14BZ4AaABAg,ZkoMNbU62FQ,सिराज के खिलाफ मत बोलना अरेस्ट कर लेगा ओ तेरा दंड उखाड़ देगा😂😂,1,2025-04-08T00:20:39Z,candidate
UgyKaCwaL81hvKDDMdR4AaABAg,ZkoMNbU62FQ,"Pant / Jurel for Testing 
Ishan / KL for Odi 
Sanju / Prabsimran for T20s",0,2025-04-07T23:21:54Z,candidate
UgzGcMJPUvyRyRhU7Fh4AaABAg,ZkoMNbU62FQ,Cooked srh😂,1,2025-04-07T22:49:39Z,candidate
UgzStdgDRswr9Phykft4AaABAg,ZkoMNbU62FQ,Dsp saab se panga nako lena hydrabad mein,0,2025-04-07T22:12:51Z,candidate
Ugzs8HJxeYp4kFEfLC54AaABAg,ZkoMNbU62FQ,Ishman 😊,1,2025-04-07T22:01:16Z,candidate
UgwrG6kaUunZJ0BJI5J4AaABAg,ZkoMNbU62FQ,Still batting better than Ishan 😂,0,2025-04-07T21:23:33Z,candidate
UgxVa0ffCae32jAKYId4AaABAg,ZkoMNbU62FQ,Ohh yes is a two😂😂,0,2025-04-07T21:08:38Z,candidate
UgzCWB6I40dAyHb63SR4AaABAg,ZkoMNbU62FQ,Ishan ki batting dekh li match mei 🤡🤡🤡,1,2025-04-07T20:20:41Z,candidate
UgwDsBtAfjyFG5_ZwW54AaABAg,ZkoMNbU62FQ,बिहारी हीरो है हमरा ईशान किशनवा इसके सामने सबका एटिट्यूड ढीला हो जाता है,1,2025-04-07T19:49:43Z,candidate
UgyJKe96ekM7ejqf6Sx4AaABAg,ZkoMNbU62FQ,Ishan in first match,0,2025-04-07T19:18:45Z,candidate
UgyivendRicnPbf3q5p4AaABAg,ZkoMNbU62FQ,ईशान किशन अपना देखो...,0,2025-04-07T19:01:47Z,candidate
UgyeaRzQ6Ew4t2GHREN4AaABAg,ZkoMNbU62FQ,"Siraj nahi bhai 
DSP SIR VIVIAN SIRAJ 😅😅😅",0,2025-04-07T18:54:54Z,candidate
UgyRlKQgXnqr2wfcYL54AaABAg,ZkoMNbU62FQ,ऐसा मत करो किशन भाई आप लोग को बुरी तरह से हर दिया😂😂,0,2025-04-07T18:43:36Z,candidate
UgymNj9wIG5r8B31RNV4AaABAg,ZkoMNbU62FQ,DSP Siraj ke ilake me hu 😂,0,2025-04-07T18:19:02Z,candidate
UgyDYtlKFP1ImKyDWyt4AaABAg,ZkoMNbU62FQ,Ab lag raha h 300 bana ke hi manega bowler ko bhi batting practice karwa rahe h 😂😂😂😂,0,2025-04-07T18:01:33Z,candidate
Ugw_kctONnMiRYwVB_J4AaABAg,ZkoMNbU62FQ,Saale sb fixxer h,0,2025-04-07T16:44:10Z,candidate
Ugx0dFMwd7dnG6yCVE94AaABAg,ZkoMNbU62FQ,Sir vivian siraj 😂,0,2025-04-07T15:50:39Z,candidate
Ugy_53j_YfuJ_toNXTl4AaABAg,ZkoMNbU62FQ,Siraj se h sikh lo pitch pe tikna.,0,2025-04-07T14:33:32Z,candidate
Ugya51TfDs-yqcI2bFF4AaABAg,ZkoMNbU62FQ,Siraj se h sikh lo pitch pe tikna.,0,2025-04-07T14:33:18Z,candidate
UgztkN_Lo25HKgkz_qJ4AaABAg,vVfF3rZwGSg,हार्दिक पांड्या,0,2026-07-10T15:54:29Z,candidate
UgxxZFM7R8h0AG1IJAV4AaABAg,vVfF3rZwGSg,😢😢😢😢😢😢😢😢😢😢😢😢😢😢😢😢,0,2026-07-07T09:25:31Z,candidate
Ugx8FJzI3_DpxwuoisV4AaABAg,vVfF3rZwGSg,Jyada garmi mat dikha Hardik Pandya ki burai karte Hain har bar kabhi badhai Bhi ki hai tu😢😢😢😢😢,0,2026-06-28T14:23:59Z,candidate
UgyA1BVq6QhNujDnSsB4AaABAg,vVfF3rZwGSg,Hardik Pandya Hardik Pandya ko nuksan hua tujhe khud hua uska,1,2026-06-28T12:21:56Z,candidate
UgwaD6OkuSFCdpr1TX14AaABAg,vVfF3rZwGSg,Rcb❤❤😂❤❤❤😂❤,0,2026-06-27T03:05:54Z,candidate
Ugx05VOKWPvWHNl1Sw54AaABAg,vVfF3rZwGSg,Rcb❤❤😂❤❤❤😂,0,2026-06-27T03:05:49Z,candidate
UgykxGzyLv2zgiK2Aax4AaABAg,vVfF3rZwGSg,RCB ❤❤❤❤❤❤❤❤❤,0,2026-06-26T04:37:22Z,candidate
UgweLQioHFFSS5E0sNF4AaABAg,vVfF3rZwGSg,Bata Hardik aapko kisne bola se,0,2026-06-25T05:29:41Z,candidate
Ugzh-40c3ycQOBHFgZV4AaABAg,vVfF3rZwGSg,He is not real,0,2026-06-22T08:58:03Z,candidate
UgxjRRjvGJOGY2fBULR4AaABAg,vVfF3rZwGSg,❤❤,0,2026-06-21T08:47:22Z,candidate
UgwpeC5-N05qcmaiZ454AaABAg,vVfF3rZwGSg,Anubhav है और इस पर आप किसी ❤❤❤❤❤❤❤❤😂😂😂😂😂😂😢🎉🎉🎉🎉🎉,0,2026-06-18T10:26:29Z,candidate
UgxJsT1S51rZBMboD8V4AaABAg,vVfF3rZwGSg,Fake hai bhai log Google poochh lo,0,2026-06-18T10:09:35Z,candidate
Ugzo0yaNMXn7kC5K3-d4AaABAg,vVfF3rZwGSg,hardick panday❤❤❤❤ fan,0,2026-06-17T10:51:05Z,candidate
UgzredVLo3GfPFS_Qht4AaABAg,vVfF3rZwGSg,😂😢❤😢❤🎉😢😢😢😢😂😂😂😮😮😮😢😢😢😢😢😢😢😢😢😢,0,2026-06-15T02:37:09Z,candidate
UgyjcXtaPd_0o7Dpay94AaABAg,vVfF3rZwGSg,❤❤❤❤❤❤❤❤❤❤❤❤❤❤❤❤❤❤❤❤❤❤❤❤❤❤❤❤❤❤❤❤❤❤❤❤❤❤❤❤❤❤❤❤❤❤❤❤❤❤❤❤❤❤❤❤❤❤❤❤❤❤❤❤❤❤,0,2026-06-15T00:04:34Z,candidate
Ugz7_-2w53D88Sa0zH14AaABAg,vVfF3rZwGSg,❤😂😢😮,0,2026-06-14T04:16:30Z,candidate
Ugx-3UnvSQ21OrxbT3F4AaABAg,vVfF3rZwGSg,RCB may❤❤❤❤❤❤❤❤❤,0,2026-06-07T09:55:57Z,candidate
UgxLuYmBYjfU1easkTt4AaABAg,vVfF3rZwGSg,हार्दिक पांड्या चा नाद नाही करायचा हा तुला सांगतो,0,2026-06-07T06:07:08Z,candidate
UgzJpfpHf6PnD4noxrx4AaABAg,vVfF3rZwGSg,🏆🏆🏆🏆🏆🩵🇮🇳,0,2026-06-04T16:27:12Z,candidate
UgylU8maZmqvaVmSpgZ4AaABAg,vVfF3rZwGSg,Hardik aap GT my ajao na❤❤❤❤❤❤❤❤❤❤❤❤,2,2026-05-22T13:28:31Z,candidate
Ugwy_SJ8kkvevbY3ofJ4AaABAg,vVfF3rZwGSg,Hardik Pandey dost ❤,0,2026-05-12T08:53:41Z,candidate
Ugwfh1M36xJ-jDSI3sx4AaABAg,vVfF3rZwGSg,uske bad bahut badi family❤❤❤❤❤❤❤❤❤❤❤❤❤❤❤❤❤❤❤❤❤❤❤❤❤❤❤❤❤❤❤❤❤❤❤❤❤❤❤❤❤❤❤❤❤❤❤❤❤❤❤❤❤❤❤❤❤❤❤❤❤❤❤❤❤❤❤❤❤❤❤❤❤❤❤❤❤❤❤❤❤❤❤❤❤❤❤❤❤❤❤❤❤❤,1,2026-04-18T08:51:55Z,candidate
Ugzb_Uae2KyZ1pR3re14AaABAg,vVfF3rZwGSg,Ettyyyuujj,0,2026-04-17T14:49:04Z,candidate
UgwKa8fEJPlobWgpftJ4AaABAg,vVfF3rZwGSg,I love Hardik ❤❤❤❤❤❤❤❤❤❤❤❤,0,2026-02-26T10:32:48Z,candidate
UgzhN59yyd7Hth-MUbF4AaABAg,vVfF3rZwGSg,❤❤❤❤❤❤❤❤sai,0,2026-02-11T03:29:33Z,candidate
UgyLEku-xykvhP4q1BJ4AaABAg,vVfF3rZwGSg,Hardikpandya,0,2026-01-23T01:09:37Z,candidate
UgwALU1h_Iv9csbsTrR4AaABAg,vVfF3rZwGSg,Bhai kab hua Aisa😂❤ my favourite cricket player,0,2026-01-06T02:35:10Z,candidate
UgwcQgnkBrTxPvnaXNB4AaABAg,vVfF3rZwGSg,",hardik❤❤❤❤❤❤❤❤❤❤❤❤❤❤❤❤❤❤❤❤❤❤❤❤❤❤❤❤❤❤❤❤❤❤❤❤❤❤❤❤❤",0,2025-11-21T04:09:06Z,candidate
UgxnzHjemvKt85f4w_l4AaABAg,vVfF3rZwGSg,Pandya Kohli,0,2025-10-20T13:44:42Z,candidate
UgxQpq-z81qdhdRhgeB4AaABAg,vVfF3rZwGSg,Gt,0,2025-10-14T08:51:36Z,candidate
Ugwha2OhPCNoxPEXhrp4AaABAg,vVfF3rZwGSg,Hardik ko fine 😂😂😂 nita ambaani ke khaas player ko fine dena padega pagal  admin❤❤❤,0,2025-09-14T10:48:39Z,candidate
UgziVfY5atoNoxWglhF4AaABAg,vVfF3rZwGSg,😢,0,2025-09-12T05:53:12Z,candidate
UgwsodA7qbYCYsvj6gB4AaABAg,vVfF3rZwGSg,Hardik pandaya fan💙💙💙💙💙💙💙💙💙💙💙💙💙💙💙💙,2,2025-08-31T14:59:42Z,candidate
UgwuTfxc1xeLp9SObVt4AaABAg,vVfF3rZwGSg,Achcha hua 25 lakh hi kyon 40 karod rupaye Laga dete chhapri per,0,2025-08-15T07:23:21Z,candidate
UgykgZb9ZuSjBRjyRZ54AaABAg,vVfF3rZwGSg,Mi Rohit Sharma bumra sky hardikpanday ❤❤,0,2025-08-05T06:37:36Z,candidate
UgxKqRkT8PaIl-0bqXR4AaABAg,vVfF3rZwGSg,Krishna Bhajan mein Hardik Pandya per phone lagaya,0,2025-07-29T09:26:07Z,candidate
UgztVbH6TKazEjGxAwJ4AaABAg,vVfF3rZwGSg,❤❤❤❤❤❤❤❤❤❤❤❤ Hardik Pandya,7,2025-07-09T16:18:53Z,candidate
UgynFomTGl2nky5SnI14AaABAg,vVfF3rZwGSg,Mere Hardik Pandya Kuchh galat nahin kar rahe hain kul Sahi kar rahe hain tum log Kabhi Bahar dukaan kholna mat,3,2025-07-07T06:18:38Z,candidate
Ugwh2w36eHv5B_pPa154AaABAg,vVfF3rZwGSg,Hardik. Pandey ❤❤❤❤❤❤❤❤😢😢😢😢❤❤❤❤🎉😊😮😮😮,3,2025-06-25T14:07:43Z,candidate
UgzHTUA96jliaeCm_pJ4AaABAg,vVfF3rZwGSg,To kya vah to Bhar lenge India versis Pakistan ke match mein Hardik Pandya,0,2025-06-23T16:07:43Z,candidate
UgzQzeepuxCa9dv9-RN4AaABAg,vVfF3rZwGSg,Hardik bhai❤❤❤❤❤,0,2025-06-19T03:41:23Z,candidate
UgzGrv6GEgJydwIFd5B4AaABAg,vVfF3rZwGSg,Hardik pandya Bhai Hii 💙💙💔💙💔💙,3,2025-06-18T12:19:14Z,candidate
UgxcGb4qKjeZMeRa_sB4AaABAg,vVfF3rZwGSg,Hardik pandya 🔥 33 🔥,2,2025-06-18T11:52:14Z,candidate
UgyfzKDQtYuzeb4qUDh4AaABAg,vVfF3rZwGSg,Good,0,2025-06-17T12:51:15Z,candidate
UgwZZvq3f6Rtam8mz_R4AaABAg,vVfF3rZwGSg,Hardik pandya ❤❤❤❤❤❤❤❤❤❤❤❤❤❤❤❤❤❤❤❤❤❤,4,2025-06-14T07:15:55Z,candidate
UgxE1V-V5OmCey-HOB94AaABAg,vVfF3rZwGSg,Hardik❤❤❤❤❤,1,2025-06-11T09:13:36Z,candidate
UgyHu862JDs0rEhgU2N4AaABAg,vVfF3rZwGSg,Hardik pandy😭😭,2,2025-06-09T09:46:43Z,candidate
UgwwnRFac4zLdS_WMI54AaABAg,vVfF3rZwGSg,❤❤❤❤❤❤❤❤❤❤❤❤❤❤ Mumbai Indians Hardik Pandya 💙💙💙💙💙💙💙,2,2025-06-08T05:52:42Z,candidate
UgxdeRUEaYONL3wr2ud4AaABAg,vVfF3rZwGSg,❤❤❤❤❤❤❤,0,2025-06-07T11:30:22Z,candidate
Ugw1iLiKydnOKGL-CIh4AaABAg,vVfF3rZwGSg,Mardac,0,2025-06-04T07:32:40Z,candidate
UgzZmnEZc1uuPd0v2Ux4AaABAg,vVfF3rZwGSg,❤,0,2025-06-02T08:19:28Z,candidate
UgxSCeqHulVlJIX_FXJ4AaABAg,vVfF3rZwGSg,❤❤,0,2025-05-31T08:04:50Z,candidate
Ugz6JPZvZvaSd85w3fF4AaABAg,vVfF3rZwGSg,"में,हारदि, पांड्या का,फेन, हूं",6,2025-05-31T08:04:42Z,candidate
Ugyk28kPEw__V3cZEAp4AaABAg,vVfF3rZwGSg,🤩🤩🤩🤩🤩🤩🤩🤩🤩😈😈😈💯💯🔥🔥🔥❤️❤️❤️❤️❤️❤️❤️❤️🚩🚩🚩🚩🚩🚩💟💟💟💟,0,2025-05-30T04:48:23Z,candidate
Ugz46dEk9voAjQO_24l4AaABAg,vVfF3rZwGSg,😘 Lovemi,0,2025-05-26T12:20:50Z,candidate
UgzEvwriQGQSOyqWH-14AaABAg,vVfF3rZwGSg,I love you❤ hardik sir❤❤❤❤❤,5,2025-05-24T22:20:51Z,candidate
UgwlOjyXPHjdiGOqF6t4AaABAg,vVfF3rZwGSg,Hardin panda ya. My fevret,23,2025-05-21T14:51:10Z,candidate
Ugw0ySZkC3OuVCaNoKd4AaABAg,vVfF3rZwGSg,❤❤❤ हार्दिक पांडे माय फेवरेट❤,5,2025-05-14T10:15:13Z,candidate
UgxoZFznf6YnhvPU1Ll4AaABAg,vVfF3rZwGSg,❤❤❤,0,2025-05-14T10:15:00Z,candidate
UgwwhKSDC1LeXtNdFY94AaABAg,vVfF3rZwGSg,❤❤❤❤❤❤❤😮😮,0,2025-05-14T06:38:51Z,candidate
UgwgteRBJiMEpwECwVx4AaABAg,vVfF3rZwGSg,❤❤❤❤😮,2,2025-05-06T06:32:19Z,candidate
UgzmdDMGNixYUt4LZ9d4AaABAg,vVfF3rZwGSg,Virat koli kabap,3,2025-05-04T13:49:26Z,candidate
UgwKopMNkSa-jPpRFhN4AaABAg,vVfF3rZwGSg,❤❤❤❤❤❤❤❤❤,4,2025-04-29T11:35:57Z,candidate
Ugy56APczb53zPAsMqd4AaABAg,B_9maINTLLM,Gt🤟🤟🤟,0,2025-07-06T06:08:04Z,candidate
UgxSzx682g7AWKudgoB4AaABAg,B_9maINTLLM,Both Dhoni and Gt team ☠️☠️🌚💀💀,1,2025-04-22T04:17:52Z,candidate
UgytDiL3sYGjQQbS2lN4AaABAg,B_9maINTLLM,Power of gujrat,5,2024-12-01T15:39:11Z,candidate
Ugx3pbCS6nUzgtKROzl4AaABAg,B_9maINTLLM,"Gill
Hardik pandya",9,2023-06-02T16:24:31Z,candidate
UgyLIva9Fkje8kKtgHl4AaABAg,B_9maINTLLM,Dhoni,4,2023-06-02T16:24:13Z,candidate
UgxEyMiXrBIf59Cnxc94AaABAg,B_9maINTLLM,M pro,3,2023-06-02T16:24:01Z,candidate
UgxhuS2VrXF3Rcr4_hl4AaABAg,B_9maINTLLM,Kydktdky,0,2023-06-02T16:23:51Z,candidate
Ugy1VhtdmX8jN76sJuR4AaABAg,B_9maINTLLM,🎉❤😮😊😅😂,3,2023-06-02T16:23:43Z,candidate
UgzQNI8aggZczDb3WTx4AaABAg,B_9maINTLLM,Hi,4,2023-06-02T16:23:36Z,candidate
UgxwcVx63-FCEBPM9Jl4AaABAg,B_9maINTLLM,Hi l,3,2023-06-02T16:22:53Z,candidate
Ugzlqgcm3LrsCifQA-54AaABAg,viL2TsgPH1Q,"Trophy aava de ghar jawa de😂😂


Rcb ❤❤",0,2026-06-22T05:16:12Z,candidate
Ugzd3LyZEFar2NKVOZ94AaABAg,viL2TsgPH1Q,❤❤❤❤❤🇮🇳🇮🇳🇮🇳🇮🇳🇮🇳🇮🇳🇮🇳🇮🇳🇮🇳🛩️🛩️🛩️🛩️🛩️✌🏻✌🏻✌🏻✌🏻✌🏻✌🏻✌🏻😊,0,2026-06-01T09:57:16Z,candidate
UgwYMysB6R6yjhUAS9R4AaABAg,viL2TsgPH1Q,Ladleee csk wale jyada hain,0,2026-05-28T09:22:05Z,candidate
UgxxldI1QZiD6E0dECB4AaABAg,viL2TsgPH1Q,Best of luck 🤞🏻 Shubi ❤ and GT 💙 team 🧿💖🎀,0,2026-04-16T15:55:03Z,candidate
Ugx5a9kk_C9-nL976mt4AaABAg,viL2TsgPH1Q,GT king,0,2026-03-14T11:43:24Z,candidate
UgwM3Rs6s_jPdjXdqBJ4AaABAg,viL2TsgPH1Q,GT💪💪💪💪💪💪💪💪💪💪💪💪💪💪💪💪💪💪💪💪💪💪💪💪💪💪💪💪💪❤️❤️💪💪💪💪💪💪💪💪💪💪💪💪💪💪💪💪💪💪💪💪💪💪💪💪💪💪💪💪💪💪💪💪💪💪💪💪💪💪💪💪💪💪💪💪💪💪💪💪💪💪💪💪❤️❤️💪💪💪💪🏏🏏🏏🏏🏏🏏🏏🏏🏏🏏🏏🏏🏏🏏🏏🏏🏏🏏🏏🏏🏏🏏🏏🏏🏏🏏🏏🏏🏏🏏🏏🏏🏏🏏🏏🏏,0,2026-02-19T12:40:01Z,candidate
UgxhRW-kKTJCk1X63b54AaABAg,viL2TsgPH1Q,GT❤🎉,0,2023-12-05T09:33:46Z,candidate
UgymoBypzAKwVRAcb8Z4AaABAg,viL2TsgPH1Q,Beyiman hai tum log,0,2023-10-18T03:12:10Z,candidate
UgyMX4aCxWHrV_vKG6t4AaABAg,viL2TsgPH1Q,CSK msD❤❤❤❤,4,2023-10-15T06:39:07Z,candidate
UgwlaWsXHBnS5FBfcZt4AaABAg,viL2TsgPH1Q,GT❤❤❤❤❤#ShubmanGill,1,2023-08-28T08:00:52Z,candidate
UgxOTk_O43D4e7NQPFd4AaABAg,viL2TsgPH1Q,Gt❤❤❤❤❤❤❤❤❤❤❤❤❤❤❤❤❤❤❤❤❤,0,2023-08-26T05:57:47Z,candidate
Ugybypxdto8OQ8bLxJB4AaABAg,viL2TsgPH1Q,Sardar bahlallb bhai Patel stadium,0,2023-08-15T10:17:52Z,candidate
UgxXgn7CVMIVE2HL-Ex4AaABAg,viL2TsgPH1Q,💛💛💛 CSK 💛🔥💛💛💛💛 Dhoni 💛💛💛💛💛💛💛💛,3,2023-08-10T19:32:12Z,candidate
UgzyTcjR6HmBRDf8f4p4AaABAg,viL2TsgPH1Q,CSK 💛,0,2023-08-05T06:27:41Z,candidate
UgzaKQHfcXVlbZxkDvt4AaABAg,viL2TsgPH1Q,CSK versus Gujarat Titans match,0,2023-08-04T07:55:04Z,candidate
Ugypu6gXBRwCLWehgLp4AaABAg,viL2TsgPH1Q,CSK king,2,2023-08-02T10:51:17Z,candidate
UgxH5GDdQxde6O8BRKx4AaABAg,viL2TsgPH1Q,Gt bhut get gyi slae😂😎😂😂,0,2023-07-31T14:03:28Z,candidate
UgzMfOMD2iqXC8JbAIx4AaABAg,viL2TsgPH1Q,Shero sa lekar rukva pahle mujhe batao ki Kaun jita hai,0,2023-07-31T03:30:12Z,candidate
UgxyfWtHoT0Ivia5i7R4AaABAg,viL2TsgPH1Q,Shero sa lekar rukva pahle mujhe batao ki Kaun jita hai,0,2023-07-31T03:30:12Z,candidate
Ugyb4h63iD5KTQ1tzQV4AaABAg,viL2TsgPH1Q,Csk no1,0,2023-07-26T06:58:54Z,candidate
UgxCTEBPtOfzzw2fwA14AaABAg,viL2TsgPH1Q,Dhoni ke age bacche Hain yeh,0,2023-07-22T17:32:59Z,candidate
UgzC0XTmPWx9nYtAAbV4AaABAg,viL2TsgPH1Q,Gujrat me mahi ke fans jaida hai😊😊😊,0,2023-07-18T17:54:23Z,candidate
UgxIrRmmcj9yr_XD1jB4AaABAg,viL2TsgPH1Q,MSD 💛💛,1,2023-07-13T13:38:37Z,candidate
Ugy1yE361O0W5FTdQ8x4AaABAg,viL2TsgPH1Q,isi main foam se paani sukha rahe the na,0,2023-07-11T17:33:25Z,candidate
UgzjBvXIzoPslMVR4Mp4AaABAg,viL2TsgPH1Q,GT❤❤❤❤,5,2023-07-11T16:35:43Z,candidate
Ugy85WSv2aoiltM7N-F4AaABAg,viL2TsgPH1Q,Hi😮😮,0,2023-07-11T02:39:23Z,candidate
Ugx7kfapNdfREfKmb4l4AaABAg,viL2TsgPH1Q,Gt fans,5,2023-07-09T07:38:40Z,candidate
Ugy9zIzxZLuQJ2fNEfd4AaABAg,viL2TsgPH1Q,I am GT fan,4,2023-07-01T03:51:16Z,candidate
Ugw-9NELmebmGStZvhR4AaABAg,viL2TsgPH1Q,csk,0,2023-06-29T16:20:39Z,candidate
Ugwszhq3cC7d7KgkTGJ4AaABAg,viL2TsgPH1Q,Csk,0,2023-06-29T16:20:33Z,candidate
Ugygnll9XvUDnJiLVb94AaABAg,viL2TsgPH1Q,Chennai Super King MS Dhoni I am fan Gujarat Titan to Dhoni ki Juti Bhi Nahin,0,2023-06-28T08:53:53Z,candidate
Ugxn-xO2TYwpO4WHcq94AaABAg,viL2TsgPH1Q,Gujarat titans aaye maiden me aur bahar bhi hogye gt lost final😂😂😂😂😂😂😂😂😂,0,2023-06-28T06:24:56Z,candidate
UgztxmO-dBeuTsr2DRx4AaABAg,viL2TsgPH1Q,Gt❤❤😎,0,2023-06-27T09:38:28Z,candidate
Ugzpd4gI0YwiU7tmQy14AaABAg,viL2TsgPH1Q,❤❤❤❤,0,2023-06-27T02:15:28Z,candidate
UgyQSuQA-k-Ni6ZZXJd4AaABAg,viL2TsgPH1Q,GT ❤❤,0,2023-06-26T17:03:16Z,candidate
UgyE5AgOmYgpHni1HsR4AaABAg,viL2TsgPH1Q,GT,0,2023-06-25T18:55:14Z,candidate
UgzEX4TA8KWE_Vrn0m54AaABAg,viL2TsgPH1Q,CSK Msd 🏆❤️,4,2023-06-25T15:14:56Z,candidate
Ugy0E-wv4Upn7tcIUK14AaABAg,viL2TsgPH1Q,sardar patel stadium,0,2023-06-25T10:36:18Z,candidate
UgyMuG7FD9Xp5uXO1x14AaABAg,viL2TsgPH1Q,Har gai par gujrat titans😂😂😂,0,2023-06-25T08:36:26Z,candidate
Ugyfv_6j9F2AN6xYR3J4AaABAg,viL2TsgPH1Q,Gt,0,2023-06-25T07:24:02Z,candidate
Ugw-drB4so5BxVk9PWJ4AaABAg,viL2TsgPH1Q,Copycat acting King,0,2023-06-25T04:06:19Z,candidate
Ugwijz1PA7nXNp3NB0p4AaABAg,viL2TsgPH1Q,Mi 💙💙💙💙💙💙💙💙💙💙,0,2023-06-24T15:37:56Z,candidate
Ugwo89oqbYk5gRqZpfZ4AaABAg,viL2TsgPH1Q,Csk vs gt Match home of csk😂😂😂😂😂power csk and dhoni💥💥💥💥💥💥💥💥💥,0,2023-06-24T14:53:51Z,candidate
Ugzxj-YH4IsgC0s15A94AaABAg,viL2TsgPH1Q,Csk❤🎉🇮🇳🇮🇳🇮🇳MS,7,2023-06-24T14:38:03Z,candidate
UgxMf_lCNn-FDvJvDsd4AaABAg,viL2TsgPH1Q,Gt❤❤,1,2023-06-24T12:08:10Z,candidate
UgxUhao8m1hOBttUUp94AaABAg,viL2TsgPH1Q,Csk win 🏆🏆🏆🏆🏆,4,2023-06-24T10:35:19Z,candidate
UgxQ9lxwxGJufOaXDBx4AaABAg,viL2TsgPH1Q,Abhi,0,2023-06-24T06:49:41Z,candidate
UgwG-fbKYFv_azlyGxd4AaABAg,viL2TsgPH1Q,गुजरात रिजल्टगुजरात होटल कट्टीगुजरात होटल अट T3गुजराती MP3,0,2023-06-24T05:36:10Z,candidate
UgwPhxdy1MF7VjEhQ4J4AaABAg,viL2TsgPH1Q,CSK,0,2023-06-24T03:13:54Z,candidate
UgxgopxgvXCxEmkBqop4AaABAg,viL2TsgPH1Q,Msd ❤,12,2023-06-23T16:40:43Z,candidate
UgzfY65dGcvGyxVTC1d4AaABAg,viL2TsgPH1Q,Csk❤❤❤❤❤,0,2023-06-23T15:41:17Z,candidate
UgxSeTzza0A_LjPR85p4AaABAg,viL2TsgPH1Q,CSK❤❤❤❤,0,2023-06-23T15:21:28Z,candidate
UgyeWQVD5-8b-C_EIa54AaABAg,viL2TsgPH1Q,Csk bhai,1,2023-06-23T14:42:05Z,candidate
UgyRdkiDMWH5vjM7FaF4AaABAg,viL2TsgPH1Q,फाइल में हार गये😂😂😂,0,2023-06-23T11:38:33Z,candidate
UgyO_o6W4dAD_IKcgMF4AaABAg,viL2TsgPH1Q,GT❤❤,1,2023-06-23T10:12:17Z,candidate
UgyJ8tQ6XLupmNSf4LZ4AaABAg,viL2TsgPH1Q,Lag lepoerds 💙💙,0,2023-06-23T07:41:06Z,candidate
Ugx0n-CmO87-YsFLmzB4AaABAg,viL2TsgPH1Q,Csk❤❤❤❤❤❤❤❤❤❤2023Ipl💛💛💛💛💛💛💛💛💛💛💛,2,2023-06-23T07:38:36Z,candidate
UgyUCpl5lYkhEnlZt3h4AaABAg,viL2TsgPH1Q,GT❤❤❤❤❤❤❤❤❤ bura dhoni,0,2023-06-23T07:03:12Z,candidate
Ugy06KOHRYp7gD2DbeN4AaABAg,viL2TsgPH1Q,GT Father CSK ilp and CSK cup 6 CUP of tea in the and CSK,0,2023-06-22T16:16:37Z,candidate
Ugyye0XLWLSqD96kt_Z4AaABAg,viL2TsgPH1Q,GT ❤❤,1,2023-06-22T16:11:16Z,candidate
UgwupI7BDmLSiLds7mh4AaABAg,viL2TsgPH1Q,GT tera baap Lagta Hai Uske aukat Mein Raho Ek Bar champion ban gaya na Jyada Hero mat Bano vah Insan 5 5 Trophy Le baitha hai❤❤❤❤❤❤❤❤❤❤❤❤❤❤❤❤❤❤❤❤❤❤❤❤❤❤❤❤❤❤❤❤❤❤❤❤❤❤❤❤❤❤❤❤❤❤❤❤❤❤❤❤❤❤❤❤❤❤❤❤❤❤❤❤❤❤❤❤❤❤❤❤❤❤❤❤❤❤❤❤❤❤❤❤❤❤❤❤❤❤❤❤❤❤❤❤❤❤❤❤❤❤❤❤❤❤❤❤❤❤❤❤❤❤❤❤❤🎉🎉🎉🎉🎉🎉🎉🎉🎉🎉🎉🎉🎉🎉🎉🎉🎉🎉🎉🎉🎉🎉🎉🎉🎉🎉🎉🎉🎉🎉🎉🎉🎉🎉🎉🎉🎉🎉🎉🎉🎉🎉❤❤❤❤❤❤❤❤❤❤❤❤❤❤❤❤❤❤❤❤❤❤❤❤❤❤❤❤❤❤❤❤❤❤❤❤❤❤❤❤❤❤🎉🎉🎉🎉🎉🎉🎉🎉🎉🎉🎉🎉🎉🎉🎉🎉🎉🎉🎉🎉🎉🎉🎉🎉🎉🎉🎉🎉🎉🎉🎉🎉🎉🎉🎉🎉🎉🎉🎉🎉🎉🎉❤❤❤❤❤❤❤❤❤❤❤❤❤❤ owner of GT Ruturaj Gaikwad,0,2023-06-22T16:01:24Z,candidate
UgytZCCoEWP1TrhHTIh4AaABAg,viL2TsgPH1Q,Csk❤❤❤❤❤❤,0,2023-06-22T14:34:15Z,candidate
UgwcTxVrUhPp1NHDX794AaABAg,viL2TsgPH1Q,GT.is.what😂😂😂😂😂csk.msdhoni🎉🎉🎉.,0,2023-06-22T14:27:16Z,candidate
Ugx7jJDwfgMreK6kiKZ4AaABAg,viL2TsgPH1Q,"Rohit Sharma ❤❤❤❤❤❤,,,🎉🎉🎉🎉🎉",2,2023-06-22T13:05:54Z,candidate
UgwWvPeIAm5-9N2wkR54AaABAg,viL2TsgPH1Q,Gt ❤❤,0,2023-06-22T09:19:16Z,candidate
UgwEfEEcjKbNnZm1f3Z4AaABAg,viL2TsgPH1Q,GT no csk,0,2023-06-22T07:27:55Z,candidate
UgxxaW2qt0Zu9BfOTVx4AaABAg,viL2TsgPH1Q,Csk❤❤❤❤❤🎉,0,2023-06-22T06:29:03Z,candidate
Ugy6JOCPZLKP2xI6L294AaABAg,viL2TsgPH1Q,यश के मुंबई के अंदर कबीर गुजरात सरल,0,2023-06-22T03:20:33Z,candidate
Ugz749GhAtaxMdLuBHB4AaABAg,viL2TsgPH1Q,Gt,0,2023-06-21T14:06:13Z,candidate
UgyEkG538k__Pm9BAPR4AaABAg,viL2TsgPH1Q,Csk💛💛🤩♥️❤❤❤❤❤❤💛💛💛💛💛💛💛,1,2023-06-21T13:55:45Z,candidate
Ugwabi4bHhNxi8fSixp4AaABAg,viL2TsgPH1Q,GT❤❤🎉,1,2023-06-21T11:52:23Z,candidate
UgwX93-qZdcD681Q6a54AaABAg,viL2TsgPH1Q,Csk,0,2023-06-21T08:08:50Z,candidate
UgzNCpAOpP2aB8L5xwN4AaABAg,viL2TsgPH1Q,😂,0,2023-06-21T05:20:55Z,candidate
UgzPAp_aWium8p-Lgk14AaABAg,viL2TsgPH1Q,Mumbai meri jaan 💙🔥,7,2023-06-21T04:07:56Z,candidate
Ugx0yVQB01DRBdsFHTN4AaABAg,viL2TsgPH1Q,CSK💯💯💯,1,2023-06-21T01:01:58Z,candidate
UgxycPZa76_i80D7vT54AaABAg,viL2TsgPH1Q,CSK MSD king 👑👑,5,2023-06-21T00:32:16Z,candidate
Ugw3vWlSGTczw4yFAFV4AaABAg,viL2TsgPH1Q,GT,1,2023-06-20T16:30:40Z,candidate
UgzOAzEPV1We3Xgm0Zp4AaABAg,viL2TsgPH1Q,Mi❤❤❤❤,2,2023-06-20T15:03:49Z,candidate
Ugy54HOy3Zp5NaWLCiB4AaABAg,viL2TsgPH1Q,Msd is the king of IPL,3,2023-06-20T14:11:59Z,candidate
UgzA8sMlpEJsej1sTBB4AaABAg,viL2TsgPH1Q,CSK LOVER❤❤❤❤,1,2023-06-20T13:32:18Z,candidate
UgzsDZLTDBhHg_fa78Z4AaABAg,viL2TsgPH1Q,CSK ka 😊,3,2023-06-20T10:38:13Z,candidate
UgwiwyCzVaLgz6UkwLZ4AaABAg,viL2TsgPH1Q,Gt King 👑,1,2023-06-20T09:38:57Z,candidate
Ugx4YRsbAz3c0DUNP6B4AaABAg,viL2TsgPH1Q,Gt is  Power full and  csk is goat!,5,2023-06-20T07:34:30Z,candidate
UgwfdX1KyH8k0gVL12V4AaABAg,viL2TsgPH1Q,CSK Chennai super King Kang Mahendra Singh Dhoni❤,1,2023-06-20T07:26:48Z,candidate
UgxODvym4-UICZAkpu14AaABAg,viL2TsgPH1Q,"gtDirty😂😂😂😂😂😂😂😂😂😂😂😂
CSK❤❤❤🎉🎉🎉",0,2023-06-20T05:54:30Z,candidate
UgzEVQqViN1gLmprmIF4AaABAg,viL2TsgPH1Q,Gt noob,0,2023-06-20T04:27:47Z,candidate
UgyPxItXA2Vnq6Bac-14AaABAg,viL2TsgPH1Q,Gt King,1,2023-06-20T03:27:48Z,candidate
Ugx_IhMSAQWK4cJn1_N4AaABAg,viL2TsgPH1Q,गुजरात की टीम जीत गई तुम्हारी मुंबई के हार गए Avni 😊😊,0,2023-06-20T03:22:24Z,candidate
UgxU4dVeyOH2VJ0yQa54AaABAg,viL2TsgPH1Q,CSK💛,0,2023-06-20T03:04:12Z,candidate
Ugy1LsU0HmVLzT4LPD54AaABAg,viL2TsgPH1Q,Gt🎉🎉🎉🎉🎉,1,2023-06-20T01:27:16Z,candidate
Ugx8Gxsn2F42yIKd6-N4AaABAg,viL2TsgPH1Q,Gt❤❤❤❤,1,2023-06-19T16:57:40Z,candidate
Ugw2JKTMvdZHs2CAAeZ4AaABAg,viL2TsgPH1Q,Rcb aye na gar jayega gujurat titan,0,2023-06-19T14:36:45Z,candidate
UgwtdFvAcqNJdDE4ujx4AaABAg,viL2TsgPH1Q,Gghfi,0,2023-06-19T13:51:20Z,candidate
UgxSYRPDra_4B46sWe94AaABAg,viL2TsgPH1Q,Mumbai Indians 💙,10,2023-06-19T12:59:16Z,candidate
UgzoWlX4yScui6nPgNF4AaABAg,viL2TsgPH1Q,GT King 👑👑👑👑,11,2023-06-19T11:59:05Z,candidate
UgwZn3ZHZfHt3GDmAl54AaABAg,viL2TsgPH1Q,Csk,0,2023-06-19T10:06:41Z,candidate
UgymH0bGLcRIqc3VmOB4AaABAg,viL2TsgPH1Q,Aur Gay kaise,0,2023-06-19T09:23:34Z,candidate
UgyNTJNu9rcxxJeZmIx4AaABAg,viL2TsgPH1Q,Mi🥰🥰🥰🥰,9,2023-06-19T08:35:08Z,candidate
Ugwy2SW1o6gNeSBn61d4AaABAg,viL2TsgPH1Q,CSK💛,0,2023-06-19T04:09:43Z,candidate
Ugy6fB-dc9D3nJ33rHN4AaABAg,viL2TsgPH1Q,Madar chod😂😂😂😂😂 gujrat,0,2023-06-18T15:31:07Z,candidate
UgyLKa5Rzupxh-tm6054AaABAg,viL2TsgPH1Q,Msd,15,2023-06-18T04:54:05Z,candidate
Ugx9-ZXc7Pq4kaD7Q4p4AaABAg,viL2TsgPH1Q,I am not fan Gt I am fan Csk Babar Shar,1,2023-06-18T01:40:15Z,candidate
Ugx-Fneg4-PoF-Dr3mV4AaABAg,viL2TsgPH1Q,Csk 💛💛💛,3,2023-06-18T01:14:16Z,candidate
UgyAcSc_pAcRXIlV1WR4AaABAg,viL2TsgPH1Q,GT❤❤❤❤❤❤❤❤❤❤❤❤❤❤,0,2023-06-17T03:01:34Z,candidate
Ugzh7Ap49SGdHNEs3W54AaABAg,viL2TsgPH1Q,CSK🎉🎉,0,2023-06-16T14:13:20Z,candidate
Ugzeu2EupNXMQdMTqT14AaABAg,viL2TsgPH1Q,GT❤❤❤❤❤,10,2023-06-15T14:04:22Z,candidate
UgygfFYL3cRixUBNib54AaABAg,viL2TsgPH1Q,Gt❤,15,2023-06-14T17:12:59Z,candidate
UgxPIh0Dra2q3ZmnfGh4AaABAg,viL2TsgPH1Q,Gt ka bap king csk 😎😎,0,2023-06-14T08:26:29Z,candidate
UgyzHutkCjwIR3FULIJ4AaABAg,viL2TsgPH1Q,Yellow army spam 💛💛  #whitselesphodu,0,2023-06-07T15:15:40Z,candidate
Ugwf9HBO96jQK9kZBQV4AaABAg,viL2TsgPH1Q,Yellove army 💛💛💛💛💛💛👑💖👋,13,2023-06-06T07:48:14Z,candidate
UgyZZTQO9p1e0KZQ9eh4AaABAg,viL2TsgPH1Q,GT fan 💙💙💪💪👑👑😈😈❤️❤️,13,2023-06-02T16:31:49Z,candidate
Ugz5WlKXgi5_dELA2cZ4AaABAg,viL2TsgPH1Q,csk jiti gayu,1,2023-05-30T05:41:15Z,candidate
UgyuVI6W02-pisLzF8x4AaABAg,w-dcD5Ft_O0,Gill ko pata nahi hai ki ye ladka harmai hai 😂,0,2026-08-03T14:59:49Z,candidate
UgyJy8aVEusJ_fgAokZ4AaABAg,w-dcD5Ft_O0,Verry lucky ❤ kash me bhi milta,0,2026-07-28T10:21:29Z,candidate
UgzfbP3_VEUM-z0jfJJ4AaABAg,w-dcD5Ft_O0,Shubman ❤❤❤❤❤❤❤,0,2026-07-26T13:20:24Z,candidate
UgzCwsBIe2bm7bE3RnR4AaABAg,w-dcD5Ft_O0,Lucky 😊,0,2026-07-21T16:14:35Z,candidate
UgxSbSY10O8wzdzxme94AaABAg,w-dcD5Ft_O0,I love you so much shubman gill from Zara,0,2026-07-09T13:22:46Z,candidate
UgyjVnAD3SBqvdPi2aN4AaABAg,w-dcD5Ft_O0,Uff his smile!! I'm dying 😭🌷😩🧿🌙✨🎀,0,2026-06-24T07:34:42Z,candidate
UgzEMBCAHAJn8FOxsxZ4AaABAg,w-dcD5Ft_O0,Kista lucky hai yar ye 🫶🫶🫶🫶❤️❤️❤️,0,2026-06-24T07:07:49Z,candidate
UgxM6FaQIgFQpOGJzLJ4AaABAg,w-dcD5Ft_O0,Bhai gill ko pata bhi nhi ki ye ladka ab csk rcb ko support karta 🤧🤧🤧🥺,0,2026-06-23T05:42:57Z,candidate
UgxKy1Vf-jgW4lClrOt4AaABAg,w-dcD5Ft_O0,Ai hai,0,2026-06-19T14:48:22Z,candidate
UgzLxcSVnvp3Rm1eHP54AaABAg,w-dcD5Ft_O0,Giil❤❤❤❤❤😂 ❤❤❤❤❤❤❤❤❤❤❤❤❤❤❤❤❤❤❤❤❤❤❤,0,2026-06-18T16:38:35Z,candidate
UgwF4KyvWbGP4zChSyB4AaABAg,w-dcD5Ft_O0,Shubhi is very kind and pure heart 💜💜😊😊,0,2026-06-18T09:14:09Z,candidate
UgylUnsB9_fV9sgA6Gp4AaABAg,w-dcD5Ft_O0,I love you Suman gill Babu from Varshini,0,2026-06-16T13:01:12Z,candidate
Ugwi6AYjyMEltB21n254AaABAg,w-dcD5Ft_O0,Wo sach me prianc hai yaa❤❤❤❤❤❤❤❤❤❤❤ab to man lo❤❤❤,1,2026-06-12T16:54:04Z,candidate
UgxvGQb-3d2cgE4sdXB4AaABAg,w-dcD5Ft_O0,The dream of meeting him❤❤❤💗💗🥰😘........,0,2026-06-12T04:03:37Z,candidate
UgxRyfHKj2Os7iz_7zp4AaABAg,w-dcD5Ft_O0,❤❤❤,0,2026-06-09T07:48:59Z,candidate
UgwgSHGBrLA0sRqn2W94AaABAg,w-dcD5Ft_O0,Very lucky to you 😊😊,0,2026-06-09T07:38:03Z,candidate
Ugzi4lmEy0OzWeokrPZ4AaABAg,w-dcD5Ft_O0,❤❤❤❤ I love gill,0,2026-06-08T03:38:33Z,candidate
UgxP3XedZ4xkeyphNRF4AaABAg,w-dcD5Ft_O0,Prince❤️❤️❤️,0,2026-06-06T08:19:48Z,candidate
UgyX_QPSpUwOlO8LD7J4AaABAg,w-dcD5Ft_O0,Shubhman  apne fans ke liye loyal hai❤❤,1,2026-06-05T05:00:15Z,candidate
UgwyjHwkGpQYVay36nR4AaABAg,w-dcD5Ft_O0,Uff❤,0,2026-06-03T03:30:46Z,candidate
Ugz0EHCsoxiXIo7Jgkx4AaABAg,w-dcD5Ft_O0,Best cricketer of a GT❤❤❤❤😊,0,2026-06-02T09:41:34Z,candidate
Ugyr4rw6mErDKnsglX54AaABAg,w-dcD5Ft_O0,Shubman ji aap  canal mai  quo haar gya,0,2026-06-01T10:33:41Z,candidate
Ugz0F0ZFYzpd3BxdkON4AaABAg,w-dcD5Ft_O0,Tappu you are so lucky yrrr 😍,1,2026-05-29T18:44:47Z,candidate
Ugyx0tO6WT7gcz8U3il4AaABAg,w-dcD5Ft_O0,Lucky boy❤❤❤❤❤,0,2026-05-28T17:27:05Z,candidate
Ugyj1CsH5MUneW1GaaF4AaABAg,w-dcD5Ft_O0,I love you gill,1,2026-05-28T14:24:35Z,candidate
Ugyp7WRQNsXnuuz1V794AaABAg,w-dcD5Ft_O0,My dream to meet shubman Gill ❤❤❤❤❤,2,2026-05-28T06:19:00Z,candidate
Ugzm93JD46B8YDAX7o94AaABAg,w-dcD5Ft_O0,DREAM Every🎉❤❤,0,2026-05-28T04:35:13Z,candidate
UgzUC988s8IQFhsvKyZ4AaABAg,w-dcD5Ft_O0,Shubhangill muzse bi millo❤❤❤😊,0,2026-05-25T15:41:33Z,candidate
Ugxxc9YR04OdU4KMJAB4AaABAg,w-dcD5Ft_O0,How humbleeeeee,0,2026-05-24T07:32:15Z,candidate
UgzkVdoxPg696HZ8vit4AaABAg,w-dcD5Ft_O0,❤😊😊😊,0,2026-05-23T10:19:37Z,candidate
UgzvaeHnGVR_FGKSRhV4AaABAg,w-dcD5Ft_O0,❤❤❤❤❤❤❤❤❤❤❤❤❤❤❤❤❤❤❤❤❤❤❤❤❤❤❤❤❤❤❤❤❤❤❤❤❤❤❤❤❤❤❤❤❤❤❤❤❤❤❤❤❤❤❤❤❤,0,2026-05-19T15:10:21Z,candidate
UgwrXZ7fN84UMxukyod4AaABAg,w-dcD5Ft_O0,Love you Prince,0,2026-05-19T15:09:59Z,candidate
Ugzqo66SyDca9sDWhUF4AaABAg,w-dcD5Ft_O0,When me??😊,1,2026-05-17T21:40:25Z,candidate
UgxuoimaudyOt5XE55J4AaABAg,w-dcD5Ft_O0,U r so lucky 🤌😣❤️,0,2026-05-02T15:27:55Z,candidate
UgzsjOX7SY2WgtZOnvp4AaABAg,w-dcD5Ft_O0,The dream of meeting him ❤❤,5,2026-05-02T11:44:45Z,candidate
UgzYAcUDmYBEX6cKkxh4AaABAg,w-dcD5Ft_O0,Gnngvn,0,2026-04-26T05:56:54Z,candidate
UgwZUnLITicOkObgwb14AaABAg,w-dcD5Ft_O0,GT GILL  😎💯,0,2026-04-23T03:02:15Z,candidate
UgxEyeOrLb2nDP4UN4J4AaABAg,w-dcD5Ft_O0,G.T No PRINCE ( GILL) 🦁😎😡❤‍🔥💪👑,2,2026-04-13T12:54:04Z,candidate
Ugxx0UfpeKG-GM1aMYh4AaABAg,w-dcD5Ft_O0,Sach mein shubhman jaise achhe admi koi ho nehin sakta bachhe ko bohot pyaar korta hai ❤or kisi mein bhed bhayo nehin korta awesome ❤,0,2026-04-13T10:53:37Z,candidate
Ugx32gk-uE-B9AVcIEl4AaABAg,w-dcD5Ft_O0,❤❤❤,0,2026-04-09T08:59:09Z,candidate
UgxRz0pc82X9hVZPEUh4AaABAg,w-dcD5Ft_O0,❤❤❤❤❤❤❤❤❤❤,0,2026-04-05T15:59:22Z,candidate
Ugz4LsYGRbM6g7JXTMR4AaABAg,w-dcD5Ft_O0,My Dream ❤,0,2026-03-25T07:51:34Z,candidate
Ugz3lE1BDXJKPqOnE-N4AaABAg,w-dcD5Ft_O0,My very biggest Dream #my first aim to meet with # kingprince  of india Shubham gill ❤😊😊😊❤❤❤❤,0,2026-03-24T11:42:19Z,candidate
UgyAgVECm_1N0OJ8zol4AaABAg,w-dcD5Ft_O0,God ji cutie baby's ji love life,0,2026-03-17T08:55:49Z,candidate
Ugy-Q1toJHa0CBeGNAd4AaABAg,w-dcD5Ft_O0,❤,0,2026-03-16T13:03:59Z,candidate
UgxWOcOMq2zmbyE_CzB4AaABAg,w-dcD5Ft_O0,❤❤❤❤❤❤,0,2026-03-08T04:05:17Z,candidate
Ugy0wrmJb96b3hZJMGN4AaABAg,w-dcD5Ft_O0,"Super,shubham,gill,anna😁😁👍👍🤟🤟🤟🤟🤝🤝🤗🤗",0,2026-03-01T05:20:42Z,candidate
Ugz-98OIEHwgQ4pXvqB4AaABAg,w-dcD5Ft_O0,Wagh❤,0,2026-01-28T08:03:06Z,candidate
Ugx5Y7xLCEbuKSaJWEB4AaABAg,w-dcD5Ft_O0,😂❤❤❤,0,2025-12-07T03:00:03Z,candidate
UgwCYb6020M5P-qLa5N4AaABAg,w-dcD5Ft_O0,Verynice ❤❤❤❤❤❤❤❤❤❤❤❤❤❤❤❤❤❤❤❤❤❤❤❤❤❤❤❤❤❤❤❤❤❤❤❤❤❤❤❤❤❤❤❤❤❤❤❤❤❤❤❤❤❤❤❤❤❤❤❤❤❤❤❤❤❤❤❤❤,0,2025-12-05T08:32:33Z,candidate
Ugw3GOvsISVSoZKelc14AaABAg,w-dcD5Ft_O0,Verycutegill❤❤❤❤❤❤❤❤❤❤❤❤❤❤❤❤❤❤❤❤❤❤❤❤❤❤❤❤❤❤❤❤❤❤❤❤❤❤❤❤❤❤❤,0,2025-12-03T09:00:51Z,candidate
UgyMXw9ndVC_5lwT7S14AaABAg,w-dcD5Ft_O0,Yes you are right he is so lucky because he meet Prince ❤❤❤❤❤,3,2025-11-30T09:27:51Z,candidate
UgxXZtRiI1xN8ruplUN4AaABAg,w-dcD5Ft_O0,😂,0,2025-11-25T12:54:28Z,candidate
Ugzw9zjw_MedFv1lCyN4AaABAg,w-dcD5Ft_O0,❤❤❤❤❤❤❤❤❤❤❤❤❤❤😊❤❤❤❤❤❤❤❤❤❤❤❤❤❤😊😊😊😊😊😊😊,0,2025-11-25T07:42:09Z,candidate
UgxeEspQ9E0-UiCEVE54AaABAg,w-dcD5Ft_O0,❤❤❤,0,2025-11-23T13:07:30Z,candidate
UgziO6NDrxgRavAgboR4AaABAg,w-dcD5Ft_O0,SHARMA gll ❤❤,0,2025-11-23T07:08:31Z,candidate
Ugw-pGWn14KeU3KHwvh4AaABAg,w-dcD5Ft_O0,S H U B MA N। G LL ❤❤❤❤,0,2025-11-12T14:41:47Z,candidate
UgwmqYel8PmJVyFRyAp4AaABAg,w-dcD5Ft_O0,S gill❤❤❤❤❤❤❤❤❤❤,0,2025-11-08T08:07:40Z,candidate
UgxZqmIlicvr9huOHqN4AaABAg,w-dcD5Ft_O0,SHUBMAN GiLL ❤❤❤❤❤❤,1,2025-11-05T11:42:12Z,candidate
UgzptxhtTOt7y9IxlhR4AaABAg,w-dcD5Ft_O0,SHARMA gll ❤❤❤VIRAT King 🤴 ❤❤,0,2025-11-02T17:08:41Z,candidate
UgxiJNEf2kg4KLIhM854AaABAg,w-dcD5Ft_O0,So cool Suman Gill😈😈👍💯👍💯,0,2025-11-01T07:58:30Z,candidate
UgzSJXJFTCQldrfGq4x4AaABAg,w-dcD5Ft_O0,How sweet 🤩❤❤❤,0,2025-10-30T08:31:58Z,candidate
UgweSfdf1l6m3wFaRFV4AaABAg,w-dcD5Ft_O0,He is very lucky but I don't have luck 🤞,0,2025-10-26T05:11:34Z,candidate
UgzOf3OkzEVaKrlWOe14AaABAg,w-dcD5Ft_O0,❤❤❤,0,2025-10-23T13:32:26Z,candidate
UgwhciAT-2ZbZdjg6M94AaABAg,w-dcD5Ft_O0,I also meet gill,0,2025-10-13T09:45:26Z,candidate
Ugz5XtlpLmnY66F5bwN4AaABAg,w-dcD5Ft_O0,❤❤❤❤🎉🎉🎉😮😮,0,2025-10-11T17:10:09Z,candidate
UgzLzc2yVZ8dQSksrz54AaABAg,w-dcD5Ft_O0,This is my dream to meet gill,0,2025-10-08T11:02:01Z,candidate
UgzVQdHs7NNhoEuJiLd4AaABAg,w-dcD5Ft_O0,I want selfie with u subham gill,0,2025-10-07T13:17:36Z,candidate
UgxVBhyXCp-uJxR90N94AaABAg,w-dcD5Ft_O0,😢my dream is half😢,0,2025-10-03T18:09:39Z,candidate
Ugwd2xQ-pFNyXhL1b4p4AaABAg,w-dcD5Ft_O0,My dream is to meet shubhman,0,2025-10-03T18:09:17Z,candidate
UgydJOiOTo3RYA50xwh4AaABAg,w-dcD5Ft_O0,My dream ❤❤❤❤,1,2025-10-02T12:49:59Z,candidate
UgyPByy5hhmwtJuMpgB4AaABAg,w-dcD5Ft_O0,Favourite batsman❤❤❤❤❤❤❤,0,2025-09-30T14:37:15Z,candidate
UgyZ3OFVGe6yng4fUEp4AaABAg,w-dcD5Ft_O0,Very nice kismat 🥺🥷🥷🥷🥷🥷💪💪💪💪🎵🎵🎵🎵🎵🎶🎶🎶🎵🎶🎵🎶🎵🎶🎶🎶🎵🎶🎵👌❤️‍🔥❤️‍🔥❤️‍🔥❤️‍🔥❤️‍🔥❤️‍🔥❤️‍🔥❤️‍🔥❤️‍🔥❤️‍🔥❤️‍🔥❤️‍🔥🤍🤍🤍🌄🌄🌄🌄💗💗💗💗💗💗💗😘😘🌄🌄🌄❤️‍🔥❤️‍🔥❤️‍🔥🐆❤️‍🔥,0,2025-09-24T01:10:06Z,candidate
UgxQ3ygbRYOC4epprgN4AaABAg,w-dcD5Ft_O0,"Gill 
❤",0,2025-08-29T14:29:44Z,candidate
UgwpEqJSln5fss79NDd4AaABAg,w-dcD5Ft_O0,😂😂😂😂😂,0,2025-08-27T09:42:06Z,candidate
UgxCbI2Wzj2gUHoL27l4AaABAg,w-dcD5Ft_O0,The prince 💚💚💚💚💚💚💚,1,2025-08-22T15:56:47Z,candidate
UgyzS6T3bq0LFnUSD914AaABAg,w-dcD5Ft_O0,Kas uo mai hota😢,0,2025-08-20T16:03:07Z,candidate
Ugzb-pyub2Ibafyj7pF4AaABAg,w-dcD5Ft_O0,It is my dream 💋😜😚💗❤️🫂❣️💝💖💓♾️💕💪🏻🤟🏻🫶🏻🥰😍😊😘💞 love you ❤,0,2025-08-19T11:34:55Z,candidate
Ugw6959OOyLA0_IwdMB4AaABAg,w-dcD5Ft_O0,Cute subhu❤❤❤,0,2025-08-09T03:25:11Z,candidate
UgwEZJXttuoPcaDbGht4AaABAg,w-dcD5Ft_O0,Vely lucky to meet gill❤❤❤😊,1,2025-08-02T18:17:44Z,candidate
Ugxa0umrfSAW0jXeUQl4AaABAg,w-dcD5Ft_O0,Not only the boy is lucky but also shubman is too humble gentle and frank❤❤,0,2025-08-02T17:34:21Z,candidate
UgwgKsg9RHWf9Iq5p-B4AaABAg,w-dcD5Ft_O0,Ham bhi Suman Gil ke fan Hai,0,2025-08-02T06:32:39Z,candidate
Ugw0S4HSTeLZ1oq0NIN4AaABAg,w-dcD5Ft_O0,"So lucky Boy Meeting for shubman Gill 
❤❤❤❤❤❤😮😮😮❤❤❤❤❤",2,2025-07-27T13:49:37Z,candidate
Ugzfvdrl-t_rTfirBjV4AaABAg,w-dcD5Ft_O0,Very lucky to meet Gill❤❤❤❤,0,2025-07-24T10:08:56Z,candidate
UgypBcIcmUnRfADQBVt4AaABAg,w-dcD5Ft_O0,😢,0,2025-07-23T15:26:11Z,candidate
Ugzqj0kq4UGimaOsmfp4AaABAg,w-dcD5Ft_O0,My love 💕💕💕💕 Shubman gill❤❤❤❤❤❤,0,2025-07-19T08:05:35Z,candidate
UgxpGcjr_8ELP5NviXl4AaABAg,w-dcD5Ft_O0,😊❤😊❤😊,0,2025-07-18T16:42:28Z,candidate
UgxYwqKJXDq2vpin0zh4AaABAg,w-dcD5Ft_O0,Super,0,2025-07-14T10:30:49Z,candidate
UgxlkLBh390CoM7HEQB4AaABAg,w-dcD5Ft_O0,Soooooo cute baby ❤❤❤❤❤,0,2025-07-14T07:59:13Z,candidate
UgxByeoSjQUS0yosi1B4AaABAg,w-dcD5Ft_O0,Can I also meet Shubhman Gill😢😢,0,2025-07-09T15:25:24Z,candidate
UgwG9loufZTd8GD4tVh4AaABAg,w-dcD5Ft_O0,Shubman😢I just want u 🙂🙃,0,2025-07-06T07:01:41Z,candidate
Ugxt0LE0tQ8FwE6c6814AaABAg,w-dcD5Ft_O0,Winning feels natural on 4rabetT Their odds always make sense  Love it,0,2025-07-06T03:28:49Z,candidate
Ugy4XJCBEQpzhCD4b7x4AaABAg,w-dcD5Ft_O0,"4ra never fails to impress with their fair gaming policies, that's why I stay",0,2025-07-06T03:20:24Z,candidate
UgwAz7iXhc2vtNqNC5B4AaABAg,w-dcD5Ft_O0,4raBETT gives such good odds I always feel like I have a fair chance  loving it.,0,2025-07-06T02:56:22Z,candidate
Ugy39fyR2b3qAfKsabt4AaABAg,w-dcD5Ft_O0,Been betting on 4rabetT for a while now never disappoints Fair play all the way,0,2025-07-06T02:55:16Z,candidate
UgyNwmBsfy5Kzjaefsd4AaABAg,w-dcD5Ft_O0,"""Been betting on 4rabetT and the odds are really good  winning feels fair and square.",0,2025-07-06T01:15:24Z,candidate
Ugx7bgrGXDRgGUmMvw94AaABAg,w-dcD5Ft_O0,Winning feels natural on 4rabetT Their odds always make sense  Love it,0,2025-07-05T23:21:33Z,candidate
UgyQPK-TpOwWDlTCBqV4AaABAg,w-dcD5Ft_O0,"""Won big on 4rabetT again 螺 The odds are always fair love this platform",0,2025-07-05T21:18:51Z,candidate
UgxQ97IawgjGgkfJHpp4AaABAg,w-dcD5Ft_O0,Haye sooo sweet Shubham gill ❤️🥰 my favourite cricketer and my crush 🥰❤️,14,2025-06-29T18:35:14Z,candidate
UgyxyUTwcLfX9kasgSN4AaABAg,w-dcD5Ft_O0,Very lucky ❤I have also meet Gill ❤,0,2025-06-27T15:35:04Z,candidate
UgyThLl2eZ_OAGVhb5t4AaABAg,w-dcD5Ft_O0,Dream of every shubians ❤😢😢,91,2025-06-26T11:50:20Z,candidate
Ugyqk7kmdu9wxEGgoy94AaABAg,w-dcD5Ft_O0,Indian captain 147😊 runs In first test,0,2025-06-26T08:37:48Z,candidate
UgzsgQVGDtIHmGy77rt4AaABAg,w-dcD5Ft_O0,Very lucky  to meet my shub❤❤❤❤❤😊,1,2025-06-26T02:13:32Z,candidate
Ugx3yYmTaqKzBm3Yoht4AaABAg,w-dcD5Ft_O0,❤❤❤❤❤❤,0,2025-06-22T16:27:59Z,candidate
Ugy0Ux_01rBl6aUmW7J4AaABAg,w-dcD5Ft_O0,My fev gill❤❤❤❤❤❤❤❤,0,2025-06-21T05:40:13Z,candidate
Ugy1B0mZMyA0rwFZ8i14AaABAg,w-dcD5Ft_O0,❤❤❤❤❤❤❤❤❤❤❤❤❤❤❤❤❤❤❤❤❤❤,0,2025-06-19T12:53:07Z,candidate
UgxiOKAKvcE44FyRpPV4AaABAg,w-dcD5Ft_O0,Hi is very arrogence😮,0,2025-06-18T17:20:27Z,candidate
Ugz8JUYZt6syb-rP3w54AaABAg,w-dcD5Ft_O0,Pehle aai aur pehle hi Troy utha li. Rcb ki tarah nahi,0,2025-06-18T13:17:39Z,candidate
UgzRsmRILz5FW9oBXSV4AaABAg,w-dcD5Ft_O0,He is very lucky❤,0,2025-06-18T00:27:06Z,candidate
Ugz0gzmARops9l5Qort4AaABAg,w-dcD5Ft_O0,😊😊,0,2025-06-16T13:46:09Z,candidate
UgwCcKRz9fcuxTzexVJ4AaABAg,w-dcD5Ft_O0,Gt❤❤❤❤❤,0,2025-06-16T05:07:01Z,candidate
Ugy297elscrIYQBxj7R4AaABAg,w-dcD5Ft_O0,Kaka you are my lovely elder son ❤,0,2025-06-14T04:31:22Z,candidate
UgwPeqn32yXkHWvgKdt4AaABAg,w-dcD5Ft_O0,Urgent ❤❤❤❤❤❤❤❤❤❤❤❤❤❤❤❤❤❤,0,2025-06-13T13:29:07Z,candidate
UgxZrUFBPgSwJcvWvrl4AaABAg,w-dcD5Ft_O0,😘😘😘😘sweet shubman gill,0,2025-06-12T14:54:55Z,candidate
UgwwKzN13edlj7lzqGF4AaABAg,w-dcD5Ft_O0,Kash mai bhi mil pati shubam se,0,2025-06-06T18:29:50Z,candidate
UgzGWZuF5cTUptB4zmt4AaABAg,w-dcD5Ft_O0,❤❤❤❤❤❤❤❤❤❤❤❤❤,0,2025-06-06T17:23:27Z,candidate
UgwjDeJmhktdlpbZ3yR4AaABAg,w-dcD5Ft_O0,❤❤❤❤❤❤❤❤❤❤❤❤❤❤❤❤❤❤❤❤😮😮😮😮😮❤❤,0,2025-06-06T12:16:12Z,candidate
UgxQNqsTSPLVVzugayl4AaABAg,w-dcD5Ft_O0,Chapri hai bhai chapri hai,0,2025-06-05T07:13:23Z,candidate
UgwlW7sD-HhjMlp22W14AaABAg,w-dcD5Ft_O0,❤❤❤,0,2025-06-02T22:23:29Z,candidate
UgzElsBY31KISyCb1oN4AaABAg,w-dcD5Ft_O0,You arge the best,0,2025-06-01T15:55:49Z,candidate
Ugz4CV2WRKGM740N6kV4AaABAg,w-dcD5Ft_O0,Gill. 7❤🎉,7,2025-06-01T07:55:33Z,candidate
Ugyh8q7ix_ETPr_D4EN4AaABAg,w-dcD5Ft_O0,Virat Kohli serar sera ❤❤❤❤👍👍👍👍,0,2025-05-31T17:55:30Z,candidate
UgzS2B5wdXMeIqwyx5F4AaABAg,w-dcD5Ft_O0,Shubman gill 😍😍,0,2025-05-31T11:41:42Z,candidate
UgzXm7ILSue8LQREQWx4AaABAg,w-dcD5Ft_O0,We want to meet you❤❤❤😢😢😢😢😢,0,2025-05-31T09:59:44Z,candidate
UgycpxMdpVjcfRmFcGN4AaABAg,w-dcD5Ft_O0,Shubman gill ko ghamand nahi hai ❤❤,0,2025-05-30T12:31:28Z,candidate
UgyfYdaQKFA7aVueEDl4AaABAg,w-dcD5Ft_O0,Bhai uska kapda khol ke dekh😂😂,0,2025-05-28T16:40:11Z,candidate
UgxioO4_8K6Xs65S_Dx4AaABAg,w-dcD5Ft_O0,Very nice movement,0,2025-05-28T13:31:05Z,candidate
UgyGc5uADJXlvrt4Ne14AaABAg,w-dcD5Ft_O0,😊😊😊😊😊😊,1,2025-05-28T11:46:57Z,candidate
UgxMCWyYIjq5tB4ol7t4AaABAg,w-dcD5Ft_O0,Gill❤❤❤❤❤,0,2025-05-26T17:46:40Z,candidate
UgzW0CewbnePGDIl5H14AaABAg,w-dcD5Ft_O0,Gill i love you gt,0,2025-05-26T11:01:17Z,candidate
UgyBNqqPRBiqTbffHu54AaABAg,w-dcD5Ft_O0,l love you ❤❤❤❤❤😊,0,2025-05-25T13:21:14Z,candidate
UgwBfadlTk9xvGhXqYx4AaABAg,w-dcD5Ft_O0,Veri lucky meet gill❤❤❤,0,2025-05-25T07:16:13Z,candidate
UgwNTlrsYsSTLCVUuNB4AaABAg,w-dcD5Ft_O0,shubham gill.  ka  phone. number. mago na.  plesae❤❤❤❤,0,2025-05-24T09:47:20Z,candidate
UgxDxuKo5Y3jzi4OtD94AaABAg,w-dcD5Ft_O0,Ye baccha kabhi rcb or kabhi gt😂,0,2025-05-24T09:35:19Z,candidate
UgypCxEq7v9vrIFs4mJ4AaABAg,w-dcD5Ft_O0,❤❤❤❤,0,2025-05-24T09:17:31Z,candidate
Ugzo18uqL2kGKG_x0P14AaABAg,w-dcD5Ft_O0,I love you shubmangill❤❤❤❤❤❤❤❤,0,2025-05-24T04:06:50Z,candidate
UgzbMayCsW6Kgd_zNUN4AaABAg,w-dcD5Ft_O0,Bachche se milne ke liye thanks gill sir,0,2025-05-23T02:14:23Z,candidate
UgzIvMM8bgHkIHbLIrF4AaABAg,w-dcD5Ft_O0,Yahan bhi ladke ne apni chapri wali harkate dikhadi,0,2025-05-22T15:40:21Z,candidate
UgxpeFj6nbD8xhG9RCZ4AaABAg,w-dcD5Ft_O0,GT,0,2025-05-22T05:58:12Z,candidate
UgwZjNAJsDuOym0aCfN4AaABAg,w-dcD5Ft_O0,I love you  so much shubman gill,0,2025-05-21T13:09:46Z,candidate
UgzhbwAJpvHBNU3C2Zd4AaABAg,w-dcD5Ft_O0,❤️‍🔥❤️‍🔥❤️‍🔥,0,2025-05-21T11:08:20Z,candidate
UgzeDszZjYroI-8bmO14AaABAg,w-dcD5Ft_O0,You are very lucky to meet Gill❤❤❤❤❤❤❤❤❤❤❤😮😮,1,2025-05-21T02:56:52Z,candidate
UgxLF6SZJD_yK5Dkn9F4AaABAg,w-dcD5Ft_O0,So cute and lucky ❤❤❤,0,2025-05-20T12:28:56Z,candidate
UgwTZ5qtN_9xmLHd9RB4AaABAg,w-dcD5Ft_O0,Shubham gill nahi shubhman gill,0,2025-05-19T18:30:05Z,candidate
UgzCDK3zigzbjd7xoi14AaABAg,w-dcD5Ft_O0,"Giij❤❤❤❤❤❤❤❤❤❤❤❤❤❤❤❤🎉🎉🎉🎉🎉🎉🎉🎉🎉🎉🎉🎉🎉🎉🎉🎉🎉🎉🎉🎉🎉🎉🎉🎉🎉🎉🎉🎉🎉🎉🎉🎉
G
T",0,2025-05-17T18:00:50Z,candidate
Ugz42XvaJHGcR5fSXkN4AaABAg,w-dcD5Ft_O0,❤❤❤❤🏏🏏🏏🏏🏏🏏🏏🏏❤❤❤🏏✨✨✨✨✨✨✨✨✨✨✨✨✨,0,2025-05-17T17:08:38Z,candidate
UgwOYqa-x1s5jRujmL54AaABAg,w-dcD5Ft_O0,SHUBMAN gill ❤❤❤❤❤❤❤LOVE 💘❤♥💕❤❤❤❤,0,2025-05-17T17:06:21Z,candidate
UgzUXS_sIX6A6JL0GY14AaABAg,w-dcD5Ft_O0,Congratulations 🎊 🎉,1,2025-05-16T15:32:06Z,candidate
Ugy6SEG-miA6iAT6OgN4AaABAg,w-dcD5Ft_O0,He is my friend and he showed me the photo,0,2025-05-16T08:10:34Z,candidate
UgwuDa4qqrqzgDRhoLZ4AaABAg,w-dcD5Ft_O0,Gill ❤❤❤❤❤❤❤❤❤❤❤❤❤,0,2025-05-15T15:41:05Z,candidate
UgxTq8PhU5kP0iy7QLB4AaABAg,w-dcD5Ft_O0,😊,0,2025-05-15T13:24:18Z,candidate
Ugyq7lkTGv9sNoiy16p4AaABAg,w-dcD5Ft_O0,❤,0,2025-05-15T13:24:14Z,candidate
UgwVySECgTXUosIifdB4AaABAg,w-dcD5Ft_O0,Shubhi love you ❤❤,0,2025-05-15T05:47:42Z,candidate
Ugy6h1K8Sc1vsVDWdax4AaABAg,w-dcD5Ft_O0,My dream is I want to meet gill❤❤❤❤❤❤❤,0,2025-05-13T11:07:51Z,candidate
Ugx3oJV-3ulTABDsiip4AaABAg,w-dcD5Ft_O0,IloveyouGill❤❤❤❤❤❤❤❤❤❤❤❤❤❤❤❤,0,2025-05-11T15:25:27Z,candidate
UgzkPmgQ25z9rvCzeFh4AaABAg,w-dcD5Ft_O0,Me to 🥺🥺😊😊,0,2025-05-10T09:58:14Z,candidate
UgyRADJRLWnCjykPrQt4AaABAg,w-dcD5Ft_O0,I love gill❤,0,2025-05-09T08:13:06Z,candidate
UgwYXOmTF7oRp096vhF4AaABAg,w-dcD5Ft_O0,Cricketers ab chapari ke sath me photo lene lage hai 😂😂😂😂😂😂😅😅😅😅😅😅,0,2025-05-08T06:05:00Z,candidate
UgzBpKGsyDvsKWc4y1x4AaABAg,w-dcD5Ft_O0,I❤you,0,2025-05-07T11:01:08Z,candidate
UgxVbCzZqS0Z3ifDh6J4AaABAg,w-dcD5Ft_O0,Gadha 😂😂😂😂😂😂😂😂😂😂😂😂😂😂😂😂😂😂😂😂😂😂😂,0,2025-05-07T08:09:28Z,candidate
UgyDYWSueLLqKUEbDc94AaABAg,w-dcD5Ft_O0,Prince gill❤❤❤,0,2025-05-07T00:51:15Z,candidate
UgzN41rBcXmHx11x_gZ4AaABAg,w-dcD5Ft_O0,Good parson subhman gill,0,2025-05-06T06:18:17Z,candidate
UgzTrL1QYtosUgnNie94AaABAg,w-dcD5Ft_O0,❤❤❤,0,2025-05-05T17:11:56Z,candidate
Ugwqmmsm7H-9ByROuj54AaABAg,w-dcD5Ft_O0,🤗🤗,1,2025-05-05T10:02:51Z,candidate
UgyJhjMrXPtGIBAW1oR4AaABAg,w-dcD5Ft_O0,I Will be meet to the prince❤❤❤❤,0,2025-05-05T06:41:07Z,candidate
UgzAIkFuE8Lwdjde0jt4AaABAg,w-dcD5Ft_O0,He is very lucky boy🥲,1,2025-05-04T16:36:45Z,candidate
UgwfnjYJ87n_OhmN26l4AaABAg,w-dcD5Ft_O0,So cute ❤,0,2025-05-04T13:20:39Z,candidate
UgxvsM116Un148uEFxd4AaABAg,w-dcD5Ft_O0,Kuch din pahale rcb tha,0,2025-05-04T11:58:03Z,candidate
UgwlBQvIH07R3BDClnV4AaABAg,w-dcD5Ft_O0,Neymar character 😮,0,2025-05-04T03:46:57Z,candidate
UgzmDHghk74r__biLFZ4AaABAg,w-dcD5Ft_O0,❤❤❤❤,0,2025-05-03T04:41:01Z,candidate
Ugwwq_rCFABhJl6p-_Z4AaABAg,w-dcD5Ft_O0,Really tappu is very very lucky mera dream he mere favourite cricketer shubhu se milne ka 🥹🫣,1,2025-05-02T13:03:02Z,candidate
UgzTkwsURMKIszFZxB14AaABAg,w-dcD5Ft_O0,Very lucky 😄😄❤❤❤❤❤❤❤,0,2025-05-02T12:02:28Z,candidate
UgyIxx1uip_lrUcnh4h4AaABAg,w-dcD5Ft_O0,Bacha wrong ❌ raju✅,0,2025-05-02T03:11:06Z,candidate
UgzC-IivzkbK4A67hcJ4AaABAg,w-dcD5Ft_O0,❤,1,2025-05-01T15:31:45Z,candidate
UgyKjlQYKUcXIOe_dr14AaABAg,w-dcD5Ft_O0,Muje nhi pta lkin iske singal hone ki khbar se muje bhut khusi milti h or jb sara k nam sunti hu to bhut tklif hoti h n jane ku 😂😂,0,2025-04-30T04:35:44Z,candidate
UgzCo8jvxzOETZfKz6h4AaABAg,w-dcD5Ft_O0,These kids admire you more than their family Always make them proud,2,2025-04-30T03:58:38Z,candidate
Ugy549daaOYVXPZ1pNB4AaABAg,w-dcD5Ft_O0,"Bhai to to RCB ka fan tha.😅😂
Bazzi platli",1,2025-04-29T16:09:39Z,candidate
Ugwp9MMNC10DKnynXpt4AaABAg,w-dcD5Ft_O0,❤❤❤❤,0,2025-04-29T13:39:36Z,candidate
Ugwvo8f-vY_Zirtv4_h4AaABAg,w-dcD5Ft_O0,Ye ladka to RCB ka tha😂😂😂😂,0,2025-04-29T03:42:21Z,candidate
Ugx6_O6fTUcX4VQv2qB4AaABAg,w-dcD5Ft_O0,Same my dream I meet shubhman gill😢😢😢😢,0,2025-04-28T05:10:51Z,candidate
UgxyIAx9zpbYvXDio6Z4AaABAg,w-dcD5Ft_O0,Next captain ❤,0,2025-04-27T07:37:39Z,candidate
Ugy3hQ0nMk5UOKOSV4x4AaABAg,w-dcD5Ft_O0,"He is so lucky 😊 to meet ❤❤❤❤
Shubman gill 💘💘💘💘💘💖💖🥰 
I love you 💓💓💓💓 gill 💓💓💓💓 
And my dream is 🥰 lm also meet 😊
You ❤❤❤❤❤❤❤❤❤❤❤",18,2025-04-27T06:53:15Z,candidate
UgylOJVI-oNLeSQnjAd4AaABAg,w-dcD5Ft_O0,Hi is not kids .. he has 2 3 million followers 😂😂,0,2025-04-27T03:25:36Z,candidate
UgwxUz33Znm5LTjrhG94AaABAg,w-dcD5Ft_O0,Bhai vah Shubham gill nahi Shubhman gill hai,0,2025-04-26T11:40:57Z,candidate
UgwVVqK4SEDmkxMpVWx4AaABAg,w-dcD5Ft_O0,Shubman gill ❤❤❤❤😊😊👑👑,2,2025-04-26T08:43:03Z,candidate
Ugyl5cE1I90B40JVNQF4AaABAg,w-dcD5Ft_O0,I love subhman gill very much❤❤❤❤❤❤❤❤😊😊😊😊😊😊,5,2025-04-26T08:20:23Z,candidate
UgyoiprsQ_NnGzJx8aB4AaABAg,w-dcD5Ft_O0,What is a mobile number of S Gill,0,2025-04-25T18:02:09Z,candidate
UgzRlDtbpkH3Kzmluhx4AaABAg,w-dcD5Ft_O0,❤❤❤❤😊,0,2025-04-25T15:59:17Z,candidate
UgynIWt55PePVjGP6EJ4AaABAg,w-dcD5Ft_O0,Very nice🎉🎉,0,2025-04-25T12:52:18Z,candidate
UgzCAA3jjO0J8ThaOON4AaABAg,w-dcD5Ft_O0,Mi,0,2025-04-25T11:01:16Z,candidate
UgwcBKPigOUv-oC5Svh4AaABAg,w-dcD5Ft_O0,❤,0,2025-04-25T07:29:29Z,candidate
UgwBErYCbltfhaBfIah4AaABAg,w-dcD5Ft_O0,Love praa,1,2025-04-25T03:01:20Z,candidate
UgyseBMMt3_TPgMtf8l4AaABAg,w-dcD5Ft_O0,Very very very lucky to meet my favourite player gill❤❤😊😊,0,2025-04-24T07:38:46Z,candidate
UgxJMD7kyzTDrElYYdN4AaABAg,w-dcD5Ft_O0,Gill ❤❤❤❤❤❤❤ consistency ❤❤❤❤❤❤❤❤❤❤❤,2,2025-04-24T05:55:11Z,candidate
UgwPIUF26NhqyJiCSTp4AaABAg,w-dcD5Ft_O0,Soo cute Shubhman ❤️😍👑,0,2025-04-23T15:09:04Z,candidate
UgxnhQNb9ity9fg8Su94AaABAg,w-dcD5Ft_O0,I also want to meet him,0,2025-04-23T14:01:51Z,candidate
Ugx0xbmLJgPImk7PEax4AaABAg,w-dcD5Ft_O0,Ye bachha aj school na jake ipl dekhne gaya hai,0,2025-04-23T10:44:13Z,candidate
UgytnkNB-hq2ilP-GGx4AaABAg,w-dcD5Ft_O0,So cute 🥰🥺,0,2025-04-23T09:22:42Z,candidate
UgyI_iLTAUHrSYutWyV4AaABAg,w-dcD5Ft_O0,Aesh hi rahane gill paji,0,2025-04-23T08:43:00Z,candidate
UgwL3EyeAc1mfa9uokp4AaABAg,hrYp50WKDwk,"If Gilchrist and Yuvi Bhai sahab praising any left hander - that left hander is goat who ever he is, didn't follow IPL recently",0,2026-06-22T17:55:26Z,candidate
UgyVKQmORKjH7gr1n-V4AaABAg,hrYp50WKDwk,Jab gilly aur pollock tarif kre to bacche mein kuch baat jarur hai 🙏🙏🙏🙏,0,2026-06-20T19:10:45Z,candidate
Ugy6-clvg3KYmEgf11B4AaABAg,hrYp50WKDwk,You can only become big in life if you have blessings of parents.,1,2026-06-09T19:36:39Z,candidate
Ugz-xFhGRV5m-QYbsoB4AaABAg,hrYp50WKDwk,Camera man need to learn the angle ❤,0,2026-06-07T14:43:55Z,candidate
UgxSpI1wpYpdnkjEdPR4AaABAg,hrYp50WKDwk,Gilly is number 1 when it’s come to aggressive hitting!,0,2026-06-06T19:47:14Z,candidate
UgwVw5EBNIThDtxm63Z4AaABAg,hrYp50WKDwk,Sachin sir ne 16 ki age mai bharat ki taraf se test khela tha unke jaisa koi nahi kyunki Sachin sir 14 15 ki age world top class greatest bowler ko khelkar run banaaye h bina advance technology ke jab pitches condition dangoues thi bowler dangoues the jab batting karna aasan nahi tha muskil tha tab khele or aaj ke time mai advance technology h pitches friendly batting ki hoti condition rules sab kuch batsman ko fevar karta h fark h Sachin sir jaisa koi nahi agar aaj ke time Sachin sir hote to Sachin sir 250+ strike rate se run banaaye kyunki Aaj ke time mai sab kuch batman ko support milta h unki to 200+ hundred hoti,1,2026-05-31T13:46:12Z,candidate
UgyelMstQOTVF2L0NAR4AaABAg,hrYp50WKDwk,"I don't think the kid needs to change anything, plz leave him alone without any Great Cricketers advices he reached so far & performing that's says it all. When he plays for India the other 10 players should change their approach & give him as much strike as they can till he's in the crease. Love his fearless batting & ability to take any bowler head on! ❤🙏.",0,2026-05-31T07:02:39Z,candidate
UgwKSzg1o7qv0OroDNd4AaABAg,hrYp50WKDwk,He is bullet bihari,0,2026-05-26T21:51:13Z,candidate
UgxlJ2h5JWOH43debg94AaABAg,hrYp50WKDwk,When pollock say something it is heard carefully. ❤,1,2026-05-21T17:18:54Z,candidate
UgwJ6CWOcITDunDCHI14AaABAg,hrYp50WKDwk,"Or India ke RCB Me supporter bol rhe the ki usko Phillip Hughes ki tarah treatment dena chahiye, kitna hate hai 1 bacche se sirf isliye ki usne acchi batting kar ke RcB ko hara tha",1,2026-05-12T20:37:49Z,candidate
UgwYpYKyqVU5vVF95uB4AaABAg,hrYp50WKDwk,Sachin played test cricket for India when he was 16 . No one can come close .,1,2026-05-02T17:44:00Z,candidate
UgwMek0r5ii1pNDw6Fd4AaABAg,hrYp50WKDwk,Love the way they praised The superstar Vaibhav 😅❤❤❤❤,0,2026-04-30T05:26:54Z,candidate
UgwmcRdGGMCl6pVJSlF4AaABAg,hrYp50WKDwk,really God bless him all his life. we love him in Bangladesh🇧🇩 also. just like we loved sachin.❤,18,2026-04-30T04:33:00Z,candidate
Ugz8LLuWhkB3mHyFVrp4AaABAg,hrYp50WKDwk,He is 20 years old and not 14 stop lying.,0,2026-04-28T04:11:55Z,candidate
Ugy6T-cyR7N_AAYUjgB4AaABAg,hrYp50WKDwk,"Just imagine how powerful team india would be in T20 i means Abhishek, Vaibhav, Ishan kishan, Priyansh arya, Shreyas iyer, hardik, shubham, axar patel, Bumraha, shami, samson, jaiswal, varun aron, Surya kumar, rinku Singh omg 😮",0,2026-04-26T19:16:04Z,candidate
UgzlQ8EXU_m4yg_ELlR4AaABAg,hrYp50WKDwk,"Vaibhav is extraordinary Talent once  in generation like sachin, lara . now just he he want correct guidance from legend to do the best",15,2026-04-03T04:31:17Z,candidate
Ugx1xGsrbPNhVJNGgk14AaABAg,hrYp50WKDwk,"His mother would wake up at 4 in the morning and prepare food for six bowlers. His father would take that food and Suryavanshi to practice 100 km away. And this continued for months. Thanks to his mother and father. ❤


Uski maa subah 4 baje uthkar 6 Bowlers k liye khana banati thi. 
Uske papa woh khana  aur Suryavanshi ko lekar 100 km door practice karaane k liye le jate the. 
Aur ye mahino tak chalta raha. 
Thanks to his Mother and Father. ❤",153,2026-04-02T18:44:54Z,candidate
Ugx6TOpnJdOdAEuhJyl4AaABAg,hrYp50WKDwk,Gill is one of d greatest reader and analyser of player or game. He should coach team India after GG.,8,2026-02-13T17:18:03Z,candidate
UgwLd28UmmwUfJaQNiN4AaABAg,hrYp50WKDwk,The great Shawn Pollock ❤,0,2026-02-07T20:03:19Z,candidate
UgwPlimHw9v2c_91A954AaABAg,hrYp50WKDwk,Yuvi and Lara mixing sooryavanshi,0,2026-02-07T08:52:14Z,candidate
Ugyk2084JBizb1Id9yt4AaABAg,hrYp50WKDwk,Vaibhav 175 runs only against England under19 world cup 2026😂😂😂,46,2026-02-07T05:42:29Z,candidate
Ugy8WeGT-jggbqeVN7h4AaABAg,hrYp50WKDwk,"Top is selected, so you'll see featured comments",0,2025-12-09T09:10:47Z,candidate
UgzhUQ-yo67uDb_6BFV4AaABAg,hrYp50WKDwk,"Abhishek Sharma
Vaibhav suryavanshi 
Ishan kishan/Subhuman gill
Tilak verma 
Rishabh pant
Surya kumar Yadav 
Hardik pandya 
Axar patel
Varun charkravarthy 
Md siraj/Arshdeep singh
Jaspreet bumrah",1,2025-11-14T23:00:26Z,candidate
Ugx9nnY53udoJ7aKkgd4AaABAg,hrYp50WKDwk,❤,0,2025-10-01T07:37:05Z,candidate
UgxNfYFJq4n7RASR2-l4AaABAg,hrYp50WKDwk,Universe Boss has so many great innings,0,2025-04-29T18:38:50Z,candidate
UgzHMiizz7S78zH7cz54AaABAg,hrYp50WKDwk,Never seen something like this,1,2025-04-29T07:00:14Z,candidate
UgxnQkuOD4FEdag2F194AaABAg,hrYp50WKDwk,Raina knock 87,1,2025-04-29T06:32:56Z,candidate
Ugw0okZ_4haAhAlq5jB4AaABAg,hrYp50WKDwk,I would love it if someone like an ABD Or Gilchrist can be a full time personal coach for vaibhav. Bcci should pay them for it. Will be a worthy investment,2,2025-04-29T05:26:40Z,candidate
UgwiSlQGkUCnnsBo2pJ4AaABAg,hrYp50WKDwk,"Two great legends are talking about a  new sensation wow, he created history last night",8,2025-04-29T05:20:41Z,candidate
Ugy79XugZqzSuekfSoh4AaABAg,hrYp50WKDwk,gretest innings of ipl played by mr ipl. suresh raina 87[24],0,2025-04-29T03:40:43Z,candidate
UgyaUI54mYo5fC1QSI94AaABAg,hrYp50WKDwk,A good innings but greatest ever knock ? Nah. Not even close,4,2025-04-29T03:33:48Z,candidate
UgxeFjvZ7czhbBoVkTN4AaABAg,hrYp50WKDwk,That guy is not 14. Age fraud is common in sub continent,2,2025-04-29T02:59:07Z,candidate
Ugxpo2FRx0tLD-xR4G14AaABAg,hrYp50WKDwk,Hats off,1,2025-04-29T02:54:47Z,candidate
UgzVtQwzNGA5iJKKIWt4AaABAg,hrYp50WKDwk,"Gayle 175 * be like am i joke to u?😅 
This knock was wonderful but greatest ? I think no.  This knock is somewhat of the level of Suresh raina 87 , virat kohli 113",2,2025-04-29T00:26:28Z,candidate
UgzGAObxh4do0TrAyqp4AaABAg,hrYp50WKDwk,Lara and Stokes combined,2,2025-04-28T22:40:30Z,candidate
UgwmdL9bC43wcf52NMt4AaABAg,hrYp50WKDwk,chris gayle 175 is still the best,1,2025-04-28T21:18:47Z,candidate
Ugy_9M687B4Pv7j6dMd4AaABAg,hrYp50WKDwk,he reminded me of Gilly batting literally.,98,2025-04-28T19:45:39Z,candidate
UgzPNLruiHSKFohAnNl4AaABAg,hrYp50WKDwk,Greatest knock in IPL ever has to be Watson's hundred in 2018 final chasing,1,2025-04-28T19:43:25Z,candidate
UgyvxCmM9cOuiKMGS2h4AaABAg,hrYp50WKDwk,A LEGEND IS BORN. THANK YOU FOR THE FIRE WORKS,2,2025-04-28T19:43:06Z,candidate
UgwOVlOgkm2h1VnuUcR4AaABAg,hrYp50WKDwk,"Gilchrist’s semi final knock against delhi ,post retirement was heavenly",86,2025-04-28T19:40:59Z,candidate
UgxtQN-oVpOjWvfvLOV4AaABAg,hrYp50WKDwk,"Sachin x Virat x Vaibav suryavanshi ❤
Mark my words he will have atleast next 25 years carrer he can break all records of he improve his ground shots and strike rotation in next 2 years",21,2025-04-28T19:27:55Z,candidate
Ugy9_T9vtV_RSMMwD0Z4AaABAg,hrYp50WKDwk,"As an SRH fan, the greatest every IPL performance has to be the father of RCB, Ben Cutting, putting on an all round show in the IPL 2016 final",5,2025-04-28T19:20:23Z,candidate
Ugz5otekiaU840oHhUF4AaABAg,hrYp50WKDwk,Actually he insults every player above 20+,9,2025-04-28T19:16:54Z,candidate
UgzfBhXjHiUBhO9Xd394AaABAg,hrYp50WKDwk,"Unbelievable performance from a class 10 kid in the biggest T20 cricket league. Reminded me of Yuvraj Singh, same free flow of the bat.",195,2025-04-28T19:08:10Z,candidate
UgwmNKLP2ZRhOR3Ay3N4AaABAg,hrYp50WKDwk,It's greatest Knock in IPL ever 🧡,3,2025-04-28T19:06:38Z,candidate
UgzANeSMtTaZNMPomU14AaABAg,KwIPmRE0zr8,❤❤❤❤❤❤❤❤❤❤❤❤❤,0,2026-08-02T09:40:14Z,candidate
UgzlfSW_oFGc-JS0Xdl4AaABAg,KwIPmRE0zr8,Yes koman bhai ❤❤,0,2026-07-17T04:16:20Z,candidate
UgwHX-PEONXgQyyoGs54AaABAg,KwIPmRE0zr8,Gill❤❤❤❤👿😈☠️☠️,0,2026-07-09T09:11:46Z,candidate
UgwVdoiY5bc3Ahrnb8t4AaABAg,KwIPmRE0zr8,It's my favorite team Gujrat  titles,0,2026-06-16T03:03:02Z,candidate
Ugw-Fmp8vQHWwTgb-g94AaABAg,KwIPmRE0zr8,Shubham Gil,1,2026-06-16T02:57:46Z,candidate
UgyWk242P5nnPoQkPMZ4AaABAg,KwIPmRE0zr8,Gt ki san,0,2026-05-31T15:46:43Z,candidate
Ugwma6K_-QGM69QoHG54AaABAg,KwIPmRE0zr8,"❤❤❤❤
❤❤❤❤❤❤❤❤❤❤❤❤❤❤❤❤❤",0,2026-05-30T11:52:19Z,candidate
Ugw7MJ6p6Ul-25NmhlF4AaABAg,KwIPmRE0zr8,GT💙💙,0,2026-05-30T08:30:39Z,candidate
Ugw_khCr7O1J6y7TN-l4AaABAg,KwIPmRE0zr8,Brind ko torda😂😂😂😂😂😂,0,2026-05-27T01:42:39Z,candidate
UgwD6uxp6E8GIFgvDlR4AaABAg,KwIPmRE0zr8,My favourite player is shubham gill gt,0,2026-05-20T03:20:59Z,candidate
UgyogWR9xQPwr-lb2md4AaABAg,KwIPmRE0zr8,GT BAAP👑👑👑👑👑👑💪🏻💪🏻💪🏻💪🏻💪🏻💪🏻🔥🔥🔥🔥🔥😈😈😈😈😈😈😈😎😎😎😎😎😎😎👑👑👑👑♥️♥️♥️♥️♥️♥️⚡⚡⚡⚡⚡🏆🏆🏆🏆🏆🏆🏆🥇🥇🥇🥇,0,2026-05-11T06:54:39Z,candidate
UgyN0rZUP6bZeEWAm4V4AaABAg,KwIPmRE0zr8,Sahi bola bhai❤❤,0,2026-05-08T06:27:52Z,candidate
Ugzq8z6B9vOcJpGUWEJ4AaABAg,KwIPmRE0zr8,❤❤❤❤❤❤❤🎉🎉🎉😊😊,0,2026-04-28T04:31:10Z,candidate
UgyO-6U2rooFo6cAdt94AaABAg,KwIPmRE0zr8,Gilltomerijaanhain7,0,2026-04-23T11:52:52Z,candidate
Ugx0Snay3-r6HMqtl794AaABAg,KwIPmRE0zr8,😎😎😎😎🤫🤫🤫🤫🏏🏏🏏🏏🏏🏆🏆🏆🏆🏆🏆👑👑👑👑👑👑👑👑👑👑👑👑👑👑👑👑👑💪🏻💪🏻💪🏻💪🏻💪🏻💪🏻💪🏻💪🏻💪🏻💪🏻💪🏻💪🏻,0,2026-04-21T09:24:41Z,candidate
Ugx9_ls_KHQes8maHTh4AaABAg,KwIPmRE0zr8,Gt brand,0,2026-04-09T11:23:11Z,candidate
UgxCUAnM-wFtfCvMTnh4AaABAg,KwIPmRE0zr8,❤❤❤❤❤❤❤❤❤❤,0,2026-03-21T10:08:58Z,candidate
UgzOubMMCIfYOnZx2Dp4AaABAg,KwIPmRE0zr8,GT2022❤❤❤❤❤❤❤❤❤❤❤❤❤❤❤❤❤❤❤❤❤❤❤❤❤❤❤❤❤❤❤❤❤❤❤❤❤❤❤❤❤❤❤❤❤❤❤❤❤❤❤❤❤❤,0,2026-02-20T16:44:06Z,candidate
Ugwu58YroC-NQZfEyiZ4AaABAg,KwIPmRE0zr8,❤❤❤❤❤❤❤❤❤❤❤❤❤❤❤❤,0,2026-02-03T09:34:11Z,candidate
UgwZJPxVDdtdBpMRBY14AaABAg,KwIPmRE0zr8,❤❤❤❤❤❤❤❤,0,2026-01-31T00:25:27Z,candidate
UgyuT_gnOJs-m8av7Bx4AaABAg,KwIPmRE0zr8,King of hardik,0,2026-01-27T16:33:50Z,candidate
UgyHclQLZSYQGkUxGCx4AaABAg,KwIPmRE0zr8,King hardik Pandya 🪬⚡⚡🌑🌒🌓🌔🌗🌘,0,2025-11-02T02:14:11Z,candidate
Ugy27vhefDEaDNIXlbp4AaABAg,KwIPmRE0zr8,❤❤❤❤❤,0,2025-08-30T03:41:20Z,candidate
UgytWHcHuy823Lyl2-h4AaABAg,KwIPmRE0zr8,Gt. gill and pandya forever 😈😈😈😈😈😈😈😈😈😈😈😈😈👿👿👿👿👿👿👿👿👿👿👿👿👿👿👿👿😇,0,2025-08-25T11:12:00Z,candidate
UgwqID8nDZHYdPR8Rwp4AaABAg,KwIPmRE0zr8,Gtgood,0,2025-07-30T15:26:14Z,candidate
Ugw1wan8KkGhTvmWASx4AaABAg,KwIPmRE0zr8,GT power,0,2025-06-19T13:43:18Z,candidate
UgwonzCcan8JyYstuSh4AaABAg,KwIPmRE0zr8,Gt ka dil shubhman gill❤❤❤🏏🏏😎🤗😈🤴🤴🫶,1,2025-06-17T16:02:31Z,candidate
Ugxz0VTQUVFIlpRpCM14AaABAg,KwIPmRE0zr8,❤❤❤❤❤❤❤❤❤❤❤❤❤❤❤❤❤❤❤❤🎉🎉🎉🎉🎉🎉🎉🎉🎉🎉🎉🎉🎉🎉🎉🎉,0,2025-06-16T10:49:57Z,candidate
UgyYUxlfM_ooKl9pnoF4AaABAg,KwIPmRE0zr8,Gill❤❤❤❤,0,2025-06-10T10:16:43Z,candidate
Ugyg_Z8aKvtuaHz49td4AaABAg,KwIPmRE0zr8,Gt Fans,0,2025-06-07T12:33:39Z,candidate
UgxjQi3hNkjyFYYdSYF4AaABAg,KwIPmRE0zr8,Gill❤❤❤,0,2025-05-08T05:27:36Z,candidate
UgzAH911YX1kT7lrw9p4AaABAg,KwIPmRE0zr8,Savpnav mai ❤❤🎉😅,0,2025-05-08T02:08:31Z,candidate
Ugx-PsOt5nRB3HRUy7R4AaABAg,KwIPmRE0zr8,GT the only king in the IPL ❤❤❤❤,1,2025-04-23T15:27:34Z,candidate
UgyU5NFi5EP1V8rQbnh4AaABAg,KwIPmRE0zr8,2023 ka alarm,0,2025-04-16T14:10:53Z,candidate
UgxK_RNoCcRf5DGzHW54AaABAg,KwIPmRE0zr8,2007 ke bare mein,0,2025-04-16T14:10:31Z,candidate
UgzO4irHLejFzqdH0914AaABAg,KwIPmRE0zr8,आज तुझ्याकडे 2025 आमच्या ग्राउंड मध्ये झोपतो,0,2025-04-12T14:54:26Z,candidate
Ugz3yGlOLBhbG8m_lXF4AaABAg,KwIPmRE0zr8,2025 लखनऊ वाली पोरी पप्पाला हरवून केवढी हे नाचायला,0,2025-04-12T14:53:53Z,candidate
UgxX1SAmO51K4VdlRgl4AaABAg,KwIPmRE0zr8,बादशाह ❤❤❤,1,2025-04-07T20:09:29Z,candidate
UgzUuXiTvrWo8C9U7nF4AaABAg,KwIPmRE0zr8,Gill❤❤❤❤❤❤❤🎉🎉🎉🎉🎉🎉,0,2025-03-24T09:12:07Z,candidate
UgywN6gY5cgcd_d8Q7x4AaABAg,KwIPmRE0zr8,GT❤❤❤❤❤❤❤❤❤❤❤❤❤❤❤❤❤❤❤❤❤❤❤❤❤❤❤❤❤❤❤❤🎉🎉🎉🎉🎉,0,2025-03-22T14:25:08Z,candidate
Ugwxao3oyl7APWvCMKt4AaABAg,KwIPmRE0zr8,GT ❤❤❤❤❤❤❤❤❤❤19,0,2025-03-07T03:44:57Z,candidate
UgyH6YRTVrbL05uixzJ4AaABAg,KwIPmRE0zr8,Gt❤❤❤❤❤❤❤❤❤❤❤😊,0,2025-03-06T20:29:21Z,candidate
UgxvCU5E_sB1rPOnUZZ4AaABAg,KwIPmRE0zr8,King ❤❤❤,0,2025-02-21T07:56:31Z,candidate
Ugwv1f1B4AAP1l2XOV54AaABAg,KwIPmRE0zr8,Likunsamal🎉😅,0,2025-02-02T13:31:32Z,candidate
UgzTYavEZMFIQ_Nkr3x4AaABAg,KwIPmRE0zr8,I❤️మై gt,0,2025-01-19T04:09:03Z,candidate
Ugws98VUNu8c5lFkZGt4AaABAg,KwIPmRE0zr8,❤❤❤❤❤❤,0,2025-01-06T04:47:57Z,candidate
UgxsEcMkVIL-oZNsdT54AaABAg,KwIPmRE0zr8,Sab ka baap,0,2024-12-23T16:11:12Z,candidate
UgzYo4BnPJpN202RAdZ4AaABAg,KwIPmRE0zr8,❤❤,0,2024-12-23T14:55:16Z,candidate
Ugz5WptAuCZWGQu8k3B4AaABAg,KwIPmRE0zr8,❤❤❤,0,2024-12-23T06:01:56Z,candidate
Ugw0N5oa7uyif8-We2Z4AaABAg,KwIPmRE0zr8,Hardik Bhai ❤❤❤❤❤,0,2024-12-22T02:37:08Z,candidate
UgxWWvUDMbPPPf6Mma94AaABAg,KwIPmRE0zr8,King of Gujarat,0,2024-12-13T14:24:49Z,candidate
UgzcRO8ZRN72wS1qgO54AaABAg,KwIPmRE0zr8,I love you shubhamn gill ❤❤❤❤❤❤❤❤❤❤❤❤😊😊😊😊😊😊😊😊😊😊😊😊😊❤❤❤and gt😊😊😊😊😊😊❤❤❤❤❤❤❤❤❤❤❤,0,2024-12-10T14:28:00Z,candidate
UgzLtfE9ES5rEXfm4ZF4AaABAg,KwIPmRE0zr8,Gujrat lover bhiiii,0,2024-12-03T13:36:52Z,candidate
UgyS0d3kPF5TkXWNYrF4AaABAg,KwIPmRE0zr8,😂😂😂😂😂🦧🦧🦧🦧🦧🦧🐒🐒🐒🐒,0,2024-12-03T12:06:48Z,candidate
UgwcEO_-9ugyn1NM9iR4AaABAg,KwIPmRE0zr8,Hardik❤❤❤❤❤❤❤❤❤❤❤❤❤❤❤❤❤❤❤❤❤❤❤❤❤❤❤❤❤❤❤❤❤❤❤❤❤❤❤❤❤❤❤❤❤❤❤❤❤❤❤❤❤❤❤❤❤❤❤❤❤❤❤❤❤❤❤❤❤❤❤❤❤,0,2024-11-28T16:03:58Z,candidate
Ugwyt3HTq9scvSKNv_d4AaABAg,KwIPmRE0zr8,Siraj i mi ss you 😂😂😂,0,2024-11-28T15:26:40Z,candidate
UgwT7ILEj6fQuLUbh1Z4AaABAg,KwIPmRE0zr8,GT ka power hee power ❤❤❤❤❤,0,2024-11-28T06:32:02Z,candidate
UgwRhqOmdp0oFXmyZ014AaABAg,KwIPmRE0zr8,2023 ka final bhul gya kya 🤮🤮🤧🖕,0,2024-11-25T04:48:10Z,candidate
UgxdHURaKiSPGtazcPB4AaABAg,KwIPmRE0zr8,GT Gill 🎉🎉🎉🎉❤❤❤❤❤❤,0,2024-11-24T04:40:08Z,candidate
UgxUcd1NF3kr5dEfqDF4AaABAg,KwIPmRE0zr8,Hardik Pandya ka baap Mahendra Singh Dhoni😅🎉😂,0,2024-11-20T06:56:07Z,candidate
UgxFqlqkJUE358WI9E14AaABAg,KwIPmRE0zr8,🏏🏏🏏🏏🏏❤❤❤,0,2024-11-18T03:59:50Z,candidate
UgzywnC5qXrBg-lUvB94AaABAg,KwIPmRE0zr8,i love gt❤❤❤❤,0,2024-11-17T02:32:21Z,candidate
UgwjVeF9uZmkn5Pcqp54AaABAg,KwIPmRE0zr8,शुभम gill😊😊😊,0,2024-11-15T12:17:00Z,candidate
Ugyht6MhRNw4wOKC_Gl4AaABAg,KwIPmRE0zr8,❤❤❤❤,0,2024-11-14T21:04:50Z,candidate
Ugyci0YZnm1KPALA0fh4AaABAg,KwIPmRE0zr8,Prince Will become king one day 😊🔥🔥🔥🔥🔥,0,2024-11-13T01:39:50Z,candidate
UgwnipkRYYmFMiq9fyd4AaABAg,KwIPmRE0zr8,Gill❤❤❤❤🎉🎉🎉,0,2024-11-05T01:14:43Z,candidate
Ugxx768lIcOp-7CTG4J4AaABAg,KwIPmRE0zr8,I❤ Gujarat titans😊,0,2024-11-02T07:41:39Z,candidate
UgxpvtSimC04Uj9py0R4AaABAg,KwIPmRE0zr8,Shubham 🥰❤️❤️🥰🥰❤️❤️🥰🥰❤️❤️🥰🥰❤️❤️🥰🥰❤️❤️🥰🥰❤️❤️🥰🥰❤️,0,2024-10-30T12:12:47Z,candidate
UgyeX5aoKGf9MOEmaeZ4AaABAg,KwIPmRE0zr8,GT baap 🤫😈,1,2024-10-20T23:47:01Z,candidate
Ugxzr5hNW1VIfBZxTtF4AaABAg,KwIPmRE0zr8,GT shubman gill Rashid Khan Hardik Pandya Mohammed Shami,0,2024-10-15T01:24:56Z,candidate
UgxutG35kBFfi52tfK94AaABAg,KwIPmRE0zr8,You forgot Shami,0,2024-10-15T01:24:04Z,candidate
UgwCkmlddqh6UFzWeAJ4AaABAg,KwIPmRE0zr8,हारदिक ❤❤❤❤❤❤❤,0,2024-10-08T14:56:14Z,candidate
Ugz2WqT21ElLZXjD4aF4AaABAg,KwIPmRE0zr8,Shubman gill ❤❤❤❤❤,0,2024-10-07T08:28:10Z,candidate
UgyZrCEUQ7PgZ5KFbsd4AaABAg,KwIPmRE0zr8,Gt❤❤,0,2024-10-04T16:59:14Z,candidate
UgyX-Mb8TV3Nt5HAs_h4AaABAg,KwIPmRE0zr8,Rashiii❤,0,2024-10-02T22:22:28Z,candidate
UgzLmutShmx1orbvEC14AaABAg,KwIPmRE0zr8,Agla IPL Mein Sab kab khelenge Rashid aur Suman Gil Maar Ke🎉🎉🎉❤❤❤,1,2024-09-28T05:34:43Z,candidate
Ugw2OPpLe59iZjgdLN14AaABAg,KwIPmRE0zr8,😈😈😈😈😈😈😈,0,2024-09-21T11:37:04Z,candidate
UgztUxPzgTJ-XJXg_AN4AaABAg,KwIPmRE0zr8,Gill❤❤❤❤❤❤❤❤❤❤❤❤❤❤❤❤❤❤❤❤❤❤❤❤❤❤❤❤❤❤❤❤❤❤❤❤❤❤❤❤❤❤❤❤🎉🎉🎉🎉🎉🎉🎉🎉🎉🎉🎉🎉🎉🎉🎉🎉🎉🎉🎉🎉🎉🎉🎉🎉🎉🎉🎉🎉🎉🎉🎉🎉🎉🎉🎉🎉🎉🎉🎉🎉🎉🎉🎉🎉,0,2024-09-19T14:15:15Z,candidate
Ugya-1sqH0oerO-_SIJ4AaABAg,KwIPmRE0zr8,Hardik bhai bahut achcha❤❤,0,2024-09-14T05:17:07Z,candidate
UgyORFCtsJK60RDUvZ14AaABAg,KwIPmRE0zr8,Bahut achcha hai,0,2024-09-12T01:09:26Z,candidate
Ugycgxa8vj70MXNlu594AaABAg,KwIPmRE0zr8,Gt👿👿👑👑👑👿👿👿👿,1,2024-09-11T16:01:00Z,candidate
Ugxc6PBHlvyTvFyX2s14AaABAg,KwIPmRE0zr8,Best cricketer sumangill and hardik,2,2024-09-06T16:53:58Z,candidate
UgyCsUew7lWMQh26cml4AaABAg,KwIPmRE0zr8,❤❤❤❤❤❤🎉🎉🎉🎉🎉🎉🎉🎉,0,2024-09-03T11:28:44Z,candidate
UgzdD8U8IF0VVSkxT2x4AaABAg,KwIPmRE0zr8,GT❤❤❤❤❤❤❤❤❤❤❤❤❤❤❤❤❤❤❤❤❤❤❤❤❤❤❤❤❤❤❤❤❤❤❤❤❤❤❤❤❤❤❤❤❤❤❤❤❤❤❤❤❤❤❤❤❤❤❤❤❤❤❤❤❤❤❤❤❤❤❤❤❤❤❤❤❤❤❤,0,2024-08-24T04:51:07Z,candidate
UgzVZqQCK8_wHHC1UDR4AaABAg,KwIPmRE0zr8,Gt❤,0,2024-08-21T10:26:37Z,candidate
UgxPjGD07EfVT1ftLM54AaABAg,KwIPmRE0zr8,Hardik😊gujarat😊titans😊brand,0,2024-08-20T10:07:55Z,candidate
UgyBgRTzlFPSk2aomwB4AaABAg,KwIPmRE0zr8,KKR❤❤❤❤❤🎉🎉🎉🎉,0,2024-08-19T06:11:27Z,candidate
UgyFUrW-IMV-iI3mO9V4AaABAg,KwIPmRE0zr8,Excellent ❤🎉. Gujarat Titans power .,2,2024-08-18T08:13:29Z,candidate
UgzI7V9oTwk0dQ4vSkF4AaABAg,KwIPmRE0zr8,Gt,0,2024-08-15T11:02:02Z,candidate
Ugx8NIX4qOVQkbwNUWV4AaABAg,KwIPmRE0zr8,🔥🔥🔥🔥🔥🔥🔥🔥🔥🔥🔥🔥🔥🔥🔥🔥🔥🔥🔥🔥🔥🔥🔥🔥🔥🔥🔥🔥🔥🔥🔥🔥🔥,0,2024-08-01T14:35:46Z,candidate
UgxqbTgMsStZF4DBwjh4AaABAg,KwIPmRE0zr8,Jk,0,2024-07-19T14:38:35Z,candidate
UgzjYPoBWqVsrXnVKUV4AaABAg,KwIPmRE0zr8,CSK 👑 king,0,2024-07-18T16:07:39Z,candidate
UgzoeUF9EFdW3wQYmb14AaABAg,KwIPmRE0zr8,❤❤❤🎉🎉🎉,0,2024-07-18T08:04:34Z,candidate
Ugy9soFz6ODjWGd8eVN4AaABAg,KwIPmRE0zr8,Hardik 🎉❤,0,2024-07-06T09:27:18Z,candidate
UgwULq4ZoK-eNw4Pl0d4AaABAg,KwIPmRE0zr8,Gt❤❤❤❤❤❤,0,2024-07-05T16:30:32Z,candidate
UgzKx6I_HbwTpBUMZax4AaABAg,KwIPmRE0zr8,❤❤❤❤❤❤❤❤❤❤❤❤GTTTTTTTTT,0,2024-07-05T15:01:23Z,candidate
UgwjgY9IebUDehcoz1x4AaABAg,KwIPmRE0zr8,KKR win day,0,2024-07-04T14:22:04Z,candidate
UgyrLEF7qWUEA-w_ypF4AaABAg,KwIPmRE0zr8,GT captain SHUBMAN GiLL 👑👑👑👑❤❤❤❤❤❤❤❤,1,2024-07-04T13:20:04Z,candidate
UgyXkiVm4HIqa6uXUMR4AaABAg,KwIPmRE0zr8,Gt❤❤❤❤❤,1,2024-06-30T12:10:18Z,candidate
UgzbTUlDGqJzPuDIKKx4AaABAg,KwIPmRE0zr8,Gt❤❤❤❤❤❤❤,1,2024-06-28T06:24:18Z,candidate
UgwqorqAvDBS7eQzhgh4AaABAg,KwIPmRE0zr8,Sgill❤❤❤❤❤❤😂❤❤❤😊😊😊😅,0,2024-06-28T02:35:58Z,candidate
UgzbGIwlUNvVV8EPNp14AaABAg,KwIPmRE0zr8,GT gill ❤❤❤❤❤❤❤,0,2024-06-26T07:05:42Z,candidate
Ugwi8SL4PBUeiGu_0ll4AaABAg,KwIPmRE0zr8,CSK,0,2024-06-20T10:41:18Z,candidate
Ugw4i7VLJzZsu9XT0DN4AaABAg,KwIPmRE0zr8,👿👿👿🤬🤬💀💀💀,0,2024-06-19T07:41:56Z,candidate
UgxQ-u9OeNrlrKY7i8Z4AaABAg,KwIPmRE0zr8,Power of hardik pandya ❤❤❤❤❤,0,2024-06-18T05:53:17Z,candidate
Ugxvy1VyA7uajA6fwS54AaABAg,KwIPmRE0zr8,GT Pandiya,0,2024-06-17T10:58:35Z,candidate
Ugzl2ZkXMla9SUyjiAJ4AaABAg,KwIPmRE0zr8,2023 mein kutte ki tarah haraya,0,2024-06-17T09:44:47Z,candidate
Ugw1BXnKgS2ppHd7IBF4AaABAg,KwIPmRE0zr8,Gt❤❤❤❤❤😊😊😊,0,2024-06-16T07:13:51Z,candidate
UgxX7MT6ouqBH9oDSEd4AaABAg,KwIPmRE0zr8,Gill❤❤❤❤❤❤2022🎉🎉🎉🎉🎉🎉🎉,0,2024-06-13T09:19:16Z,candidate
UgzpG8uQ9h13Fn-K9tV4AaABAg,KwIPmRE0zr8,Shubman gill ❤❤❤,0,2024-06-13T09:09:14Z,candidate
UgzYcZ22nOJbK754rRB4AaABAg,KwIPmRE0zr8,GT is boss❤,0,2024-06-12T14:53:04Z,candidate
Ugx7TNrkqQ4rEsM_8kN4AaABAg,KwIPmRE0zr8,😂😂😂 GT is gu RCB is hero I am RCB fan,0,2024-06-11T14:48:33Z,candidate
UgyXrd0-yoX9-8PzwM94AaABAg,KwIPmRE0zr8,Best gujrat ipl ❤❤❤❤,0,2024-06-11T08:54:48Z,candidate
UgyrORx0nnjEEyUodZt4AaABAg,KwIPmRE0zr8,RCB ❤❤❤❤❤❤❤🎉🎉🎉🎉🎉🎉,1,2024-06-10T14:22:03Z,candidate
UgyzZbCgYAT94Fma6I54AaABAg,KwIPmRE0zr8,GT 🔥🔥🔥🔥🔥🔥,0,2024-06-06T02:29:47Z,candidate
UgwXb1BMO4iQDylDIMl4AaABAg,KwIPmRE0zr8,GT bola aur Mohammed Shami and Rashid Khan,0,2024-06-05T13:06:56Z,candidate
UgwWTs2pCHDqPIyR-7B4AaABAg,KwIPmRE0zr8,😂😂😂😂😂😂😂❤❤❤❤❤,0,2024-06-04T15:34:15Z,candidate
UgyJ7_RyOZY4cZhi87t4AaABAg,KwIPmRE0zr8,Shubman gill is the best player GT is the best team from Rashid Miller gill Shami tevtiya Sudarshan and noor,0,2024-06-03T15:37:45Z,candidate
UgzXVbROb8OHlrZkWfx4AaABAg,KwIPmRE0zr8,GT Brand,0,2024-06-03T08:34:33Z,candidate
Ugw9Y9X8IH0cP__KCK94AaABAg,KwIPmRE0zr8,Super,0,2024-06-02T07:22:03Z,candidate
Ugz4OGyLycFTkgOhDeh4AaABAg,KwIPmRE0zr8,Uper,0,2024-06-02T07:21:47Z,candidate
UgzAQ7_tGrifqEhbXd94AaABAg,KwIPmRE0zr8,Gt. Gill and. Pandya. Forever 😈😈😈😈😈😈😈😈😈😈😈😈😈😈😈😈😈😈😈😈😈😈😈,7,2024-05-31T15:43:44Z,candidate
UgxHdOVJGPFVwQQz2-p4AaABAg,KwIPmRE0zr8,Gt❤❤❤❤🏏🏏🏏🏏🏏🏏🏏🏏,0,2024-05-31T12:48:07Z,candidate
Ugxa9nsoWAXkMPeCUp14AaABAg,KwIPmRE0zr8,' msdhoni,0,2024-05-31T05:53:23Z,candidate
UgzOFggWJKGHM-HUSTB4AaABAg,KwIPmRE0zr8,GT fans,1,2024-05-30T12:41:10Z,candidate
Ugxkc2Km-KGJAOjnL9V4AaABAg,KwIPmRE0zr8,Gt  king ❤❤❤❤❤,0,2024-05-29T15:24:24Z,candidate
UgyLzf7MvWdMifxuM2V4AaABAg,KwIPmRE0zr8,Grandfather of Cricket is gt,0,2024-05-29T10:04:08Z,candidate
UgxTxNj8LPwWfWUpOLB4AaABAg,KwIPmRE0zr8,I'm ❤❤ mi,0,2024-05-29T10:03:26Z,candidate
UgxaWV-FXvn0wTfY9yp4AaABAg,KwIPmRE0zr8,RCBKING,0,2024-05-28T08:35:53Z,candidate
Ugw-GxTOBoJydSlY3sN4AaABAg,KwIPmRE0zr8,❤❤❤❤❤❤❤❤❤❤❤❤❤❤❤❤❤❤❤❤❤❤❤❤❤❤😂😂❤ gill the god of father,0,2024-05-27T15:44:25Z,candidate
UgwONz24yjf_I-kOV814AaABAg,KwIPmRE0zr8,Gill papa sumangla papa the god of father,0,2024-05-27T15:43:15Z,candidate
Ugxkdyf9h0vlJQuI1UJ4AaABAg,KwIPmRE0zr8,S gill,0,2024-05-27T12:22:53Z,candidate
UgxV3y9eISCuPCO5poR4AaABAg,KwIPmRE0zr8,Fir bhi sab ka ghar a raha hai samajh gaya kyafir bhi sab ka ghar a raha hai samajh gaye kya Chintifir bhi sab ka ghar a raha hai samajh gaya kya,0,2024-05-27T09:09:16Z,candidate
Ugzt9QGF0-y8zsdIK4R4AaABAg,KwIPmRE0zr8,Gt 👑👑👑,1,2024-05-25T08:24:16Z,candidate
UgwhT_Cyg7l88nZ-W6d4AaABAg,KwIPmRE0zr8,GT❤❤❤❤❤❤❤😊😊😊😊,3,2024-05-24T16:50:44Z,candidate
UgwWZ2P5WZ-eU3PzakB4AaABAg,KwIPmRE0zr8,GT the king 👑👑👑👑👑👑,8,2024-05-24T10:11:01Z,candidate
Ugyx9ppU0ERWFuQV5ZN4AaABAg,KwIPmRE0zr8,Gt❤❤❤,4,2024-05-24T09:47:31Z,candidate
UgxZNYZRztNC7tMA-h14AaABAg,KwIPmRE0zr8,Iloveh❤gt,9,2024-05-24T06:26:18Z,candidate
UgwgI67xtRSjwVyrsjJ4AaABAg,KwIPmRE0zr8,GT.king☠️💀😈😈😈😈😈,4,2024-05-24T04:19:13Z,candidate
UgzerpUgFXW9gdXwT_B4AaABAg,KwIPmRE0zr8,Shubman gill ki hai,5,2024-05-23T15:08:09Z,candidate
UgzuGDMhiKaIXCGUIwp4AaABAg,KwIPmRE0zr8,👿😈😡🏆,1,2024-05-23T15:06:25Z,candidate
UgxkvKzVUSiPjn4-gcd4AaABAg,KwIPmRE0zr8,💥💥💥💥💥💥,2,2024-05-22T16:33:29Z,candidate
UgysuWm0MHhC6lP9tzx4AaABAg,KwIPmRE0zr8,Ilove❤gy,8,2024-05-22T16:25:32Z,candidate
Ugzw8ghQbLkS182lLtp4AaABAg,KwIPmRE0zr8,shami ki jarurat h abhi gt ko,2,2024-05-22T07:42:51Z,candidate
Ugyzq7RUzuyMedXnJ1J4AaABAg,KwIPmRE0zr8,Are bole to brand bol raha hai kya uska Baap Hai Rajasthan GT Ka Baap,1,2024-05-22T06:47:37Z,candidate
Ugx9Uo0zit8Rwy-VFfZ4AaABAg,KwIPmRE0zr8,Gt power 👿👿👿👿👿👿🖤🖤🖤🖤🖤🖤🖤🖤🖤🖤,5,2024-05-21T14:12:07Z,candidate
UgyxnB3g-5fQOTa7Ltp4AaABAg,KwIPmRE0zr8,GT winner🎉🎉🎉🎉🏆 🏆 🏆 🏆 🏆 🏆 🏆 🏆 🏆 🏆 🏆 🏆 🏆 🏆 🏆 🏆 🏆 🏆 🏆 🏆 🏆 🏆 🏆 🏆 🎉🎉😊😊😊😊😊😊😊😊😊😊😊😊😊😊😊😊😊😮😂😅🎉🎉🎉🎉🎉🎉🎉🎉🎉🎉🎉❤❤❤❤❤,3,2024-05-21T06:41:45Z,candidate
UgxHAIP_btk4YMr4Duh4AaABAg,KwIPmRE0zr8,GT king,3,2024-05-21T01:33:11Z,candidate
Ugz44EV9W3w2FmwQiYZ4AaABAg,KwIPmRE0zr8,Gt brand ❤❤❤❤❤❤🎉🎉🎉🎉🎉,1,2024-05-19T16:55:23Z,candidate
UgwUZR3Kd4C5JnnvziJ4AaABAg,KwIPmRE0zr8,Shubhman gill❤❤❤❤❤❤❤❤❤❤,2,2024-05-19T13:20:51Z,candidate
UgyKFbB8612hu79jWDt4AaABAg,KwIPmRE0zr8,❤❤😊😊,0,2024-05-18T04:26:47Z,candidate
UgyABLsGvwK26MPZ-dp4AaABAg,KwIPmRE0zr8,☺☺☺☺☺☺☺☺love,0,2024-05-16T14:41:16Z,candidate
UgzXEfJV_PVogQzrtRV4AaABAg,KwIPmRE0zr8,Hardik bap m.sdhoni,0,2024-05-15T05:07:46Z,candidate
Ugz0-j2TXXIHSXCe8UB4AaABAg,KwIPmRE0zr8,Loser in IPL GD😂😂😂😂😂😂😂😂😂🎉🎉🎉,0,2024-05-15T02:16:56Z,candidate
UgxQYW4SFHPB3dRqHjR4AaABAg,KwIPmRE0zr8,Ab nahe hae 😂,0,2024-05-12T15:42:12Z,candidate
Ugxz9obmhS4UNwk0Uft4AaABAg,KwIPmRE0zr8,Gt fan❤❤❤❤❤,0,2024-05-12T13:42:24Z,candidate
UgxRl4AmzWn6Gaq0PEx4AaABAg,KwIPmRE0zr8,Gujarat bolte,0,2024-05-12T13:32:06Z,candidate
UgwGAZkjALMY125SOkF4AaABAg,KwIPmRE0zr8,Hardik  pandya  GT❤❤❤❤❤❤🎉🎉,1,2024-05-12T08:24:06Z,candidate
Ugy_htp9gyc2ntrcUEV4AaABAg,KwIPmRE0zr8,Gt❤❤❤💙,0,2024-05-11T08:34:59Z,candidate
Ugwq7rJ9Dc1r5peO3iB4AaABAg,KwIPmRE0zr8,Hardik pandya ok 👌 but dhoni is cricket 🏏 God😈😈😈😈😈😈,0,2024-05-11T07:37:52Z,candidate
Ugw7hNtG6zHQ7JYJ46B4AaABAg,KwIPmRE0zr8,Gt❤❤❤❤❤❤❤❤❤❤❤❤❤❤❤❤❤❤❤❤❤❤❤❤❤❤❤❤❤❤❤❤❤❤❤❤❤❤❤❤❤❤❤❤❤❤❤❤❤❤❤❤❤❤❤❤❤❤❤❤❤❤❤❤❤❤❤❤❤❤❤❤❤❤❤❤❤❤❤❤❤❤❤❤❤❤❤❤❤❤❤❤❤❤❤❤❤❤❤❤❤❤❤❤❤❤❤❤❤❤❤❤❤❤❤❤❤❤❤,0,2024-05-11T06:39:16Z,candidate
Ugyzm_0QnDcftQHuy1t4AaABAg,KwIPmRE0zr8,Gt❤❤❤❤❤❤❤❤❤❤❤❤,0,2024-05-10T08:23:51Z,candidate
Ugyjey5yq8WPQQ5Fxkl4AaABAg,KwIPmRE0zr8,Gt❤❤,0,2024-05-08T10:25:10Z,candidate
UgwF-rc946_hFc4fxDR4AaABAg,KwIPmRE0zr8,🏆🏆🏆🏆🏆🏆🏆🏆🏆🏆🏆🏆🏆💪💪💪💪💪💪💪💪💪💪💪💪💪😍😍😍🎈🎈🎈🏏🏏🏏🥰🥰🥰😍💗💗💗🏟️🏟️🏟️🏟️🏟️🏟️🏟️🏟️🏟️🏟️🏏🏏🏏🏏🏏🏏🏏🏏🏏🏏🏏🏏🏏🌹🌹🌹🌹🌹🌹🌹🌹🌹🌹🌹🌹🌹🌹🔥🔥🔥🔥🔥,0,2024-05-08T06:28:25Z,candidate
UgxwGRG3bmdQI_QX0Ah4AaABAg,KwIPmRE0zr8,Gt bhangar😂😂😂😂,0,2024-05-08T02:11:47Z,candidate
UgwqQ69MAAUHCY3HnQN4AaABAg,KwIPmRE0zr8,Gt is mentl,0,2024-05-07T04:28:39Z,candidate
Ugy-UwgQ0PX3OMrrEo94AaABAg,KwIPmRE0zr8,🏆🏆🏆🏆🏆🏆🏆🏆🏆🏆🏆🏆🏆🏆🏆🏆💪💪💪💪💪💪💪💪💪🎈🎈🎈🎈🥰🥰🥰🥰🥰😍😍😍😍😍🎈🎈🎈🎈🎈🎈🎈🎈🎈🎈🏏🏏🏏🏏🏏🏏🎤🎤🎤🎤🎤🎤🎤🎤🎤🎤,0,2024-05-07T01:29:20Z,candidate
UgyZmiRs9ndAsqQ5N-t4AaABAg,KwIPmRE0zr8,GT on Fire ❤❤❤❤❤❤,0,2024-05-04T10:08:51Z,candidate
Ugx6VEgXaIgTOk9VBBZ4AaABAg,KwIPmRE0zr8,GT❤❤❤❤🎉,0,2024-05-03T07:47:07Z,candidate
UgxpaCq5DZAZp1f3uQF4AaABAg,KwIPmRE0zr8,"❤❤❤❤❤,,😈😈😈🖕🖕😈🤘🤘🤘",0,2024-05-02T15:56:31Z,candidate
UgzRF3sPODCezlBm9UF4AaABAg,KwIPmRE0zr8,Gt🤟🤘,0,2024-05-01T07:48:36Z,candidate
UgwxPQAHts3FPo0I3I54AaABAg,KwIPmRE0zr8,😂😂😂😂,0,2024-04-30T16:16:56Z,candidate
UgxrJhlh_dC2KFH6-Px4AaABAg,KwIPmRE0zr8,My favourite team JD❤❤❤❤❤❤❤❤❤,0,2024-04-30T15:44:56Z,candidate
UgyGRCMG0c2w0yk9bVp4AaABAg,KwIPmRE0zr8,I❤GT ❤❤😎😎😎😎,0,2024-04-29T07:06:55Z,candidate
Ugw3V3uYms_JWuqit7V4AaABAg,KwIPmRE0zr8,Gt ka real king to rasid bhai iam his big fan😊😊😊,0,2024-04-27T18:06:12Z,candidate
UgzI8lVi2G2n3OlD-Ux4AaABAg,KwIPmRE0zr8,Ipl Bast ❤❤😊team,0,2024-04-25T11:31:26Z,candidate
UgxiPAoaZ8GVS0ZwM8t4AaABAg,KwIPmRE0zr8,Right right,0,2024-04-23T15:34:39Z,candidate
Ugx5NhLRS5GMKsER3KV4AaABAg,KwIPmRE0zr8,Hardik in mumbai ❤❤❤,0,2024-04-23T13:03:04Z,candidate
UgySd0vddcsoXu0-Hfp4AaABAg,KwIPmRE0zr8,Wow wow wow,0,2024-04-22T11:06:37Z,candidate
UgxspmqmGGUyC5H0S2V4AaABAg,KwIPmRE0zr8,Gill is best ❤❤❤❤,0,2024-04-22T10:44:54Z,candidate
Ugym-0KF_8fCxpD3pOt4AaABAg,KwIPmRE0zr8,Pagal,0,2024-04-22T07:52:15Z,candidate
Ugz3HVXIw2td1GNwexR4AaABAg,KwIPmRE0zr8,My GT ❤❤❤,3,2024-04-21T15:31:48Z,candidate
UgzZqnK6SNfz9l_xjAN4AaABAg,KwIPmRE0zr8,My GT,1,2024-04-21T15:31:29Z,candidate
UgztAG4SJ_6JiHmBsJt4AaABAg,KwIPmRE0zr8,Gill❤❤❤❤❤❤❤❤❤,0,2024-04-20T06:48:22Z,candidate
Ugye0Axcxe1T0aIU3hB4AaABAg,KwIPmRE0zr8,Gt❤❤❤❤❤❤❤❤❤❤❤❤❤❤🤘🤘🤘🤘🤘🤘🤘🤘🤘🤘🤘🤘💗💗💗💗💗🔥🔥🔥🔥🔥🔥🔥🔥🔥🔥💧🔥🔥🔥🔥🔥🔥🔥🔥🔥🔥🔥🔥🔥🔥🔥🔥,0,2024-04-20T05:27:22Z,candidate
UgzwCdQd1Ffta0VgIvx4AaABAg,KwIPmRE0zr8,Are GT ka gatain hardik Pandey nahi he na vo team me hai shubham gill he,0,2024-04-19T11:26:46Z,candidate
UgzBLVXeyhxAOxKUBed4AaABAg,KwIPmRE0zr8,Vah mara gujrat par tapari to mumbai me chala gaya isliye isbar gill sudarshan isbar mumbai ko harae to maja ajaye🎉🎉,0,2024-04-17T09:47:16Z,candidate
UgwUxnAKyytbzYhtYbB4AaABAg,KwIPmRE0zr8,Gt ❤❤❤❤❤❤❤❤❤❤❤❤❤❤❤❤❤❤❤❤❤❤❤❤❤❤❤❤❤❤❤❤❤❤❤❤❤❤❤,0,2024-04-17T03:49:04Z,candidate
UgwKD0zfYxvwj244ERp4AaABAg,KwIPmRE0zr8,❤,0,2024-04-12T04:42:10Z,candidate
UgwcRbUyq2LbCYhTcAx4AaABAg,KwIPmRE0zr8,"I❤ you Hardik pandya rashidh Khan, Shubman Gill",3,2024-04-09T14:47:05Z,candidate
Ugyia4JystRYAClf2OJ4AaABAg,KwIPmRE0zr8,Mi 👑 Name nhi sabka papa 🔥 hi,0,2024-04-06T14:35:48Z,candidate
Ugz69Z4qdNheRl_9neN4AaABAg,KwIPmRE0zr8,S Gill ❤❤❤❤,0,2024-04-04T04:18:41Z,candidate
Ugxz8_XVP4bV7tUx3894AaABAg,KwIPmRE0zr8,Gt🤘🏻💪😎🎉🎉,0,2024-04-03T10:46:16Z,candidate
UgyQDpuSEbOwPF-wH114AaABAg,KwIPmRE0zr8,gill❤❤❤❤❤,1,2024-04-01T17:26:44Z,candidate
UgzZsMH2DViHcjHVUV14AaABAg,KwIPmRE0zr8,"Gt,king",1,2024-04-01T08:21:43Z,candidate
UgxdO2RpDsUHACSvpQF4AaABAg,KwIPmRE0zr8,My favorite cricket fan is subhman gill☺.,0,2024-03-31T11:36:07Z,candidate
UgzKFONvEyNHJo7B96h4AaABAg,KwIPmRE0zr8,😱😱😱😱😱😱😱,0,2024-03-29T07:44:05Z,candidate
UgxgwnCPA3aPnhKTgHF4AaABAg,KwIPmRE0zr8,Ye dekh shubhman,0,2024-03-25T10:35:16Z,candidate
UgyYlixBHJoijQU0wyp4AaABAg,4v4qjBJNS1Q,BUENAS Y PARA EL 🥅⚽️⚽️⚽️🥅????,0,2026-08-03T21:53:17Z,candidate
Ugwdvu2ETRnz96k0pyV4AaABAg,4v4qjBJNS1Q,zero civic sense yarr 🤣🤣🤣,0,2026-06-25T17:25:16Z,candidate
UgzBa-OWY6X7EhtpzdF4AaABAg,4v4qjBJNS1Q,Haa kacha failana koi humse sikhe ❤❤,0,2026-06-24T15:00:39Z,candidate
Ugxh7LTv6TkvCACBlVd4AaABAg,4v4qjBJNS1Q,Par ye karna galat hai na,0,2026-06-22T07:32:08Z,candidate
Ugy5j-rolFN8qOYZtgh4AaABAg,4v4qjBJNS1Q,Plane crash at ahmedabad 12/6/25,1,2026-06-06T18:12:22Z,candidate
UgxXlrsEdn5xymhZGwR4AaABAg,4v4qjBJNS1Q,Bhot log esa karte h 😂😂,0,2026-05-23T15:28:58Z,candidate
UgwldH23SYPGJ9VRXgB4AaABAg,4v4qjBJNS1Q,AHMEDABAD PLANE CRASH 😂,0,2026-05-12T11:56:25Z,candidate
Ugw6N8LoyGDx7mt_L3J4AaABAg,4v4qjBJNS1Q,Kitna Fine liya Bhai 😅,0,2026-04-22T12:22:47Z,candidate
Ugyzr38ww1XWkALt1ER4AaABAg,4v4qjBJNS1Q,Non Sense People ...,0,2026-04-22T12:08:27Z,candidate
UgzPR_ZDat1RWA6iHyl4AaABAg,4v4qjBJNS1Q,Ai,0,2026-04-08T15:09:44Z,candidate
UgyzBspaqHlExy9hxdJ4AaABAg,4v4qjBJNS1Q,😂😂,0,2026-03-17T01:07:01Z,candidate
UgxEq_gFxrVnJKDZLm14AaABAg,4v4qjBJNS1Q,Im Ahemdabadi❤,0,2026-03-16T03:26:27Z,candidate
Ugz4xWp6dK0gow1a-DV4AaABAg,4v4qjBJNS1Q,This guy feel cool but it shows civic sense in india is zero especially in gujarat stadium me jao wo Vimal aur wo maava puriki ki pichkari milti hai aur sabse zyada cruel hote,0,2026-03-15T09:41:28Z,candidate
UgybUUHOG682zQbQ1xl4AaABAg,4v4qjBJNS1Q,The upward scoops are missing....,0,2026-03-14T08:53:20Z,candidate
UgzIwJvZH9l3UetdzUF4AaABAg,4v4qjBJNS1Q,"Thats a guts ❌
Thats a nuisance ✅",0,2026-03-12T19:15:10Z,candidate
Ugyy5hjbvKpZjyRiHR14AaABAg,4v4qjBJNS1Q,Poor guy!,0,2026-03-12T19:12:39Z,candidate
UgyNRcnpU2jx2zXyXh54AaABAg,4v4qjBJNS1Q,Mayday Mayday Mayday emergency both engines are failed landing at Narendra Modi stadium 😂😂😂,0,2026-03-10T08:53:29Z,candidate
Ugzd2qMj6CrjiS9FIgR4AaABAg,4v4qjBJNS1Q,Chapri 😂,0,2026-03-09T15:19:00Z,candidate
UgwMea89dWqJOT0Arap4AaABAg,4v4qjBJNS1Q,"to all those stupid people who said modi stadium in ahmedabad is unlucky india won the 2026 world cup that too in a big margin. now what have you got to say you fools  

उन सभी मूर्खों को, जिन्होंने कहा था कि अहमदाबाद का मोदी स्टेडियम मनहूस है, क्योंकि भारत ने 2026 विश्व कप बड़े अंतर से जीता था। अब तुम लोग क्या कहोगे बेवकूफों?",0,2026-03-09T13:02:36Z,candidate
UgwWB_Rr_VnPf4aaZVN4AaABAg,4v4qjBJNS1Q,Koi recieved nahi kya 🙂‍↔️ swasth bharat mission ko v thora sambhalo Gandu 🤧,1,2026-03-09T05:22:43Z,candidate
UgzSlXuDBbjd3fW1kcF4AaABAg,4v4qjBJNS1Q,Iranian drone,0,2026-03-07T04:01:52Z,candidate
UgxbrX0pxg-0zzrkcwd4AaABAg,4v4qjBJNS1Q,Panavti Stadium,0,2026-03-06T17:33:10Z,candidate
UgyoMUjQ9TLVP7ERhX54AaABAg,4v4qjBJNS1Q,😅😅😅😅😅😅😂😂,0,2026-02-27T06:32:35Z,candidate
Ugx07ZdWM78k2Oc4l1B4AaABAg,4v4qjBJNS1Q,Tujhe kuch dikh raha hai ?,0,2026-02-22T09:33:45Z,candidate
UgyE-HXPmj81zY0nMrR4AaABAg,4v4qjBJNS1Q,Don't do this out of fun. No civics sense.,1,2026-02-16T17:19:12Z,candidate
UgwK_XjbRm_qU7ZxQk54AaABAg,4v4qjBJNS1Q,Airplane tutorial??😅😅,0,2026-02-14T10:41:25Z,candidate
Ugy_Wmn06OXkbpuPYFh4AaABAg,4v4qjBJNS1Q,Making dirty,1,2026-02-12T18:13:02Z,candidate
UgwLlLTuGJbjS7CHLil4AaABAg,4v4qjBJNS1Q,Bhai jis din camera main aa gaya na. 😂🤣,1,2026-02-05T12:12:37Z,candidate
UgwLkMyY3qs9h6DEdk54AaABAg,4v4qjBJNS1Q,keep doing it taki future me unko safety ke liye nets lagana pad jae or baki indians ka view kharab ho jae jaise ki lower block me fence ki wajah se hota hai,1,2026-02-01T18:47:45Z,candidate
UgwaQXVCJup3VocoUeZ4AaABAg,4v4qjBJNS1Q,Gill bhai  😂,0,2026-01-22T12:40:38Z,candidate
UgzBoXP8C_1UzILIUzV4AaABAg,4v4qjBJNS1Q,Rafeal b blkl aaisa heee shutdow hua tha😂😂😂,0,2026-01-20T16:27:23Z,candidate
Ugw8noo0tfSdgNujlEd4AaABAg,4v4qjBJNS1Q,Gill bhai 😂,0,2026-01-17T11:15:51Z,candidate
UgzH2qhYkzNmrunRkSx4AaABAg,4v4qjBJNS1Q,That's the reason they don't allow even water bottles inside the stadium!,0,2026-01-12T05:25:21Z,candidate
UgxfXOy4stNkL-yvb7B4AaABAg,4v4qjBJNS1Q,Power of phone bro😮😮,0,2025-10-12T06:51:05Z,candidate
Ugw5CGayrGfjqYSlWtZ4AaABAg,4v4qjBJNS1Q,Rafale gir gya stadium me,0,2025-10-04T14:32:40Z,candidate
UgzYHIbu4pNAA4rYSqZ4AaABAg,4v4qjBJNS1Q,"Le everyone: watching the paper plane.
Le me : watching shubman gill 😊",1,2025-07-06T09:11:30Z,candidate
UgwzaOeWgQ5FDXznfuF4AaABAg,4v4qjBJNS1Q,How many are waiting for this comment--AI is dangerous,0,2025-06-25T15:57:48Z,candidate
UgwRKqTFlghxzSMPwD54AaABAg,4v4qjBJNS1Q,Better than air india,1,2025-06-21T09:05:50Z,candidate
UgwX-hWKra7qaaXDt4R4AaABAg,4v4qjBJNS1Q,Flight safely landed in the ground 😂,1,2025-06-14T16:59:57Z,candidate
UgyDrVpsfjGvP1ucEp54AaABAg,4v4qjBJNS1Q,That stadium rcb won the 2025 tata IPL,0,2025-06-04T13:58:11Z,candidate
UgzT66vd1zblCe-mHop4AaABAg,4v4qjBJNS1Q,Bhai iska naam change karo yaar ye humara tax sey stadium sey bana hain to indian stadium ya fir blue stadium aisa kuch rakhana tha narendra modi stadium ye khud ka paisa sey banaya hain kya agar andhabhakt bolengey han khud ka paisa to raid kiya jaei pradhan mantri ka ghar😂,0,2025-06-01T19:24:21Z,candidate
UgxXp97kXT7oUGlCkEF4AaABAg,4v4qjBJNS1Q,Tumara reafail sa to acha paper ka jahz ah😅,0,2025-05-28T05:40:38Z,candidate
UgwOkV29z43Qj-K9ycJ4AaABAg,4v4qjBJNS1Q,Better fly then indigo airlines,0,2025-05-27T04:45:43Z,candidate
Ugx5kkxVeWYKcFqpwnh4AaABAg,4v4qjBJNS1Q,Gill the first ❤,0,2025-05-15T11:27:46Z,candidate
Ugzk1ehp7rMXbgeTlQZ4AaABAg,4v4qjBJNS1Q,Narendra modi stadium 😂😂😂😂😂😂😂😂😂😂😂😂,0,2025-05-01T07:12:51Z,candidate
UgxVdlgFQ3VJu6LyYa54AaABAg,4v4qjBJNS1Q,For info : this idea was stollen from a foreigners tik tok ..,0,2025-04-26T21:53:01Z,candidate
Ugw7whaSrr8umgBGz2p4AaABAg,4v4qjBJNS1Q,WOW,0,2025-04-26T18:37:09Z,candidate
UgzDmFNA3Mf8HPpQ-oV4AaABAg,4v4qjBJNS1Q,ఈ వీడియో కి 23 లక్షల లైక్స్ ఆ… ఏముందిరా వీడియోలో.. ఇంత కాలిగా ఉన్నారా జనం.,0,2025-04-26T18:18:17Z,candidate
Ugxb2vo6Rvgpbkp-v2t4AaABAg,4v4qjBJNS1Q,Jigadiii 😅,0,2025-04-26T16:46:35Z,candidate
UgyzAYSeVtx8uhSTcox4AaABAg,4v4qjBJNS1Q,Uneducated behaviour,0,2025-04-26T03:12:19Z,candidate
UgxzTtBPgcqGCzTt5lN4AaABAg,4v4qjBJNS1Q,"What happened to People 
Serious they are reacting to shit",0,2025-04-22T12:33:01Z,candidate
Ugzz3Fi60M5t25vJSb94AaABAg,4v4qjBJNS1Q,Mene ye dekha the mi vs GT me,0,2025-04-22T10:52:39Z,candidate
UgzYzHOjqobCHeH9YP94AaABAg,4v4qjBJNS1Q,We saw it from Narendra Modi stadium😂😂,0,2025-04-21T08:08:39Z,candidate
Ugx5LB3qm0jxMwIGDv14AaABAg,4v4qjBJNS1Q,No doubt soft landing 😅😅😅,0,2025-04-20T04:13:53Z,candidate
UgwTB3jjwV7ua6dXk_F4AaABAg,4v4qjBJNS1Q,Just imagine someone flying with contamination of a deadly virus 🦠🦠🦠🦠,0,2025-04-19T19:24:26Z,candidate
UgwLtfEwaLY_jli-riV4AaABAg,4v4qjBJNS1Q,Military mein bhartii kardooo iski,0,2025-04-18T08:26:12Z,candidate
UgxotBL2kz40rVD6QOV4AaABAg,4v4qjBJNS1Q,Sasta intertenment 😂,0,2025-04-18T04:35:25Z,candidate
UgzW9ywIpyeJjStFVUt4AaABAg,4v4qjBJNS1Q,😮😮😮😮😂😂😂😂,0,2025-04-18T00:54:34Z,candidate
Ugx3Cx2jKeeXjR_VgH54AaABAg,4v4qjBJNS1Q,Don't distrube in player's he very stressed in match please don't repeat,0,2025-04-16T18:07:30Z,candidate
UgyNvEbqAp9w2KSs9IV4AaABAg,4v4qjBJNS1Q,Civic sense naam ki cheez nahi hai India mein,0,2025-04-16T05:51:20Z,candidate
UgynkM1jOyd2RvLUROt4AaABAg,4v4qjBJNS1Q,😂,0,2025-04-16T01:13:46Z,candidate
UgzpwfuuOLuSuWJ2Cvl4AaABAg,4v4qjBJNS1Q,😂😂😂,0,2025-04-15T10:34:18Z,candidate
Ugxg7ToaoOLHSXz96-h4AaABAg,4v4qjBJNS1Q,Land ho gya 😂❤,0,2025-04-14T20:44:58Z,candidate
Ugy-ohu5VYmyjlDk4Ml4AaABAg,4v4qjBJNS1Q,"Bullet plain, ahmdabad to mumbai 😂😂😂",0,2025-04-14T20:34:18Z,candidate
UgxCGf_-DXxeTyXgVfN4AaABAg,4v4qjBJNS1Q,That's why civics sense is important,0,2025-04-14T07:17:23Z,candidate
UgzEOLuUYIZ5QVkAQu94AaABAg,4v4qjBJNS1Q,I live in Ahmedabad,0,2025-04-14T05:40:34Z,candidate
UgzJH5bzP61HncfCJKB4AaABAg,4v4qjBJNS1Q,What a landing 🛬,0,2025-04-13T11:05:40Z,candidate
UgyVyP_9U9q-JY_JZIN4AaABAg,4v4qjBJNS1Q,Fun fact Abe yeh aeroplane ko match mai dekhta 😂,0,2025-04-13T09:09:44Z,candidate
UgzZNN5NcOySny8tGaN4AaABAg,4v4qjBJNS1Q,Zero civic sense,0,2025-04-13T08:22:32Z,candidate
Ugw3UwySFDwxZzGa2ZR4AaABAg,4v4qjBJNS1Q,പ്രാന്തൻ 🤬🤬🤬,0,2025-04-13T08:02:07Z,candidate
UgwzbGdbSWKP4FL_z-l4AaABAg,4v4qjBJNS1Q,Kachra karne ki aadat jo ho rakhi hai😐,0,2025-04-13T06:10:02Z,candidate
UgzrXf-QSuSId7zjYhx4AaABAg,4v4qjBJNS1Q,"this is bad bro, please don't distract players with these cheap tricks",0,2025-04-13T04:51:42Z,candidate
UgwgPcNpmGZXUFbHeEB4AaABAg,4v4qjBJNS1Q,tere jese log audience kehlane ke layak nei hai,0,2025-04-13T03:17:21Z,candidate
UgyLnL4rA8AmknU6QeJ4AaABAg,4v4qjBJNS1Q,Is it possible?,0,2025-04-12T17:55:02Z,candidate
UgwR_aQiQFUf7WMxseF4AaABAg,4v4qjBJNS1Q,Nuisance,0,2025-04-12T13:24:03Z,candidate
UgzknXmcDAwrbd0Jb-l4AaABAg,4v4qjBJNS1Q,What can i call you? An idiot?...any player can easily step on it and slip😑,0,2025-04-12T12:43:46Z,candidate
UgxOAd2unM2MjXLOdHN4AaABAg,4v4qjBJNS1Q,😂😂😂😂,0,2025-04-12T07:25:41Z,candidate
UgwvXALKmuZmunvykoV4AaABAg,4v4qjBJNS1Q,What a nonsense activity to do 😔,0,2025-04-12T05:11:21Z,candidate
Ugzg3zWHQ_LNWmiB9yZ4AaABAg,4v4qjBJNS1Q,Peak male content 🫰,1,2025-04-12T00:28:59Z,candidate
UgwQkjbWrIi4yrp7hfN4AaABAg,4v4qjBJNS1Q,Uncivilized,0,2025-04-11T19:06:03Z,candidate
UgweKPO2eiY5SWUnwbh4AaABAg,4v4qjBJNS1Q,Still cover more distance than pakistani missiles.,0,2025-04-11T17:41:45Z,candidate
UgwobjRMxnvLQ9dmUvB4AaABAg,4v4qjBJNS1Q,Pitta nh yr ye,0,2025-04-11T17:36:15Z,candidate
Ugze_SqwVdzYQh9m0cJ4AaABAg,4v4qjBJNS1Q,Civic sence 🙏,0,2025-04-11T16:56:30Z,candidate
UgyHUdCxjdBd_MF0Q2J4AaABAg,4v4qjBJNS1Q,obstrusting the field,0,2025-04-11T15:24:48Z,candidate
UgyeFY_hweHAoQe4IUx4AaABAg,4v4qjBJNS1Q,Bhai badme kya hua,0,2025-04-11T13:57:50Z,candidate
UgzUJ1MlbHIqO8JVmZh4AaABAg,4v4qjBJNS1Q,ये rong है,0,2025-04-11T10:49:01Z,candidate
UgwsowyeRvo6MuD5qbt4AaABAg,4v4qjBJNS1Q,Safe landed good ...😂😂,0,2025-04-11T05:39:27Z,candidate
UgyFl_I4-0_i9zPwY4p4AaABAg,4v4qjBJNS1Q,In india 😎In Pakistan 🌚,1,2025-04-11T05:29:29Z,candidate
UgyYZm_1vi9dVWk_AaB4AaABAg,4v4qjBJNS1Q,Ye chutiyapa chordo warna stadium me ghus ne v na mille😂😂😂,0,2025-04-11T05:03:48Z,candidate
UgyyQuX9ZLigUkH6Ax94AaABAg,4v4qjBJNS1Q,After that you should support to clean the stadium,0,2025-04-11T04:37:01Z,candidate
Ugxcdkn6CsoiGJ-JDGZ4AaABAg,4v4qjBJNS1Q,😅😅,0,2025-04-11T04:01:56Z,candidate
UgwzTIoj_rL6v3p1nMB4AaABAg,4v4qjBJNS1Q,Extra foreigner player✈️😂,0,2025-04-10T19:12:48Z,candidate
UgxkxOgZdh7SW4-XhU94AaABAg,4v4qjBJNS1Q,Mere ko laga abhi us plane ko goli se uda denge 😂😂,0,2025-04-10T17:30:30Z,candidate
Ugwlz2HyPjBUrsgw4Ox4AaABAg,4v4qjBJNS1Q,Reverse swing,0,2025-04-10T10:35:16Z,candidate
Ugz-j5bSXfmDZp9ZcrF4AaABAg,4v4qjBJNS1Q,Narendra Modi stadium ❌ Sardar Patel Stadium ✅,5,2025-04-10T10:35:00Z,candidate
UgyCdhCe1JRS4dK_1g14AaABAg,4v4qjBJNS1Q,Wrong 😅rub my,0,2025-04-10T09:10:38Z,candidate
Ugwxgtd2urAkGVlXOB54AaABAg,4v4qjBJNS1Q,Gujrat crowd were sleeping during Ind-Aus WC final,0,2025-04-10T07:56:27Z,candidate
UgyvuAE0VaryyPWHmsZ4AaABAg,4v4qjBJNS1Q,Camera zooming 🥵,0,2025-04-10T07:48:01Z,candidate
UgwJyRsX79vBjhP2r8x4AaABAg,4v4qjBJNS1Q,Shameful,0,2025-04-10T04:57:24Z,candidate
UgyYoB8lQKeO8L1o4y94AaABAg,4v4qjBJNS1Q,3578 missed call from NASA😂😂,0,2025-04-10T04:32:50Z,candidate
UgwDeujLNY1ln8I7tOB4AaABAg,4v4qjBJNS1Q,Tera music madarchu ...wow lovely song 😅,0,2025-04-09T17:23:22Z,candidate
UgydlJ8THZIblZGgiuh4AaABAg,4v4qjBJNS1Q,Fixing tip,0,2025-04-09T16:54:51Z,candidate
UgxsGGmuhh5MoDCLqDh4AaABAg,4v4qjBJNS1Q,❤❤,0,2025-04-09T16:05:57Z,candidate
UgxP6rrHTTpELVg-kvZ4AaABAg,4v4qjBJNS1Q,In IPL:  Match stoped due to flight crash😂,1,2025-04-09T10:34:47Z,candidate
UgxP8cvmX5toiWzybxZ4AaABAg,4v4qjBJNS1Q,Next time if paper is also banned in the Stadiums then you will know the reason.,0,2025-04-09T10:26:48Z,candidate
UgzOPDR-PrPxhM_ktKp4AaABAg,4v4qjBJNS1Q,Amazing Physics 😂 unbelievable it travelled that distance. Release from that height is the key.,0,2025-04-09T09:22:15Z,candidate
UgxCrasQBiHFvnj4hEp4AaABAg,4v4qjBJNS1Q,Arrest,0,2025-04-09T07:09:17Z,candidate
UgwCwXwD-3b80TnLc2h4AaABAg,4v4qjBJNS1Q,Idiots have the habit of throwing things anywhere 🤬,0,2025-04-09T05:16:39Z,candidate
Ugwpefz_wrYbkcdlkxx4AaABAg,4v4qjBJNS1Q,Isne b Gore log ki video dekh kr nakal kr di 😂,0,2025-04-09T04:55:23Z,candidate
UgwRFcN46yeIfClx_mN4AaABAg,4v4qjBJNS1Q,7 years jail confirmed,0,2025-04-09T03:08:27Z,candidate
UgxYl3yz3T_KeR8AA4t4AaABAg,4v4qjBJNS1Q,Bhai karwahi bhi ho sakti hai,0,2025-04-08T18:22:30Z,candidate
UgwZ7OMV9IJ7z6M3PAZ4AaABAg,4v4qjBJNS1Q,Should be arrested for this,0,2025-04-08T17:27:41Z,candidate
UgwrdSHz57_PWG9xrUR4AaABAg,4v4qjBJNS1Q,Samsung galaxy S26 ultraaaa 📷,0,2025-04-08T17:14:05Z,candidate
Ugxl9mEwQ00Ukdhq9mN4AaABAg,4v4qjBJNS1Q,Plane was safely landed😂😂,0,2025-04-08T10:32:37Z,candidate
UgwoVD0JF2LIOxpOnZZ4AaABAg,4v4qjBJNS1Q,This is the power of boys,0,2025-04-07T16:50:10Z,candidate
Ugw9mcfTEsiCNmlKspp4AaABAg,4v4qjBJNS1Q,"Helicopter shot ❌ 
Airplane shot ✅",0,2025-04-07T11:49:30Z,candidate
Ugwt5a86C3iPSIhGzcp4AaABAg,4v4qjBJNS1Q,❤❤❤❤❤,0,2025-04-07T11:48:09Z,candidate
UgzHlSn4dNSBk1Uh2cZ4AaABAg,4v4qjBJNS1Q,Koi muslim fekta to bam hota😢,0,2025-04-07T10:57:46Z,candidate
UgwhBKxNwnNEK4zKKN54AaABAg,4v4qjBJNS1Q,Pura airline Samaja Dara hua hai,0,2025-04-07T10:48:10Z,candidate
UgwJDoWWgMbWib-w07x4AaABAg,4v4qjBJNS1Q,Littering in public spaces,0,2025-04-07T07:45:44Z,candidate
UgyTEHPMU4etY-FOuax4AaABAg,4v4qjBJNS1Q,👌👌👌👌,0,2025-04-07T07:30:20Z,candidate
UgwLAdU-_LKW49zv_hV4AaABAg,4v4qjBJNS1Q,Kya baat hai yaar bahut door tak gya yeh toh 😂😂😂😂😂😂😂😂,0,2025-04-06T18:39:48Z,candidate
UgyfrxKW8teGhl6pY8V4AaABAg,4v4qjBJNS1Q,😂😂😂,0,2025-04-06T15:10:12Z,candidate
UgyAwZAdJsZx4-AWdjh4AaABAg,4v4qjBJNS1Q,Achcha hai pakistan nahi hai,1,2025-04-06T14:55:11Z,candidate
UgzVeaVXHp73hhytfet4AaABAg,4v4qjBJNS1Q,"I loved episode of Irfan , Yusuf and their Father... It was much entertaining",0,2025-04-06T14:27:19Z,candidate
UgzUVmXckbFnc2I_roB4AaABAg,4v4qjBJNS1Q,Dengutharupo,0,2025-04-06T11:28:18Z,candidate
UgzMP0nuOVN0ip3Et_14AaABAg,4v4qjBJNS1Q,This is AI artificial intelligence 😮😮😮,0,2025-04-06T07:38:07Z,candidate
UgxRf11wHAceFdb--q54AaABAg,4v4qjBJNS1Q,Wah bhai waah.. International stadium ko bhi ganda karna nahi chhoda 😩,0,2025-04-06T04:15:53Z,candidate
UgzoU6TsDL6nmvSEkR14AaABAg,4v4qjBJNS1Q,Civic Sense 🖕🏻🖕🏻👍🏻,0,2025-04-06T03:06:54Z,candidate
Ugx1rOxJhRXR77ofztJ4AaABAg,4v4qjBJNS1Q,Then he got 1 lakh fine and 5 years ban 😂,0,2025-04-06T02:27:30Z,candidate
UgwD1jDp1nMVmo0VJHR4AaABAg,4v4qjBJNS1Q,Ishan kishan hona tha Ground me aur majja ata.,0,2025-04-05T09:08:19Z,candidate
Ugw596poZp3sp0nFE9x4AaABAg,4v4qjBJNS1Q,What camera phone,0,2025-04-05T08:56:18Z,candidate
UgyzovneR6kzkuJQgP14AaABAg,4v4qjBJNS1Q,Punjab won,0,2025-04-05T08:22:18Z,candidate
UgyIfYQm3NA5EanMhLZ4AaABAg,4v4qjBJNS1Q,Inaiku nee jail dha,0,2025-04-05T06:05:04Z,candidate
Ugyjnd3AdvU_cB33LPB4AaABAg,4v4qjBJNS1Q,The delivery was not done with extensive force....the design was so aerodynamically precision that it got an extended flight!,0,2025-04-04T20:57:08Z,candidate
Ugxls5-ux7GVrTH9Xyh4AaABAg,4v4qjBJNS1Q,Agli flight jail ki hogi,1,2025-04-04T20:28:26Z,candidate
UgwqLEOo3CT5ZyaNahp4AaABAg,4v4qjBJNS1Q,ek baar mene mohali ke stadium mei kia tha police ne pkr lia tha😂😂,0,2025-04-04T18:28:49Z,candidate
Ugy0BE7G7VUxtPLBmsR4AaABAg,4v4qjBJNS1Q,"only Indian can do this 
proud to be hindu",0,2025-04-04T15:31:38Z,candidate
UgwLr4EVuFyLEw5XjZ54AaABAg,4v4qjBJNS1Q,Ipl😂,0,2025-04-04T05:39:54Z,candidate
UgzYY_5O_w8l8mmS3nx4AaABAg,4v4qjBJNS1Q,Aaj rat ahmedabad me chalti match me hua ek badi plane hadsa😅😅,0,2025-04-04T04:49:39Z,candidate
Ugx8k5A-aBjxMewDFrh4AaABAg,4v4qjBJNS1Q,Classical low grade in civics,0,2025-04-04T03:37:32Z,candidate
Ugy0_YvwNWUsQX5Qnu54AaABAg,4v4qjBJNS1Q,What If last ball 4 runs needed and gt was batting and ball hitted the paper and stopped boundary 💀,0,2025-04-03T21:11:27Z,candidate
UgxD1DbDCm1LMHDhQqF4AaABAg,4v4qjBJNS1Q,😂😂😂,0,2025-04-03T18:55:00Z,candidate
UgyfEc2pracQDzc4Ng14AaABAg,4v4qjBJNS1Q,Which mobike camera,0,2025-04-03T16:41:19Z,candidate
UgwWjLfYnAfeGhoEYAh4AaABAg,4v4qjBJNS1Q,Good delivery😂,0,2025-04-03T08:19:52Z,candidate
UgxJ_U_VadC6d5eEQit4AaABAg,4v4qjBJNS1Q,"They are bookies trying to fix it with captains but failed this time, file case against him",0,2025-04-03T07:27:21Z,candidate
UgwkQFOcnHTTRoohKtF4AaABAg,4v4qjBJNS1Q,Bachpan me bahot kagaz ke plane banake udane🙌😊,0,2025-04-03T07:10:01Z,candidate
UgwgShPla42LsODdP-R4AaABAg,4v4qjBJNS1Q,"Hum har jagah gandagi karege ,",0,2025-04-02T20:13:06Z,candidate
Ugz6dEEjwHxod1inr-14AaABAg,4v4qjBJNS1Q,Koi agr security wale tumko ye sab karte huwe dekh leta to tum bhi us patang k bhanti field me udd rahe hote😂😂😂😂😂😂,0,2025-04-02T19:15:22Z,candidate
UgyK4ym5vYezH8KSFZd4AaABAg,4v4qjBJNS1Q,Ye abhi jail mai hai 😂😂😂😂,0,2025-04-02T18:46:40Z,candidate
Ugzsh2udu7FFgBoiKeZ4AaABAg,4v4qjBJNS1Q,Kitne tezswi log hai uhan😅😅😅😅😅,0,2025-04-02T14:15:02Z,candidate
UgyVGMOth4f7SkdNx194AaABAg,4v4qjBJNS1Q,Evara nuvvu entertainment🎉🎉😂😂😂😂😂😂,0,2025-04-02T13:22:55Z,candidate
UgyWOdD8GcVnYdRmLAd4AaABAg,4v4qjBJNS1Q,Kitna khush ho ra hai gandhi fela ke gadha,0,2025-04-02T13:22:22Z,candidate
UgwRM5Fakk0odDJwTSF4AaABAg,4v4qjBJNS1Q,How far will you go for love....😅,0,2025-04-02T13:01:47Z,candidate
UgzRcstFFKC_Qfiq3Bh4AaABAg,4v4qjBJNS1Q,Ky mila ye krke 😂😂,1,2025-04-02T10:13:30Z,candidate
Ugx2pxXmmY6eX6ApdWl4AaABAg,4v4qjBJNS1Q,Some people r doing these things Nd even coming on ground which can lead to bad points to stadium and in the end lead to disqualification of stadium for intl events..,0,2025-04-02T10:00:27Z,candidate
UgzfS0PiPIFKlULQdtR4AaABAg,4v4qjBJNS1Q,Ticket prize kay aaste 🙏,0,2025-04-02T09:40:04Z,candidate
UgxWytPy7ITXSAPuJWZ4AaABAg,4v4qjBJNS1Q,😂😂😂😂😂,0,2025-04-02T06:41:29Z,candidate
UgyjX7FrvfkP4tfPgB54AaABAg,4v4qjBJNS1Q,"Ishko Jailme dalo
Kachra felata he",0,2025-04-02T06:27:22Z,candidate
Ugw1_PFMWOuN7RB2_MF4AaABAg,4v4qjBJNS1Q,Bhai Sandip virel hogya😂,0,2025-04-01T19:00:35Z,candidate
UgweyyccS7e6HmwnOF14AaABAg,4v4qjBJNS1Q,Bhaihildnabsn karde,0,2025-04-01T12:43:42Z,candidate
UgwqAIJJXQakyFr2Z7B4AaABAg,4v4qjBJNS1Q,Bro i think u have the worst view..... first of all u r on the top floor and u have sideo view of pitch....,0,2025-04-01T12:12:22Z,candidate
UgweR30sG0tFaorxYNt4AaABAg,4v4qjBJNS1Q,Physics,0,2025-04-01T12:02:29Z,candidate
UgxiggBTJMDvmyXo5rp4AaABAg,4v4qjBJNS1Q,Bas bhai thoda or aage jana chahiye tha fir  gill ko plane dikh jata,0,2025-04-01T11:43:28Z,candidate
Ugxr5jvAiT3uGMWF3FN4AaABAg,4v4qjBJNS1Q,Sppeder then zepto,0,2025-04-01T11:05:56Z,candidate
UgzBS3hDz7bvnyU_ECp4AaABAg,4v4qjBJNS1Q,illiteracy,1,2025-04-01T10:38:02Z,candidate
UgwllTLJ8e6fbnDZKwd4AaABAg,4v4qjBJNS1Q,Arrested,0,2025-04-01T10:16:51Z,candidate
Ugy9MZYbzca3vASiRIl4AaABAg,4v4qjBJNS1Q,Nuisance behaviour,1,2025-04-01T09:32:46Z,candidate
Ugy1OSN4-m1FyXAmMsZ4AaABAg,4v4qjBJNS1Q,Gujarati swag,1,2025-04-01T08:59:08Z,candidate
Ugy9foZ_V-c460KLdBB4AaABAg,4v4qjBJNS1Q,Bro got a well piolet job 😂❤,0,2025-04-01T07:36:06Z,candidate
UgxzGpfMkDgf-zxrNjB4AaABAg,4v4qjBJNS1Q,Worst security features,0,2025-04-01T06:02:09Z,candidate
UgyxLiOcm3PBpU3IwB54AaABAg,4v4qjBJNS1Q,Bro you have a excellent aerodynamics 🎉,0,2025-04-01T05:37:47Z,candidate
UgxcfC0K9iZSXDre3Th4AaABAg,4v4qjBJNS1Q,Aage piche dekhkar kahi tujhe Na fly kar de,0,2025-04-01T04:30:05Z,candidate
UgxIY5LWq8Ha5wZGIcJ4AaABAg,4v4qjBJNS1Q,This is called no manners,0,2025-04-01T03:25:16Z,candidate
UgxfuwUxSeIKG_Ck2gx4AaABAg,4v4qjBJNS1Q,Tharkuri😂,0,2025-04-01T03:22:09Z,candidate
UgwmLjmi05kvSjspEdJ4AaABAg,4v4qjBJNS1Q,"Cricket ground❌
Runway for paper ✈️✅",0,2025-04-01T01:17:07Z,candidate
Ugx_PkG1VoRBMfS_8694AaABAg,4v4qjBJNS1Q,Cheap,0,2025-04-01T00:30:28Z,candidate
Ugzmcjj3JmKyZxmRkT14AaABAg,4v4qjBJNS1Q,Astonishing.😂😂 Why this stadium is named after Narendra Modi?,0,2025-04-01T00:25:08Z,candidate
Ugw_g87uN_Ktgljfq8t4AaABAg,4v4qjBJNS1Q,Muje lagta he galat jagah plan ko landing kiya hai 😂😂police jurnama mangengi 😂😂😂😂😂,0,2025-03-31T23:44:10Z,candidate
UgyrVFJoeLje10qxJPt4AaABAg,4v4qjBJNS1Q,Put him in jail,0,2025-03-31T19:51:07Z,candidate
Ugx7ZZWMs13Bh1CdJuV4AaABAg,4v4qjBJNS1Q,😮😮😮😮😮,0,2025-03-31T16:26:25Z,candidate
Ugxgj9I-RUiabFvyjRV4AaABAg,4v4qjBJNS1Q,😂😂😂,0,2025-03-31T11:24:03Z,candidate
UgyFsT-wue1fNA1h7D14AaABAg,4v4qjBJNS1Q,It is wrong,0,2025-03-31T11:01:38Z,candidate
UgxsjE1YUTZXQkRR_IB4AaABAg,4v4qjBJNS1Q,Kya camera h,0,2025-03-31T07:57:23Z,candidate
UgzshO5A8_K5SAxJbLp4AaABAg,4v4qjBJNS1Q,Pak: ye kaisa technology hai inke pas hai 😮 aam aadmi kagaj ka plane uda Raha hai bina kisi machine ke 😮,0,2025-03-31T07:06:14Z,candidate
Ugy9b3WB7fXmt2ZYqQl4AaABAg,4v4qjBJNS1Q,Safai karamchari ka beta ani shakti pradarshan krte hue 😂,0,2025-03-31T06:46:37Z,candidate
UgwHwq4EmaoO1bTBkK94AaABAg,4v4qjBJNS1Q,ఇలాంటి మూర్ఖుడికి దుబాయ్ గాని సౌదీ అరేబియా కంట్రీ అయితే దాదాపు 20 సంవత్సరాల జైలు శిక్ష వేసేది..... మనది పనికిరాని దేశం కాబట్టి బతికిపోయావ్,0,2025-03-31T06:18:50Z,candidate
UgyBQQm_0ZyZoRZqYhd4AaABAg,4v4qjBJNS1Q,Na kr bhai werna yai ilzzam b pakistan par ajaye ga or india boly ga yai paper ka jahaz pakistan ny bheja h or sazish ki h 😂😂,0,2025-03-31T05:08:39Z,candidate
UgxyjQ0FogB_UvCKYtd4AaABAg,4v4qjBJNS1Q,Mene dekha tha match mai ye 😂😂😂,1,2025-03-31T05:05:01Z,candidate
Ugyp9GeaKRv5eRrLL5V4AaABAg,4v4qjBJNS1Q,నువ్వు కూడా ఎక్కి పోవాల్సింది బ్రో😂😂😂,0,2025-03-31T03:06:29Z,candidate
UgxYdkk_f4D-znIRVvp4AaABAg,4v4qjBJNS1Q,Iskiliye kya punishment hai...,0,2025-03-31T02:39:30Z,candidate
Ugw6lonQRz6YzCdWpxx4AaABAg,4v4qjBJNS1Q,Hardik pandya ne ushe laat mari thi dekho match pata chal jayega. Gt vs mi kal ki match 😂😂,0,2025-03-30T15:08:58Z,candidate
Ugwxi7Em3Ca0o-ady7x4AaABAg,4v4qjBJNS1Q,happy ugadhi sister 😅🎉,0,2025-03-30T13:04:48Z,candidate
UgzOeOizav6Mb-OauO14AaABAg,4v4qjBJNS1Q,Landing rocket,0,2025-03-30T04:34:11Z,candidate
UgzhDXlVIeCQ9BA2dWd4AaABAg,4v4qjBJNS1Q,Bcci want to take action after watch this video😅,0,2025-03-29T23:54:06Z,candidate
UgytD-ur6M5SG5PBiQR4AaABAg,4v4qjBJNS1Q,Plane crashed 😭😭😭,0,2025-03-29T19:47:24Z,candidate
UgyvBUor0KGddUuPux94AaABAg,4v4qjBJNS1Q,Fun fact:- Air india Qatar airways🛩️ lost 220 million dollar during paper plane successful🛬 for ipl player one city to another for playing ipl✈️ 😂😂😂😂😂,0,2025-03-29T09:24:37Z,candidate
UgwiDQUaiRpxkS0Jfqp4AaABAg,4v4qjBJNS1Q,Impact Player 😅,1,2025-03-28T10:41:22Z,candidate
Ugz-xZ112YMQEW9gzxt4AaABAg,4v4qjBJNS1Q,Nice,0,2025-03-27T20:11:25Z,candidate
UgwsQbfs0B9ohs-QfYd4AaABAg,bd1Xx-kiwyc,❤❤❤❤,0,2026-08-07T06:36:37Z,candidate
Ugxy6_7vlvyYJMpbqlN4AaABAg,bd1Xx-kiwyc,Mi,0,2026-08-05T03:24:42Z,candidate
UgwVf1Y7pTMY6SPHU8N4AaABAg,bd1Xx-kiwyc,Shubman gill ❤❤❤❤😢😢😢,0,2026-08-05T02:30:53Z,candidate
UgxN_0XPT2qnhgiTgXB4AaABAg,bd1Xx-kiwyc,Sale GT pe mat ja,0,2026-07-31T11:03:47Z,candidate
UgzYG7fy4OwMRoxtYWp4AaABAg,bd1Xx-kiwyc,Oooo ma to daar gaye,0,2026-07-28T16:23:13Z,candidate
Ugxhh7HdL_Z5aAm1-Zx4AaABAg,bd1Xx-kiwyc,"Gill,willcome",0,2026-07-20T15:11:08Z,candidate
Ugw1LIa1iGqOVbGHwk54AaABAg,bd1Xx-kiwyc,❤️,0,2026-07-19T10:59:41Z,candidate
UgwKNsfx_9RvTFoewTx4AaABAg,bd1Xx-kiwyc,My favorite person gill ❤️❤️❤️,1,2026-06-24T08:23:53Z,candidate
UgwL8-95rwEYT135vqR4AaABAg,bd1Xx-kiwyc,bhai kya shubhiiii dance kerne lagta kya 😮,0,2026-06-21T15:53:30Z,candidate
Ugxvu2vsijeujwMDQeR4AaABAg,bd1Xx-kiwyc,Nice video,0,2026-06-12T08:55:28Z,candidate
Ugwzwgt6DxOgrl_KNVN4AaABAg,bd1Xx-kiwyc,Gill❤❤❤❤❤,0,2026-06-11T12:38:08Z,candidate
UgxZ3xuyXb-VYcqaQHF4AaABAg,bd1Xx-kiwyc,My favourite shubman gill ❤❤❤❤,0,2026-06-03T14:30:08Z,candidate
Ugxxhov7SHkbCl9swn54AaABAg,bd1Xx-kiwyc,My favourite,0,2026-06-03T11:56:04Z,candidate
UgxNsEFMf5KZox6E8yZ4AaABAg,bd1Xx-kiwyc,Subhman gill out😂😂,0,2026-05-31T14:50:03Z,candidate
Ugxf4gPMDZNI0Bq1Hhp4AaABAg,bd1Xx-kiwyc,Virat Kohli sabka bhabhi,0,2026-05-31T09:24:08Z,candidate
UgyZHBo4G03vXiH_seh4AaABAg,bd1Xx-kiwyc,Virat Kohll,0,2026-05-31T09:23:41Z,candidate
UgxTfHqGC0_PZ6nisGt4AaABAg,bd1Xx-kiwyc,Bikari prince......,0,2026-05-27T04:14:32Z,candidate
UgyzmMZdPUlyYl6vVQl4AaABAg,bd1Xx-kiwyc,Shubhman is not like that he didn't leave the ground ❤ he just get angry more but he is very good 👍👍❤❤,1,2026-05-15T10:00:21Z,candidate
UgwKWP9xx5QMF0k-zyR4AaABAg,bd1Xx-kiwyc,Gill is not good batsman,0,2026-05-04T01:03:47Z,candidate
UgwDEb-iK0kmxlwSAOR4AaABAg,bd1Xx-kiwyc,GT❤❤,1,2026-04-28T16:28:41Z,candidate
UgwrrL2MzwciQ7uKmNh4AaABAg,bd1Xx-kiwyc,ye to meri dhadkan hai❤❤❤❤❤❤❤❤❤,0,2026-04-28T09:27:49Z,candidate
UgzNrV-h029oDldionV4AaABAg,bd1Xx-kiwyc,Please Come back gill,0,2026-04-24T17:44:44Z,candidate
UgzUXu1657f7g-fuDfZ4AaABAg,bd1Xx-kiwyc,Gill will come back stronger,11,2026-04-23T07:36:28Z,candidate
UgykVuRY6XWofQSvDeB4AaABAg,bd1Xx-kiwyc,Is mai heran hone ki kya bat hai😂,2,2026-04-23T02:03:27Z,candidate
Ugwd2AaeHsybFAnyh214AaABAg,bd1Xx-kiwyc,Gill 💩💩,0,2026-04-13T04:03:14Z,candidate
UgxgYKh1fnGdxJ-6Wih4AaABAg,bd1Xx-kiwyc,Gill❤❤,0,2026-04-12T13:49:14Z,candidate
Ugy6fpZnrBKzZD8zApF4AaABAg,bd1Xx-kiwyc,shubman gill😢😢😢😢😢😢😢😢😢😢😢😢😢😢😢😢❤❤❤❤❤❤❤❤❤❤❤❤,0,2026-04-12T12:02:16Z,candidate
UgzusIH2tIKqjkZLdGJ4AaABAg,bd1Xx-kiwyc,GT ke samne mi ka jitna muskil hi nahi namumkin hai,0,2026-04-08T08:53:50Z,candidate
UgwoXvOlEcas1EIxTjB4AaABAg,bd1Xx-kiwyc,To ismein hairan hone wali kya baat hai 😅😅,7,2026-04-04T17:58:28Z,candidate
UgxN_pGiOnw9E14wxJd4AaABAg,bd1Xx-kiwyc,Jealous,0,2026-04-01T07:41:49Z,candidate
Ugx9wfqR9PgzvdXzUal4AaABAg,bd1Xx-kiwyc,Isn't that obvious matlab reel banane ke liye kuchh bhi,0,2026-03-28T14:06:52Z,candidate
UgwJRiYoB2WQIkTD6SF4AaABAg,bd1Xx-kiwyc,My favourite gill 😉😘❤❤❤,0,2026-03-27T10:37:44Z,candidate
UgyPKRbkXo5f-UbJXOR4AaABAg,bd1Xx-kiwyc,My favourite Shubman Gill 🥰🥰,35,2026-03-25T01:56:41Z,candidate
UgwsgBmbf25FRwSKLjp4AaABAg,bd1Xx-kiwyc,गिल ❤❤❤❤❤,0,2026-03-12T13:15:05Z,candidate
UgxUNQ906LDIU5KawDN4AaABAg,bd1Xx-kiwyc,My dear husband captain ji mama ji love life ❤❤❤❤💫💯🇮🇳♾️,0,2026-03-07T03:27:17Z,candidate
UgxryAOoYL13DN60Av54AaABAg,bd1Xx-kiwyc,Gill❤❤,0,2026-03-02T03:07:31Z,candidate
UgyajqJBUDNuL1KbBiZ4AaABAg,bd1Xx-kiwyc,❤😊My favourite shubman gill❤,28,2026-02-22T14:43:46Z,candidate
UgwsVHe2neJmz4cvn454AaABAg,bd1Xx-kiwyc,Shubman gill black 🖤🖤🖤🖤,0,2026-01-23T04:28:29Z,candidate
Ugy_nmSed5Tvn1gE5Pl4AaABAg,bd1Xx-kiwyc,O my baby shubhu ❤❤❤,6,2025-12-18T13:47:45Z,candidate
UgxTwKGrFeiRQhPojnJ4AaABAg,bd1Xx-kiwyc,Suman Gill❤❤❤,0,2025-12-08T10:23:09Z,candidate
UgzUhYCG_kzttwynInV4AaABAg,bd1Xx-kiwyc,What this,0,2025-12-05T13:05:08Z,candidate
UgwsElrnc2ZVoz6yLhJ4AaABAg,bd1Xx-kiwyc,Yeh fake hai 😢,0,2025-11-27T08:54:16Z,candidate
UgyFelgVBa2q2i8OyLB4AaABAg,bd1Xx-kiwyc,Fake,0,2025-11-18T09:56:02Z,candidate
UgwttzGjUTQfFiGQdxd4AaABAg,bd1Xx-kiwyc,You are so beautiful  Gill 🌹❤️😘🥰,0,2025-10-24T09:33:25Z,candidate
UgzxyyTKWEJlGCU06JV4AaABAg,bd1Xx-kiwyc,😢😢😢😢😢😢😢😢😢😢😢,0,2025-10-23T10:52:39Z,candidate
Ugy3HMxY3pz2xpDhJy14AaABAg,bd1Xx-kiwyc,King,0,2025-09-18T14:12:35Z,candidate
UgwlawOHhS2tAdHoNxZ4AaABAg,bd1Xx-kiwyc,Gill,1,2025-09-04T15:50:31Z,candidate
UgxWi85yFaDnHfX7Psl4AaABAg,bd1Xx-kiwyc,Prince to Bhai king hai,23,2025-09-04T09:50:06Z,candidate
Ugw648KEChXv0XYMGRJ4AaABAg,bd1Xx-kiwyc,fake news hai. don't trust internet,0,2025-08-10T13:10:11Z,candidate
UgyLVt35I9IJFNiomiZ4AaABAg,bd1Xx-kiwyc,sara tendulkar I love you Shivam Na baje hai ❤❤❤,6,2025-07-29T17:16:23Z,candidate
UgxKHw9OZDsOZm10jax4AaABAg,bd1Xx-kiwyc,Gill❤❤❤,3,2025-07-20T15:58:10Z,candidate
UgwJzDSO8xfou7-8-094AaABAg,bd1Xx-kiwyc,गिल ❤❤❤❤❤❤❤❤❤🎉🎉🎉🎉,3,2025-07-05T10:30:59Z,candidate
Ugy5hKZlZ-x5NL1j2oJ4AaABAg,bd1Xx-kiwyc,Gill,4,2025-06-21T02:34:32Z,candidate
Ugxz1eLHMNUuT8EGD8V4AaABAg,bd1Xx-kiwyc,Very nice,3,2025-06-16T09:45:17Z,candidate
UgzBNn8Y8ASHpRH6s1R4AaABAg,bd1Xx-kiwyc,Very much,0,2025-06-16T09:45:00Z,candidate
Ugwo7XSbIPrWclIsL2J4AaABAg,bd1Xx-kiwyc,Sahi kaiya hai,1,2025-06-10T13:21:32Z,candidate
UgwiDbgd9OAK9HLKZMl4AaABAg,bd1Xx-kiwyc,Are match dekh ne aai hai aur kya😂,2,2025-06-09T18:52:42Z,candidate
UgyUaQtBo1ku0hKGkYJ4AaABAg,bd1Xx-kiwyc,He should be angry on himself,23,2025-06-01T03:50:20Z,candidate
UgxJUwWlBDJf8DG05gp4AaABAg,_mTJXHaY5kI,Oh my GT players 😮😮😮❤❤❤🎉🎉🎉,1,2026-08-12T08:16:32Z,candidate
UgxJpwZlzlvwhrnxxKJ4AaABAg,_mTJXHaY5kI,😮😮,0,2026-08-11T13:15:39Z,candidate
Ugx8e0LUkbSW4RYeuHZ4AaABAg,0KRwLvvx4YY,I love you Gujrat title,0,2026-08-10T07:04:03Z,candidate
UgwY4J_XgvouXujI5Vd4AaABAg,0KRwLvvx4YY,Gt🎉🎉🎉🎉🎉🎉🎉🎉🎉🎉🎉🎉🎉🎉😢😢😢😢😮😮😮😮😮😅😅❤❤❤❤❤❤❤❤😂😂😂😂😂🎉🎉🎉🎉😢😢😮😮😅😅😊😊😊😊😊😊😊😊😅😅😅😅😢😢😢😢😢😢😢😢😢😢😢😢😂😂😂😂❤❤❤❤❤❤❤❤❤❤❤❤❤❤❤😂😂😂😂😂😂😂🎉🎉🎉🎉😢😢😮😮😮😅😊😊😊😅😮😮🎉🎉🎉😂❤🎉😮😮😅😅🎉😂❤😂🎉😢😮😅😊❤🎉🎉😢😮😅😊,0,2026-08-10T03:23:12Z,candidate
Ugwt--XOTWy_poj7rgl4AaABAg,0KRwLvvx4YY,❤❤❤❤❤❤❤gt,0,2026-07-31T14:50:33Z,candidate
Ugyvj8ZOVyFtojwLs8d4AaABAg,0KRwLvvx4YY,GT BRAND 😈 😈 😈 😈 😈😈😈😈,1,2026-07-30T01:41:31Z,candidate
UgyuLW6gXQ2taCXvHVZ4AaABAg,0KRwLvvx4YY,😂rcb,0,2026-07-20T02:29:13Z,candidate
UgyZnYBuWE730-MTwN14AaABAg,0KRwLvvx4YY,Gt🔥🔥🔥💯💙💪,0,2026-07-19T05:45:14Z,candidate
UgwqYgOtYhkrOPgA1hF4AaABAg,0KRwLvvx4YY,Gtnotiger❤❤,1,2026-07-18T09:14:58Z,candidate
Ugz5IsjPUpUUIsuMWS94AaABAg,0KRwLvvx4YY,I❤ gujarat timm❤❤😊,0,2026-07-17T04:14:25Z,candidate
UgxwD7Cf9FxtAb_aUxN4AaABAg,0KRwLvvx4YY,🥇🏆⚾🚎🚆,0,2026-07-04T13:22:39Z,candidate
UgxBzVFtd5FaE1Gm24x4AaABAg,0KRwLvvx4YY,2026RCB ❤❤❤❤❤❤❤❤❤❤❤❤❤❤❤❤❤❤❤❤❤❤❤❤❤❤❤❤❤❤❤❤❤❤❤❤❤❤❤❤❤❤❤❤❤❤❤❤❤❤❤❤❤❤❤❤❤❤❤❤❤❤❤❤❤❤❤❤❤❤❤❤❤❤❤❤❤❤❤❤❤❤❤❤❤❤❤❤❤❤❤❤❤🎉🎉🎉🎉🎉🎉🎉🎉🎉🎉🎉🎉🎉🎉🎉🎉🎉🎉🎉🎉🎉🎉🎉🎉🎉🎉🎉🎉🎉🎉🎉🎉🎉🎉🎉🎉🎉🎉🎉🎉🎉🎉🎉🎉🎉🎉🎉🎉🎉🎉🎉🎉🎉🎉🎉🎉🎉🎉🎉🎉🎉🎉🎉🎉🎉🎉🎉🎉😊😊😊😊😊😊😊😊😊😊😊😊😊😊😊😊😊😊😊😊😊😊😊😊😊😊😊😊😊😊😊😊😊😊😊😊😊😊😊😊😊😊😊😊😊😊😊😊😊😊😊😊😊😊😊😊😊😊😊😊😊😊😊😊😊😊😊😊😊😊😊😊😊😊😊😊 2026RCB,1,2026-07-03T15:01:53Z,candidate
UgxZ9RS_Nvf1yNshhtB4AaABAg,0KRwLvvx4YY,Gt❤❤❤❤❤❤❤❤❤❤❤❤❤,0,2026-06-26T08:26:22Z,candidate
UgzVOmHnFUvq795JNEB4AaABAg,0KRwLvvx4YY,GTfan❤❤❤❤,0,2026-06-22T08:23:58Z,candidate
UgxusxtkW2yVIVg2VmZ4AaABAg,0KRwLvvx4YY,जीटी वालों 2022 का ही सपना देखते रह,0,2026-06-17T08:14:06Z,candidate
UgxdBIui6d5mU8nMnzB4AaABAg,0KRwLvvx4YY,Dev❤❤,1,2026-06-16T13:22:10Z,candidate
UgxwSSqfftPz_y1LWX14AaABAg,0KRwLvvx4YY,"I am a gt fan god please recreate this momentbon 2027. It's ok rcb won but gt will come back next year weather you won or losse always supporting you 
AVA DE",0,2026-06-16T03:26:34Z,candidate
UgzPWIpzXWN94i9gG4p4AaABAg,0KRwLvvx4YY,Aava De🎉🎉,0,2026-06-13T08:06:41Z,candidate
Ugwf4nAnS-vrw4O1ulV4AaABAg,0KRwLvvx4YY,Trophy aava de and home jayoa de 😁😁😁,1,2026-06-13T03:13:19Z,candidate
UgwFqbGY34SC4kpkX8B4AaABAg,0KRwLvvx4YY,Rcb is king 😈👿 rcb is my fav,0,2026-06-12T05:25:20Z,candidate
UgwGJW1wVAZs-Mw55_t4AaABAg,0KRwLvvx4YY,❤❤❤❤❤💯,0,2026-06-10T15:44:20Z,candidate
UgwTiQrknqNARFlUnzl4AaABAg,0KRwLvvx4YY,❤❤❤❤❤❤❤❤❤❤❤,0,2026-06-07T09:12:16Z,candidate
UgyMHB_w-WYQX2sAnwJ4AaABAg,0KRwLvvx4YY,Shubman gill and sai sudarshan dono bhai tabahi macha denge❤,0,2026-06-06T15:09:09Z,candidate
UgxyZjHY-i04yg8c-7F4AaABAg,0KRwLvvx4YY,GT on fire ❤,0,2026-06-06T06:10:56Z,candidate
UgxJqRHmNbrnCGm6XHh4AaABAg,0KRwLvvx4YY,રાજા jiti,0,2026-06-05T10:26:59Z,candidate
Ugwk3AGabnS7vjWdNsp4AaABAg,0KRwLvvx4YY,2026 mah to RCB jiti Gai Ho,0,2026-06-03T05:00:45Z,candidate
Ugwzo0XXNomAVIPwVD54AaABAg,0KRwLvvx4YY,❤❤❤❤,0,2026-06-02T17:40:38Z,candidate
UgzZvjEp7s8MUG-l_VF4AaABAg,0KRwLvvx4YY,rcb,0,2026-06-01T06:17:02Z,candidate
UgxmPREGAfIiW2GX7PB4AaABAg,0KRwLvvx4YY,❤❤,0,2026-06-01T01:54:34Z,candidate
UgyzXjyIz3vcdcquZ214AaABAg,0KRwLvvx4YY,Please hardik Bhai ajvo pir gujrat mai apki jarurat hai,0,2026-05-31T18:01:53Z,candidate
Ugzhm-ZD2szlaY9gAn54AaABAg,0KRwLvvx4YY,Please god made it again ❤,0,2026-05-31T10:47:12Z,candidate
Ugzvw7usqHbZClQTlp54AaABAg,0KRwLvvx4YY,Is bar kar do muje rcb valo ka ghamand todna he 🙏,1,2026-05-30T20:54:05Z,candidate
UgyQlBNzl4yWLJwVK4h4AaABAg,0KRwLvvx4YY,Inshallah is baar bhi RCB hi jitegi final ❤❤❤❤❤❤❤❤❤,0,2026-05-30T15:28:43Z,candidate
UgwleciZwjsCHKeLMzp4AaABAg,0KRwLvvx4YY,Please 2022  back OK ❤🙏🙏🙏🙏,0,2026-05-30T14:15:16Z,candidate
Ugw13Q_da_tH7r4Th-14AaABAg,0KRwLvvx4YY,Cminson ganpati bappa morya 2026   Trophy 🏆 gujarati tantans 🎉🎉🎉🎉🎉🎉🎉🎉🎉🎉🎉🎉🎉🎉🎉,0,2026-05-30T11:53:16Z,candidate
UgzqGsEkFi4i3XG_v794AaABAg,0KRwLvvx4YY,GT GT 💙💙🤟🤟💪🫂😎,1,2026-05-30T09:06:14Z,candidate
UgzvkB0u39HqW75qFep4AaABAg,0KRwLvvx4YY,🩵🩵🩵🩵👿👿👿👿👿😎😎😒🫡🫡🫡🫡🫡,1,2026-05-30T08:46:13Z,candidate
UgyKGCeVyQcle4HMuJN4AaABAg,0KRwLvvx4YY,Always rçb🎉🎉🎉🎉,1,2026-05-29T12:28:20Z,candidate
UgyyqOMNrHnCAQprbhR4AaABAg,0KRwLvvx4YY,"2025❎
2025❎
2027❎
2028❎",0,2026-05-28T18:23:56Z,candidate
UgyfYK0R2kMfjLnVedR4AaABAg,0KRwLvvx4YY,Sapnon mein,0,2026-05-28T18:20:29Z,candidate
UgybKyKNtKk-tiOXmJV4AaABAg,0KRwLvvx4YY,🏆🏆🏆🏆🏆2026 winner🏆🏆🏆🏆🏆🏆🏆🏆🏆🏆🏆🏆🏆🏆🏆🏆🏆🏆🏆🏆🏆🏆🏆🏆🏆🏆🏆🏆hogi😍😍😍😍😍😍😍😍😍😍😍😍😍😍😍😍😍😍😍😍😍😍😍😍🏆🏆🏆🏆🏆😍🏆😍🏆😍🏆😍🏆😍🏆😍🏆😍🏆😍🏆😍🏆😍🏆😍🏆😍🏆😍🏆😍🏆😍🏆😍🏆😍🏆😍🏆😍,0,2026-05-28T11:20:57Z,candidate
UgyHd1fOtEruibqa7Ox4AaABAg,0KRwLvvx4YY,Aayo maro vagh aayo,0,2026-05-28T06:28:16Z,candidate
UgxeN_voteqjNEPUvA14AaABAg,0KRwLvvx4YY,😂 Pichhle Harsh Vihar ke Bhag Gaya,0,2026-05-27T15:39:52Z,candidate
Ugyv7mDWi5rjQqbv-x54AaABAg,0KRwLvvx4YY,Mare GT 💙 aava de a verse pan..❤🎉,0,2026-05-25T17:45:30Z,candidate
UgyTRUQ05wT35fHBnuh4AaABAg,0KRwLvvx4YY,2026❤❤❤,0,2026-05-25T02:10:43Z,candidate
Ugy8MDMHd8olLV6W7Px4AaABAg,0KRwLvvx4YY,2026🏆🏆🏆🏆🏆🏆👑👑👑💙💙💙,0,2026-05-24T15:07:54Z,candidate
Ugy8mOhmElBzgxbj1f14AaABAg,0KRwLvvx4YY,Ahmad Ahmad,1,2026-05-24T04:54:01Z,candidate
Ugzs8S65bLkaZ_t6jiZ4AaABAg,0KRwLvvx4YY,Aap Gujarat Titans 2026 mein trophy jitegi Royal challengers Bengaluru ka final mein Hara kar,0,2026-05-23T12:26:05Z,candidate
UgxM2vf9R6T2YUzPEa94AaABAg,0KRwLvvx4YY,❤❤,0,2026-05-22T04:59:25Z,candidate
UgzIuA5p3QjjMnfiMEN4AaABAg,0KRwLvvx4YY,Look at shubmam is very happy 🎉,0,2026-05-21T15:45:37Z,candidate
UgzIi6P8px57qa_2eMZ4AaABAg,0KRwLvvx4YY,Yaar the best moment for us and gt fans🎉🎉,0,2026-05-21T15:45:16Z,candidate
Ugxz75b4mESwoxzGeLR4AaABAg,0KRwLvvx4YY,😮❤❤😅😂😢🎉❤,0,2026-05-18T16:29:41Z,candidate
UgyOzSknFNsMKhLVVtB4AaABAg,0KRwLvvx4YY,GT no BAAP RCB chhe,0,2026-05-17T08:45:11Z,candidate
Ugzw7lt5LjujRquUVAZ4AaABAg,0KRwLvvx4YY,We want this year 💙🧿🧿💙,31,2026-05-17T08:19:11Z,candidate
UgzaMvfK8e7sqn2J5u94AaABAg,0KRwLvvx4YY,Cup aava de ❤ GT ❤,0,2026-05-17T04:57:57Z,candidate
UgxYRSd4ewnsd1XD9Qd4AaABAg,0KRwLvvx4YY,Obly GB,0,2026-05-16T15:56:46Z,candidate
Ugwtn-yyPkZK6D_YjBx4AaABAg,0KRwLvvx4YY,Gt😊😊😊😊😊😊😊😊😊😊😊😊😊😊gt😊😊😊😊😊😊😊😊😊😊😊😊😊😊,0,2026-05-16T03:24:09Z,candidate
Ugywh-kvjm_2TgpqGvh4AaABAg,0KRwLvvx4YY,Gt ke liye kuch bhi,0,2026-05-14T09:10:46Z,candidate
UgyI1wDyb4BwEDIQzqN4AaABAg,0KRwLvvx4YY,"❤❤❤❤❤😊😊😅,,,,,,",0,2026-05-11T15:50:59Z,candidate
UgzikUI5LAqup8DQazR4AaABAg,0KRwLvvx4YY,Ha gill Ha 🔥🔥🔥🔥🔥🔥🔥❤,0,2026-05-11T12:39:43Z,candidate
UgwZu7MzLbBR5DKD-dR4AaABAg,0KRwLvvx4YY,Happy🎉🎉🎉🎉🎉gt❤❤😂😢,0,2026-05-11T05:51:55Z,candidate
UgyGG66QI3w_kIxUQxh4AaABAg,0KRwLvvx4YY,Aava de 💙,0,2026-05-09T02:06:33Z,candidate
UgwAa3e41FHiF-hs9hB4AaABAg,0KRwLvvx4YY,Title lollipop wala lollipop Gujarati title😅😅😅😅😅😅😅😅😅😅😅😅😅😅😅,0,2026-05-08T17:08:45Z,candidate
UgwCcwX389VVd2I21Kh4AaABAg,0KRwLvvx4YY,Aava de ?😂 2026,0,2026-05-08T09:40:22Z,candidate
UgyF15G16WDmiWIYZXJ4AaABAg,0KRwLvvx4YY,What a team in 2022,1,2026-05-03T17:03:18Z,candidate
Ugwskj7MGapgIQVi2mF4AaABAg,0KRwLvvx4YY,GT paap,0,2026-04-29T13:00:50Z,candidate
UgythyZu4GLUBdFnyPd4AaABAg,0KRwLvvx4YY,GT🍭🍭🍭🍭🍭🍭🍭🍬🍬🍬🍬🍬🍭🍭🍭🍭🍭🍭🍭🍭,0,2026-04-28T04:54:25Z,candidate
UgyaPwrBleVxsRrEEMl4AaABAg,0KRwLvvx4YY,GT baap❤❤❤❤❤❤❤❤❤❤,0,2026-04-26T13:49:15Z,candidate
UgzWh1De_ynqwEvfKzF4AaABAg,0KRwLvvx4YY,Gt on fire,0,2026-04-23T10:09:37Z,candidate
UgzFCS45JDCXfxVkszB4AaABAg,0KRwLvvx4YY,2026 going to be repeated ❤❤,29,2026-04-22T08:29:42Z,candidate
UgyYpkr2sSVXfQTUpzZ4AaABAg,0KRwLvvx4YY,My love GT and my love Mohammed siraji,3,2026-04-16T11:54:05Z,candidate
Ugz9Rj9qVjcnx49QOK94AaABAg,0KRwLvvx4YY,I love you sumban gill and I love you too GT,2,2026-04-14T09:47:24Z,candidate
UgyeTkns2HqPgpyofsh4AaABAg,0KRwLvvx4YY,Csk,0,2026-04-14T08:11:05Z,candidate
UgxIMnPT_Ys2m5iM0MF4AaABAg,0KRwLvvx4YY,My love GT and I love GT,0,2026-04-12T08:49:29Z,candidate
Ugy1AC4oOew5lYhIlvp4AaABAg,0KRwLvvx4YY,2026Gt,1,2026-04-09T07:08:53Z,candidate
UgyZiXwGpTHISAGWgOR4AaABAg,0KRwLvvx4YY,GT champions thi hai or hamesha rahegi ❤,2,2026-04-08T02:06:01Z,candidate
UgyjVeIUsSscnjl-yqx4AaABAg,0KRwLvvx4YY,GT  team forever win 🧿🔥🧿🏏❤☠😈,0,2026-03-24T16:07:20Z,candidate
UgwUww3qGDgdUIPQk5x4AaABAg,0KRwLvvx4YY,😊❤😊😊,0,2026-03-11T13:00:44Z,candidate
UgxVp_P1lfsyqoVGFUp4AaABAg,0KRwLvvx4YY,gujrat titans I ❤you,0,2026-03-09T13:26:34Z,candidate
Ugw5Oc9ia2qZHHzrEIJ4AaABAg,0KRwLvvx4YY,🖤🖤🖤🖤🖤⚡⚡⚡⚡🖤🖤⚡⚡⚡⚡⚡⚡⚡⚡⚡⚡⚡🖤🖤🖤👍👿👍👿⚡☠️👿☠️⚡☠️⚡☠️⚡☠️⚡☠️⚡☠️⚡☠️⚡☠️,0,2026-02-18T02:22:50Z,candidate
UgwFUGrusFaYeJOwNd94AaABAg,0KRwLvvx4YY,Gill❤❤❤❤,4,2026-01-13T02:33:32Z,candidate
Ugwayk4xzrB16fbUuKZ4AaABAg,0KRwLvvx4YY,❤❤❤❤ GT ❤❤❤❤❤❤🎉🎉🎉🎉🎉🎉🎉🎉🎉❤❤❤❤❤,2,2025-12-23T04:13:52Z,candidate
UgyfYrsDDi0RAqeB0OZ4AaABAg,0KRwLvvx4YY,😍🥰🥰🥰🥰,0,2025-12-22T16:51:51Z,candidate
UgyOQE71KTsDv9kDb194AaABAg,0KRwLvvx4YY,Hardik Pandya king of fire 🔥🔥,3,2025-11-25T14:52:20Z,candidate
UgzAEFyYf9jBZXlBK_V4AaABAg,0KRwLvvx4YY,I❤ love GT,0,2025-11-03T06:56:17Z,candidate
Ugz69o8Cf-EBDXQZaAd4AaABAg,0KRwLvvx4YY,GT❤❤,0,2025-10-31T07:43:42Z,candidate
UgxDAEYKyfU33tz3WBh4AaABAg,0KRwLvvx4YY,My best  tim Gt❤❤❤❤❤❤❤❤❤❤❤,1,2025-10-27T11:05:39Z,candidate
Ugzq_okcQ7lIy3zhtHN4AaABAg,0KRwLvvx4YY,❤❤❤,0,2025-10-13T14:42:57Z,candidate
UgwpDNOxsCrBes2srGV4AaABAg,0KRwLvvx4YY,Gt fan❤❤❤❤❤❤❤ in am also big gill fan yar❤❤❤❤❤❤❤❤🎉🎉🎉🎉🎉,1,2025-10-03T18:08:13Z,candidate
UgzkwNwgYqWNsz6hV_x4AaABAg,0KRwLvvx4YY,🩵🩵🩵,1,2025-08-06T14:14:47Z,candidate
UgzvhhvQBbRBl3VJpyN4AaABAg,0KRwLvvx4YY,Only gt gt gt gt❤❤❤❤❤❤,1,2025-07-30T13:04:52Z,candidate
UgzM-iqZs_l3UVFsJf54AaABAg,0KRwLvvx4YY,Good 😊😊🎉🎉❤❤❤❤❤❤🥰🥰🥰,4,2025-06-30T06:20:26Z,candidate
Ugzv7JCxVka84TiVaVd4AaABAg,0KRwLvvx4YY,Rashid Khan 🏏🏏🏏🏏🏏🏏🏏🏏🏏🏏🏏🏏🏏🏏🏏🏏🏏🏏🏏🏏🏏🕋🕋🕋🕋🕋🕋🕋🕋🕋🕋🕋🕋🕋🕋🕋🕋🕋🕋🕋🕋🕋🕋🕋🕋🕋🕋👑👑👑👑👑👑👑👑👑👑👑👑👑👑👑👑👑👑👑👑👑👑👑👑👑👑🕌🕌🕌🕌🕌🕌🕌🕌🕌🕌🕌🕌🕌🕌🕌🕌🕌🕌🕌🕌🕌🕌🕌🕌🕌🕌❤️❤️❤️❤️❤️❤️❤️❤️❤️❤️❤️❤️❤️❤️❤️❤️❤️❤️❤️❤️❤️❤️❤️❤️❤️❤️🇦🇫🇦🇫🇦🇫🇦🇫🇦🇫🇦🇫🇦🇫🇦🇫🇦🇫🇦🇫🇦🇫🇦🇫🇦🇫🇦🇫🇦🇫🇦🇫🇦🇫🇦🇫🇦🇫🇦🇫🇦🇫🇦🇫🇦🇫🇦🇫🇦🇫🇦🇫,0,2025-06-26T11:24:48Z,candidate
UgwcC5Sr4aAGgsC2Adl4AaABAg,0KRwLvvx4YY,2026 aava de😊😊😊😊,2,2025-06-17T08:21:47Z,candidate
UgxExR1ynvL_-5zSwA94AaABAg,0KRwLvvx4YY,Always GT ❤❤❤❤❤,0,2025-06-07T14:01:03Z,candidate
UgyGi7klFmXOOsheSpF4AaABAg,0KRwLvvx4YY,❤❤❤❤,1,2025-06-05T18:04:37Z,candidate
UgyiKxgNVEZzIvs0p194AaABAg,0KRwLvvx4YY,❤❤❤❤❤❤❤❤❤❤❤❤❤❤❤❤❤❤❤❤❤❤❤❤❤❤❤❤❤❤❤❤❤❤❤❤❤❤,0,2025-06-05T05:49:17Z,candidate
UgxsGQBgP3Y7_0w7A-d4AaABAg,0KRwLvvx4YY,❤❤❤❤,1,2025-06-05T02:45:26Z,candidate
Ugx31cJlfIi8n45Lx-d4AaABAg,0KRwLvvx4YY,Gt❤❤❤❤❤❤❤❤❤❤❤❤❤❤❤❤❤❤❤❤❤❤❤❤❤❤❤❤fan,0,2025-06-04T10:08:48Z,candidate
Ugx7SWmMcZ8KK3FNDIB4AaABAg,0KRwLvvx4YY,Shubman gill is the best 2022 World Cup,0,2025-06-04T07:40:40Z,candidate
Ugy-xmneuePQ0aI9RP54AaABAg,0KRwLvvx4YY,Only gujrat Titus ❤❤❤❤❤❤❤❤❤,0,2025-06-04T07:33:46Z,candidate
UgyPhtBSJFEF5Ko5Ixd4AaABAg,0KRwLvvx4YY,GT is my favorite team in ipl 🖤🖤🔥😈,17,2025-06-04T05:54:16Z,candidate
UgyZfkOJtbHZ-fM6DLF4AaABAg,0KRwLvvx4YY,❤❤❤❤❤,0,2025-06-02T11:08:46Z,candidate
UgwMSewSgrtHblh4ZbV4AaABAg,0KRwLvvx4YY,❤❤❤❤,0,2025-06-02T06:51:16Z,candidate
Ugwp3iwKo-YLY_3cha14AaABAg,0KRwLvvx4YY,Plz once more this year ...😊,25,2025-05-30T05:57:31Z,candidate
UgzLZssbc9CYQg6tDmp4AaABAg,0KRwLvvx4YY,It subhman gill 🎉🎉❤❤,2,2025-05-30T05:16:00Z,candidate
UgwaFkE2w7yF1Du9mD14AaABAg,0KRwLvvx4YY,GT fans❤❤❤❤❤❤🎉🎉😮😅😊😮😢🎉🎉😢😮😅😂😂😂,0,2025-05-29T06:36:23Z,candidate
Ugz0qjnnBarokcgMBwV4AaABAg,0KRwLvvx4YY,Only GT fan❤,4,2025-05-28T15:24:20Z,candidate
UgxD-40KlAy9399xarN4AaABAg,0KRwLvvx4YY,good Gujarati❤❤❤❤,0,2025-05-28T05:24:40Z,candidate
UgzXUW3hih_DTvOh5Qt4AaABAg,0KRwLvvx4YY,"GT fa  ❤❤❤❤❤❤❤❤❤🎉🎉🎉🎉🎉🎉🎉🎉🎉🎉🎉🎉🎉😊😊😊😊😊😊😊😊😊😊😊😊😊😊😊😊😊😊
❤❤❤❤❤❤❤❤",0,2025-05-27T15:08:42Z,candidate
UgyEj8CmYaNmo4tvUJB4AaABAg,0KRwLvvx4YY,GT fan,1,2025-05-27T15:08:03Z,candidate
Ugxnpdj3trrHA0NJOuV4AaABAg,0KRwLvvx4YY,Nice effects ji all the best friends ji,1,2025-05-27T00:54:10Z,candidate
Ugz5z1bWpHVAOoNLPbB4AaABAg,0KRwLvvx4YY,God bless you my dear GT love life ❤❤❤❤,3,2025-05-27T00:53:17Z,candidate
UgwEok3ZnPblxP2Ilfx4AaABAg,0KRwLvvx4YY,Only GT fan yah kab hamara Hai❤❤❤❤❤❤❤❤🎉🎉🎉🎉🎉🎉,46,2025-05-26T10:07:14Z,candidate
UgyXl-wqA4LJGULXRnB4AaABAg,0KRwLvvx4YY,Good ❤❤❤❤❤❤only,3,2025-05-26T05:24:30Z,candidate
Ugwg-ZLGAbHYJ7eWTYR4AaABAg,0KRwLvvx4YY,2025😊😊,0,2025-05-25T14:15:44Z,candidate
UgyC2DGGo6RLB2YuL8J4AaABAg,0KRwLvvx4YY,GOD ji please ye recreate karva do or shubhman gill se milva do aur Kuch nahi chahiye 😊,1,2025-05-24T09:50:59Z,candidate
UgzPNFJl7MKMV7M1wNJ4AaABAg,0KRwLvvx4YY,Csk fan hai pr gill bhi,0,2025-05-24T02:05:28Z,candidate
UgxCnwCR0U7oY_XAJg14AaABAg,0KRwLvvx4YY,I noticed hp 😊,2,2025-05-22T03:58:43Z,candidate
Ugx_0Z_V0u6XkPzK8QF4AaABAg,0KRwLvvx4YY,Ye moment 2025me mil jaye bus yarr😅,42,2025-05-19T13:39:30Z,candidate
Ugxah0y8JifXsfXuGid4AaABAg,0KRwLvvx4YY,17 year rcb 🍭🍭🍭,1,2025-05-19T07:08:52Z,candidate
UgzG7_uISgLxwHtPtox4AaABAg,0KRwLvvx4YY,Gt❤❤❤shubmangill💞💍💍💞💞,0,2025-05-18T17:08:19Z,candidate
UgzMB4Xem9MnWV7zUL54AaABAg,0KRwLvvx4YY,I am the fan of GT so I want to all time GT will win all match ok 👍👍👍,3,2025-05-18T13:41:22Z,candidate
UgznVDx6hacsT70KWl14AaABAg,0KRwLvvx4YY,Gt aava de ❤😊,0,2025-05-18T04:19:18Z,candidate
UgwEWbkXfIsrPaP6fLh4AaABAg,0KRwLvvx4YY,♥️GT🏆RCB ❤,0,2025-05-17T15:53:14Z,candidate
UgzR33204YUJxhjOI8p4AaABAg,0KRwLvvx4YY,Gujarat Titans 💙💙💙💙💙💙💙💙,0,2025-05-14T13:37:07Z,candidate
UgxI_JH8r6ujFmTajll4AaABAg,0KRwLvvx4YY,GT 🖤🖤🖤🖤🖤🖤🖤🖤,0,2025-05-09T05:55:10Z,candidate
UgyAk8eXcngmOJUMPNd4AaABAg,0KRwLvvx4YY,Gt❤❤❤,0,2025-05-08T11:34:05Z,candidate
UgxXz5XJlB5edT7HFk94AaABAg,0KRwLvvx4YY,2025 GT 2nd trophy loading...,2,2025-05-01T07:08:43Z,candidate
Ugz7RXWsX5xAE6T-axp4AaABAg,0KRwLvvx4YY,I am Gill pagluuu 💙,1,2025-04-25T19:31:01Z,candidate
Ugzi2LxF2xCPWzz1Y_V4AaABAg,0KRwLvvx4YY,who is the best  Titans,1,2025-04-25T03:14:23Z,candidate
Ugxy4G6PXVCK7c-AoQt4AaABAg,0KRwLvvx4YY,GT ❤❤❤🏆🏆🏆🏆🏆🏆🏆🏆,0,2025-04-24T03:52:19Z,candidate
UgxuJt1opuuvYGiLH1J4AaABAg,0KRwLvvx4YY,Best of luck Gujarat title❤❤❤❤❤❤❤❤❤❤ shubman Gill❤❤❤❤❤,15,2025-04-15T07:29:06Z,candidate
UgwB6FkhFR02AzOddSB4AaABAg,0KRwLvvx4YY,"GT is the best team
I love GT❤❤❤❤❤",16,2025-04-14T13:09:37Z,candidate
UgwemrTU0WyQxzeQ12p4AaABAg,0KRwLvvx4YY,Gt  fan RCB,2,2025-04-10T04:46:13Z,candidate
UgxzbNj6xHkRxC0cBY54AaABAg,0KRwLvvx4YY,Fixed title,0,2025-04-09T17:46:23Z,candidate
UgzPD0n5FCcneDmEXnZ4AaABAg,0KRwLvvx4YY,GT Gill ❤❤❤❤❤❤❤,2,2025-04-07T06:09:28Z,candidate
UgyPTFlwHJghV7MAbLl4AaABAg,0KRwLvvx4YY,2025 final win,0,2024-11-28T15:59:06Z,candidate
Ugx_RuRe8UOr7J0_lvZ4AaABAg,0KRwLvvx4YY,Jai ho pandya sir apki..,1,2024-11-03T14:14:21Z,candidate
UgxdxnUcVAo_gFSXiy14AaABAg,0KRwLvvx4YY,Hardik pandya ❤❤❤,1,2023-10-21T04:59:39Z,candidate
Ugz1b00eGm-wHATqD_R4AaABAg,0KRwLvvx4YY,Shubhman gill ❤❤❤,0,2023-10-01T09:44:53Z,candidate
UgzBgYWQn6BUCNtgORR4AaABAg,0KRwLvvx4YY,Gt,1,2023-08-05T12:59:15Z,candidate
UgxqyKsMhKK9Dduu3Ql4AaABAg,0KRwLvvx4YY,Harsh 🏏🏏🏏🏏🏏🏏🏏🏏🏏🏏🏏🏏🏏🏏🏏🏏🏏🏏🏏🏏🏏🏏🏏🏏🏏🏏🏏🏏🏏,0,2023-07-02T08:01:32Z,candidate
UgzwPPL8xdSExuYAoOB4AaABAg,0KRwLvvx4YY,Shubman gill reaction 🖤,0,2023-06-29T06:48:57Z,candidate
Ugx8ymLWaVis1yd8ndN4AaABAg,0KRwLvvx4YY,Gujarat titans=titanic,0,2023-06-22T12:11:12Z,candidate
UgwXmAJV3rTVZwBH3754AaABAg,0KRwLvvx4YY,Gt noob😂,0,2023-06-19T18:11:53Z,candidate
UgxpHem45R-qrzAmunF4AaABAg,0KRwLvvx4YY,GT love 💙💙💙🏆🥇,0,2023-06-19T15:23:47Z,candidate
Ugx0Yaoym-R1F9oq0NN4AaABAg,0KRwLvvx4YY,Shubman gill the  great,0,2023-06-18T00:53:18Z,candidate
UgydZ7_jiY8HzaEck-94AaABAg,0KRwLvvx4YY,Gujrat taitans,0,2023-06-15T10:55:42Z,candidate
Ugwgsgud9vOWe96C-Y14AaABAg,0KRwLvvx4YY,Gt is powerful👑👑👑👑👑👑👑,0,2023-06-15T04:59:19Z,candidate
UgxjtbeeVZvsnSYAT5V4AaABAg,0KRwLvvx4YY,Good 😊❤😊❤,30,2023-06-12T16:49:33Z,candidate
Ugzv2_bRvrX2Pf9DuF54AaABAg,0KRwLvvx4YY,GUJRAT TITANS ❤❤,15,2023-06-12T14:04:36Z,candidate
UgwLsEzep-_DcbPjppx4AaABAg,0KRwLvvx4YY,🥇🎁🎀🎉🎇✨🧨🏆🏏⛳⛳🏸🏏,0,2023-06-11T11:56:58Z,candidate
Ugwy7JajLia1CCeUFId4AaABAg,0KRwLvvx4YY,MsD💛💛💛,0,2023-06-07T03:19:41Z,candidate
UgyTV7qctpzfMq3nBpB4AaABAg,0KRwLvvx4YY,msd winer by 5 yime,0,2023-06-06T16:46:04Z,candidate
UgzmrdRH1yNkDde7ROp4AaABAg,0KRwLvvx4YY,MS Dhoni,0,2023-06-06T15:19:47Z,candidate
Ugxg1_cKVS0nv0tI7kV4AaABAg,0KRwLvvx4YY,New champion CSK bro,0,2023-06-06T12:46:28Z,candidate
Ugy_ZjFBDX3ixzgAcMV4AaABAg,0KRwLvvx4YY,"😂😂,🤫☹️🤯😂😂😂😂🖕",0,2023-06-06T07:11:40Z,candidate
Ugxg8kMnJhAM2khn9UR4AaABAg,0KRwLvvx4YY,👌🏻,0,2023-06-06T07:03:40Z,candidate
UgyJUEPj-RzEYXg1WC14AaABAg,0KRwLvvx4YY,2023 champions csk 🏆🥇,0,2023-06-06T04:55:55Z,candidate
UgwPo91mPixDeew4uId4AaABAg,0KRwLvvx4YY,Is baar to fail ho gya gt Ms dhoni se takar lekar,0,2023-06-06T02:16:00Z,candidate
UgzZTW1hz0uEeBAOve14AaABAg,0KRwLvvx4YY,Csk❤❤❤❤,0,2023-06-05T14:28:31Z,candidate
Ugwd-X8x-XalBlyXMgR4AaABAg,0KRwLvvx4YY,Csk gt ko haga de ya😂😂,1,2023-06-05T14:05:15Z,candidate
UgyF00mjgoN4-uJmBr54AaABAg,0KRwLvvx4YY,Only GT fan❤,122,2023-06-05T13:39:36Z,candidate
UgyiIHN-HH7maxCBYKB4AaABAg,0KRwLvvx4YY,Agali bar koshish kar lena IPL jitne ka please,0,2023-06-05T12:50:02Z,candidate
UgxVtuFXaZyco2tKfjh4AaABAg,0KRwLvvx4YY,Best team best investing real sab team best write title Gujarat,0,2023-06-05T12:28:04Z,candidate
Ugxoi-FQtwBe2ptXVlh4AaABAg,0KRwLvvx4YY,Chennai Super King 😎😎😎🎉🎉😈😈😈😈,0,2023-06-05T08:02:49Z,candidate
UgwTSbiPRgpta_tl0dB4AaABAg,0KRwLvvx4YY,"Gt:- aava de 
CSK ;- lavda le",0,2023-06-05T04:32:07Z,candidate
UgycKOSlCWJmgezEHX14AaABAg,0KRwLvvx4YY,CSK 💛💛💛💛,0,2023-06-05T02:58:30Z,candidate
UgyfOEsIt7R0w8kzg1l4AaABAg,0KRwLvvx4YY,CSK msd❤❤❤❤❤,0,2023-06-04T13:17:37Z,candidate
UgwWMNcX88geFx9j7rl4AaABAg,0KRwLvvx4YY,CSK❤,0,2023-06-04T12:40:58Z,candidate
UgyP43PcIADulnSa-z94AaABAg,0KRwLvvx4YY,Avade gt🎉🎉❤❤,2,2023-06-04T12:11:04Z,candidate
UgzwyYMNufRhCJ9XKft4AaABAg,0KRwLvvx4YY,Bhai par iss saal to nahi aaye iss saal to sirf mahi bhai aaye❤😊,0,2023-06-04T11:44:30Z,candidate
UgxCNg_x8XdJh6cfwaN4AaABAg,0KRwLvvx4YY,No gyus is 2022 ipl final cup and gujrat titan win 2022 ipl cup 😊,2,2023-06-04T09:20:11Z,candidate
UgwLLdWfZj6blxwj1wF4AaABAg,0KRwLvvx4YY,2023 ipl ka trophy 🏆 to csk la gyi,0,2023-06-04T07:36:21Z,candidate
Ugw1JXGFWZI16C4w8nx4AaABAg,0KRwLvvx4YY,Are bhai unko kya dikha rahe ho Chennai ko dikhao,0,2023-06-04T05:27:32Z,candidate
Ugx24t7p7OsVcW7knxR4AaABAg,0KRwLvvx4YY,I love you Ms Dhoni 🏏,1,2023-06-04T04:54:31Z,candidate
Ugx1vINFMrxZqAtY4K14AaABAg,0KRwLvvx4YY,"Arey....yeh phle ka vdeo he aur isme gt he ...csk ko support karna he toh unke vdeo me jao
...yaha pe jada accha dikhane ka jarurat nai he👍",0,2023-06-04T04:16:08Z,candidate
UgyRpR7SMVNoP23Vxdt4AaABAg,0KRwLvvx4YY,Gujarat titans,0,2023-06-03T20:58:53Z,candidate
Ugxz3OO_r6w52OQHSIt4AaABAg,0KRwLvvx4YY,CSK fans watching is video after CSK winning the final😂😂,0,2023-06-03T17:18:32Z,candidate
UgzbT-7eDIpoMDpoNdB4AaABAg,0KRwLvvx4YY,2023 CSK,2,2023-06-03T16:37:53Z,candidate
UgxFaKqre2PNII5yXWZ4AaABAg,0KRwLvvx4YY,Only hardakpanda,0,2023-06-03T16:15:25Z,candidate
UgzDg4xPjb5nYv8VH8t4AaABAg,0KRwLvvx4YY,Csk,0,2023-06-03T15:16:28Z,candidate
UgygNwC4aN8J56zRqj14AaABAg,0KRwLvvx4YY,Obey wake up to reality in2023  who won Gt ka Baap Mahi ka team,0,2023-06-03T14:24:38Z,candidate
UgyaSRkMDoNDr2Y5-tV4AaABAg,0KRwLvvx4YY,But 2023 champion  csk❤❤❤🎉🎉🎉😊😊,0,2023-06-03T14:20:44Z,candidate
Ugw7XI0a3Gx8MyxGRil4AaABAg,0KRwLvvx4YY,2024.me.fir.se.gt.ke.pass.aayega,0,2023-06-03T12:47:57Z,candidate
UgzFtDksVMkndP3TKyB4AaABAg,0KRwLvvx4YY,Gtking 2022winersb,0,2023-06-03T11:24:02Z,candidate
Ugw1_1EjLNkI7Q2O1aN4AaABAg,0KRwLvvx4YY,Nbysbf,0,2023-06-03T10:25:44Z,candidate
Ugy02yhdFxgejfdeNgl4AaABAg,0KRwLvvx4YY,Csk 💛💛💛💛💛💛💛💛💛💛💛💛💛💛💛💛💛💛💛💛💛💛,0,2023-06-03T10:17:01Z,candidate
UgyrARNUrlVzYIdHl0Z4AaABAg,0KRwLvvx4YY,CSK won 2023 ipl vs gt,0,2023-06-03T08:59:17Z,candidate
Ugwgq64JJ_Xxv4kz8ix4AaABAg,0KRwLvvx4YY,only Mahi win CSK Dhoni,0,2023-06-03T08:42:47Z,candidate
Ugz7-9K4sMSlaiEXdfN4AaABAg,0KRwLvvx4YY,Only Mahi can take ipl trophy,1,2023-06-03T08:41:41Z,candidate
Ugw9u-3Z2D2SGt5MAWl4AaABAg,0KRwLvvx4YY,RCB is best ❤❤🎉🎉,0,2023-06-03T08:39:33Z,candidate
UgxdhD18RTP-ksqTem54AaABAg,-G4PviLAh9I,"इस सीजन, तीन 90+ , 3 40+",0,2026-05-30T04:29:47Z,candidate
UgxmahSW_GqyWPtSWVR4AaABAg,-G4PviLAh9I,"SORRY BROTHERS, YE LADKA KA AAJ CENTURY BANANE KE LIYE NAHIN SOCHA THA NA KABHI KIYA HEI. HAR INNINGS MEN APNA TEAM KO JEET DILANE MEN HELP KARNA AUR NAYA RECORD BANANA HI ISKA MENTALITY HEI JISA KI ISNE KHUD HARSH BHOGLE JEE KO LAST MATCH MEN BATAYA BHI THA. TO ISKA 100 NAHIN HUA USKA LIYE AAP DUKH PRAKAT NA KAREIN. RATHER AAJ WOH TO DOUBLE CENTURY MARNE KE LIYE SOCHA THA, PAR TEAM MATES KA SUPPORT NAHIN MILA. ISKA TALENT HUMARA SOCH SE KAHIN UPAR KA HEI. TO ISSE APNA GAOL ACHIEVE KARNE KE LIYE AAP LOGON KE DUAON KI JAROORAT HEI.",0,2026-05-30T00:54:48Z,candidate
UgwgHB3ka3gIjEGVRal4AaABAg,ST6GPTquKwA,HP 33 KO SRH SE KHELNA CHAHIE CAPTAIN KOI BHI HO NAHI TO IPL BHI NAHI KHELNA CHAHIE....OR PANDYA BROTHERS KO AB COUNTRY CRICKET ME TEST ODI T 20 THE 100 LIG OR BBL CPL KHELNA CHAHIE. AP INTERNATIONAL CRICKET BRAND  HO PLEASE PLAY FOR CRICKET + FEMILY + SUPPORTARO JO ALL OVER WORLDWIDE HAI PLEASE.......,0,2026-08-12T13:04:35Z,candidate
UgynvneNFnPHl2dnuLt4AaABAg,ST6GPTquKwA,Hardik.ko.mat.lavo.,0,2026-08-12T13:03:03Z,candidate
Ugweyn2kmB7n9CaBR8x4AaABAg,sB6WFomJl1I,Badha jode hukka banavdavto hto😂😂,0,2026-08-10T17:15:26Z,candidate
UgzqucgdZe_yjod4dvp4AaABAg,gK7VB_42qgg,00 0p pp 00 pp0p0pépp😊😊😊,0,2026-08-11T07:49:40Z,candidate
UgzLUD_YHGG7OD6F90x4AaABAg,Jc0F7d_ajec,Smart mitarma chori kevi rite karvi te batavjo patrakar badhanuj bhalu karta hoise,0,2026-08-13T07:44:24Z,candidate
UgzP-xd4hzIxATJZV9B4AaABAg,Jc0F7d_ajec,😂😢,0,2026-08-13T05:46:27Z,candidate
Ugz0-LupSldQq8h7LMN4AaABAg,AwiVXkTIYwM,Adani amabani mate  jhamine khali karavi rahiche,0,2026-08-13T07:00:19Z,candidate
UgzI6n4r8Jh9SIX5GMx4AaABAg,AwiVXkTIYwM,Gujrat Voters Must pressure on central Home minister Mr Amit Shah For NO resignation,0,2026-08-12T13:27:40Z,candidate
UgyWyoIKNJPlYRM8RJp4AaABAg,AwiVXkTIYwM,❤,0,2026-08-10T02:47:44Z,candidate
Ugw-yGeel4j9gPAXqrB4AaABAg,AwiVXkTIYwM,aato khare khr lut chali rahi che❤,0,2026-08-09T09:55:17Z,candidate
UgwLQvDvPc9zu0z8NpB4AaABAg,AwiVXkTIYwM,Sansad.kay.gayo.jayne.nirakaran.lavo.khali.vidio.banavta.aavdese,0,2026-08-09T05:01:14Z,candidate
UgzU7OWr15l8VXd5nj94AaABAg,AwiVXkTIYwM,જય johar,0,2026-08-09T04:18:44Z,candidate
Ugy1BuLu5B-Sxx8EOq54AaABAg,AwiVXkTIYwM,Jay Johar,0,2026-08-09T02:27:13Z,candidate
Ugx_Ive5WiiellY7oBl4AaABAg,AwiVXkTIYwM,Aa modi ane shah aadivasioni jamin pela kutarosene adani tene aapi dese,0,2026-08-09T02:24:25Z,candidate
UgxKuUOx6vU5o0E6BbJ4AaABAg,AwiVXkTIYwM,🙏🙏🙏🙏,0,2026-08-09T02:12:38Z,candidate
UgxypmOJxzU36m1-ZUl4AaABAg,AwiVXkTIYwM,aapo.b.j.p.ne,0,2026-08-09T02:07:50Z,candidate
UgzTww5J2SAN5oVQoY94AaABAg,AwiVXkTIYwM,Aapo bjp ne vot,0,2026-08-09T01:39:39Z,candidate
Ugz4m116336s1-IIoSB4AaABAg,AwiVXkTIYwM,Badha adivasi bhega mari 1 pan polis varane jangal ma pesva devo nahi je polis dekhay tyana tya mari ne fiki devo,0,2026-08-09T00:55:43Z,candidate
UgzyXZNGAqBg-YqmOHJ4AaABAg,AwiVXkTIYwM,"EVM Hatao, RSS Bhajapa Bhagao, Desh Bachao, Jay Shriram, Har Har Mahadev ❤❤❤❤❤❤❤❤❤❤❤❤❤❤❤❤",0,2026-08-09T00:12:41Z,candidate
Ugz-ROYBqvgHJnEJU5l4AaABAg,AwiVXkTIYwM,"Jago Jagrut Adivasi Bhaio Behno Jago, Have 2027 ma Gujarat ma Badhe j Visavadar vali Thashe j Ane Thashe j Ane Satta Parivartan Thashe j Ane Thashe j Aema Koi Shanka ne Sathan Nathi ❤️❤️❤️❤️❤️❤️❤️❤️❤️❤️❤️❤️❤️❤️❤️",0,2026-08-09T00:11:29Z,candidate
UgxUjAo9xzs3kcCOcOB4AaABAg,AwiVXkTIYwM,Jay....johar...Jay...aadivashi🎉🎉🎉🎉🎉🎉🎉medamji...aapne...khub.khub...dhaniyavad❤❤❤❤❤❤❤,1,2026-08-08T23:26:38Z,candidate
UgyPE3SxARhm_wZDKuB4AaABAg,AwiVXkTIYwM,Ak var BJP mathi Aadivasi netao Raji Namu Aapi Do khabar pade kon ave che aa bhadhu BJP Sarkar ma che atale thay che BJP hatao Desh bachao,0,2026-08-08T16:28:33Z,candidate
UgyGoY9TLd24OZKTcf14AaABAg,AwiVXkTIYwM,Haram ni jamin lai na kevay fakt khedva mate baraber se,0,2026-08-08T15:57:25Z,candidate
Ugy1Ex1qzmZa-8LoBi54AaABAg,mMcjhuDkTeI,😂😂😂😂😂😂😂,0,2026-08-11T10:51:06Z,candidate
UgwRNl3gFnuhtWwcu_p4AaABAg,mMcjhuDkTeI,😂😂😂😂😅😅,0,2026-08-09T07:36:02Z,candidate
UgzjMzl4sdfaDTzgHbh4AaABAg,mMcjhuDkTeI,"EiushssidjdidjdjdifncicnckckcmmcmxkxjfnfkjfnfkfjfnfjfjfjfnfifjfkjfkfjffjjfjtktjtitktorjrfifjjjriririjrrjitjgnvZ
,
, 🥳🥲",0,2026-08-06T17:46:57Z,candidate
