comment_id,video_id,text,label
UgzKG65oEcOJmZKnjVV4AaABAg,tJ1s5iRZt_k,Really બકવાસ film.  😢,negative
UgxD0y4xhDL98WXcTet4AaABAg,tJ1s5iRZt_k,*Mane lage story writer director tamne bnav se Gujarati industry vala 😅*,negative
UgxzsNwYJSIEL7lZB5d4AaABAg,3rpgtimwMDk,Tara jeva loko j aadivasi samaj ne આગળ આવવા નથી દેતા...,negative
UgyDXNFW7mlr5nK9Nud4AaABAg,3rpgtimwMDk,Bolva Pella vicharvanu bhoda,negative
UgyD3yz8i8bCHIQe2yl4AaABAg,3rpgtimwMDk,Tare gujarat ma na reve joye,negative
UgwloWI5YkRTq0P32VV4AaABAg,3rpgtimwMDk,Pella bolva vichari lejo,negative
UgyPKVTFr_3WKdgvfPJ4AaABAg,3rpgtimwMDk,Best movie che🙏🙏🙏,positive
UgxuuyOmKtwzmc2Lect4AaABAg,3rpgtimwMDk,रियल्टी ऑफ आदिवासी संस्कृति,not_gujlish
UgxLXALBtb0BmKYHMId4AaABAg,3rpgtimwMDk,सर बहुत अच्छी मूवी है पूरे सभी गुजराती लोगों को यह मूवी देखनी चाहिए गुजरात में भी बहुत अलग अलग कलचर है सभी को समझने के लिए यह मूवी बहुत अच्छी बनी है,not_gujlish
UgzRiUvUwz1eXHvCrTR4AaABAg,3rpgtimwMDk,❤❤❤❤,not_gujlish
UgwIkGy-fY3T9zLa5MJ4AaABAg,3rpgtimwMDk,Super duper ❤❤❤ ફિલ્મ છે કડકાનાથ,positive
Ugx_Rt_afPj6BhFhr3F4AaABAg,3rpgtimwMDk,Jova javu javun પડે,positive
UgxyWca7EkQGUEWuo0h4AaABAg,3rpgtimwMDk,🏹🏹🥷🗡️👿😈,not_gujlish
UgyhbZD2IzVzYKIUA3F4AaABAg,3rpgtimwMDk,Mast movie 6,positive
UgzKl8HuW6O1r-kD2bp4AaABAg,3rpgtimwMDk,Adivashi hoy te jove baki bijo su jane,negative
UgxMBcIijSC5pdAqJNJ4AaABAg,3rpgtimwMDk,hu Kav chu badha J jajo ek namber Movi che Jara pan kantado nay Aave,positive
UgzV1xNxSIyfskC4fE94AaABAg,3rpgtimwMDk,Bhai tu Paisa Nathi Aapi deto Amari marji Ame jay ke Na Jaay A,negative
UgzkA65aW8r_p6a1vMF4AaABAg,3rpgtimwMDk,Superb music and songs 🔥🔥,positive
UgwztEJRWCLxAdP0JD54AaABAg,3rpgtimwMDk,"Superb direction, superb acting, superb unique story❤🔥👏🏻",positive
Ugxeg7mUVoLK-V0ofmB4AaABAg,3rpgtimwMDk,Kadaknath jevi movie Gujarat ma kyre bni j nhi and bnse pn nhi... Full suspence thriller 🔥 unique,positive
UgxE-IvW1oGTIUhDWrF4AaABAg,3rpgtimwMDk,Tu comedy jo doffaa,negative
Ugy6UnRg9m2w3wP9TNl4AaABAg,3rpgtimwMDk,Unique movie che,neutral
UgyuyWrph1ji7GHmQ414AaABAg,3rpgtimwMDk,Aapne to joy iva bhai full maja se maja aavi gey movie joyne,positive
UgxFTxoYC9wTzOLGDDd4AaABAg,3rpgtimwMDk,Supar movie. 🎉,positive
UgzRTcwTv1d9jp-gm2Z4AaABAg,3rpgtimwMDk,Wow nice movie review 😊😊,positive
UgzJD88e4C8Usw-HI3B4AaABAg,3rpgtimwMDk,🔥🔥🔥,not_gujlish
UgxFE39OmvUJn0yygjB4AaABAg,3rpgtimwMDk,Gujarat best movie ever❤❤ please support,positive
UgzLgbJS1rEIrsBtLX94AaABAg,3rpgtimwMDk,Adivasi,negative
UgwNrQsxO86BHd3sgjR4AaABAg,3rpgtimwMDk,Unique movie from gujarati industry,neutral
UgyuNRmK1S6LGGtpCJ94AaABAg,3rpgtimwMDk,Nice movie,positive
Ugw0etLmVGAUuowM1-p4AaABAg,3rpgtimwMDk,Really its wonderful direction by Kaushik Garasiya,positive
UgzmO0rBHFlKZn3fiTV4AaABAg,3rpgtimwMDk,Pan aakho sanskruti vise movie che ee bav mahtvvnu yaar ❤❤,positive
Ugx3jQSU-4kjYxdtbA94AaABAg,3rpgtimwMDk,❤🏹,neutral
UgwGX4QumN7tpi-odoB4AaABAg,RT_KlpWDXgo,"Bakwaas movie,..taddan faltu..",negative
Ugzk-gP2X3-_VNOTGiJ4AaABAg,RT_KlpWDXgo,Ok!! Nice video.,positive
UgwxxQahU3SuYHJdsMx4AaABAg,RT_KlpWDXgo,mane film khoob gami. tame aavun kevi rite kahi shako cho te mane samjatu nathi. aa to kathor tika chhe.,neutral
Ugx2G-cVaoAIXZmfrr14AaABAg,RT_KlpWDXgo,O Bhai tame loko thodo divash rahjvo public game ke nai ae jovdo maftiya o tamre video banvo koy kharch lagto tobi tumhare views mate koi ni cr investment hoi che ane bov sokha hoy cinema jai public review lo ane Film su jano cho,negative
Ugy2eW1Vy8UKYAI-zdR4AaABAg,RT_KlpWDXgo,Hitu ne hiten ne jova hata hitu kanojiya ne padda ma Jova hata hve javu k y vicharavu padshe,neutral
Ugxis4lfP_RYEKqfbax4AaABAg,RT_KlpWDXgo,Oh have jovu k ny,neutral
UgwrbCAbQSvenuSLRxF4AaABAg,RT_KlpWDXgo,Trailer j boring hatu 😊,negative
Ugw0ehU5kbbLffuNGRJ4AaABAg,RT_KlpWDXgo,Hathodo hato mane 5 combiflam Moklavi dejo,neutral
UgxXXwf_-BjHHrzo-4F4AaABAg,dcaoUO_Uqow,Wah,not_gujlish
UgyklLuZo6RJb9ZqUh94AaABAg,dcaoUO_Uqow,2 Mahina Thi Videos kem Nathi aavta .?,not_gujlish
UgwB9iAAxs2O1FUydGZ4AaABAg,dcaoUO_Uqow,ધરપકડ review????,not_gujlish
UgzuLEgDQn1oZqH0md14AaABAg,dcaoUO_Uqow,Sajid bhai nirmata,neutral
UgxCv6MpduVcpysHTtl4AaABAg,dcaoUO_Uqow,Muslim ne bhar kado boycott kro pl,not_gujlish
UgzWlOSHd3rAz1FykGZ4AaABAg,dcaoUO_Uqow,"Bakwas  jain dharm ne  somnath mandir ne badnam km kryu chhe muslim ne why?
Sajid to muslim chhe teno film why jovani ekdam bakvas",not_gujlish
UgzicRYN5XZcOpuJCjh4AaABAg,dcaoUO_Uqow,"Promotion ના વખતે શું controversy હતી ?? 

આ islamism ને એ બધું તો release પછી થયું ને ?

🤔",negative
Ugw-4EAQPclCgw3bKH94AaABAg,dcaoUO_Uqow,Very good review,negative
UgwKK8nmxHfxRypvhCB4AaABAg,dcaoUO_Uqow,Bakvas movie che koi paisa bagadtu nahi,negative
UgwoZWWxTPHw8n1N0lx4AaABAg,dcaoUO_Uqow,JORDAR MOVIE CHHE.. HU JOI NE AVYO.. SAHEB. SHU MSG CHHE MOVIE MA.. .. JARUR PARENTS SATHE JOVAY (4.5/5 STAR),not_gujlish
UgyNA_nJGboOi10JsO54AaABAg,dcaoUO_Uqow,Mara ticket na Paisa bachi gaya,positive
UgxrzYVCY7XY_P8O4gp4AaABAg,dcaoUO_Uqow,Abhaar🙏,not_gujlish
UgxTbXKQg7cyPE0Bj2t4AaABAg,dcaoUO_Uqow,🎉 Gujarat Divas❤,negative
Ugzcpu_CKWLIs53SrAZ4AaABAg,dcaoUO_Uqow,So true. Bhangar movie. Abhishekbhai nu movie hoy avu lagtu j nathi. Logic less movie.,negative
Ugycz-YN5BwYCLSWQ2h4AaABAg,dcaoUO_Uqow,"Bhai mane to film gami..  Message  saru hatu. Direction ma     
Haju mehnat ni jarur hati. But i like this movie",neutral
Ugw3hdBCJHbm01_zxKl4AaABAg,dcaoUO_Uqow,Bhai tamey comment aapvanu chodi do ... Badhu 2.15 hrs ma naa dekhadi sakai...so pls don't use logic...thanks,neutral
UgxoI5DqWVXfH87n3QN4AaABAg,dcaoUO_Uqow,"Try to make anthor Lalo movie. Lalo is replaced by kanoo.
In Lalo krishna was travller as Lalo
In Dhakaro kano become  drive
R
Rixa is replaced by Uber car",neutral
UgwtD_2sy-vql88_qFN4AaABAg,dcaoUO_Uqow,No need if Islam and Badhisum propoganda was required in movei.,negative
UgxlgSVn0SoVYzGrm9B4AaABAg,dcaoUO_Uqow,welcome back in Gujarti movie review - karta rahejo have regular bhai,neutral
Ugy9-NDBJyyHkEXAIBh4AaABAg,dcaoUO_Uqow,bandal bekar 😵😵😵,negative
UgzJHd1aeohyExCdRhV4AaABAg,dcaoUO_Uqow,I am big fan of Hellaro movie then mane koi Abhishekhhai ni movie e leval ni nai lagi,neutral
UgxOQ_1s84Wu98oRgE54AaABAg,dcaoUO_Uqow,"Your reviews matters , thank you so much for your clearcut review",positive
UgyfFNsmh2Y0oe-ut3V4AaABAg,dcaoUO_Uqow,Trailor Joine J Mane Lagyu hatu Ke It's a disappointing film,negative
Ugx8xkXaqhunNMiOHcV4AaABAg,dcaoUO_Uqow,Bahu Divas Pachhi Review Avyo. Why?? Kyan farava ગયા હતા??,neutral
UgwKw-xlqRtAXLo5Zv14AaABAg,dcaoUO_Uqow,Secularism no tadko lagava ma aavyo che aa movie ma. Hindu chokri dalit na prem ma pade che. Evu kem nathi batadta ke Muslim stree Hindu na prem ma pade??????,negative
Ugya3xhLYA8gWJKL5uN4AaABAg,dcaoUO_Uqow,bov saro review sir,positive
Ugy8l1HwteLsPMYZegl4AaABAg,dcaoUO_Uqow,Thanks for review..,positive
UgxNlJyPL5JQSLZ86al4AaABAg,dcaoUO_Uqow,Star to apva j joie ..it's my opinion,neutral
Ugw3zn7FC2j2lOHtSRx4AaABAg,dcaoUO_Uqow,બોગસ story..નામ બડે દર્શન khote 😊,not_gujlish
UgxqDDB6ffNCCTVKYul4AaABAg,dcaoUO_Uqow,👍,not_gujlish
UgydIFupcudVREUoBTF4AaABAg,dcaoUO_Uqow,Without star there is nothing,neutral
UgxH2Yz_6hacSkqrMKl4AaABAg,tRlCSf3OFnY,"waah sir honest review tamaro.. good!!

Dhabkaro kevi movie che sir? worth our time?",neutral
UgyMBR7Xpj0eeeyzwox4AaABAg,tRlCSf3OFnY,Atlu lambu shu khancho cho sidhu review hoye atlo  badho time nathi koi pase Jene thanks kahevu hoye ene personal msg karvano hoye,negative
UgzgkzstYPZKhtF7xEd4AaABAg,tRlCSf3OFnY,Vikram sir na review karo ne sir,neutral
UgygIA8ewhxFTXgw9hJ4AaABAg,tRlCSf3OFnY,sorry to say very mediocre the way of give review. didnt got any idea what you want to say about the film.,negative
UgxOozB84W0A8ijbSA54AaABAg,tRlCSf3OFnY,Blockbuster of this year,positive
Ugzd-jAKEJ_lZwDbYwZ4AaABAg,tRlCSf3OFnY,Aamane dharpakad nu bi climax barabar natu lagayu. Jyare movie sari hati. Pakku aa film pan sari j hase....,neutral
UgyncNH-qruP8u4iHkF4AaABAg,DPd12U0uXFk,MANE TO PYAR TO HONA HI THA MOVIE JOTO HOY TEVU LAGUE .. MARA MAT PRAMANE,neutral
UgyxKPbPtZogpBLJCzp4AaABAg,DPd12U0uXFk,Review Parthi Aevu Lage Che  Ke Naa Joie To Chalse...Skip Kari Deva Jevi Che...Online Toh Kyare Aavshe Nahi Ae Confrom Che...Bcz Coconut Motion Che...,neutral
UgyPlo0d4MD8NxoxV0J4AaABAg,DPd12U0uXFk,👍👍👍👍👍 bekar film 😢😢,negative
UgxJEXuzP139ytCRgg54AaABAg,DPd12U0uXFk,Ma to 2 var joi maza aavai....,positive
UgwrpTkfMv0dchRnpGl4AaABAg,DPd12U0uXFk,Behad movie no review karo,neutral
UgzPVk5WPLNGRemOS4t4AaABAg,DPd12U0uXFk,Tako km karavi lidho 😮,neutral
UgxjeR_fo4YWcCreV454AaABAg,DPd12U0uXFk,Pratik Gandhi no cameo che?,neutral
UgzWD_Hl21c90elqIkZ4AaABAg,DPd12U0uXFk,👍 👍,not_gujlish
UgyCZiUAglYS_UL1Xhh4AaABAg,DPd12U0uXFk,Movie online joi le theatre ma,neutral
Ugw-p0EM1iyBIaReYoN4AaABAg,DPd12U0uXFk,Finally bhai avi gyu ❤,neutral
UgwSlOEd7IyOKYf1jmB4AaABAg,GYgvLXJqrkc,Last Sunday movie joi. Bauj saras che. Bollywood movie jova karta aavi Gujrati movies jovi saari.,positive
UgzyFmtf6-EjpZcyXfF4AaABAg,GYgvLXJqrkc,"Ek dum fire 🔥 🔥 🔥 movie banavi che , tamari Review joine j movie jovani priffer kru chu 👍🏼

Get set go box-office report aapjo hope k super Hit jaai and 2nd part aave",positive
UgykWYZltSq55jn1vqt4AaABAg,GYgvLXJqrkc,Thank you 🙏🏼,positive
Ugx7eIpGtbVAe_WbMxV4AaABAg,GYgvLXJqrkc,Panipuri nu song aavyu che and teaser pan enuj review karjo ne sir,neutral
UgyyR_LOzjtAH21fXYt4AaABAg,GYgvLXJqrkc,As usual saachi and Sachot mahiti aapto Review,positive
Ugw1vbaHDhdi4Fs3wwB4AaABAg,GYgvLXJqrkc,Bauj mast review apyo tame. Ane khas karine 200-500 vadhu apvana pan artist saro lavano e zordar hatu😂😂,positive
Ugy45voot7Hi0owfZIV4AaABAg,GYgvLXJqrkc,Jo Hindi ane English films ma joyu j hoy to Gujarati film ma a j shu kam jovu joiye??,neutral
UgxIjS6yco6lYLXu1Vt4AaABAg,GYgvLXJqrkc,Sir action ma alok thaker jevu koi star nathi,positive
Ugy3jvi9PKmdUQdykop4AaABAg,GYgvLXJqrkc,ekadi filam tu banav sunil pachi tu reviw kar ketlu booking colection ane ketlu chle e khabar pade,negative
UgzIeKjbBn9PXfcDZ7N4AaABAg,GYgvLXJqrkc,Sir tame gujarati film na collection kyathi jovo chho? Source??,neutral
UgyCDbghBdcRo2HFl1B4AaABAg,GYgvLXJqrkc,Perfectttt review,positive
UgyPPDWckmjKdrUnpoF4AaABAg,GYgvLXJqrkc,Bilkul jaishu thaknk for review,positive
UgwdGiHNUP8kt287W_p4AaABAg,GYgvLXJqrkc,Shu inspire kare e level par earning thay to vadhu aava movie jova mde,neutral
Ugx8IhnyJvUTaKoVpI14AaABAg,GYgvLXJqrkc,👍👍👍👍👍,not_gujlish
UgwUXjYpSSg3ZLxe0k94AaABAg,ztcEP_kyivY,🎉🎉🎉🎉🎉🎉🎉😅😂😢😊😢,not_gujlish
UgzZu3VmjILPZLbzcpF4AaABAg,ztcEP_kyivY,Jovi che but katuch ma kya lagi j nthi kem jovi,neutral
UgyhlFP20dE7jsb9qnB4AaABAg,ztcEP_kyivY,Box office collection shu kahe chhe....aapde to ena upar kahi shakay ne ke film sari chhe ke kharab,negative
Ugx7A1C7wW3HBdo9WJF4AaABAg,ztcEP_kyivY,❤❤,not_gujlish
UgxCBJ2Vn3CGdaisdxx4AaABAg,ztcEP_kyivY,Very.nice,positive
UgwdzPFn0Iy3F3bo7KR4AaABAg,ztcEP_kyivY,Sir aa film mobile ma kya malse,neutral
UgwneDkrje-olCIRz-N4AaABAg,ztcEP_kyivY,Jovi che,neutral
Ugx7fIcUvt6_QsVkOvl4AaABAg,ztcEP_kyivY,It’s not released in mumbai😢,neutral
UgwHwtxOnDkH5yZRtTh4AaABAg,ztcEP_kyivY,Ama અજય દેવગણ ni entry thashe remak ma,not_gujlish
UgycKG2SYAQoYX45XOh4AaABAg,ztcEP_kyivY,Jay bhil adivasi bhaio❤,neutral
Ugw39RMU8NylIT7WbVV4AaABAg,ztcEP_kyivY,Jordan...gujarati first film..🎉🎉🎉,positive
Ugzr9-gfP4QNXbrLVm94AaABAg,ztcEP_kyivY,Ek number film chhe joi lidhi..,positive
UgzsbgABwtcaqdyBkwJ4AaABAg,ztcEP_kyivY,Super muvi se ❤❤❤❤❤❤❤❤❤,positive
UgzZtMitliXMaWJwAXB4AaABAg,ztcEP_kyivY,Ha marari aadivasi movie se,neutral
Ugx59kdqaVbRs2m7NE94AaABAg,ztcEP_kyivY,"Ha bhai background music and song badhu aadivasi ma 
And music pan hoy real ma",neutral
UgyDScMciNiroF6U3Kd4AaABAg,ztcEP_kyivY,Pahelu je character che. Adivasi mack up karyo che. Like ek kadknath murgi tipe.. Enu shu che?. Like e character movie ne aagal vadhare che ke pachi vadhara nu rakhyu che?.,neutral
Ugwpdvqk6-Ut6PbgXQV4AaABAg,ztcEP_kyivY,Nice 🎉🎉,positive
UgwKEcG78zTa6GsS1MZ4AaABAg,ztcEP_kyivY,I Proud to be Aadivasi,positive
UgxClFb3iBfG13-36RN4AaABAg,ztcEP_kyivY,Stat of ramadhni move review ❤,neutral
UgxIiQqJO0mZ3Cj4MdZ4AaABAg,ztcEP_kyivY,Must watch movie,positive
Ugy3bi4hreE17FyOvGl4AaABAg,ztcEP_kyivY,Kai web site ma joi mane msg karo,neutral
UgzG6llxkz7kogAWqN94AaABAg,ztcEP_kyivY,"Background music and song badhu aadivasi culture no part se

Thank you for your review",neutral
UgwL9P-Qc8x8zMGlRLl4AaABAg,ztcEP_kyivY,"Mara badha mitro ne laine jova jaishu 
Tamara review nij raj jototo hu",positive
UgzCdzwwSU-c30Fo04R4AaABAg,ztcEP_kyivY,❤,not_gujlish
Ugx6lhAB6MaCnC_QR7p4AaABAg,ztcEP_kyivY,Jordar.,positive
UgzGbHEXpH3uQnx5Jyp4AaABAg,m4HrBoSaj84,Agreed. Film tolerable noti. Cinenatography and script weak hatu. Cricket scene ekdum silly hatu. Khub disconnect hatu in characters. Maney interval maaj nikdi javanu mann thayu. Pan betho ryo kemke siddharth randheria che. Toh asha hati ki kaik saru hasey . Pan nirasha maidi.,negative
UgzHs9sQQgGqoEpPsSx4AaABAg,m4HrBoSaj84,"Film gani sari che.
Tamara review wrong che.",negative
UgwpA6NfgNNu5FyK4pR4AaABAg,m4HrBoSaj84,"Galat review hai film bahot acchi hai very smooth action performance,comedy engaging message all working good reviews dekh ke movie ko judge mat karna bhai",negative
UgxqsyJZCbbYfRZ34Y94AaABAg,m4HrBoSaj84,Amit & vipul Banne khota review ape se sir plz emne samjavjo yaar,neutral
UgyycDDUw0Jzeqauiht4AaABAg,m4HrBoSaj84,Thankyou mara 200 bachavva badal❤,positive
UgxrSBzA71e1YseSMyt4AaABAg,NbiLZ5-JTJU,Total Flop Film Che,negative
Ugyd3fAxP7YaZlVachJ4AaABAg,NbiLZ5-JTJU,lage chhe tmne jinal belani pr crush chhe 🤣🤣,neutral
Ugy9Qkb0B2d8oL9V1hR4AaABAg,NbiLZ5-JTJU,"Filmyindia ni copy  na karo..
શરમ 😂",neutral
UgzwxyIBU5r3uHybmnF4AaABAg,NbiLZ5-JTJU,Sir underdog superstar alok thaker jevu action koi na kari sake e real fighter che real ma emnu johnnyengineer napaas rockyinrisk2 and rockyinrisk jaljeera bauj mast action karyu che and e bauj garibi ma thi agad avya che Ave panipuri pan aave che sir emnu big fan panipuri song par video banavo ne and alok thaker upar pan sir,neutral
UgwLfNleGKOS16a9KGF4AaABAg,NbiLZ5-JTJU,Gujarati Dhoom,neutral
UgyjEkxk-Muul99eEVF4AaABAg,NbiLZ5-JTJU,Hi vipul kumar,neutral
UgwhB2FGLsuo8Tr03c94AaABAg,NbiLZ5-JTJU,Thank you 🙏🏼,neutral
UgxMlNiqWlZjeNYQSut4AaABAg,NbiLZ5-JTJU,Best vidhal tidi gujrati culture  village atmosphere  gujrati emotiona gujrati darling absolutely masterpiece  and Pratik gandhi  and shradha danger romantic passion  very suitable and convince for gujrati people and bhai and ben emotional emotional is grand level,positive
Ugyk6RqzYdBI7nPuFix4AaABAg,NbiLZ5-JTJU,❤,not_gujlish
UgyOs-_SoTKQm5s_XXB4AaABAg,l1eEmzCMxU4,"Bakwas movie chhe. Total waste of time. Siddharth sir ni fan hu pan chhu. Pan aa moview bau bekaar ane vahiyaat chhe. Topic saro chhe pan ene present evi rite karyo chhe k em thay kyare pate ne ahi thi bahar jaie. 
Hve writer kon chhe e check kari ne movie jovi padse🫣",negative
UgwDPGtBgmTVWmMnKLp4AaABAg,l1eEmzCMxU4,Saras film che,positive
Ugy2ruHebqsUg2FoY4p4AaABAg,l1eEmzCMxU4,"Madhyatar tak film ko enjoy Kiya but uske baad film bahut slow ho jaati hai to haa, dhire dhire emotions hi film se nikal jaate hai so bol sakte haiki 50-50 movie achchi hai ya buri to dono main se chije balance kho deti hai, film utni achchi nahi hai, shayad hamari age ke hisab se.",neutral
UgyjRipKBr5tzH8IX-Z4AaABAg,l1eEmzCMxU4,Is this movie watchable with children with 8 year age,neutral
Ugx5P1ni_ZBhEH_u35V4AaABAg,l1eEmzCMxU4,Aa paisa lai ne khota vakhan kare chhe film na....Sidharth randeriya ni filmo badhi ek j type ni hoy tem  aa pan same chhe kai navu nathi..Mota budget thi filmo sari na bane ..west of time,positive
UgznK051CC8qn_kJvKh4AaABAg,l1eEmzCMxU4,Badhu all right che ma Mara paisa west gya hata,negative
UgxaG1M5sgaU_sVulzp4AaABAg,l1eEmzCMxU4,Bro. Plz khoda vakhan na karta plz,negative
UgwEmN0JFtPO5i8CpaJ4AaABAg,l1eEmzCMxU4,"Sir.
Badhu alright che no tame review positive apelo. Film sari lagi pan Film maa diversion unnecessary ane lenght bahu moto issue lagyo",negative
UgytYRtW5Y842uLNoNx4AaABAg,l1eEmzCMxU4,Aa movie ne subsidy madse ?,neutral
UgxWprweQ6vudtWeGYV4AaABAg,l1eEmzCMxU4,Subsidy malse ?,neutral
UgzYiyCm1wswmnHT0hJ4AaABAg,YiUCjL21zHA,Super,not_gujlish
UgxGW1wuYoS99XKzpPh4AaABAg,YiUCjL21zHA,Lets beware dharma productions dont spread their worst propaganda movies in Gujarati movie industry as well.,negative
UgxCyvfG6Wv6iQrWFIV4AaABAg,YiUCjL21zHA,"Same story, family drama😢",not_gujlish
Ugy43Pca1QPBNd-_aR54AaABAg,YiUCjL21zHA,"honestly, the movie was a mess. Couldn’t decide if it was for father’s day movie or alzheimer's disease. Up to interval everything was fine after that story went downhill.",not_gujlish
UgzbOsgTSOxuQN57_9t4AaABAg,YiUCjL21zHA,Full bakwas movie didn't expect this from Siddharth randeria Sir total boring movie no comedy even hero and heroine are bakwas,not_gujlish
UgzvdhrjWK7GbwSAee54AaABAg,YiUCjL21zHA,"it looks like similar to  “Chaal Jeevi Laiye”. 
I'll only go for Siddharth Sir 🙏🏻",not_gujlish
UgyncV6CjpYvu9Vz5D14AaABAg,YiUCjL21zHA,A must watch movie with your family especially ur father ❤️❤️,not_gujlish
Ugxkj_vYu7blNWXlAep4AaABAg,YiUCjL21zHA,Best movie,not_gujlish
UgxpI81vwLoKyE8ALYR4AaABAg,YiUCjL21zHA,आजे ज जोई आवीया खरेखर मजा पण आवी अने थोडा आसुओं पण आवीया दीकराओ नो बाप छु ऐटले धणी खरी वातो नी दरेक मां बापने अवो अनुभव थतो हशे 👌👍🙂,not_gujlish
UgxojY6iCkjTo8J68f54AaABAg,YiUCjL21zHA,Bhad ma jay dharma productions,negative
Ugygnjg739nxFNPc4it4AaABAg,YiUCjL21zHA,Stop making such shit film...siddharth randeria don't fool people by signing such depressing movies...u r having a good comic timing...only do comedy films please from now on...guys don't watch yeh Gelato achcha nai lagega...paise barbaad hai apne,not_gujlish
Ugw28Hb5TKRS5vURuc14AaABAg,YiUCjL21zHA,Yash Soni Missing.. Respect button 👍,not_gujlish
UgyO2zFQpAxY3bs73il4AaABAg,YiUCjL21zHA,⭐ one star 😢,not_gujlish
UgwVaTVAn3pCOJGMHfd4AaABAg,YiUCjL21zHA,i THINK THIS WILL BE A flop film trailer maie kuch maza anhi hai.....,not_gujlish
UgzfR4dLDBaPeGRhlZx4AaABAg,YiUCjL21zHA,"Just ONE name, Siddharth Randeria gets me running to the Theatre! The backbone of any movie or play!!Shall do so ONCE MORE to see him in Jindagi ONCE MORE! Best Wishes to the whole crew. 👍 👍 👍 😊",not_gujlish
UgxMR4d2tWEgC1SzMUJ4AaABAg,YiUCjL21zHA,Marathi leuva patel huu me. But i love Gujarati movies,not_gujlish
UgyOOQQT5Bnke3e19CN4AaABAg,YiUCjL21zHA,"from Chaal Jeevi Laiye to Jindagi Once More, Siddharth sir is teaching how to live life",not_gujlish
UgzmBaAGj-W3jK9SXZZ4AaABAg,YiUCjL21zHA,1:40 what a shot! 🔥🙌,not_gujlish
UgxZWPC7BBrxpn2ohMR4AaABAg,YiUCjL21zHA,https://youtu.be/WDgqPlHNyeM?is=apCO0ia0_SSzkyRQ,not_gujlish
UgzVENZe02La369Gunx4AaABAg,YiUCjL21zHA,Chal jeevi laiye + pappa tamne nai samjay 😁,neutral
UgxttWU7ydcvNWKOzZR4AaABAg,YiUCjL21zHA,"Siddharth sir 
Aap bhi karan johar ki faltu bollywood nibba nibbi me aa gaye
Sir apna style gujjubhai vala rakho 
Dharma productions aa gaya to nibba banvanu 
Sheeee tamara par aa ummid no hati 

Eee tamara energetic performance tamari comedy pan 
Javado paisa fame aura ma tame b vahi gaya 
Tamaro style ej maja chhe baki bollywood aavi faltu movie thi bharelu chhe


Sir pachha aavi tamari gujju bhai lavo love story bakvas chhodo",negative
UgzBO-tN4P8Obfr5hWp4AaABAg,YiUCjL21zHA,🎉🎉🎉🎉🎉,not_gujlish
UgwiSQ0RfKMB9EtCXUp4AaABAg,YiUCjL21zHA,❤❤❤❤❤,not_gujlish
UgzBVxGdDj-GJ-UGXsp4AaABAg,YiUCjL21zHA,Siddharth sir jordaar actor chhe,positive
UgzwuL8PJWFbBIgMSQV4AaABAg,YiUCjL21zHA,Theme like chaal jivi lai e part 2,neutral
UgwNcBWwt-wC0EcXoBV4AaABAg,YiUCjL21zHA,Layaa baki ❤❤❤,neutral
UgyuVMozp44EfCQ-0sl4AaABAg,YiUCjL21zHA,What!! Aaa kyare thayu,neutral
UgzRjCm8pjvnG0qwqgh4AaABAg,YiUCjL21zHA,"This is really nice, Dharma Productions is supporting local/ Gujarati film! ❤",positive
UgwoaF5MRzZZJ8PvHU14AaABAg,YiUCjL21zHA,Joisu ❤,positive
UgypNzRFicMQQykRLSt4AaABAg,YiUCjL21zHA,"It's amazing. Just from the trailer, I can say it will be an amazing movie.",not_gujlish
UgwbDkjdrig9vwZpHXp4AaABAg,YiUCjL21zHA,Awesome,not_gujlish
UgyZd0NdOxDiLQ62QRR4AaABAg,YiUCjL21zHA,Bahut jaldi nahi aa gya trailer?,not_gujlish
Ugzh2ILthKktEgf_V3R4AaABAg,YiUCjL21zHA,Gujarati movie ma gujarati title ni jagya e urdu and english title..wah..aa gujarati bhasha and gujarati sanskruti na patan ni nishani che..,negative
UgwEyELnASlcSQl_ImF4AaABAg,YiUCjL21zHA,"100 crore effect, paisa dekhaya gujarati movie ma karan bhai ne 😅",positive
UgzOW4o-gZRkmJ_Xj594AaABAg,YiUCjL21zHA,only for aarti mam❤,not_gujlish
UgwfRr4UVcCRzKeUmMF4AaABAg,YiUCjL21zHA,"#DharmaProduction 
Welcome to Gujarat",not_gujlish
UgzRe4LJqpioSGZbfZh4AaABAg,YiUCjL21zHA,"Siddharth Ji, chaa gaye tusi.

Ekdum jor dar che.",positive
UgyDpTPXGs71xkizcZx4AaABAg,YiUCjL21zHA,Navu su chhe aama?,negative
Ugxk5BJ5LJSrHQKx6Dh4AaABAg,YiUCjL21zHA,Trailer ma j aakhi movie no concept Kem batavo cho. Thodu to suspense rakho,negative
Ugx69G0_dR6QL_MIJmp4AaABAg,YiUCjL21zHA,Satat ek j prakar no roll kari ne thaki nathi jata aa siddharth randeria sir!,negative
UgwHxk6Yb8MPEcLrHRZ4AaABAg,YiUCjL21zHA,"Gujarati movies are for low IQ people, that's why movies like Chelo Divas works in Gujarat but if it was an Iranian or Italian movie, we would have delete it",not_gujlish
Ugz7d8wHygx1cMcQJON4AaABAg,YiUCjL21zHA,Gujarati cinema lacking new Faces,not_gujlish
UgzAU7ptQ3SMUutfnJt4AaABAg,YiUCjL21zHA,dharma is out to ruin everything,not_gujlish
Ugx8-FcOk99xFFLryc14AaABAg,YiUCjL21zHA,cant believe dharma fucked up siddharth randheria,not_gujlish
Ugw3jLK00OEne4ZMDEN4AaABAg,YiUCjL21zHA,na jovay,negative
Ugy9p-VxKd7tQcrfqat4AaABAg,YiUCjL21zHA,chal jivi laiye ni sasti copy 😂😂,negative
UgwZvJ4wjFQ-sxhJvlR4AaABAg,YiUCjL21zHA,આમાં નવું શું છે? Gujjubhai jevi sureshot formula hova chhata SR ne serious role aapo chho. Gujaratio mate comedy thi upar kai nathi.,not_gujlish
Ugxz-bY2vT-EmbT5Ms54AaABAg,YiUCjL21zHA,Big bollywood sponcer in our gujju film. I proud of Siddharth sir 🎉,not_gujlish
UgySgeik87FWsM111ht4AaABAg,YiUCjL21zHA,pujara movie debute🤣🤣🤣,not_gujlish
UgyCZ0Q25Y9ciLoDmVd4AaABAg,YiUCjL21zHA,"Way to go, Deep and Jaymin. Congratulations to the both of you, and the entire team. Waiting for the film now.",not_gujlish
Ugxkst9Wi2RJeeMkz1x4AaABAg,YiUCjL21zHA,⁠a perfect father’s day film ❤,not_gujlish
UgxU05iP6vSbJZ00Ttl4AaABAg,YiUCjL21zHA,👍🏻,not_gujlish
Ugza4Ch0uxpo1mCuIxZ4AaABAg,YiUCjL21zHA,"Absolutely jordaar.!!

Bau loko na emotions upar lavshe :-D",positive
Ugy-hlvRT4KkD0Cck5R4AaABAg,YiUCjL21zHA,A kon sa language hai bhai bc hindi me dalo na warna mat dalo bc,not_gujlish
UgxYQbfj7YGAOj79ual4AaABAg,YiUCjL21zHA,Because of Apoorva Mehta.,not_gujlish
UgxEjcgtfxQTp7By37t4AaABAg,YiUCjL21zHA,Siddharth sir+aarti mam❤,not_gujlish
Ugzv9Hxaak7DecDhFy54AaABAg,YiUCjL21zHA,Best movie for father's day 🎉❤❤,not_gujlish
UgzYQXQtgR76O1Q74DF4AaABAg,YiUCjL21zHA,Siddhaarth sir ❤❤,not_gujlish
UgxeiOH6yMcK3wX2MFJ4AaABAg,YiUCjL21zHA,Amazing one perfect release date on father's day,not_gujlish
UgzivObgBld483P7dc14AaABAg,YiUCjL21zHA,Jordar ❤️❤️❤️❤️👏👏👏👏👏👏,positive
UgzUiwdZPWh6cVWI5dl4AaABAg,YiUCjL21zHA,Made me a little emotional remembering what the small things i did for my Father... Very Good trailer & really looking forward to seeing the film in theatre....  Congrats Deep & Jaymin...,not_gujlish
Ugy3HRmVPcVjkiadS7Z4AaABAg,YiUCjL21zHA,dharma x gujarati cinema x siddharth sir absolute cinema!!!,not_gujlish
UgwiglwY_vfoHQU6Rbh4AaABAg,YiUCjL21zHA,First comment 😂😂😂😂😂😂😂,not_gujlish
UgwaJavsrvOqYatLLuF4AaABAg,dqW9M64ueUQ,Sehj pan maja nathi film ma. Bahu boring ane slow che,negative
Ugy9IDifBBdCQO-ydKV4AaABAg,dqW9M64ueUQ,Very genuine rewiew,not_gujlish
UgxpsQe-Tv4nv8URHDJ4AaABAg,dqW9M64ueUQ,"Sonuds nathi barbar, eco thai che",negative
UgyIL16NSawMm3Y6jcN4AaABAg,dqW9M64ueUQ,boring reviw taro vipul,negative
UgzxXUSlw-4wnx_hLrJ4AaABAg,rYgP8WsFrAk,Good 👍,not_gujlish
Ugz9uuRu_mLMaudur2N4AaABAg,rYgP8WsFrAk,Jordar bhai 😮,positive
Ugy0u_EZHnPiCuB178R4AaABAg,rYgP8WsFrAk,❤❤❤,not_gujlish
Ugw9F4hImpTLNr8U-3V4AaABAg,rYgP8WsFrAk,😍👉🏻 jordar bhai,positive
Ugxr-QM841Zr0RJEs7R4AaABAg,rYgP8WsFrAk,❤,not_gujlish
UgzPt5HytYUuiLqcdfp4AaABAg,rYgP8WsFrAk,Very good review,not_gujlish
UgwqVON5FXJbyBL6POJ4AaABAg,QzAdQlBBosE,❤ Vikram Bhai thakor movie review karo,neutral
UgxI0woJpCWAwH0ffyh4AaABAg,QzAdQlBBosE,🤣🤣🤣🤣,not_gujlish
Ugx7XO1POD4lTU8psiJ4AaABAg,QzAdQlBBosE,😅😅😅😅😅😅,not_gujlish
UgwjxBXnbELMhhag62V4AaABAg,QzAdQlBBosE,"How they write a film😂.. Jo bhai gadi udshe ne dhadam karti padshe. Ane hero aaveshe.. Badha udi jashe..
Badha WOOOOOOOWWW..",negative
UgygcFaL53bKFcEM8xJ4AaABAg,QzAdQlBBosE,State of rama dhani,not_gujlish
Ugze0LZh9BiacFg1yBJ4AaABAg,QzAdQlBBosE,Swimwear not good if show more w it will be  black buster,not_gujlish
UgyCvDBcqXjHmxQZbDd4AaABAg,QzAdQlBBosE,😂😂😂😂😂😂 shaatir che badhaj,not_gujlish
UgzFRokJQkwUPpykyEt4AaABAg,_1amtHQegCA,Saras film che maja aavi 👌👌👌👌👌,positive
UgxK5-Lkpkdwv_6LOxV4AaABAg,_1amtHQegCA,*Siddharth Randeria ni koi film flop nthi 😊*,positive
UgzPiSKjmYz8RGTaxgJ4AaABAg,_1amtHQegCA,Bakvas movie che yaar,negative
UgykI6WYRcjGJob_WoJ4AaABAg,_1amtHQegCA,Bhai khota review apvana bandh karo yaar industry maff nahi Kare tamne yaar plz,negative
UgwWLQuN4nz1RepNLv94AaABAg,_1amtHQegCA,hindi film waqt (amitabh ane akshay kumar starrr) ni copy,negative
Ugy3fapZF8-rpIrDw5t4AaABAg,FCrw1xK3Ue8,Maaf karjo pan aa Film sehj pan intersting nathi. Bahu j slow movie che.,negative
UgzF0j8juvqQzRO0OEF4AaABAg,FCrw1xK3Ue8,Pakku karjo spoiler vado video,neutral
UgwQ3ETbIDuzC9wctmR4AaABAg,FCrw1xK3Ue8,❤,not_gujlish
UgwyC-EnriLsNFYGYNt4AaABAg,FCrw1xK3Ue8,Sir honestly kehjo tamne nathi gami ne ?,negative
UgyVR1f2ZwqvfaLPCV94AaABAg,FCrw1xK3Ue8,nice video,not_gujlish
UgxF-ZjXSHLSkX4BMad4AaABAg,FCrw1xK3Ue8,Thank you for your feedback 🎉,not_gujlish
UgzhMAxAuq1KBTzDwTR4AaABAg,FCrw1xK3Ue8,🎉🎉🎉🎉🎉,not_gujlish
UgwMLqmdSvbGMcFgQPp4AaABAg,EysKGg_ydDI,Bakvas movie Ame  joee Lidhi movie,negative
UgzhzFXVAWOk6PKe3OZ4AaABAg,EysKGg_ydDI,Movie Ma kharab Bhasa Bolva ma Aavi chhe nana balkone mate LAKHOTA  shabd Vapryo chhe,negative
Ugw4SORqUURfCNPeswF4AaABAg,EysKGg_ydDI,"Story , screenplay acting direction bov j bekar hati suy gayoto movie joy ne ....gani 6 var hasyo...ek dam magaz vagar ni movie hati ...logic kai che...rixa lai ne bhagaya che helicopter ma nathi bhagaya to pakdai na jai...bank vala ma pn magaz nathi...me pn gana badha loko ne hata bov ocha loko hasta hata..",negative
UgxzkOgmkyHOmcyuX_p4AaABAg,EysKGg_ydDI,Ott update?,not_gujlish
Ugy-G4hy3ifzd77ZL-V4AaABAg,EysKGg_ydDI,Su bachi gaya koyi Dar nato. tu kya feke che. Filam to chalvani hathi. Filam bajet 10 cr che bhai khali tara jeva ne 1 hajar aapya che to Bija ketala hase,negative
UgxHCWwrDjzArqGhGpl4AaABAg,EysKGg_ydDI,Post starma,not_gujlish
UgyyU5LPISROk79Q9oJ4AaABAg,EysKGg_ydDI,Vikram no.1.best,not_gujlish
Ugx_UnajJb0Fqb2p5Q94AaABAg,EysKGg_ydDI,Jagat movie and bhram movie ott par kyare aavse?,neutral
Ugzg7zUJp5QnSyLsOm94AaABAg,EysKGg_ydDI,Khota Vakhan na karso tame aa movi na thik che Gamdama but paheri ne loot karva jay che te yogy lage che Director ne pan khabar ne pan jaan nathi ke village ma ledish but vagere nathi pahera ta abhan che to pan samje che Etle aa badhu Review ma tame khota cho Ena karta pramnik Ta video karo khoti vaah vaah na karso tame End Saru nathi Etale vadhare padtu Saru na bolso je Sachu hoy Te bolo,negative
Ugy1SGmyVGEYjV3MInB4AaABAg,EysKGg_ydDI,"Sir, I’m genuinely disappointed this time. The film is just average — it depends entirely on marketing magic rather than offering a real cinematic experience. Honestly, Thamma was far better than this mindless and pointless film.

Yash sir is undoubtedly a talented actor, but if he truly wants to grow into a great artist, he should consider distancing himself from these producers who are simply cashing in on his name. In this movie, his dialogues sounded exaggerated and overconfident, which made the character feel unnatural and forced.

The storyline lacked any solid foundation or logic. Why is a teacher suddenly taking such actions in a random village, and why do the villagers agree so easily? The mall scene — where Yash’s character takes someone’s baby without reason — was completely absurd. The dialogues were illogical, and none of the female characters stood out; perhaps they were overshadowed by Yash’s over-the-top portrayal.

Overall, this film is built on pointless writing and direction with zero logic or emotional depth. It’s hard to believe it was made by Jay Bodas, the same filmmaker who gave us Fakt Mahilao Maate, a genuinely good film. Sadly, it feels like many are now prioritizing money over meaningful storytelling.

Producers like Vaishal Shah are, in fact, more harmful to the Gujarati film industry than others — because he has the power and resources to create truly great cinema, yet he chooses to settle for making mediocre, mindless films that survive purely on marketing gimmicks. It’s disappointing to see such potential wasted.

I now have even greater respect for filmmakers like KD, Abhishek Shah, and Manish Saini — they stay true to their craft and consistently bring something fresh and thoughtful to the audience.

As for Vaishal Shah’s claim of making a ₹100 crore Gujarati film — with this kind of substandard work, that seems impossible. And I must say, I’m also disappointed with the reviewers; this film is, at best, moderately entertaining and deserves no more than 2 to 2.5 stars.",not_gujlish
UgxAe379EAQJuy4g8YV4AaABAg,EysKGg_ydDI,Sir aa film ni budget ketlu che ???,neutral
UgyeoqixvyWItJM2Y794AaABAg,EysKGg_ydDI,❤,not_gujlish
UgzsxtJheUdwbCrl3r94AaABAg,EysKGg_ydDI,Kya theatre ma jaav tame,neutral
Ugzpe58muLsrNrbgYyF4AaABAg,EysKGg_ydDI,Bhai Show bandh 6 ano video banavo replay pan deta nahi Diya cinema Anand Chek kari reply karajo,neutral
Ugzpa9mv4qGt5XeoD3d4AaABAg,EysKGg_ydDI,"Where is kd in movie ( I unable to find,) please u tell",not_gujlish
Ugytmc4de_qgZth6jGJ4AaABAg,EysKGg_ydDI,Bhai show bandh 6 vikram thakor nu film chalave 6 all screen par maare dhakko thayo Aanand Cinema ma,negative
UgxJqat2fFbhLQUjTfF4AaABAg,EysKGg_ydDI,"Best movie, tight screenplay, best editing, no boring scenes, best acting, Best direction l, overall like  a south movie touch. No any bakvas. Full enjoyment..paisa vasool movie...",not_gujlish
Ugz0zylbudhUPYnxAfJ4AaABAg,EysKGg_ydDI,Very nice movie....Diwali par gujarati movie and pachhu yash soni nu ..... superb,positive
UgwPoWmzs911JDjLaVF4AaABAg,EysKGg_ydDI,Bogus movies,negative
Ugy8FebtR29fPXqqjgN4AaABAg,EysKGg_ydDI,Jay Mataji karta sari chhe evu ek Jan e kidhu hatu,neutral
Ugw3z5tMwS6VahTTikV4AaABAg,EysKGg_ydDI,Super bro video,positive
UgwP42iojVPwrcLPL0d4AaABAg,EysKGg_ydDI,"Bhai vash level 2 Netflix par release thai gayi chhe, in my opinion it's a proud moment for us because vash level 2 is the 1st gujarati movie on Netflix but I have a question, makers to kehta hata ke OTT release nai thai??",positive
UgyOhrJXWybHywCMX3J4AaABAg,EysKGg_ydDI,Komal Nahata a 1st time aa Gujarati movie no review karo😂 shocking 🤷‍♂️,neutral
UgxZ88hWCNXpcPlPu-p4AaABAg,EysKGg_ydDI,🎉 Nice Review 🎉,positive
UgzsGdDTQFaoOIJkHRt4AaABAg,EysKGg_ydDI,Chalu karo vah vah karvanu,positive
UgzRupafxAhy835ZvEh4AaABAg,EysKGg_ydDI,Amare pan have jova javu chhe 😅,positive
UgzsZrROZv8Gv-OF5xh4AaABAg,EysKGg_ydDI,Aa film ma comedy sari che ane darek charector ne purti rite batava ma aaviyu che ane khass film jevi chalu thay em bhagti jaay che jaldi jaldi involve kari nakhe che film ena ma mane morning ma film jovi hati pan ticket na mali to night show jovo padyo,positive
UgzMU8I9gNbB9KITzpd4AaABAg,EysKGg_ydDI,Jova to javanij.......,positive
UgwiizaM1g6CKE_yeMl4AaABAg,EysKGg_ydDI,"aa chutiyu che Vikram thakor ne target karine view vadhare 
Tara joya che main videos tara char jana nu groop che garv thi vipul ne e badha tu loda review chodi de tu khali cinema print joi ne review karva bese che tu gujarat ma reto nathi to te movie joi khari vikram thakor ni to pachi joi ne aav beta pachi review kar je chodu na banayis loko ne baki tane bov moku padse",negative
UgzU-OJ1drPHayZMS554AaABAg,EysKGg_ydDI,❤,not_gujlish
Ugyywt5cMIo0ENlpkFN4AaABAg,EysKGg_ydDI,Very nice review,not_gujlish
UgxkehrehzsEXrPz2wl4AaABAg,EysKGg_ydDI,Visangar ma to vikarm thakor ni film chale se bhai 🎉🎉,positive
UgyGmzpKr5eH6b4MMF14AaABAg,udwW5O5CMBI,Unique super movie 👏🏻👏🏻🔥,positive
UgxuDUSvaacP3z0GV5R4AaABAg,udwW5O5CMBI,Thank you sir tame aa  revwu aapyu ej amara mate bahu vat se 🎉❤❤,positive
Ugw6qzDqk3wwkQmihyZ4AaABAg,udwW5O5CMBI,Amari baju to screen j nathi aapi😢😢,negative
UgxzlV8of8yPUkHQP2N4AaABAg,udwW5O5CMBI,Ek dum bakvas movie che,negative
Ugyvn-DZtY_Bw9LRL0R4AaABAg,udwW5O5CMBI,गोधरा नहीं दाहोद में सूटिंगहुआ हैं ओर डायरेक्टर भी दाहोद से बिलॉन्ग करते हैं,not_gujlish
UgzPe9ZoKOWKd2aNXP54AaABAg,udwW5O5CMBI,Stet of ramdhani super hit muvi,not_gujlish
Ugzznxy5bORsKYd1nbh4AaABAg,udwW5O5CMBI,"ખોટી vaat છે Lalo movie ma koi mega start nata toy chali gai ..
ગુજરાતી મૂવી મેકર કાંઇક અલગ બનાવે તો ચાલે ને 😊😊",not_gujlish
Ugzeho6aSrUrFj8W__V4AaABAg,udwW5O5CMBI,❤,not_gujlish
UgyNTfwjr-RioHVuO954AaABAg,udwW5O5CMBI,Unique movie 🎥,not_gujlish
UgxcJx8WvVjcpFkK2Uh4AaABAg,udwW5O5CMBI,❤,not_gujlish
Ugx8REM-w2qsEdyx8y94AaABAg,OOZQBFf2UK4,Silent Superstar Alok Thaker ni panipuri avi rahyi che so versatile actor sir,positive
Ugw608Xj5wnXRlZgdO54AaABAg,OOZQBFf2UK4,Comment karvanu nahi bhuliye 😊,positive
UgxGBYnF36IyDh5ikTl4AaABAg,jxKJf_nVkmU,👍,not_gujlish
UgywCwRbRs8_OVM-72l4AaABAg,jxKJf_nVkmU,🎉🎉,not_gujlish
UgxtFh0NDSgRWrZQf_J4AaABAg,jxKJf_nVkmU,👌👌👌,not_gujlish
UgwlU7dV7Dvk9EZ8od14AaABAg,BMxpWLTDJMw,"True 👍 ✔️ yes I agree with you , details apvi joie and yes jhanvi acting khub saras che Danish also done good",positive
Ugw8j0f_-xELHbuoaK54AaABAg,BMxpWLTDJMw,Where winds meet and delta force,not_gujlish
UgyhWumRSBS8AvWxgQl4AaABAg,BMxpWLTDJMw,Thanks to hu nathi jati jova😂😂,positive
UgwjHLeFHdT1VKqMOAp4AaABAg,BMxpWLTDJMw,thanx paisa bachi gaya 🎉🎉,positive
UgyNC1Vi2OkigSMHa994AaABAg,BMxpWLTDJMw,ટ્રેલર joi ne જોવાનું man no thyu,not_gujlish
UgxFk_jN--giK_9PHCp4AaABAg,PgB-guws_hE,Karela story 2 😭,not_gujlish
UgzgHJWcjyy9sB1P0cF4AaABAg,PgB-guws_hE,aa film sari se hu bov ochi movie jov chu mane sari lagi,positive
Ugz-AH7TIwFUIpQWkoN4AaABAg,PgB-guws_hE,Kitna jahel log hai salo ne kitna jaher felava na stnat rame se,not_gujlish
UgzEWzUIPura1tJz_-J4AaABAg,PgB-guws_hE,Ekdum mast movie se 👍,positive
UgxeNSnZsSvuTlhEced4AaABAg,PgB-guws_hE,Super movie,positive
Ugy6ip8CwP2Tf_Bj4rp4AaABAg,PgB-guws_hE,"Khub j mast movie se.
Reality batavvama aavi se.
Film jarur jojo",positive
Ugyh4rmoUzN3MlgPSUl4AaABAg,PgB-guws_hE,"Love jehad.... Aavu kai che j nahi.... 
Aa  BJP  &  godimedia no  khel che.. 😂",negative
UgyRYBkS3bxdXdPUbmN4AaABAg,PgB-guws_hE,Pan muslim vagar india nu Raj niti adhuru,neutral
UgwtuqfaGCMmof48qc54AaABAg,PgB-guws_hE,Show kya hoi j chhe. Ghana city ma. To aavi ne chalyu jase movie kone khabar kyare aavyu ne kyare gyu.,negative
UgwVC-lv69gi_GKYZW54AaABAg,KLVOemDHWSg,Film maa pan dam nathi..,negative
Ugxo9PX470yt1AdDkn14AaABAg,KLVOemDHWSg,Kadaknath movie thi kai problem se kem review nahi karta,negative
UgxL8pzU9MLN4ttO02p4AaABAg,KLVOemDHWSg,"Karna johar a paisa nathi rokya.. ene kadach paisa lidha hase.. Because Gujarati filmo a to distribution mate pn Rs. aapva pade chhe !!
Dharma is JUST the presenter of the film having responsibility of marketing, publicity, distribution support, etc.

Emnu name use thayu chhe marketing mate just because it's a big name. 

Same example - Tamburo film varsho pehla aavi hati jene Rohit Shetty a present Kari hati.",neutral
UgyZVIseNaR9G0u4Vk14AaABAg,KLVOemDHWSg,🎉,not_gujlish
UgzJMGIq5bVSlrSeky14AaABAg,KLVOemDHWSg,Movie to saru j che bhai & ketla pappa ne chokra o ni real life sathe aavu thatu hase,positive
UgzNqpHQUstbVsoL--V4AaABAg,KLVOemDHWSg,Sache j khusbu ice cream hatu sponsor tamara video nu😮😮,neutral
UgyN4FmAfDV9v3_Q93R4AaABAg,KLVOemDHWSg,"Tamaro review ek dam perfect chhe bhai.
Bakwas movie chhe. Total waste of time. Siddharth sir ni fan hu pan chhu. Pan aa moview bau bekaar ane vahiyaat chhe. Topic saro chhe pan ene present evi rite karyo chhe k em thay kyare pate ne ahi thi bahar jaie. 
Hve writer kon chhe e check kari ne movie jovi padse🫣",positive
UgzWwbrVxg9Ku6snIvB4AaABAg,KLVOemDHWSg,Kadaknayh review,neutral
UgxvmuoatyGuitTbnlF4AaABAg,KLVOemDHWSg,cinevood mathi download kari ne,neutral
UgzfYUob_ASS2pBKzlR4AaABAg,KLVOemDHWSg,"Thank you 🙏🙏🙏 
આભાર 🙏🙏🙏",not_gujlish
Ugzhu1_VPz1hPzK5_L14AaABAg,1DT1cvEo3N0,Bhai tara mara java mafatya vadhi gya film utrij jay ne,negative
UgzVudSg_FRk8MuMW294AaABAg,1DT1cvEo3N0,Badhuj gambhir che,neutral
UgwrdKqhXt6xhE8HfBl4AaABAg,vDXkdal4UmQ,FILMMUVEHDOK,not_gujlish
UgzPBN1R4kZ2sgLmwKR4AaABAg,vDXkdal4UmQ,"This is the peak level of gujarati content.❤❤
love this web series.❤❤",not_gujlish
UgwnRLjdjhgSqWowOfR4AaABAg,vDXkdal4UmQ,"Sara ali khan, Akshay kumar, Dhanush....Atarangi re movie no concept,  but sari acting kari che ! Kaik unique storyline hot to vadhare saru hot...",neutral
Ugy53cQLbjTtRzUuKfV4AaABAg,vDXkdal4UmQ,"This one I just watched gave me goosebumps. After the wrong side Raju this one gave me thrills. The entire caste, background score and everything else is pitch perfect. Mitra Gadhavi is also good in Naan khatai.",not_gujlish
UgxuED4cV4ZBI4VM8Cl4AaABAg,vDXkdal4UmQ,Filmmuveeokhd,not_gujlish
Ugx7WE_lqnxhBhVPFoJ4AaABAg,vDXkdal4UmQ,Jordar 😂,positive
Ugxi7MuZ0lTSehPw1G14AaABAg,vDXkdal4UmQ,Vikram thakor nu song chhe aama,neutral
UgwixE6Psi6CDx1HrEl4AaABAg,vDXkdal4UmQ,"Sonau , tane mara par bharosa nai k??😅",neutral
Ugy_9-R_ObqpXcS1N6t4AaABAg,vDXkdal4UmQ,Superbb🎉,positive
Ugy6r-3802qgodyjYYp4AaABAg,vDXkdal4UmQ,Link moklo ne,neutral
Ugym3puds1rcAxwPKTl4AaABAg,vDXkdal4UmQ,Gujarati films day by day 👍🏻,not_gujlish
UgxYxjYgXCUB0G0eWTl4AaABAg,vDXkdal4UmQ,Nava actors ni bou jarurat che. Ek ne ek actors badhi movies ma aave che. Sometimes it is frustrating.,negative
UgxBilxGxtbnBqFhVUN4AaABAg,vDXkdal4UmQ,Already Iccha Nahi Lagan Ni Aavu Joine Saav Mari Gai Iccha 🥲😭,neutral
UgxctLOwflOt7wKUqPh4AaABAg,vDXkdal4UmQ,"Bestttt series ever, you must have to watch once❤",positive
UgxoQZOYKuVUggVIGL94AaABAg,vDXkdal4UmQ,Jordar laya bapu,positive
Ugyqs7h0l-oEu5F1LRp4AaABAg,vDXkdal4UmQ,Laya ho bapu jordar ... ❤❤,positive
UgxfvftgJ4WJbI6CuBl4AaABAg,vDXkdal4UmQ,Ha gadhvi,positive
UgxuUTheF214z6wYmYx4AaABAg,vDXkdal4UmQ,It's amazing new things in Gujarati films,not_gujlish
UgwJlwaNXluSAZJNYsd4AaABAg,vDXkdal4UmQ,👌,not_gujlish
UgyMllV9rZKjxez3wZ94AaABAg,vDXkdal4UmQ,Mare nathi karvu aani bhegoo🌚🌝👽,neutral
UgyebYcYzLQuY4imJY94AaABAg,vDXkdal4UmQ,mast @ettonightin lol,not_gujlish
Ugxl4Sc7_UBN-Q5vyMJ4AaABAg,vDXkdal4UmQ,Filmmueeok,not_gujlish
UgxQ1VVS6nJjOzDjLKx4AaABAg,vDXkdal4UmQ,Vfiuveeok,not_gujlish
UgxjM-k8g29oolu8llN4AaABAg,vDXkdal4UmQ,Mitra yar kharekhar jordar ho Mitra. Ane Esha yar su kahu tamara performance nu. ❤❤❤  Just loved it.,positive
Ugxca91xUSzmg8LATst4AaABAg,vDXkdal4UmQ,"Mitra Gadhvi started with comedy.. but in last few years e Suspense, thriller ma bahu jamyo chhe!! Keep it up such excellent work!",not_gujlish
UgyG7Ed3rryXmclXr8d4AaABAg,vDXkdal4UmQ,ગુજરાતી movies malyalam movies jevi 100 varshe bhi nahi thaay. malyalam movies jovo ek thi ek kevi movies banave chhe,negative
UgzZJmfB2-MFJrMD0xl4AaABAg,vDXkdal4UmQ,Something new from gujju industry... Vey good,not_gujlish
UgwcklhYlzHwHZc4iz54AaABAg,vDXkdal4UmQ,Missing movie nu Kai karo,neutral
Ugx5Dx2bbx2JdXt7RSx4AaABAg,vDXkdal4UmQ,When secon part come of hun iqbal movie,not_gujlish
Ugzf-Xzj6ZIWeFCGzqp4AaABAg,vDXkdal4UmQ,"The trailer for Kajodu features several intense and meaningful dialogues that set up the mysterious plot. Here are some of the key lines in Gujarati:

The Marriage Proposal: The broker talks about the deal, saying, ""કાંઈ પૂછવાની જરૂર નથી, સીધા લગન"" (0:55) — No need to ask anything, direct marriage.
The Suspicion: The groom expresses his growing doubt, asking, ""તને મારી ઉપર વિશ્વાસ છે કે નહીં?"" (1:29) — Do you have faith in me or not?
The Missing Person: The desperate search for the bride is highlighted when he asks, ""સાહેબ મારી ઘરવાળી ક્યાં વહી ગઈ છે?"" (1:47) — Sir, where has my wife gone?
The Mystery: There is a tense moment where he reflects on his situation, stating, ""દુનિયાને પૂછી લીધું પણ મારા મનમાં..."" (2:08) — I asked the world, but in my mind... (referring to the confusion about his wife's disappearance).

These dialogues capture the transition from a desperate man seeking a quick marriage to someone caught in a web of deceit and mystery.'કાજોડુ'ના ટ્રેલરમાં ઘણા તીવ્ર અને અર્થપૂર્ણ સંવાદો છે જે રહસ્યમય પ્લોટને સ્થાપિત કરે છે. અહીં ગુજરાતીમાં કેટલીક મુખ્ય પંક્તિઓ છે:

લગ્ન પ્રસ્તાવ: દલાલ વાત કરે છે",not_gujlish
UgwQbS0y4Z_E9Fa_AP14AaABAg,vDXkdal4UmQ,Kaik hatke laviya ho..,positive
UgwQsDVtKyDtOz2eLGB4AaABAg,vDXkdal4UmQ,Superb,not_gujlish
UgxLMYTrX6FADa61JeB4AaABAg,vDXkdal4UmQ,Hope this movie does not dissapoint,not_gujlish
Ugw5769Qg_bBPNtaICV4AaABAg,vDXkdal4UmQ,Aaji vakhat kai navu laya che gujrati movie vada,positive
Ugy-hBWg-8CKhB-unsB4AaABAg,vDXkdal4UmQ,Exited for this one 70Mm to Ott 💪💪💥💥💣,not_gujlish
UgziwHB5mKp-9UAQihl4AaABAg,vDXkdal4UmQ,Aa to theatre ma release karva jvu movie che,positive
Ugxon4ZYpkZu3rHSIO14AaABAg,vDXkdal4UmQ,"superbbbbbbbb , something new thissss timeeeee",not_gujlish
UgzOGPH0nVW1D_Z6qiR4AaABAg,vDXkdal4UmQ,Jovu j  padse bhai ...,positive
Ugxn3oQiCMYXL0OzB0V4AaABAg,vDXkdal4UmQ,Ashram ni inspired??,not_gujlish
UgycNErS93q6ABzYefp4AaABAg,vDXkdal4UmQ,❤❤❤❤❤,not_gujlish
UgxwaY4okg7GUSIJQnl4AaABAg,vDXkdal4UmQ,Amazing Trailer. waiting for the Show,not_gujlish
UgylOg4faG1GjsHNpsN4AaABAg,vDXkdal4UmQ,https://youtu.be/DQb9DSdm66A?si=aTU6T31FQAarzK2v,not_gujlish
UgwTLfoLrdw8YFn7ApZ4AaABAg,vDXkdal4UmQ,❤,not_gujlish
UgyU0yhgmH2v7T8XGT94AaABAg,vDXkdal4UmQ,"chello diwas has created an entire lot of star, long way from mitra from chello diwas to such movie, all the best",not_gujlish
Ugw1uT42WZHkw6-TRbZ4AaABAg,vDXkdal4UmQ,❤,not_gujlish
UgwBrbJfeHmWNONCxaJ4AaABAg,vDXkdal4UmQ,"Laya ho baki, ek number 👌🏻",positive
Ugx9Lz7ckMLFkOeYs954AaABAg,vDXkdal4UmQ,Haseen dilruba ni remake lage che !!!,neutral
UgwJsFzqbubKYXOoMr94AaABAg,vDXkdal4UmQ,"Gone Girl ni sathe 2-3 movies nu mixture chhe, pan starcast evi chhe ke jovani maja aai jase.",positive
UgwaqE65-C-foQchlhh4AaABAg,vDXkdal4UmQ,Bhavesh Nam J Mdyu tmne 🤣🤣🤣,neutral
UgznfQ1prrr1IXdVwQp4AaABAg,vDXkdal4UmQ,GAZAB ❤,positive
UgzfS74nBMP7DR-eOHF4AaABAg,vDXkdal4UmQ,Ek naber hoo,positive
UgwV8usxM4G4ouOz2QR4AaABAg,vDXkdal4UmQ,Gajab trailer baki!! Series pn gajab j hase.🤩,positive
UgyfAI0QRJwuMSdfCgV4AaABAg,vDXkdal4UmQ,This level only expected from V3 🎉,not_gujlish
UgyC2msbKdFUrVfaF9h4AaABAg,vDXkdal4UmQ,Laya Baki 😂😂,positive
UgzgWUwqFp9dJlM5HJd4AaABAg,vDXkdal4UmQ,Feels Great.... Jordaar,positive
UgzGFZVwkx1ZtQCm6r54AaABAg,vDXkdal4UmQ,wow new kind of story...,positive
UgxryuBRpRpeJ0UknIF4AaABAg,vDXkdal4UmQ,Bhai hu ikbal no 2 bhag lavo,neutral
Ugw5YWFBN2kaJyzFmzF4AaABAg,vDXkdal4UmQ,Looks impressive,not_gujlish
UgylDN0VIsNSjwUCTy94AaABAg,vDXkdal4UmQ,Nice and new story🎉,not_gujlish
UgyM4ameosqcuk_xWO14AaABAg,vDXkdal4UmQ,Excellent,not_gujlish
UgwMs43iCU-rthP8dMx4AaABAg,vDXkdal4UmQ,Mohil bhai 🎉,not_gujlish
Ugyph6ZtCaSw2EyLByh4AaABAg,vDXkdal4UmQ,"Interesting, the trailer cut was amazing I was looking forward to watching this movie on the first day premiere 🎉❤",neutral
UgyvcTcultKiPeLEpwB4AaABAg,vDXkdal4UmQ,❤,not_gujlish
UgxrqpiiuJLHTpjvBJx4AaABAg,vDXkdal4UmQ,gujju GONE GIRL!!,not_gujlish
Ugwo-iTfrTGDzJXI2G14AaABAg,vDXkdal4UmQ,Something new after long time,not_gujlish
UgwOZWpCkC__GNa4lZ54AaABAg,vDXkdal4UmQ,Superb,not_gujlish
UgzGv5btGfWHaU1ui-94AaABAg,vDXkdal4UmQ,Laapata ladies,not_gujlish
UgyrYicDO3bM0SpCJvt4AaABAg,vDXkdal4UmQ,"I always like mystry and suspence, thriller",not_gujlish
UgxBO7SzZ6sns4AzNs54AaABAg,vDXkdal4UmQ,Laya laya navu laya bhai 😅,positive
Ugwc7iHZtHLXqZKvzw94AaABAg,vDXkdal4UmQ,Jordar trailer che....maja maja padi gai....congratulations to whole team of kajodu .....so gripping trailer💐💐💐💐💐,positive
UgygdrVfXQhPe8SYlDx4AaABAg,vDXkdal4UmQ,Ready to blew the mind of the audience 🥳💥,not_gujlish
Ugxs8A89eBgZsoA_8H94AaABAg,vDXkdal4UmQ,Crazyyyyyyyy!!!,positive
UgwdR5XY1ykqn5aQ0GF4AaABAg,vDXkdal4UmQ,Jordar Chee Bapu 🔥🔥🔥🔥 Kaik Navu Jova madshe Gujarati Ma 😍😍,positive
Ugy752XhS1YWVowEnCR4AaABAg,vDXkdal4UmQ,Cinema release karo ke❤,positive
UgxoXcEs-g9D94OchMh4AaABAg,k8EaDjz2emQ,kach na cup ma cha bharai chhe ane next scene ma kagal na cup chhe hath ma !,negative
UgzLZkJixKrzR0ZDBK94AaABAg,k8EaDjz2emQ,Heyy Gujjugate productions you are doing great job! Gujarati contents another level nowadays keep creating This level of content... We always support you ❤,not_gujlish
UgyxpzjjDHKEgxDsr6x4AaABAg,k8EaDjz2emQ,Nice wab series jordar che keep it up may God bless you and your family,positive
UgwqtO-MHFKM0XemZWt4AaABAg,k8EaDjz2emQ,🔥👍,not_gujlish
UgwyiR4ISneS6PHqsNl4AaABAg,k8EaDjz2emQ,Hit like if u are here for SHIVRAM CHUDASAMA SIR!!!!,not_gujlish
UgytZetYRbxBvw1aK2h4AaABAg,k8EaDjz2emQ,Gajjab che boss... Kharekhar,positive
Ugw8bYcwXosoE4U_AQZ4AaABAg,k8EaDjz2emQ,1 number 🔥🔥🔥,positive
Ugx_oWqZY33Woi0XDp54AaABAg,k8EaDjz2emQ,Very good performance rohan dudhatra keep growing im proud of you 👏🏻 ❤️✨,not_gujlish
UgwcO-sKtBXBSnZ2SuZ4AaABAg,k8EaDjz2emQ,"Boss e lai lidha bhai ne 😁
Ekaad gaad y umervani jarur hati 😅",neutral
UgywLDhV9TTzMUqhxk14AaABAg,k8EaDjz2emQ,Great.... Waiting for the next episode 🤩🎉💛💛,not_gujlish
Ugy2qp5zjj6gRXm-fy14AaABAg,k8EaDjz2emQ,"You guys have done fantastic job.. It's amazing story.. 
I’m eagerly waiting for next episode..",not_gujlish
UgzKGnfnfSNU8xMWmC14AaABAg,k8EaDjz2emQ,I want Hungry Lions in My Office__Who are Hungry to achieve their Goals....!!!!!! Super Dialogue Delivery...!!!!!,not_gujlish
UgwVcyeeBO_BvlJQ9794AaABAg,k8EaDjz2emQ,"Nice episode
A totally different story than typical love stories

Waiting for the next episode",not_gujlish
UgwDCyiMj_N-AddV5md4AaABAg,k8EaDjz2emQ,Mihir Chavda - The Boss.. Super Duper bhai!!!,not_gujlish
UgzUw7diVQ9sJjpKxjl4AaABAg,k8EaDjz2emQ,"Amazing....💐💐

Eagerly Waiting for the next episode....",not_gujlish
UgzMgOx4PXPoTJw4uBZ4AaABAg,k8EaDjz2emQ,Booommm 💥💥💥,positive
UgzkegMQ6dTs0nduahB4AaABAg,k8EaDjz2emQ,Great work guys!! Waiting for the awesome future projects.. 👍🙏🏻,not_gujlish
UgxDLwm_c5mfzLkdwTV4AaABAg,k8EaDjz2emQ,"SUPERB GUJARATI SERIES 
KEEP IT UP TEAM...",not_gujlish
UgwhyTa7mdfOgZLnW0B4AaABAg,k8EaDjz2emQ,Rocking performance guys🔥🔥🔥🔥🔥🔥.... waiting curiously for part 2😎,not_gujlish
UgwmaohLCKufwKeVPvR4AaABAg,k8EaDjz2emQ,Gujrati film industry future on safe hands .... ✨💥🔥,not_gujlish
Ugye8OA2sM1hxKUYFHZ4AaABAg,k8EaDjz2emQ,Tarun's boss is looks high on weed,not_gujlish
UgwJVKKfLYQMxWC44gZ4AaABAg,k8EaDjz2emQ,One of the best it is 💯,not_gujlish
Ugwbl-KLmmqwVuJiVph4AaABAg,k8EaDjz2emQ,Wow!! One of the best gujrati series launch.. keep you the good work team 👍,not_gujlish
UgyipTDY0Y0hL7PM5dV4AaABAg,k8EaDjz2emQ,Eagerly waiting for next episode..!!!,not_gujlish
UgzTX0utQWsM7rQn4bh4AaABAg,k8EaDjz2emQ,Kon Kon Aiya InstaGram Story Prthi Aavyu 6...?😉😉,not_gujlish
UgwdAwSr-widpV4kOq54AaABAg,k8EaDjz2emQ,🙌🙌🙌,not_gujlish
UgwbBsr-5KnOYf-_tsR4AaABAg,k8EaDjz2emQ,Keep up the good work 😍,not_gujlish
Ugxv3mcMMbOPZnp8LYF4AaABAg,k8EaDjz2emQ,It's amazing 😍.. and for IT person its part of their life 👍,not_gujlish
UgzkU5eLn_1dc7ELDOB4AaABAg,k8EaDjz2emQ,Wait for second part ❤️🥰🤙🤙,not_gujlish
Ugw5izC2t9Tu8a4vB254AaABAg,k8EaDjz2emQ,Zindagi ma koi divas lalach nai levai ni.. Mane anubhav se.. Last 2month ago.. Mari sathe kaik avu j thayu hatu red mercy na lalach ma hata 3 lakh amara dubya mara frd sathe ..but koi divs no lalach mehnat kri ne 300 kamavi levana ane pci sui javanu.. 💯✔️ believe in mehnat 🙏,neutral
Ugw467FoBTbypjsN9s14AaABAg,k8EaDjz2emQ,Very Nicely,not_gujlish
UgwUoJvhKG_X0sPfw8d4AaABAg,k8EaDjz2emQ,Another level 😍,positive
UgxM7V9sVJVzFpBQ95R4AaABAg,k8EaDjz2emQ,Nice acting 👌👌👌👍👍 nice 1,not_gujlish
UgwxapxrFwlzdWyKWrx4AaABAg,k8EaDjz2emQ,Eagerly waiting for next episode.....,not_gujlish
UgypPIE-IWg3eMRxR2l4AaABAg,k8EaDjz2emQ,Mihirbhai you are just stupendous fantabulous fantastic.....keep it up...,not_gujlish
UgxWPiFYYPhH62tKevt4AaABAg,k8EaDjz2emQ,Shandar jabardasth zindabad.....✌️,positive
UgycrGV3Iaj-pSxhyNV4AaABAg,k8EaDjz2emQ,"Amazing .....
Eagerly waiting for next.....",not_gujlish
Ugy0gmOWLeLcAOhdUT14AaABAg,k8EaDjz2emQ,"Superb!! Much relatable to today's engineers😉😉. Great job Karan, waiting for the next one.",not_gujlish
UgwdX9FnIzWJExg0qy54AaABAg,k8EaDjz2emQ,❤️❤️,not_gujlish
UgwiSO-zteQzs0kr5EJ4AaABAg,k8EaDjz2emQ,BAGHDATiiii 💪 🔥,positive
Ugxw1IBDPLeNxi9ntGt4AaABAg,k8EaDjz2emQ,Aama thi favourite Nitin Vaghela 👍👍👍👍👍👍👍👍👍👍👍👍👍👍👍👍,positive
UgxNHnZdCP2o3W_3ifV4AaABAg,k8EaDjz2emQ,Interesting 👍👍,not_gujlish
UgzbUhCFUC9HR2ric9t4AaABAg,k8EaDjz2emQ,Fab fab!!!! Waiting for the nxt already 👌👌,not_gujlish
UgzAzQc0se4d5h8AYFZ4AaABAg,k8EaDjz2emQ,Superb 👌👌👌,not_gujlish
Ugx2cnkUME2uKgYTMVx4AaABAg,k8EaDjz2emQ,🤩🤩🤩,not_gujlish
Ugz4mzcHS1D8l2i0V3h4AaABAg,k8EaDjz2emQ,"Very good acting, Pranav",not_gujlish
UgwF2pHUmeZA3UpJiRp4AaABAg,k8EaDjz2emQ,❤❤,not_gujlish
Ugyoc8reR0qbcw7cl_V4AaABAg,k8EaDjz2emQ,Waiting forrrr next Episode 😍😍,not_gujlish
UgyII1aKx3bHyZ31peV4AaABAg,k8EaDjz2emQ,"Wooww ..... Can't wait for the next episodes💯💯💥🥂💯💯💥🥂
Great story line
💯💯💥🥂",not_gujlish
Ugx_rhAn2X3tVgrIQlZ4AaABAg,k8EaDjz2emQ,Super,not_gujlish
UgwdV0b18s_rgArR1xN4AaABAg,k8EaDjz2emQ,Excellent Performance 👏👏👏,not_gujlish
Ugw_FxzA8_ul-83LNJF4AaABAg,k8EaDjz2emQ,Waiting for 2nd episode..,not_gujlish
Ugw_wpQQ-LyUZyQv7gx4AaABAg,k8EaDjz2emQ,Amazing story ...,not_gujlish
UgzxVdAN49Z49oj6rS54AaABAg,k8EaDjz2emQ,❤️❤️🔥🔥💯☑️ jordar,not_gujlish
UgzVCrUDVewhyArx8s94AaABAg,k8EaDjz2emQ,"Mr. Director,
Watch the tea-stall scene properly. Is there any mistake?",not_gujlish
UgzuYjaXpGH_1pHfA3V4AaABAg,k8EaDjz2emQ,"'Start up scam story'- a good start. Very well acted, Pranav Unadkat.",not_gujlish
UgxCrbXrlEZMrfK4TOx4AaABAg,k8EaDjz2emQ,Tarun @Pranav Undakat u nailed it👌☺you rocked Pranav👍 great job Pranav as well as whole team👌 nice cinematography☺😊good topic by gujju gate😊,not_gujlish
UgwVYdrM8rEhVxsSfpF4AaABAg,k8EaDjz2emQ,Mast he 😀😀,positive
UgyxldUB7cXQc2a3hBJ4AaABAg,k8EaDjz2emQ,Commendable performance Pranav Unadkat,not_gujlish
UgyoT_hGgP8m9QdmwoB4AaABAg,k8EaDjz2emQ,Fantastic Performance Pranav Unadkat,not_gujlish
UgyLl1OjE2kKytH9z0l4AaABAg,k8EaDjz2emQ,Super performance Pranav,not_gujlish
UgyV1cNyayV819T_DBB4AaABAg,k8EaDjz2emQ,😍Wowww karan sir✨ its really pure and hard work and Gujju gate. team all are amazing.. 🙌..💯..💚💚💚,not_gujlish
UgzaXPrr5MXrVRjPD3N4AaABAg,k8EaDjz2emQ,Good work bro 👍,not_gujlish
UgzGwyLsrrg3IZ__8Zx4AaABAg,k8EaDjz2emQ,Super performance Pranav,not_gujlish
Ugwf8VQPyXtMlJ-Xb7t4AaABAg,k8EaDjz2emQ,Waiting for episode 2❤💯💯😍🔥,not_gujlish
UgzPugtOGNx407zGrmB4AaABAg,k8EaDjz2emQ,Superb,not_gujlish
Ugw8Iq1Eakra3EjcYjF4AaABAg,k8EaDjz2emQ,Nice script 😊,not_gujlish
Ugx2__tO37PbD_28LYN4AaABAg,k8EaDjz2emQ,Pranav u nailed it. Superb,not_gujlish
UgwksOGvMXoVXNg29cd4AaABAg,k8EaDjz2emQ,Fabulous....Nailed it...Can't wait for next Saturday 💯💯💥🥂,not_gujlish
UgzACPCtXVF_z4MpteZ4AaABAg,k8EaDjz2emQ,Superb!👍👍👍,not_gujlish
Ugz370raEt7JHzkc6MB4AaABAg,k8EaDjz2emQ,Nice story.............👍👍👍,not_gujlish
Ugwwvvk-yWyweHwF6Up4AaABAg,k8EaDjz2emQ,It's amazing 😍 eagerly waiting for second episode,not_gujlish
UgzcvQBRbpes_ZdqeuJ4AaABAg,k8EaDjz2emQ,Loving it❤️🔥💯,not_gujlish
UgxC2v1lt4CpJC72WTV4AaABAg,k8EaDjz2emQ,Amazing story 👍👍👍,not_gujlish
Ugx6pu2dLuCn6ee3B894AaABAg,k8EaDjz2emQ,Great to be part of premiere. Best luck Team Gujju Gate.,not_gujlish
UgwjPRu54sOC98qiYFB4AaABAg,k8EaDjz2emQ,🎉🎉🎉🎉🎉🎉,not_gujlish
UgzLZTg5xBaDU6CO_0R4AaABAg,gpQRu9h7cp8,Nice movie,not_gujlish
UgxCamGRAKzbuBtI0Zl4AaABAg,gpQRu9h7cp8,Aa chokri ne  life mathi delete Kari devo joiye bcs baharni jindgi su  ani khabarj nathi,negative
UgxTE9U8O1HDMd9RMOt4AaABAg,gpQRu9h7cp8,Just awesome long time waiting for such nice film in Gujrati Thankx lot for nice in every aspect sp diloges.,not_gujlish
UgwZIEfDckpVZvvAI0p4AaABAg,gpQRu9h7cp8,Ek movie joi e jema Ojas Rawal and Pooja Joshi lead role ma hoy hero and heroine 😊😊,neutral
UgzgWQFVgDy3z3rRSq54AaABAg,gpQRu9h7cp8,We want ojas Rawal and Pooja Joshi romance movie 😊😊😊,not_gujlish
Ugxq046g5m39Zi0dVRV4AaABAg,gpQRu9h7cp8,Super story of web series.. And vyoma  acting 👌😍 is super and ojas series acting like super... This call awesome web series #vyomanandi,not_gujlish
Ugw7wEYn_4aHbpG6Pil4AaABAg,gpQRu9h7cp8,This is so beautiful and mesmerising story that I loves every second of it.....but also so fictional than for going back to reality ...I am straingt going nnow to watch CRIME PATROl episode 😂😂,not_gujlish
Ugz_64seNnMpa-mQsRJ4AaABAg,gpQRu9h7cp8,"Wow,  , 😮 yaar  aa gujrati dramas  atlaa  masat kem lagva lagya  orr bnva lagya 😊
❤ I'm totally mesmerized😮 I just falling ,,,,with ,,,,,in,,,, love ❤ 😍 💖",positive
Ugz8lmTu6diiJ7VFm_x4AaABAg,gpQRu9h7cp8,Gujarati Not hard 2 understand ❤,not_gujlish
UgxQbywHSZijzH5x0QZ4AaABAg,gpQRu9h7cp8,"Nice pictured but do you think totally different nature can be happy together?
If yes than I would like to see movie on that too.
Try it is based  on real life.",not_gujlish
Ugzt8-MuB8XP3kX14aN4AaABAg,gpQRu9h7cp8,"Successful man and philosophical women story of each and every webseries, just imagine if the guy was unsuccessful!!! Kuch naya lao yr",not_gujlish
UgwqvV9senyHKxP87-x4AaABAg,gpQRu9h7cp8,"Anayase comparison  thai gayu...
Arranged with Love wen series vadhare relatable lagi, bhale ne ema vadhare famous actors nathi, pan atory, acting bahu j saraa che !!!",not_gujlish
UgwprIp2uTaV9WeutaF4AaABAg,gpQRu9h7cp8,"A beautiful and exceptional love story that compels a sophisticated man to fall in love, demonstrating that love can conquer anyone.",not_gujlish
UgyrDdbwag1gvs_k1Mh4AaABAg,gpQRu9h7cp8,Nice ❤️,not_gujlish
Ugze1yqTumqycC1zf6t4AaABAg,gpQRu9h7cp8,🎉🎉,not_gujlish
Ugy3MTYjW7qRVBsuQCd4AaABAg,gpQRu9h7cp8,Good. Vyoma must try that Michelle Pfeiffer turning bac scene from One Fine Day. She is charming.,not_gujlish
UgzZ9B33wCRALRlZN3t4AaABAg,gpQRu9h7cp8,Nice love story 😊,not_gujlish
UgxadlL_niVB-8FyvSd4AaABAg,gpQRu9h7cp8,Classy luv story... ❤,not_gujlish
Ugy743rjv3Dwcc8VNNZ4AaABAg,gpQRu9h7cp8,Not like usual love story..no nonsense  in the story...flow is good...Nice acting...However too philosophical....at some points,not_gujlish
Ugyyuye2LwZKjJfvNyB4AaABAg,gpQRu9h7cp8,"Cute Couple story.
Nice. Keep it up. Both are naturally",not_gujlish
UgyjOY8zPK1hmH1gC314AaABAg,OkZg9HKfFN4,It's superb season,not_gujlish
UgwLJ2i49aDQx6CLRw94AaABAg,OkZg9HKfFN4,❤❤,not_gujlish
Ugw6JiYTNUUkihq4oI14AaABAg,OkZg9HKfFN4,Best webseries bass chaa sudhi vato tari and chaa mari......❤,not_gujlish
UgwRlyyo9K7DiChBCcF4AaABAg,OkZg9HKfFN4,Aao ne bhaibandh,neutral
Ugy4oDzS3hvtwZO0OrV4AaABAg,OkZg9HKfFN4,"Gaadi chalavta chalavta pn cha pivani...❎

Cha pita pita gaadi chalavvani...☑️☑️",neutral
UgwGTKWfwo_65owiNZJ4AaABAg,OkZg9HKfFN4,Very nice siris and New ❤😊😊,not_gujlish
Ugy1Iiu3rhTjOt-SzhZ4AaABAg,OkZg9HKfFN4,for Gujarati web series Ruhan is  the best choice ever,not_gujlish
Ugy4nQlcuqpqWV-1h3h4AaABAg,OkZg9HKfFN4,Any one in 2024..... Still one of the most favourite series ❤,not_gujlish
UgwMM-LWhrh1JwFsARN4AaABAg,OkZg9HKfFN4,When will come  New season?,not_gujlish
UgxC0BPJgKzHxQzHwIV4AaABAg,OkZg9HKfFN4,Tea post ❤,not_gujlish
UgzqTxgEeArwzG7s17B4AaABAg,OkZg9HKfFN4,I like this camestri both the best actor 🎉❤ badhi season ma tamebevu Hoi to season best j rahese,not_gujlish
UgyHEQB-V5F4K_Aw8GB4AaABAg,OkZg9HKfFN4,Voice 😍😍😍,not_gujlish
Ugwo-pVT5Gzx16jEwCx4AaABAg,OkZg9HKfFN4,Maja aavi.  Mane  depretion may aanad aavi gayo aa joine..  thanks..,positive
UgzlKKi205U0IH6KxRp4AaABAg,OkZg9HKfFN4,"I can relate all this, I have a same nature like him, what a series",not_gujlish
UgydwzuXxSsAwf9fUCV4AaABAg,OkZg9HKfFN4,I love yr voice,not_gujlish
Ugzduy0IVIy8mBohQsR4AaABAg,OkZg9HKfFN4,Ketlu ajeeb chene koi vyakti ne psnd karvu ane ej vyakti na maate kaamna karvi pan khabar che ke aa sangath sambhav nathi !,neutral
Ugx_MCLjMScuCNp0CcJ4AaABAg,OkZg9HKfFN4,Nice story,not_gujlish
UgzoXvglSt1_OPiVaWt4AaABAg,OkZg9HKfFN4,https://youtu.be/wTx8F3EjT3A,not_gujlish
Ugwi1KpH7jeo0J-MBNB4AaABAg,OkZg9HKfFN4,Really very nice 👌👌❤,not_gujlish
UgwgD7gnWuD4dIcuXXV4AaABAg,OkZg9HKfFN4,👌🏻,not_gujlish
UgyNe45mSGCIq7s7xGZ4AaABAg,OkZg9HKfFN4,Superb   ...nice acting sir...,not_gujlish
UgxY1a1PjYp6OnblRBN4AaABAg,OkZg9HKfFN4,Ur voice is magic....ruhan....,not_gujlish
Ugx4mO2I4S2NWVciexh4AaABAg,OkZg9HKfFN4,Nice ❤️🖤❤️🖤,not_gujlish
UgxiPFnOlgCfYQKYHc94AaABAg,OkZg9HKfFN4,Pl come soon...can't wait for u r.j. and jhinal.....bus cha sudhi....,not_gujlish
Ugzhry04uOJpHV5vufp4AaABAg,OkZg9HKfFN4,🙂✌🏻,not_gujlish
UgzEr2DU8qywwnE_60t4AaABAg,OkZg9HKfFN4,"After watching this series,mane em Lage 6: k pelo bhai Mari jem depression ma 6",neutral
Ugxus3dL4OvgvhLPRK54AaABAg,OkZg9HKfFN4,Vah RJ banya pachi car update kari nakhi,positive
UgxDIXJLFkFMaY3lkZt4AaABAg,OkZg9HKfFN4,I think my story is almost like this but there is no cha. 😂,neutral
UgxmiqEtzsxoAATSdbx4AaABAg,OkZg9HKfFN4,Ruhan yr voice ....... superb 👌,neutral
UgyLCUs_0iQdW96DGqR4AaABAg,OkZg9HKfFN4,Always...fan of Ruhan Alam...🥰,not_gujlish
Ugy5sdD-50Ff5vuVzm14AaABAg,OkZg9HKfFN4,Mulakat to chay par Hoti he coffee par to sirf mitting Hoti he,not_gujlish
Ugy1UUx-keu_8-nzV8V4AaABAg,OkZg9HKfFN4,Amezing 😍😍,not_gujlish
Ugw5zQyriWzTTYnsYx94AaABAg,OkZg9HKfFN4,wtf is this,not_gujlish
UgxgGziFkSC1TBNcJLN4AaABAg,OkZg9HKfFN4,hi...  producers/ directors  can you pls share all seasons and all episodes upload  with english subtitles??  plssss     i want  all seasons and episodes to my non Gujarati friends..    i requesting thrice  here..  pls  do something...   plsssssssssssssssssss,not_gujlish
UgzpfAJ78PwcPrNLZZ94AaABAg,OkZg9HKfFN4,Season 4 kyare aave che and nice work and keep it up bro,positive
Ugz4HG75coFFwyGqkTB4AaABAg,OkZg9HKfFN4,"Season 4 ni waiting chalu 6
1/2/3 season's episodes r superb.",not_gujlish
UgwtScgJcln-ezbxTnp4AaABAg,OkZg9HKfFN4,Etlu badhu pan kai khaas nathi ane dar vakhte aa chokrav ne laryara ane matlabi sukaam?,negative
UgwVn5Rr-04wJbb6pjp4AaABAg,OkZg9HKfFN4,Bhai loko na that merrige todave Tamara vidio bija na loko ma avu negative bhari ne,negative
UgwXKWxbT5qR4lx-PAt4AaABAg,OkZg9HKfFN4,NO STEREO SOUND in this episode.,not_gujlish
UgyfnNKhJuWo1m-EIlR4AaABAg,OkZg9HKfFN4,Life ma Mare pan twist ave che Ane Avta Rese pan Emni Jagya Koi nai Lai Sake Missing Om....,neutral
UgxJE1P_FcFA9TKWWsZ4AaABAg,OkZg9HKfFN4,2.37 scoda rapid ??,not_gujlish
UgwhW7w-5sD_BAHlP3Z4AaABAg,OkZg9HKfFN4,💕❤,not_gujlish
UgzLaIF6teQA1vvK--94AaABAg,OkZg9HKfFN4,Nice Bhai,not_gujlish
Ugwb59U_QrcDwMriO5Z4AaABAg,OkZg9HKfFN4,Lovely 💓 💕,not_gujlish
UgzCVOkSdQLRCdilLH14AaABAg,OkZg9HKfFN4,Nice video,not_gujlish
Ugzz-F6p1H-UmjV3thN4AaABAg,OkZg9HKfFN4,Osm....Yar sirji,not_gujlish
Ugxy5tfc8O2ttDPd-Sx4AaABAg,OkZg9HKfFN4,"bas cha sudhi t shirt 

https://desibeing.in/product/bas-cha-sudhi-unisex-tshirt/",not_gujlish
Ugw3euR0E9LLGBQNv2t4AaABAg,OkZg9HKfFN4,va dost so video banviy chi😊,not_gujlish
UgxaqAPcnA75r7Hryzt4AaABAg,OkZg9HKfFN4,"Sachej tamari rj ni job khub Saras chhe
Sachej tamne sambhadva raah joiye chhiye",positive
Ugz-rVE3W22UUO6vu_Z4AaABAg,OkZg9HKfFN4,"His expressions, his dialogue delivery, his timing is just supperb. Everytime we think what will they bring new this time. But everytime they come with unexpected ideas and just stun you. Never stop this show please",not_gujlish
UgwVumtzapUjWidfyux4AaABAg,OkZg9HKfFN4,Full episode Kai side par thi jova malse pls tell me Guy's,neutral
UgyI1J3DOX6TTmAw5zd4AaABAg,OkZg9HKfFN4,bhai ni really good story in gujarati and good cinematography,positive
UgxIgo_kb3gxFfpVEut4AaABAg,OkZg9HKfFN4,Is this his real story,not_gujlish
UgxkdDZU29Wh6Ys3XBp4AaABAg,OkZg9HKfFN4,Waiting for season 3💯💯💯💯 who is waiting 😇😇😇😇😇,not_gujlish
UgwYW35stKP65ZuIdAp4AaABAg,OkZg9HKfFN4,"where is this cafe in Ahmedabad, plz tell me someone..",not_gujlish
UgzJ_GpcwfiLRd686U54AaABAg,OkZg9HKfFN4,"Gujarati voice web series 
Tu Ane Tari Yado 
(Must watch )
https://youtu.be/rJhb2Cwu8qY",not_gujlish
UgywyoWRN8fr2yef-vF4AaABAg,OkZg9HKfFN4,"Aee bhai thoda mota videos to banavo, video 6 minutes ma Bharay jay Che MAN nay bharatu so I hope ke 15 minute suthi to banta he, chal yr Chai pila 😃",positive
UgwQ45_nnXr8IK5PiUF4AaABAg,OkZg9HKfFN4,Khub saras .peli var joya pachi mukva nu man na thay.hiro.heroin jor dar.khatha jor dar.👌👌👌,positive
Ugw5kMJ5TFyUH9L9OzR4AaABAg,OkZg9HKfFN4,Shashwat ne sacho prem... 🤗😍kehna zaruri he kya? Usne kahata... Kya zaruri nahi kya??,positive
UgzW01_yWU2BDnUbXFl4AaABAg,OkZg9HKfFN4,"Ur both season episodes r just same like my life. I lv it.. Pls bring the third season, too",not_gujlish
UgyxWqqOYzj8j1nnBoV4AaABAg,OkZg9HKfFN4,"Really one of the best Romantic love  Guju web series best Dialogue, script, Directions, Love you all Bus Cha sudhi all Team waiting coursly 3rd web series .",not_gujlish
UgwdEvXagrQnw3nBM9p4AaABAg,OkZg9HKfFN4,Khub saras,positive
UgwgbRNnF0AEIV6ih214AaABAg,OkZg9HKfFN4,Jakkassss ho,positive
UgwkIqLN1RDWd4h9rmR4AaABAg,OkZg9HKfFN4,bus cha suchi  nice gujarati web series,not_gujlish
UgwpsQZg1zHEEdhFDA94AaABAg,OkZg9HKfFN4,"yrr superb script, love u guys😃😀",not_gujlish
UgziToEy6aj9ohP2EYN4AaABAg,OkZg9HKfFN4,"Supap.... 
Su comment karu tamari story par... 

Dil ne hach machavi gayu..",not_gujlish
Ugy0Frg1c1Sc8uw4GeF4AaABAg,OkZg9HKfFN4,HELLO AASTHA PRODUCTION SEASON 3 LAVO YR..NAVU..,neutral
Ugzh65GJp1l6kdXkdOh4AaABAg,OkZg9HKfFN4,Wow wow wow... This is so refreshing. Amazing script and dialogues. Great direction. I just love my language Gujarati.,not_gujlish
UgxkgJ-0Cf2tldWpFBp4AaABAg,OkZg9HKfFN4,Jaldi j 3 seeson lavo aaj rj sathe,positive
UgyZckU5nQfVLmmfUK14AaABAg,OkZg9HKfFN4,3:43 koi skim bim to nathi ne🤣🤣🤣🤣,not_gujlish
UgzTcvFtQP4qrBPvQ9V4AaABAg,OkZg9HKfFN4,bas cha shudhi very buttyiful story 💖💖💖💖👌👌👌,positive
UgyI3lzf3zWPPxVm7G54AaABAg,OkZg9HKfFN4,"Bas Cha Sudhi.....
Hmmm. ....
.
.
.
.
Heights.:~)",not_gujlish
UgwUrpODENMdZdOimup4AaABAg,OkZg9HKfFN4,Beautiful story,not_gujlish
Ugxn5c9yPPUHLa9Yj-N4AaABAg,OkZg9HKfFN4,oh looking to handsome man,not_gujlish
UgxtIp_5xBc4G-BW3PV4AaABAg,OkZg9HKfFN4,Nice che,not_gujlish
UgyZFT6R72Hy6YgK4Ip4AaABAg,OkZg9HKfFN4,Interesting,not_gujlish
UgxnQrgdvGprM8s9oZB4AaABAg,OkZg9HKfFN4,Keepit up and make 3 season,not_gujlish
UgzR17aVFVWLD3d7Zal4AaABAg,OkZg9HKfFN4,Awsome..i have no word to describe your story,not_gujlish
UgyR_3xEgApQaqmAxJt4AaABAg,OkZg9HKfFN4,Yar I also love tea. ☺mari pan cha sathe  ni relation ship aavi j thai gai che. Hu ichha thay tayre rate 11. 30 vage cha banavi pivu. Yar Tamara episodes joi Sache.. Bas aam😏 Thai gayu k   mari life no aek important part che Aa series. Jayre pan upset hou tayre cha banavi pivu chu and Tamara aa episodes jovu Chhu. I love it😍,positive
UgzwtQA_VCrAD0oXKJh4AaABAg,OkZg9HKfFN4,bas chai sudhi ni next episode kiyare avse,neutral
UgzNbXPwwfbCv21qeap4AaABAg,OkZg9HKfFN4,2nd time full season 😊😊😊😊,not_gujlish
Ugz7mKaCMUyhJ8rufPV4AaABAg,OkZg9HKfFN4,Which song ruhan are tunning??,not_gujlish
Ugz7YWWzInC7Rm1sbEF4AaABAg,OkZg9HKfFN4,Nice work good Bhai Jakas video is not available for remote,not_gujlish
UgxWdn4zhFezsjxFXK94AaABAg,OkZg9HKfFN4,Super Bhai Jakas video,not_gujlish
UgyynsfKJx4T3iN9ndx4AaABAg,OkZg9HKfFN4,NXT EPISODE KYARE,neutral
UgzK2v1FsEYddD67ohN4AaABAg,OkZg9HKfFN4,Big fan of RJ Ruhan☺☺☺😍,not_gujlish
Ugzc89XHkhbiQWeWSVh4AaABAg,OkZg9HKfFN4,Jetli moments car ma betha tena krta Madam chalta jata rhya hot to wehla pochi jaat 😀,negative
Ugx4hMklKMNsZgzFh_l4AaABAg,OkZg9HKfFN4,Web series ne web series j revado naso na banavo!....💘😄,negative
UgzrmMW5ScbDM6f7B1F4AaABAg,OkZg9HKfFN4,Please upload the subtitles for season 2,not_gujlish
Ugw1w2x0ZMkrhGGnelF4AaABAg,OkZg9HKfFN4,Kudrati kamal BAkki!!!,not_gujlish
UgwDjIVZB7HpwgG8-bp4AaABAg,OkZg9HKfFN4,Nice,not_gujlish
UgzqSzSWynYRv6ZcJ-l4AaABAg,OkZg9HKfFN4,Wait for season 3 ♥️,not_gujlish
UgxQwilpC68s54i9olZ4AaABAg,OkZg9HKfFN4,Wah bov j saras story che ane khas krine rj u r osm bro,positive
Ugx9uJ5BYt6QLnQoCiZ4AaABAg,OkZg9HKfFN4,Hu pan aaje nai to 50 yaer baad pan banis to rj maru bhi sapnu Che😊😊,positive
UgwGF3Jt8f-h0nt_sR14AaABAg,OkZg9HKfFN4,"हमेशा देर कर देता हूँ मैं हर काम करने में 
ज़रूरी बात कहनी हो, 
कोई वादा निभाना हो 
उसे आवाज़ देनी हो, 
उसे वापस बुलाना हो हमेशा देर कर देता हूँ मैं 
Click here for full poem
http://www.worldsbestthings4u.co.in/हमेशा-देर-कर-देता-हूँ-मैं-म/",not_gujlish
Ugzk7lDgYy2w9JK3Att4AaABAg,OkZg9HKfFN4,"I don't speak Gujarati but..it's nice series.
....",not_gujlish
Ugy-fX6-LyJgeNqOBTR4AaABAg,OkZg9HKfFN4,"Can u bring this series in hindi or English language
Or provide caption in English just like in season 1 
I cant wait it's really amazing series 👏👏",not_gujlish
UgzdkO3EjqCmwz6W7wx4AaABAg,OkZg9HKfFN4,"Do ur work guys this things aren't paying your  bills
If u think money can't buy happiness then you don't know me.",not_gujlish
Ugy0DqymN9VZLDjEHox4AaABAg,OkZg9HKfFN4,Life is Beautiful❤❤❤,not_gujlish
UgzTeCWJNqmbOuKXJ7R4AaABAg,OkZg9HKfFN4,Some unforgettable Momeris...,not_gujlish
UgxYILYI2-AuHuL-DHB4AaABAg,OkZg9HKfFN4,Too good👌👌......please upload next episodes ❤❤❤,not_gujlish
UgxqqzhV549nkihhSxV4AaABAg,OkZg9HKfFN4,Superb Kya socha hai isme age...i love this character i love all the episodes superb direction superb messages,not_gujlish
UgyrZgz2syMRfOXAnjF4AaABAg,OkZg9HKfFN4,If this series in Hindi then it will touch audiance from whole india. Great dilouges,not_gujlish
Ugz3t1pvJfZmIeUPw5p4AaABAg,OkZg9HKfFN4,Sema*,not_gujlish
UgyuKnFNImNohEfQqpV4AaABAg,OkZg9HKfFN4,Aa series na full episode Sena jovana?,not_gujlish
UgwOlUmiUySpzcgA92Z4AaABAg,OkZg9HKfFN4,"Sorry but, 
Last ma jyare banne vachche conversation thay 6 tyare car ni window mirror bandh lage 6..
Baki badhu majanu 6",negative
UgzwDmhDXwukwPqNoMx4AaABAg,OkZg9HKfFN4,Arree koi season 3 pan kado yr aagad ni story haji janvi che❤️❤️❤️,positive
UgzHo1-V5gpCaQYR2M54AaABAg,OkZg9HKfFN4,Best attitude I lick it.,not_gujlish
UgyEtXSOPhR_CCzE3-t4AaABAg,OkZg9HKfFN4,Aa small video hoi che pn bauj jova layak hoi che nys video,positive
Ugw4k0yMudcv0nogwnp4AaABAg,OkZg9HKfFN4,"No comments 
Seriously an amazing story and superior dialogues....",not_gujlish
Ugzbu0fk7KQZjRXy3M14AaABAg,OkZg9HKfFN4,Superrrrr,not_gujlish
UgzewOzAusZNE2_Ko0J4AaABAg,OkZg9HKfFN4,👌👌💙,not_gujlish
UgxtZgd_k6MNmf11PVZ4AaABAg,OkZg9HKfFN4,Amazing _love it_ smiles_love fragrance _friendship_waiting,not_gujlish
UgxGWydscWfqlWRXtax4AaABAg,OkZg9HKfFN4,Supperb video 🎥👍  well done rjruhan & jhinal 👌👌👌👌👌,not_gujlish
UgxjEdeNwXATcOYYdB94AaABAg,OkZg9HKfFN4,Super hittttttt,not_gujlish
UgwHDxTa_lqE8va6m5J4AaABAg,OkZg9HKfFN4,Arre yaar really not fair....I mean subtitles pls ???,not_gujlish
UgxdEzm0hQ-hlBp9lbF4AaABAg,OkZg9HKfFN4,"Subtitles in English, please",not_gujlish
UgyJjSgItHiMzLmv4Ld4AaABAg,OkZg9HKfFN4,Jordar Che yarrrr👍👍👍👌👌👌👌,positive
UgzV4oBp2R_6gWGHGiJ4AaABAg,OkZg9HKfFN4,No captions for season 2?,not_gujlish
UgwdqdY15RWtdbt_GBV4AaABAg,OkZg9HKfFN4,Saras,positive
UgxZh1SKgidHswtmePJ4AaABAg,OkZg9HKfFN4,waiting fr 3rd,not_gujlish
UgxYIgmVKIRQYMUtgTB4AaABAg,OkZg9HKfFN4,Rj dhawanit ne koi ko Ruhan  jode thi kai sikhe.. kaik quality content banave...,negative
Ugzk0uQvm7alcjytVtJ4AaABAg,OkZg9HKfFN4,"હવે 2nd episode ક્યારે આવશે?
We are waiting 👌🏻👌🏻👌🏻👌🏻",not_gujlish
UgwqGDJCXcGXSbSvSxF4AaABAg,OkZg9HKfFN4,Outstanding bhaibandh,positive
Ugy6A7-Rp1idJW7V_7p4AaABAg,OkZg9HKfFN4,Next episode..??. brother.,not_gujlish
UgxXzW8ir4b2-nKSZO54AaABAg,OkZg9HKfFN4,Maja aavi  gayi..ruhan Bhai...,positive
UgzDhbMafWkSQbCr5m14AaABAg,OkZg9HKfFN4,"Bhai athvadiya sudhi rah na jovdavo to saru...
Lots of appreciation to the team ❤",positive
UgzwtdDYw_Cu20hJzVN4AaABAg,OkZg9HKfFN4,Very intensive ha ... I love tea,not_gujlish
UgwF6RENiwqXEbYckUl4AaABAg,OkZg9HKfFN4,Where is second episode plz jaldi public karo,not_gujlish
UgyOkz1YUSNpn6D2DZl4AaABAg,OkZg9HKfFN4,When next episode come??,not_gujlish
UgwXlUOV5hAHhUo2TDt4AaABAg,OkZg9HKfFN4,Haaaash .... Wait puro thayo .... Nd ha .... Sundar khub Sundar 💓,positive
Ugz9MVh3LljP3Wafhk54AaABAg,OkZg9HKfFN4,Awesome,not_gujlish
UgyfEQAcyMfKUdgImCF4AaABAg,OkZg9HKfFN4,Wait for next all episodes,not_gujlish
UgyDgNCttahDah3-FQx4AaABAg,OkZg9HKfFN4,Cant wait for new episode plz upload fast...........,not_gujlish
UgybykcmaLlID3vfFSZ4AaABAg,OkZg9HKfFN4,"so nyssssss..
..waiting second episode......tya sudhi....chalo bs cha sudhi.....",not_gujlish
UgzPUryoOte3sDGnRqd4AaABAg,OkZg9HKfFN4,Episode 2 kyare avse?,not_gujlish
UgzwVr5mzH5KDAo9fQF4AaABAg,OkZg9HKfFN4,"Sir, second part kyare release kro 6ooooo....
I m waiting..........",positive
Ugwv8shE4hzajxL4Fch4AaABAg,OkZg9HKfFN4,Keep doing this we actually want more....,not_gujlish
Ugzxwjuy-oz8xVuMKKx4AaABAg,OkZg9HKfFN4,"Superb dude super job 
Actually before this i was not interested in Gujarati videos ...but no ... there is something....i should know that properly....

Such a Best video ....",not_gujlish
UgwvVbvJYUXTRO3OFJF4AaABAg,OkZg9HKfFN4,"Wawwww finly avi gaya tameee 
Jordar mulakat",positive
Ugx6ZUMLDk-pf34b4214AaABAg,OkZg9HKfFN4,I've missed your videos dude...,not_gujlish
UgzwlsBn-Hq3Y7Eldg94AaABAg,OkZg9HKfFN4,"Where is the 2nd episode, please upload it .",not_gujlish
Ugz_IB7WNbGPUkzvvxV4AaABAg,OkZg9HKfFN4,Soooooo nyc....kab se wait thaa apke episode kaa... finally. Gaya.....osm sooo NYC and second episode hope so jaldi aye........😘😘😘😘😍😍😍😍😍😍😍😍😍,not_gujlish
UgxeDE_kXfSTcmDf82F4AaABAg,OkZg9HKfFN4,Second episode plz,not_gujlish
UgxWKN6HJKd04ULnYsh4AaABAg,OkZg9HKfFN4,New vedio kb aa ri h sir    ..i am waiting ....intresting story♡♡♡♡♡,not_gujlish
Ugyanw18vS8hYVLjq3V4AaABAg,OkZg9HKfFN4,Next episode!!??,not_gujlish
UgwMmPgfjj_D_gRPPzt4AaABAg,OkZg9HKfFN4,We are happy to see you again 😍😍🔥,not_gujlish
Ugyg480T4TAhV2zIApR4AaABAg,OkZg9HKfFN4,Waited for it..... Just thank you.....,not_gujlish
UgyHKrIbqE3Hco-CzRZ4AaABAg,OkZg9HKfFN4,Bhai Bov j mast che ame Jane wait Kari aa Tamara episode ni yaar,positive
UgxvyVUViaYd8aPn6yV4AaABAg,OkZg9HKfFN4,Shasvat matalab,neutral
Ugw5aPa7S0Lti2Wt-7t4AaABAg,OkZg9HKfFN4,Cha no ghudtdo ne bairi na tahuka ke koi divas naa nahi padvani,neutral
UgzQa7dpHtmEXnCYUNB4AaABAg,OkZg9HKfFN4,👌👌👌👌👌👌,not_gujlish
UgwiwBIzQmNjczI9u9x4AaABAg,OkZg9HKfFN4,Moj padi gai ho bhai....😁😁😁😁😀😀😀have kaik maja aavi. Ghana time thi rah joto hato bhai aa show ni......,positive
UgycvDMJbFY9iSGT1ox4AaABAg,OkZg9HKfFN4,Please make long story yr concept is tooo good,not_gujlish
UgwVMPQ_CRoF7gSzCDZ4AaABAg,OkZg9HKfFN4,Yaar bijo episode muko,positive
Ugx730zohoap00KsvBB4AaABAg,OkZg9HKfFN4,First series jevi mja nathi yar,negative
Ugwfvfz5NIClcyNQ60h4AaABAg,OkZg9HKfFN4,Next part,not_gujlish
UgyRlGZli4UkXRd6unF4AaABAg,OkZg9HKfFN4,"Sooooo interesting ...
It's very very very nice 😍😍😍😊",not_gujlish
UgzTKfWmv7tNnWRtKTZ4AaABAg,OkZg9HKfFN4,"sir cha thij divas chale 6 am kav to thikk 6 ,vagar cha na divas jan vagar no janvar lagu 6u   am kav to thikk 6 ..@rb",neutral
UgxLNFicxa4Zzc2eDxt4AaABAg,OkZg9HKfFN4,Superb,not_gujlish
UgzvLkfLk6OiA3m3z7t4AaABAg,OkZg9HKfFN4,Bas Cha Sudhi. Yehh. This is called the dhamakedaar re-entry.❤️❤️❤️❤️,positive
Ugzzc40TCZYhJz1aonZ4AaABAg,OkZg9HKfFN4,I m Waiting for next Episode,not_gujlish
UgwrJmAA_tN6ssQ07E54AaABAg,OkZg9HKfFN4,Na yar. First season ni heroine Sathe vadhare sari chemistry hati.,negative
UgxLIQfTUE1UFsL-krd4AaABAg,OkZg9HKfFN4,👌👌👌👌,not_gujlish
UgyZ9qRSVrzXj3QRdth4AaABAg,OkZg9HKfFN4,Still waiting for next one,not_gujlish
UgwUXLpxxLez3STunxV4AaABAg,OkZg9HKfFN4,If biji var malis nai to 2nd episode kya thi banse,neutral
UgyssvKrrbnqzAmn8Dx4AaABAg,OkZg9HKfFN4,😍😍😍😍👌👌👌,not_gujlish
Ugxn6IMr3FUMGNF68mh4AaABAg,OkZg9HKfFN4,Chai sudhi su biju Kai liya Bhai coffee kae milkshake,negative
Ugzt4RYjZERiSoGzt6R4AaABAg,OkZg9HKfFN4,❤,not_gujlish
Ugy34oz7dask-ISo_854AaABAg,6hnai-oVWXw,Jay mahakali ma,neutral
Ugz_vlTvPFRc3iL2CZl4AaABAg,6hnai-oVWXw,Jay Ganesh,neutral
UgzRAg7YRKIbU7p_FGR4AaABAg,6hnai-oVWXw,Har Har mahadev,neutral
UgzrI4V6Op0sio-Syx54AaABAg,6hnai-oVWXw,"Real life contents,❤",not_gujlish
UgwA0N5BTNiAgfqpEw14AaABAg,6hnai-oVWXw,Khare khar boj mast se series,positive
UgxjS5fSiADqHeBGbSN4AaABAg,6hnai-oVWXw,M so happy to see you in this series is this my one off avourite 😇🙂‍↕️,not_gujlish
UgzmDrUbI435DishNJl4AaABAg,6hnai-oVWXw,Both the seasons are just amazing... Feel good story! Must must watch,not_gujlish
UgyIQ0JrdlAMpSgkmSR4AaABAg,6hnai-oVWXw,"Bov j mast chhe 
I request to all see the series in one time of a life❤
Wonderful character 😊",not_gujlish
UgzrJ2lZKzaclh3J8yl4AaABAg,6hnai-oVWXw,Superb superb series 6e..all time best...,positive
UgzD5z_WUMXgbSvbl9N4AaABAg,6hnai-oVWXw,Beautiful movie,not_gujlish
UgzFkUOywFPGB3R5pbd4AaABAg,6hnai-oVWXw,superb story series and acting,not_gujlish
UgzTn8sS54Il0RhBoBR4AaABAg,6hnai-oVWXw,Bakvas movie 6,negative
UgyBCbvpfKZVGCoFWZF4AaABAg,6hnai-oVWXw,"That line""vehvar ma main same be heart mokalya😂"" and ""tel leva gayi Angela"" 😂",neutral
Ugxa5ySlmy8g3n-AElt4AaABAg,6hnai-oVWXw,Very Nice ❤,not_gujlish
Ugze2324dlAscsVXCDB4AaABAg,6hnai-oVWXw,wonderful ❤,not_gujlish
Ugy6QKy9UphhuIS2T1l4AaABAg,6hnai-oVWXw,Jay mahakali,neutral
UgwwNdnn31vQ-lofyid4AaABAg,6hnai-oVWXw,All time favourite😅❤,not_gujlish
UgwtYMgu3B17OgWDvBR4AaABAg,6hnai-oVWXw,Nice 🙂,not_gujlish
Ugyq4L1jUk4FMQCvC2V4AaABAg,6hnai-oVWXw,Nice ❤,not_gujlish
Ugya53OFQKKIQYM6Rp14AaABAg,p-h5UyKyg88,https://youtu.be/akrDPTfcbsE?si=CBles39jJxDZbdO_,not_gujlish
UgzKWrI5Ta60Rsw5uIJ4AaABAg,p-h5UyKyg88,"Please Make a Video on
Modi-Shah's Involvement in
Godhra Kand,
Haren Pandya Case,
Judge Loya Case,
2014 Election Promises,
Note Bandi,
Farmers Protest Deaths,
Covid-19 Deaths,
PM Care Fund Fraud,
Vyapam Fraud,
Electoral Bond Fraud,
GST Fraud,
Supreme Court Compromised,
Vote Chori,
Godi Gutter Media,
Ambani-Adani Corruption,
Why USA Rejected Modi's Visa,
How Feku-Tadipar Destroying Social Fabric Of India,
Sonam Vanchuk Arrest,
Manipur Riots,
Mahadev App Fraud,
PM Internship Scheme Fraud,
100 Smart City Fraud,
URI,
Pulwama,
Pahelgam,
Delhi Attacks...",not_gujlish
UgzZ3zGVhbZx7J3jCaV4AaABAg,p-h5UyKyg88,Superb creation,not_gujlish
Ugxx2f3SrYYzRrgo9Zp4AaABAg,p-h5UyKyg88,"Jeebh modhama rakhavani hoy 😂😂😂😂
Kaatar ni Jem chalavani naa hoy😅😂😂",neutral
Ugw-GPo3T1dOm0HSTDB4AaABAg,p-h5UyKyg88,😂😂😂 Bau saras che,positive
UgxkQ833CRSZat57P394AaABAg,p-h5UyKyg88,Mast comedy che...,positive
UgwUyxyx74wcfXPeEcV4AaABAg,p-h5UyKyg88,Very nice ♥️👍🏻,not_gujlish
Ugwi10j9i8H-2aDMPh14AaABAg,p-h5UyKyg88,Akash bhaiii superb ❤,positive
UgweQ8V2rGky7CmhlhB4AaABAg,p-h5UyKyg88,Maja avi 😂🎉🎉,positive
UgwsQuR5WTqN1b2CKIJ4AaABAg,p-h5UyKyg88,Good going Akash.,not_gujlish
Ugxjm4elPuo8GmPnZIl4AaABAg,p-h5UyKyg88,Srs che 😅😂😂,positive
UgyY0LbYwM9ZIIQnW914AaABAg,p-h5UyKyg88,Very nice👍,positive
UgxM4owrFefhOosgGnt4AaABAg,p-h5UyKyg88,Mast comedy 😂😂😂 waiting for next episode..,positive
Ugz8U3iJUOpy-b4KoXR4AaABAg,p-h5UyKyg88,Good work jordar,positive
Ugzlbj0NWB3urK1-gdx4AaABAg,p-h5UyKyg88,Bau maja aavi ...😅😅😂,positive
Ugx6WD9hXPRmcND7rc54AaABAg,p-h5UyKyg88,Awesome ❤❤❤,not_gujlish
Ugw1BlhutpZqnQsekfx4AaABAg,p-h5UyKyg88,"Superb 👌
Hetal di great acting 🫶🏻",not_gujlish
Ugwe4S3mLEu2Lm6IRZp4AaABAg,p-h5UyKyg88,Super 👌 ❤,not_gujlish
Ugw-4xV2fh9pZr2BT4B4AaABAg,p-h5UyKyg88,"Nice story interesting 👍 
Only one question 
Tea wala seane ma sacchi tea hoy ???😂😅😅
I know Hetal is tea lover ❤",not_gujlish
UgyxLU01dXv4J6fhqEt4AaABAg,p-h5UyKyg88,Nice work ❤,not_gujlish
UgxDjL3Qpqtp2hte9FB4AaABAg,p-h5UyKyg88,Nice...🎉❤.,not_gujlish
Ugz-irb6ec5952dYMf94AaABAg,p-h5UyKyg88,Great work 🎉🎉🎉,not_gujlish
Ugyj8y57klZy8XxQU394AaABAg,p-h5UyKyg88,Be expressive Manav’… but bro is busy being cricket paglu 😆🏏 - casting is on a point!,not_gujlish
Ugx1GcpSxtJGMgGCcEx4AaABAg,p-h5UyKyg88,Nice work 🎉,not_gujlish
UgzH-o44AjeWMlOQ4mV4AaABAg,6T3HV97W-Ek,Maza aavi,positive
UgyhrjxbJFCssDM7XcB4AaABAg,SWyDA2Sfroc,Hi,not_gujlish
UgyEuJ_3fdwcLIsT3Ex4AaABAg,SWyDA2Sfroc,Hi,not_gujlish
UgwO8hBmStC_Kzj1MOt4AaABAg,SWyDA2Sfroc,Very Very 😊❤Nice movie,not_gujlish
UgynCWo__P7l8Nbi-3Z4AaABAg,SWyDA2Sfroc,That's cute,not_gujlish
UgwuYnmLU4HXKWfCR3R4AaABAg,SWyDA2Sfroc,Awesome 👌 ❤,not_gujlish
Ugwcmw6WkaLPNFtnoiV4AaABAg,SWyDA2Sfroc,Nice,not_gujlish
Ugy6KyY2jMZsGimiGwh4AaABAg,SWyDA2Sfroc,Super movie,not_gujlish
UgxXYu8TZPztcW8teaV4AaABAg,SWyDA2Sfroc,❤❤ Super movie amezing ❤❤❤,not_gujlish
UgzBfS6f5RhjrYRL1GV4AaABAg,SWyDA2Sfroc,Very nice 👍,not_gujlish
UgxURemuiSpTXngDvId4AaABAg,SWyDA2Sfroc,Wow  a Gujarati  web series  and  that  too  so awesome 👌 👏  I just  like  it❤ keep  it  up 😊,not_gujlish
Ugw5ZeQu-kkLtEvkHIp4AaABAg,SWyDA2Sfroc,khai-pi ne rs nahi aapva na?😂,neutral
UgxEgqrxfjCJ4MneCv54AaABAg,SWyDA2Sfroc,Nice,not_gujlish
UgwMsaZroZg1OBfnKqt4AaABAg,SWyDA2Sfroc,Both stars lovely acting.dialogues superb.,not_gujlish
Ugxm5L6WxJaNwGi0xfR4AaABAg,SWyDA2Sfroc,49:31 પર Passing 3 Guy's.,not_gujlish
UgzNlF3PYkZKZxDoPMt4AaABAg,SWyDA2Sfroc,Next season jaldi lavjo can't wait to see next season ❤,positive
Ugz_KRORMoTHR1a5L054AaABAg,SWyDA2Sfroc,"👏🏻👏🏻👌🏻 The story has been conveyed in a very nice, clean and innocent manner.",not_gujlish
UgwO4aX4NTf5DJ_9Yip4AaABAg,SWyDA2Sfroc,Superb🎉,not_gujlish
Ugy97EjNJAzss0blZgp4AaABAg,SWyDA2Sfroc,No content,not_gujlish
UgxWvSXrOzOE2yQo4ZF4AaABAg,SWyDA2Sfroc,Nice content 🎉❤,not_gujlish
UgwwxJzVeCXTO361-6J4AaABAg,SWyDA2Sfroc,Ek bijane samjwa mate khob saras story che,positive
UgzKeM1T2ebLFOEJI6V4AaABAg,SWyDA2Sfroc,"ખુબજ સરસ સ્ટોરી અને સરસ એક્ટિંગ છે, simple and sober.",not_gujlish
UgwcKNi5rDK9OYkt0DN4AaABAg,SWyDA2Sfroc,Nice,not_gujlish
UgxuR4cdOSzco9VAXph4AaABAg,SWyDA2Sfroc,Heroine  looking  so  gorgeous,not_gujlish
UgwRx09JyU5WY6olKWp4AaABAg,SWyDA2Sfroc,So much😅,not_gujlish
UgwZIyspG27F9Jb2zKp4AaABAg,SWyDA2Sfroc,So interesting...💕,not_gujlish
Ugw2OdV5B5-9RyKvTSt4AaABAg,ZVjqWLlrV7k,Superb well settle😉,not_gujlish
UgyTbfbT0KWgTIAnXwZ4AaABAg,ZVjqWLlrV7k,Nice ❤️❤️,not_gujlish
UgxxjvqwwIsfP4qM5mV4AaABAg,ZVjqWLlrV7k,New series kyare aawse??,neutral
UgzQFKB-3uTgM-fk0Kl4AaABAg,ZVjqWLlrV7k,Season 4,not_gujlish
UgxXJdW2Psodk8aVfcF4AaABAg,ZVjqWLlrV7k,Aapka odishion chal raha hai,not_gujlish
Ugy5foo0Ipfv7yesHrV4AaABAg,ZVjqWLlrV7k,I love you love you love u soooooooo much monal mam I love your cute smile  your big fan d kash hu tamne live joyi skto hot it's my dream I love you sooooo much,not_gujlish
Ugx4leC4QF53Ea-rhcF4AaABAg,ZVjqWLlrV7k,Monal kosam chusthunna web series ardam kakapoyina,not_gujlish
Ugz4jyGA7etui6JNglx4AaABAg,ZVjqWLlrV7k,Monal ❤️ Love from Ap and Telangana states,not_gujlish
UgyF_HFXfgJx6NkcOTJ4AaABAg,ZVjqWLlrV7k,If anybody  telugu people comes to here for monal didi  3:20 ☺️,not_gujlish
UgziTlRMogbHaq7Sanl4AaABAg,ZVjqWLlrV7k,Subtitles for this web series please,not_gujlish
UgyLS-ztKo5x7i1mujp4AaABAg,ZVjqWLlrV7k,Am monal Didi fan..am from Telugu..I don't know Gujarati..will u pls provide subtitles ..if u cc is available then your views vl increase..y bcoz monal have die hard fans in South India..🙏🙏,not_gujlish
UgwRQePSvdd3kWzFUU94AaABAg,ZVjqWLlrV7k,Please mention subtitles Yaar how can other languagers can see plsss,not_gujlish
UgySG40oqsmBYEJrs4N4AaABAg,ZVjqWLlrV7k,"Who is her after Monal went to bigg Boss 4 telugu
Hit like 👍🏻",not_gujlish
UgynDJmw4M52pkwgew94AaABAg,ZVjqWLlrV7k,Cha pidha pachi j jou Chu 😁😁😁,neutral
UgxWCWsHa_LO52qPMaV4AaABAg,ZVjqWLlrV7k,"I know that all know monal  
Now she is in Telugu bigg boss pls vote her she is in danger zone 
Pls vote in Disney plus Hotstar",not_gujlish
UgwAL6zfOMVrFCMJCNF4AaABAg,ZVjqWLlrV7k,Nice music,not_gujlish
Ugxa4Nf1S8haxNoGG4x4AaABAg,ZVjqWLlrV7k,We miss ruhan,not_gujlish
UgyCIPwfdJXr-m1lWhZ4AaABAg,ZVjqWLlrV7k,All gujarati people Plz vote monal gajjar(from gujarat reva movie)in bigboss4 telugu hotstar (daily 10 votes) if u wl support she wl be in top 5,not_gujlish
UgxmsceCx7rxyIfe4jZ4AaABAg,ZVjqWLlrV7k,Pehle wala actor kaha gaya,not_gujlish
UgzTzfZPGYxkO_7zjTN4AaABAg,ZVjqWLlrV7k,Dialogues are best but the actor if it would ruhan then the dialogue would have better impact,not_gujlish
UgxpgRXKpKRT9urdHDh4AaABAg,ZVjqWLlrV7k,Gujarati web series kaha dekh sakte he?,not_gujlish
Ugz3Ti4RKCqJTYqt0-R4AaABAg,ZVjqWLlrV7k,Bhai avi biji gujarati series na name apo ne,neutral
UgxSHCy5SSGNPlkIiMZ4AaABAg,ZVjqWLlrV7k,Mane valo cha,neutral
UgzNzdd32K2pIqLizOV4AaABAg,ZVjqWLlrV7k,"Ek.. dam mast Gujarati bhasha.. and pachi.
Ek j vaar ma papa ne .. baapa (બાપા) kai didhu😅😅😂😂",not_gujlish
Ugwdptvvyn1CHYSVOeh4AaABAg,ZVjqWLlrV7k,Ruhan Bhai vagar Maza Nathi,not_gujlish
UgylrWZyGHubV6rLoKx4AaABAg,ZVjqWLlrV7k,https://youtu.be/-1xkmHRa0UU please watch એક વાત અંદરની,not_gujlish
Ugy-QjzfUHBlHmY-nwt4AaABAg,ZVjqWLlrV7k,Good. But missed Ruhan's voice,not_gujlish
Ugw8RkT2Agn29d8IlUJ4AaABAg,ZVjqWLlrV7k,Cha MA dubi ne Mari jaa bhosdina,negative
UgyG6y_0QsRMKH_6mcF4AaABAg,ZVjqWLlrV7k,I don't like actor of this series,not_gujlish
Ugw0CsBf-NjVN5TftL54AaABAg,ZVjqWLlrV7k,"In real life ma avu vyakti kyay na male, just in imagination",neutral
UgyeEfTJ0OA6KJ-rLcN4AaABAg,ZVjqWLlrV7k,"Sir R. J. Ruhan jevu Nahi ho ...
Eto અદભુત છે અદભુત છે ...",not_gujlish
UgwzHmMa9svaNGBam7p4AaABAg,ZVjqWLlrV7k,Waiting for 4th season 😁,not_gujlish
Ugxvlq05wfjXaU17qHh4AaABAg,ZVjqWLlrV7k,👍👍👍❤️,not_gujlish
UgwomzjHpst0Ss3TkMR4AaABAg,ZVjqWLlrV7k,I love tea,not_gujlish
UgwErNrBuKCz6ggzQsl4AaABAg,ZVjqWLlrV7k,Season first nu episode send karo,not_gujlish
UgxGeb0VWXdMr1RC2Ph4AaABAg,ZVjqWLlrV7k,Nice story.,not_gujlish
UgxT9PXFP6yWCCc8UnJ4AaABAg,ZVjqWLlrV7k,"Season 2 na characters joya pachi aa characters mind ma nai best , season 2 na characters hot to best hot rest is fine",negative
Ugxr18Ekp-5_FQarwQd4AaABAg,ZVjqWLlrV7k,Why  no ruhan in this??,not_gujlish
Ugzv0Wt8SwnIiTwP87F4AaABAg,ZVjqWLlrV7k,App 3 ki koy dusari story he kya?,not_gujlish
UgyvyKEPNILI2oz1TYx4AaABAg,ZVjqWLlrV7k,I waited soo for this series,not_gujlish
UgwAaDn76164UK3knfV4AaABAg,ZVjqWLlrV7k,Are next season kyare aavvani chhe koi kese?????,neutral
UgwieNS5YHx8PUOfp4R4AaABAg,ZVjqWLlrV7k,Lovely 💖💕,not_gujlish
UgxVN2AIv0krFHcSVp14AaABAg,ZVjqWLlrV7k,🥰🥰🥰 kudrat it's men word 💖💓💕l love it's apisord 👌👌l am writing for new apisord ☕bus cha sudhi 😍,not_gujlish
Ugwmfpbj7Hyk40QAi9x4AaABAg,ZVjqWLlrV7k,Mne aa hero game che,positive
UgwDA0C3pY7iUQZJsQJ4AaABAg,ZVjqWLlrV7k,Voice vaat karvano andaaj #ruhan bhai vagar na chale,negative
UgxNXZ7HMJO8aKxcnXd4AaABAg,ZVjqWLlrV7k,Mathu cadavi didhu...aa dialogue Kone lakhya che 😜😜😜,negative
UgwwHSj8GB5ms7e-Pe54AaABAg,ZVjqWLlrV7k,My first love cha,positive
UgyeBgxbqgwJujde1fB4AaABAg,ZVjqWLlrV7k,"good to see Gujarati web... it is very good story and good to seen all things.... i have one story if u like for web  "" Chhelli  Var "" my own novel.",not_gujlish
UgwgvQ8YjHAVw050JQ94AaABAg,ZVjqWLlrV7k,"Bss , Atla sudhi j !!!!!",negative
Ugyhz4TbHjWUcLHKMu94AaABAg,ZVjqWLlrV7k,"Aaj kudrat no niyam che bas accept krta sikhii jao..😇
#luvRuhan",positive
UgwGBWwYI-sD3u2SJCd4AaABAg,ZVjqWLlrV7k,5:55 mann ni vaat chhinvi lidhi,positive
Ugyo4X1mtZXs6V6dlX14AaABAg,ZVjqWLlrV7k,"Gaurav sir I just impressed your acting skills I just waiting for next part for you 
sir 😇",not_gujlish
Ugxu1SLZUDsWkkURyHR4AaABAg,ZVjqWLlrV7k,Beauty with brain not brains... Na use karo ne English ektlu strong gujrati background... Vachhe English nakhvuj Kem nakho to bhi proper use karo,negative
Ugweg368SjR5F4REj-14AaABAg,ZVjqWLlrV7k,This series is very good.... refreshing....but you should provide English subtitles so that i could share with my friends who don't understand gujrati,not_gujlish
UgzF3QoddV0xnSwjIcJ4AaABAg,ZVjqWLlrV7k,Aa star cast pan sari chhe❤,positive
UgxiA7yjvilPpgjTss14AaABAg,ZVjqWLlrV7k,Waah jayla waah,positive
Ugx_tLVMb4XSbRxHJ4Z4AaABAg,ZVjqWLlrV7k,Awesome,not_gujlish
UgzCzxm_y-Pk8xOwOnx4AaABAg,ZVjqWLlrV7k,Nice,not_gujlish
UgwBRRqbU0hp9jL6rWB4AaABAg,ZVjqWLlrV7k,Talented actors...Only problem is lots of Tea in between.....,not_gujlish
UgzSZly57pNFP28r0X94AaABAg,ZVjqWLlrV7k,"Mane pan game chhe.. Cha jode vato, cha jode savalo, cha jode javabo, cha hode jagda, cha jode prem, ane cha jode zindagi..... Bas cha sudhi....✌👌👌👌💜",neutral
UgxWZ7y_WK3GcD1Jnrt4AaABAg,ZVjqWLlrV7k,Damn where the hell I was?? I was looking for this series from last 2 month...I fill like i got everything when I seen this series in my inbox...Thanks to all producer and others.,not_gujlish
UgwD1rJlE9g8dJFEG1J4AaABAg,ZVjqWLlrV7k,"Finally it's here!
This 9:18 made my day ❤️
#loveruhan",not_gujlish
UgytvDbconeEAIGe67B4AaABAg,ZVjqWLlrV7k,Sir students life no real ahsas karavato ak video banavone,neutral
UgwagvGvn-OwavKr9N94AaABAg,ZVjqWLlrV7k,Nice😊,not_gujlish
UgwZqGDNEtWPwGrVk6B4AaABAg,ZVjqWLlrV7k,Bijaa episode nathi aavi yaa haju,neutral
UgzqE8AjoLMW16aoG8R4AaABAg,ZVjqWLlrV7k,"2nd episode kabh ayega
Eagerly waiting for next episode 
Plz next video jaldi banavo",not_gujlish
UgxolKPiy1m4-1jhZ6R4AaABAg,ZVjqWLlrV7k,2nd episode plz...,not_gujlish
Ugyb_IgTO-0XVHl1OmR4AaABAg,ZVjqWLlrV7k,Episode-2 Kyare Avachhe?,neutral
UgxxBG_Xy6A7Bs3McfB4AaABAg,ZVjqWLlrV7k,Second part kyare karvana chho release,neutral
UgxsfVhGR9Svfp4kXIp4AaABAg,ZVjqWLlrV7k,"A vakhte badhu j navu che. Production khus saru che. Wording pan Sara che. Monal and Jhinal che. 

Bus kami che to RJ Ruhan ni. 

Ek episode ma Gaurav ne judge na kari sakay. Teni acting khub sari che. Vishvas che k a vakhte Gaurav pan radav se.",positive
Ugxe9Yt77HRCKtxKS8B4AaABAg,ZVjqWLlrV7k,Next episode vachche aatlo badho distance rakhva nu logic strange chhe.. Last two season ma ek week no distance rakhta.. But aa vakhte 9 divas thy gya ane next epi nu teaser pan nathi aavyu haji..,negative
UgymE3rqPGdkwNBYye14AaABAg,ZVjqWLlrV7k,Supar,not_gujlish
UgykUwRgCypW0yWyme14AaABAg,ZVjqWLlrV7k,"Good going. Reached season 3 👌🏼👍🏻

Waiting for next episode...",not_gujlish
UgwY2f1B3IrFZF2scut4AaABAg,ZVjqWLlrV7k,Next episode jaldii upload karooo......can't wait to see,positive
UgwLinpoWoJo1Y5RvEV4AaABAg,ZVjqWLlrV7k,Once again great story started with awesome zeal... Pn be season thi ruhan bhai ne jowani aadat padi chhe etle e bhare awaz ahi miss thay chhe.... Biju k last 2 season mara jewa ek middle class boys ni hti aama tme concept change kryo e gamyu ... Fari ekwar cha na prem sathe ...lots of love #baschasudhi,neutral
Ugxhr6FA48v6d7BWuRp4AaABAg,ZVjqWLlrV7k,Season 1 is best,not_gujlish
Ugx8RUYMURCK23J07xZ4AaABAg,ZVjqWLlrV7k,Baki badha episode kyare avse,neutral
UgzEYO_94KXC7CT18Ht4AaABAg,ZVjqWLlrV7k,"Waiting for episode 2 😍😍😍



I love this series 😍😍😍",not_gujlish
UgzRvVQW6dyr0iZxDJ14AaABAg,ZVjqWLlrV7k,Cn smell... DIL TO PAGAL HAI ....type,not_gujlish
UgwO1cV8-bPSFdTS9S94AaABAg,ZVjqWLlrV7k,"It is very easy to criticise than actual creation of something. With due respect for the hard work and efforts of the team m presenting my comments
script is good (except that part of bombarding of the word *cha*, they tried to make everything revolve around cha but that could be done without using the word *cha* multiple times..) 

characterisation is also good like Monal resembles ""jab we met's Geet. I expect to see transformation of Monal's naughtiness into some sort of subtle seriousness in further episodes
Darshan's surity about his choice of partner and excessive reliance on destiny shows some mismatch which can be writer's fault or his(writer's) deliberate attempt of showing confusion of Darshan's mind which can be seen in next episodes, I hope for the later possibility. 

glimpses of Dharati's solid deterministic approach and characteral strength connects us to the second season. that is the good smart move on their part. 
Overall.. mja awi gai 

let's see age kya hota hai..",not_gujlish
UgxqEOufnUb8apekCoJ4AaABAg,ZVjqWLlrV7k,"Background Melody ...waaaaHHHH
Sukun keway ne jene...ej aa bas cha sudhi😊",neutral
UgzFtuJPcbwIbE6yDJ94AaABAg,ZVjqWLlrV7k,such a cute....story....keep it up.....guys,not_gujlish
Ugx-OmKIZ49vuQJpqVB4AaABAg,ZVjqWLlrV7k,Coffee vada mam aavya khara,neutral
UgyilLLQwii6U5gOCKt4AaABAg,ZVjqWLlrV7k,"Not sure why but this is not able to hold me, I watched S1 and S2 and I was dying for S3... But since there is a gap in release of episodes, I feel bit cold.... Sir it's a request plz don't give pause release episodes daily....",not_gujlish
UgwUd96Wne_yEW130ZB4AaABAg,ZVjqWLlrV7k,Awesome... Episode 2 kyaare aavse?,not_gujlish
UgyrHsKPcFVdvIEAYxh4AaABAg,ZVjqWLlrV7k,Aare yaar ek full episode banavi do ne shu leva exitement lavi ne muki do so,negative
UgweuZq-TEtpE1pmz414AaABAg,ZVjqWLlrV7k,Vahhh super cute episode bas cha dusman sudhi,positive
Ugw4lQqKtF9D4XjKSAd4AaABAg,ZVjqWLlrV7k,Jhinal belani 👌,not_gujlish
Ugz9p77Mz8WiM5GvC354AaABAg,ZVjqWLlrV7k,👍,not_gujlish
UgzdRSEZGLGRK4PbNXV4AaABAg,ZVjqWLlrV7k,Su aa location tea post jamnagar nu chhe??,neutral
UgxdgQwsL_6K3A90KSJ4AaABAg,ZVjqWLlrV7k,"I am excited for this 3rd season,nice😊😊👌👌👌",not_gujlish
UgxtarY4lj_5cPgH2_Z4AaABAg,ZVjqWLlrV7k,Next season kyare aavse.......??,neutral
Ugxj7_DsB4bkif_lgTt4AaABAg,ZVjqWLlrV7k,"Series I love the most, was waiting eagerly, thank you so much guys for making such an amazing and lovely concept... બસ ચા સુધી ❤️❤️❤️",not_gujlish
UgxNV2bHFQCKrs-OmZZ4AaABAg,ZVjqWLlrV7k,Very well directed Priyal bhai..,not_gujlish
UgwY7DDW8yej-SvTv4V4AaABAg,ZVjqWLlrV7k,Vahh vahh vahh,positive
UgzomnwRNH5we-28inJ4AaABAg,ZVjqWLlrV7k,episode 2 kyare aavse?,neutral
Ugwy5YR9wYohlVwU2fN4AaABAg,ZVjqWLlrV7k,Chai is Bae!❤️,not_gujlish
Ugy6_LQkagozYxSQ62F4AaABAg,ZVjqWLlrV7k,"Aa series no episode pehli vaar joyo....maja aavi gai😍😍
Aavi j interesting stories mate YouTube ni ekmatra Gujarati storytelling channel ekvar  jaroor jojo. #KavitaHD",positive
UgyUvmM-MRknLeLwn1h4AaABAg,ZVjqWLlrV7k,"Supar in new season bas cha sudhi but remembered to ruhan sir.
Then great starting season 3 to intrest.",not_gujlish
UgwD69WWlPGqM41wKa14AaABAg,ZVjqWLlrV7k,"Very nice..video ....
Gulmahor park ma shoot karyu lage chhe!!!science city ahemdabad",positive
Ugy6Wy3YfEZu4oMss-R4AaABAg,ZVjqWLlrV7k,"The most lovely thing is dialogue of this series ... Whether it's series 1, 2 or this one ... acting is also very good ... Chai lover  ... True Ashiq ...",not_gujlish
UgwVTXnFbzu6eZDTetV4AaABAg,ZVjqWLlrV7k,Super 👌🏻,not_gujlish
UgzRDCCN9bovsiTSOXF4AaABAg,ZVjqWLlrV7k,Good for high IQ person. I understand this video. Thanks with regards hope Shailesh Parikh Ahmedabad,not_gujlish
UgzBvn8NPLnUaSrDfPR4AaABAg,ZVjqWLlrV7k,Nice #pkmusicpradipkumar,not_gujlish
Ugz_CuelZDWFbTSSA_94AaABAg,ZVjqWLlrV7k,"First thanks to Tea Post ..keep sponsoring
Second to author .. super connecting 
Then to Director liked it but still can be improved . ( for first scene )
To Actor good work ( missed voice and expression of ruhan u can work on expressions )
Actress - 👌 work 
Team - 👏👏👏👏👏👏",not_gujlish
Ugy2cVOU0XYJermOFFl4AaABAg,ZVjqWLlrV7k,Jeva che Eva sra yes 🧡,positive
UgzQY7ECdIa17KCEmCN4AaABAg,ZVjqWLlrV7k,It's awesome ❤️❤️❤️,not_gujlish
UgyP_vCTXcCcn6qia9p4AaABAg,ZVjqWLlrV7k,Finally kudrat aavi gayu.... & Jova no time b mali gayo jode cha & bas cha sudhi..😋🤩😘😍,positive
Ugy96owjw97u6GcUvNt4AaABAg,ZVjqWLlrV7k,"i fall in love again n again with ""bas chaa sudhi""

love this series",not_gujlish
UgyqN1iKrHhYM98pLRV4AaABAg,ZVjqWLlrV7k,👌💐🎉😊😍🥰,not_gujlish
UgwOd_qR1jbj5ddUtNF4AaABAg,ZVjqWLlrV7k,awesome.... ☕☕,not_gujlish
UgwG0nEpff2okh0PYut4AaABAg,ZVjqWLlrV7k,Next episode kyare?,neutral
Ugxtg7f7EAHThWhRz0d4AaABAg,ZVjqWLlrV7k,I love bas chai sudhi,not_gujlish
Ugw0dP6ROsfpkNqtbNh4AaABAg,ZVjqWLlrV7k,"Aa heroin ne kyak joyeli lage chhe.... 

I think koi south indian movie ma♥️",neutral
Ugzi543TvB3mHTfSMrR4AaABAg,ZVjqWLlrV7k,Bhai badhu j bov J jordar chhe....  But still Missing rj ruhan.....,neutral
Ugxm6kmr9Ljn1txg6Kt4AaABAg,ZVjqWLlrV7k,Supar che,not_gujlish
UgzA8NctPmy6zA-ZDMt4AaABAg,ZVjqWLlrV7k,Ys i also believe in magic lovely story and concept,not_gujlish
UgztLDRwLwj7mjaDSGx4AaABAg,ZVjqWLlrV7k,"Jordar vaapsi ek vadhu jordar content
Aue haye kyaa baat haii👏👏👏",positive
Ugz1VLwc1SQoPpk18AV4AaABAg,ZVjqWLlrV7k,Ena chehra na expression alag j 6,positive
UgxDydhaUHH5KHDCvJx4AaABAg,ZVjqWLlrV7k,No words....lovely starting 👌👌👍👍,not_gujlish
UgyYmxyt6Yzkmkze3M54AaABAg,ZVjqWLlrV7k,U guys just know the right way to creat magic👌,not_gujlish
Ugz9vJmpgYGnxUrD6xp4AaABAg,ZVjqWLlrV7k,Tea post nu address???,not_gujlish
Ugxkh0MVOLgPR9RPbIp4AaABAg,ZVjqWLlrV7k,Second episode mate khub j excited chhiye Bhai...,positive
Ugyf0JgFRC6Fqd29KK94AaABAg,ZVjqWLlrV7k,Superb..........,not_gujlish
UgyxQiJX2hGQUXMZeTB4AaABAg,ZVjqWLlrV7k,Awsm,not_gujlish
UgwWni6GtFYlWnKyD0h4AaABAg,ZVjqWLlrV7k,I wish they upload episode on daily basis... #Big_Fan,not_gujlish
Ugzm-Xcar82rMYvfZfx4AaABAg,ZVjqWLlrV7k,Episodes 2 plz jaldi realize,positive
UgxO8aJd-s6sK0DejOR4AaABAg,ZVjqWLlrV7k,Super,not_gujlish
UgyT-dgayDLWP2xaPpZ4AaABAg,ZVjqWLlrV7k,"Munna bhai: aye circuit ! wo mile to kya bolunga me!
Circuit: Bhai ! “આત્મસમર્પણ, હ્રિદય પરિવર્તન” ese bhari bhari sabd fekne ka !",not_gujlish
UgzRKr8kSg7d5cO_n4N4AaABAg,ZVjqWLlrV7k,Osm it's really fantastic story,not_gujlish
Ugw8i2TIkQUEY_j-ZL94AaABAg,ZVjqWLlrV7k,Nice concept......,not_gujlish
Ugxuhwo5saWqlgGFe814AaABAg,ZVjqWLlrV7k,"પૈસા +brain ===== beauty !😑😑😑
Reality 6 BHai",not_gujlish
UgxPhHJW1hREmHTAChd4AaABAg,ZVjqWLlrV7k,I love you Niku 😘 I know ke tu Aa episode jois 👌 But mane Massage Nai Kare 🤐 Miss you Yarr Ab man Bhi ja,neutral
Ugx5jEOs99o3dhFf0EZ4AaABAg,ZVjqWLlrV7k,"Finally aavi gyu 
Finally no more wait😍
Missing this season so much
I hope this will give again beautiful  
Story 🙌",not_gujlish
Ugz8XWXYc8EIH2ws4jF4AaABAg,ZVjqWLlrV7k,Chai pine hi sahi...aa jana kabhi milne..log kahte hai mein chai acchi bana leta hoon,not_gujlish
UgwNSV95KwsDIErABbp4AaABAg,ZVjqWLlrV7k,Jordaar ..❤️🤩😍❤️❤️,not_gujlish
UgxrcxkejdVwUDG4bpV4AaABAg,ZVjqWLlrV7k,"Sorry @aasthaproductions to watch this too late....
But this series is love❤
Just missing ruhaan....",not_gujlish
UgxyK9WzLn-4ySk55J14AaABAg,ZVjqWLlrV7k,"Mast hoi 


Love from Mumbai ❣️",not_gujlish
Ugy_FpKoRYeUg_gW7h14AaABAg,ZVjqWLlrV7k,Bus cha sudhi atli mast story 6 amj lage k apdi j story thnx yar,positive
UgxfnYGRaoomH3Mer9d4AaABAg,ZVjqWLlrV7k,Too much waited for this,not_gujlish
Ugy5Zrar7Rtp4BcGKz54AaABAg,ZVjqWLlrV7k,"Aa vakhate kaik twist chhe story ma...,let's wait for next ep.",neutral
UgyrzDa_uv-4xrWgc6t4AaABAg,ZVjqWLlrV7k,Eagerly waiting for the next episode...,not_gujlish
UgwmSFwRgww1iLkgZSx4AaABAg,ZVjqWLlrV7k,Superb superb superb superb,not_gujlish
UgzSDGIeE4hdPAzL_bV4AaABAg,ZVjqWLlrV7k,Rich person ni story 😂😂😂,not_gujlish
UgwPiZ9SJOpMuW0hUf14AaABAg,ZVjqWLlrV7k,"Thoda divas pehlaj chha chhodi didhi 
Heath reason 
Pan have pachhu cha pivanu mann thai gayu 
Cha na prem manpadvanu man thai gayu",neutral
UgzOVkrduT3qejl1lP54AaABAg,ZVjqWLlrV7k,I just feel cry,not_gujlish
UgyUMFkT2477kwHYVcd4AaABAg,ZVjqWLlrV7k,Khub j sundar,positive
UgyPa5_rAxOU3HZd0UF4AaABAg,ZVjqWLlrV7k,"Bov wait karavi te.... ""Bas cha sudhi""........ Pn chal aakhre aavi to gayu..... Hasssss.....",positive
UgzjwbaX6WTg__uksb54AaABAg,ZVjqWLlrV7k,7:24  have maja avi jinal ne joi ne,positive
UgyjGzQaBCLDudHqhDp4AaABAg,ZVjqWLlrV7k,Awesome 👍 I'm waiting next part,not_gujlish
UgyXUy_U4LI2_4pP_Rp4AaABAg,ZVjqWLlrV7k,Monal ur acting is good...bt we miss ruhan,not_gujlish
UgykCEKsFkPhKWvnKT94AaABAg,ZVjqWLlrV7k,"Mari love story pan CHA thi j sharu thy hati ,pan ........😑",negative
UgxDrLFCd6RwpcluwRZ4AaABAg,ZVjqWLlrV7k,Episode 2 release date??,not_gujlish
UgxvQ9ae1kRulyLzUXV4AaABAg,ZVjqWLlrV7k,Season 1 ane 2 was like imtiaz ali movieand this season is like karan johar movie,not_gujlish
UgyYkugQgtuCoUCU2hN4AaABAg,ZVjqWLlrV7k,Story no end jovani aaturta vadhi gai che.....hope so aa vkhte no ending happy  hoy writer saheb....😇,neutral
UgyCp7FNj1hnJne4bZ14AaABAg,ZVjqWLlrV7k,Aama je apeksha ni vat kari ne but prem ma apeksha hoti nathi visvas hoy che nishwarth prem hoy che na koi duniya dari ni rit k sabandh na bandhan pan nathi roki sakta prem to badha bandhan thi mukt kare che khuli ne jivta sikhvade che😘,neutral
UgxpvYxEotuXTMvO2LB4AaABAg,ZVjqWLlrV7k,"Sooo happy finally 
Awesome episode....
Waiting for episode 2",not_gujlish
Ugyx2vxRO8PtSqhh7xZ4AaABAg,ZVjqWLlrV7k,Hum chay nahi pite likin is chay me intrest hai he..😁😁👌,not_gujlish
Ugz4oLz1GLiTROrCRHd4AaABAg,ZVjqWLlrV7k,Best,not_gujlish
UgzP3U-Ym06gR3HJkC14AaABAg,ZVjqWLlrV7k,"*I HAVE WAITING FOR THIS AND THIS IS COMING WAITING FOR NEXT EPISODE*
*MY WISH IS BAS CHA SUDHI ALL EPISODE UPLOADED ON NETFLIX AND AMAZON*",not_gujlish
UgzPR5Zu2OurUag3jWd4AaABAg,ZVjqWLlrV7k,Jordaar che,positive
UgxtpKr4gpfBxzagujp4AaABAg,ZVjqWLlrV7k,Bas have ep 2 nari raha chhe,positive
UgyqvSAsJP_ZGkBKm-l4AaABAg,ZVjqWLlrV7k,Khubj Sarah,positive
Ugw1nsvI5NQ3MIvGpAN4AaABAg,ZVjqWLlrV7k,Super,not_gujlish
UgwlVH1rMI27z4H-O-B4AaABAg,ZVjqWLlrV7k,Fari ek var season three finally avi gayu kyarni rah joto hato  thanks again Aastha production,positive
UgxipGGh1sp8VY5tECV4AaABAg,ZVjqWLlrV7k,"Looks like a good starting but missing a lot Ruhan sir here. Jhinal mam and Ruhan sir ni jodi kaik alag j che. Ahiya pan Jhinal mam ni 20 sec j aakha episode ma sauthi best lage che.  Emna avaj ma j kai alag jadu che seriously. 
Thank u all for making these.",neutral
UgziSAW7ICo4m2NA3y54AaABAg,ZVjqWLlrV7k,Mostly awaited series is here..Ruhan ni kami to feel thay che..Ena jevo cha ne shaswat prem koi na kari sake..baaki monal did the grt job and jhinal is also fantastic❤️❤️,positive
Ugyw8HObLARub4_Wc7d4AaABAg,ZVjqWLlrV7k,❤️❤️❤️❤️❤️☕️☕️☕️☕️☕️☕️🥰🥰🥰🥰🥰🥰,not_gujlish
UgzC40yVSHNpNqpulkV4AaABAg,ZVjqWLlrV7k,"Seriously  !! khabr j na padi k kyare episode puro thai gayo . Darshan avaj, Style, vat karvani rit everything is different. Chalse boss aa actor aakhi series MA chalse.. 
ofc, Miss. Monal a chulbuli chokri adbhut acting che emni baki. Kevu pade. 
At the end it’s all about TEA ☕️ . 

baaki I do believe in destiny too . 😉😉

Good job !! 
 waiting for episode 2.",positive
UgwuU6iCbaX7SbV9DOZ4AaABAg,ZVjqWLlrV7k,"Bhai, background music dialogues boleye tyareee band karo pls, dialogues nathi sambadata",negative
UgzAgHJiWN4tGk8KLkN4AaABAg,ZVjqWLlrV7k,Bas chah sudhi👌👌👌👌,positive
UgwF-ganparkoydduvR4AaABAg,ZVjqWLlrV7k,"Very freshing.... Amazing 😍
Great choice of actors....👌",not_gujlish
UgzV6m3s06RmUWK1fVJ4AaABAg,ZVjqWLlrV7k,"Miss you so much vandriii 
I know tu pn aa season 3 puri joish dill thi thnku so much te mane aa veb series batavi...Heyyy pagl have to aapno smbandh msg sudhi pn na rhyo😢 miss you so much....Nd yes thnku so much #Aasthaproduction aavi mst veb series aapva mate but misss you #rjruhan",neutral
UgwdfvUe7zbe01-5zit4AaABAg,ZVjqWLlrV7k,2 episode kyare avase,neutral
UgwyoLARYHmGjnKDvkp4AaABAg,ZVjqWLlrV7k,"Laya ho baki
Superb..
But
Missing ruhan sir",neutral
UgwafE0BCqKqtONxCFV4AaABAg,ZVjqWLlrV7k,Awesome 😍,not_gujlish
Ugz0jn1fi7wnjZQcU3B4AaABAg,ZVjqWLlrV7k,"આ તમારી ચા માં કેટલાઓ ની ""ચા""હત  છુપાયેલી છે. Welcome back once again rockstars. "" Bas have bas cha sathe j ne bas cha sudhi j ""👍",not_gujlish
Ugxo-Y1hUX_5Gy3pDgd4AaABAg,ZVjqWLlrV7k,Super lagyu ho,positive
Ugxa6PA8WKL9YlKSL414AaABAg,ZVjqWLlrV7k,very nice story ...,not_gujlish
UgxNlaSy67hCWxuTf2d4AaABAg,sxhhlxKiYwY,Bhai msg bohat accha hai,not_gujlish
UgydrKYkh2-KdZpqtJN4AaABAg,sxhhlxKiYwY,Beautiful story he .,not_gujlish
UgzSlJDjDFs2Y2IeuU94AaABAg,wZfOk9Tbdnc,"Watch Kem re Bhulay Thakor No 1 - Full Gujarati Movie:
https://www.youtube.com/watch?v=sF6r_OKDJ3k

Watch Congratulations - Full Gujarati Movie:
https://www.youtube.com/watch?v=dY3E9DuGCyk

Follow us on Whatsapp for more updates: ShemarooMe 
https://whatsapp.com/channel/0029VaAqVQi7Noa6f9VZzs1R

For More Such Videos Subscribe to our channels - 
https://www.youtube.com/@shemaroogujarati
https://www.youtube.com/@shemaroogujaratimusic1004
https://www.youtube.com/@gujaraticomedy5787
https://www.youtube.com/@shemaroogujaratimanoranjan2663

Follow us on
 Facebook - facebook.com/shemaroogujarati
Instagram - instagram.com/shemarooguj
Twitter - twitter.com/ShemarooGuj",not_gujlish
UgzlMPe-ubSjbfVFnT54AaABAg,wZfOk9Tbdnc,Bhai .ove kyare aava va ni se,neutral
UgwfwSojz11Vu18ddaF4AaABAg,xB5cRbibYAU,Super sar 👌👌👌👏👏👏,not_gujlish
Ugwod4CaSHbrKZuVlu14AaABAg,xB5cRbibYAU,Nice,not_gujlish
UgyiOr6SPIJ3yyvIMwl4AaABAg,xB5cRbibYAU,Wow,not_gujlish
UgxJXCw3sZ-t1AbSmDZ4AaABAg,xB5cRbibYAU,वाह! निरव सर वाह,not_gujlish
UgxSFk5OExGxNhnZw614AaABAg,xB5cRbibYAU,Super sir👏👏👏👏👌👌👌👌👌👌,not_gujlish
UgyEe28csesVySWcI154AaABAg,xB5cRbibYAU,Nise,not_gujlish
UgyXiGEBtQInOVn57K14AaABAg,xB5cRbibYAU,Sema jova malse aa ?,neutral
UgwkmKfsTm-x2-CxRwB4AaABAg,xB5cRbibYAU,Jordar che sir 👍👍👍,positive
Ugy063KamFBEkl9BPrF4AaABAg,xB5cRbibYAU,Super sir 👌👌👌,not_gujlish
Ugzq9sjgY2D_57ksMeN4AaABAg,xB5cRbibYAU,Nice 👍👍👍👍👍,not_gujlish
UgzrDLA4Oc_FK7-dCG54AaABAg,xB5cRbibYAU,Ek dm kadak👌🤙,positive
UgxJTdrrxM9dHuT4V2t4AaABAg,xB5cRbibYAU,Nice sir 👍👍,not_gujlish
Ugx1rKKufcssqEQ-faF4AaABAg,xB5cRbibYAU,Nice👌,not_gujlish
UgxCaVI42tXnKMSUt4V4AaABAg,xB5cRbibYAU,Nice 👍👍👍👍👌👌👌👌,not_gujlish
Ugw2laiVaKMP1o590S14AaABAg,xB5cRbibYAU,Good review,not_gujlish
Ugz3qpB8pE4jSHMRf2d4AaABAg,xB5cRbibYAU,Nise sir raj👍,not_gujlish
UgwI9uP5L8OqyN3A_iB4AaABAg,xB5cRbibYAU,Wonderful 👍🏻,not_gujlish
UgxvEtr14emuugRIzTd4AaABAg,xB5cRbibYAU,Super 👌💯,not_gujlish
UgxmIq_YFjraG_Vpwpt4AaABAg,Z9PqVjgvSx8,"Superb
And maja ni wat ae chhe k ame bhi amari pehli mulakat ahiya j kri hti 😀",positive
UgyEmq007j-gIoKLywR4AaABAg,Z9PqVjgvSx8,Starting ma je halki halki whistle che bav mast 1:46,positive
UgwuPuQFZ23boH9yTrV4AaABAg,Z9PqVjgvSx8,Nice 👍👍👍🙂🙂🙂😊😊,not_gujlish
UgxLw4BfhJEARQlrJVt4AaABAg,Z9PqVjgvSx8,"Hi Guys , Manne Gujrati nathi aavti , pann  aa shortmovie hun joyi 

I can understand Gujrati , Coz My 2 Buwas are married in Gujrat &:Saurashtra respectively . So their Children used to visit our place near Mumbai & they Taught me writing & Reading Gujju language that I could learn swiftly . I watched few Guj movies in my childhood. But Today I WATCHED THIS SHORT MOVIE SUDDENLY POPED UP ON YOUTUBE & FELT LIKE WATCHING.
CAN U BELIEVE I WATCHED THIS MOVIE FULLY & LIKED IT SO VERY MUCH.🎉❤ Not Difficult to Understand indeed .will watch other FIRST DATES ALSO.

I M KAMLLESH VALECHA FROM MUMBAI .NO NEED BT I TELL YOU 
WE ARE SINDHIS. 

SEE YA AGAIN .
TILL THEN NJOY 🤞🤞🤗🤗❣️❣️",not_gujlish
UgyZ_MMwE7O7X1LnLbl4AaABAg,Z9PqVjgvSx8,rajkot aavadh,neutral
UgxrOFqqiAKm5FU7Tol4AaABAg,Z9PqVjgvSx8,Kya aavelu che cafe,neutral
UgzZ-WaJMQRoD0B-xkl4AaABAg,Z9PqVjgvSx8,SHRINIL JANI SUPER WOR  BRO  I LIKE THIS WORK  FOR KEEP IT UP BRO 👍,not_gujlish
Ugz6Otk3WovQlYBBIsp4AaABAg,Z9PqVjgvSx8,Aa dr. Ben na character vahiyaat chhe over acting ni dukan😆😆😆,negative
Ugy30fIrHEcs8aEi_Bl4AaABAg,Z9PqVjgvSx8,"Extremely good presentation, direction, Cinematography and set. Awesome acting, expressions and dialogue delivery by everyone!
Keep it up!
Dr.Prashant Panchlothia (Actor)",not_gujlish
UgxCrLxAoYouu6kpdk14AaABAg,Z9PqVjgvSx8,Really liked the direction the way you lead the story.  Cute and brilliant ! 👏👏👏💕💕,not_gujlish
Ugzu7qv5Hnm45jsBXNB4AaABAg,Z9PqVjgvSx8,Every webseries from your production have some Sound problem or you guys recorded sounded after. Its uncomfortable to watch. Sometimes story are not good but their sound makes the views. You guys got great story but sound in each series seems like after Record or mike are very close to Actors. It was a friendly suggestion. Never Mind.,not_gujlish
UgwhRr_5dkbSGjnNB714AaABAg,Z9PqVjgvSx8,"Hey shrinilji i am daughter of sudha solanki, actually your mom and my mom were childhood friends.Anyway bouj saru lagyo aa video joine great acting skills😊",not_gujlish
UgxTPdpuJYKoKTfggKd4AaABAg,Z9PqVjgvSx8,Great Work! Interesting Series.,not_gujlish
UgxnwUguJj8UqccO3st4AaABAg,Z9PqVjgvSx8,Nice story and Amazing acting. 👏👏,not_gujlish
Ugz_EQhfL-LUdRQj3Qd4AaABAg,Z9PqVjgvSx8,"Darshita Jaani, Ma'am,  keep it up, 
Really writing and the concept of this story is soo beautiful, 
Moral of the story that if we understand both's interests and weaknesses and care about it, then no matter if our hobbies and lifestyle are different.... The only important thing is to believe each other and love each other...
The great romantic and meaningful stories which I saw but no one unique like that the Story table.. 
Again Great creation of all teams, and I Appreciate to DARSHITA JAANI FOR making it... And also  to all members which are involved in its creation..",not_gujlish
UgwTNa0C8q6CL4OftDh4AaABAg,Z9PqVjgvSx8,Wow Thats Call Majja Avi gai 😀,positive
Ugx8v7ztYxOz2iMqY5p4AaABAg,Z9PqVjgvSx8,"Lovely 
I like it  😍",not_gujlish
UgwWz7cswhBNxrkJ2094AaABAg,Z9PqVjgvSx8,"Shu wat ch? Jordar e paj Gujarati ma....hats off guys....ek dam simple dialogs,  cinematography and location .",positive
UgxmP2tneR0Z1K8x-N54AaABAg,Z9PqVjgvSx8,Nice  but jaldi biji story  muko..waiting,positive
UgzvGWaOh_eYyWfcENV4AaABAg,Z9PqVjgvSx8,"One interesting thing of gujarati web series
Badha gujarati comments vachva made🙂🙂",neutral
UgyQQfVEeOtskR_2cZ54AaABAg,Z9PqVjgvSx8,Suprrrrrr44rR4,not_gujlish
UgxDaMvCTHTTt6PtpJp4AaABAg,Z9PqVjgvSx8,13:11  cup Khali che hnaa🤭😜,neutral
UgzAlAsKE4WZKBNV40h4AaABAg,Z9PqVjgvSx8,Any liberal philosophy goes in favor of ruling class,not_gujlish
UgzTM6ad6gEnJEHkO6J4AaABAg,Z9PqVjgvSx8,"Please lose the background music, it's distracting and please don't shoot the movie with handheld camera, use the right equipment. Constantly moving camera is no fun way to watch any movie. Good Luck",not_gujlish
UgwzHkv9OXTKYbDyH8F4AaABAg,Z9PqVjgvSx8,Wow.... Great great great 🙌👌👌,not_gujlish
Ugz-gW6gHh37AoLxvgV4AaABAg,Z9PqVjgvSx8,Wow that's awesome 👍,not_gujlish
UgyZjr81U1Nkov8T5nt4AaABAg,Z9PqVjgvSx8,Chokro pehli var cafe ma avyo lage che..order ma atli vaar kare e su krvano,neutral
Ugzdkvg-Mwu5Ly6Cuhp4AaABAg,Z9PqVjgvSx8,Sosyo to aapdo pan favorite,neutral
UgxOvA2jH05WgsO4-I14AaABAg,Z9PqVjgvSx8,13:09 e pigli gya... Jabru ho lines,neutral
UgzbVeUyfjeVyJtmHnt4AaABAg,Z9PqVjgvSx8,10:15 rotli to mane fave chhe tya j vaat pakki 👍🏻,neutral
Ugxkvzl9MZdAUc8tZ554AaABAg,Z9PqVjgvSx8,#_Jordarrrrr..♥️,positive
UgwA35y3KSgDdV1MI6J4AaABAg,Z9PqVjgvSx8,Amateur acting and direction,not_gujlish
UgzfZ7pTkCNvsOpgCVZ4AaABAg,Z9PqVjgvSx8,Nice story,not_gujlish
UgyHQcubn7N6WIVbjWJ4AaABAg,Z9PqVjgvSx8,Vaah suppab 😍👌🏻👌🏻👌🏻,not_gujlish
UgyFjsD2_FCwr0f0ScN4AaABAg,Z9PqVjgvSx8,"Vah.....
Ejne khali khota hari jat ..
Bo maza aavi...",positive
UgwxkEGkbqdUkkHdt8N4AaABAg,Z9PqVjgvSx8,Nice 😊👍,not_gujlish
Ugw06SebSZI-_5fDQcd4AaABAg,Z9PqVjgvSx8,"10:49 i think he is very nervous, look at the hand vibration🤭🤭🤫😁😂😂
BTW story was nice but little disappointed 😥 with acting.",not_gujlish
Ugzlx4glW_CC4h1Va-V4AaABAg,Z9PqVjgvSx8,Glad to see Gujarati ma avi saras web series ava lagi che 😍,not_gujlish
UgxPYO1unbqNliZNiut4AaABAg,Z9PqVjgvSx8,"1 vat to kevi padse... Me aa series na badhaj bhag joya 1-5 pan ha...
Aa part 1 ma je story nu level & Content che e mane The Best lagyu ane eni comparison e bija koi part sathe nai thay saktu",positive
Ugwg7_i6O_YxZnJOeY14AaABAg,Z9PqVjgvSx8,Bhai sapna Joana bandha Karo aa bjp nu raaj chhe lagan naa sapna chhodi do Saheb,negative
UgwFSTGHaTX-zlRx80N4AaABAg,Z9PqVjgvSx8,😀🤗👍👌🏼,not_gujlish
UgymgNB2WObiOnNVBZR4AaABAg,Z9PqVjgvSx8,Very nice  I love story,not_gujlish
UgxBkLY2ltlPI4vXiZl4AaABAg,Z9PqVjgvSx8,Jaare e backgroung music bandh karo 🙏,negative
Ugw8NBaS4FaXfSfaDpt4AaABAg,Z9PqVjgvSx8,Nice story,not_gujlish
Ugwzi1b0oV-MwlEHaNl4AaABAg,Z9PqVjgvSx8,Superb 👍,not_gujlish
UgyIyaAv13_v2Ri3el14AaABAg,Z9PqVjgvSx8,Chokri gharnu khavanuj prefer kare che but bahaar unhygienic panipuri khaay..,negative
Ugy4UFaFSMLv1O47Sh54AaABAg,Z9PqVjgvSx8,Coffee uper Sosyo ane Cold drink kevi reti pivay ???,neutral
Ugx8jshl9RUuZZusjB54AaABAg,Z9PqVjgvSx8,Like background music,not_gujlish
Ugw40lHc-Nfcvs2WWMt4AaABAg,Z9PqVjgvSx8,First date cafe ♥️♥️♥️♥️,not_gujlish
UgwLB_Vbpj6Smy3Qghp4AaABAg,Z9PqVjgvSx8,Jordar stoty table,positive
Ugzgtpv1vJr4usnRj0B4AaABAg,Z9PqVjgvSx8,"2nd PART
https://play.google.com/store/apps/details?id=com.app.patel_mart",not_gujlish
UgwHP8gYKi3VaHf1WaV4AaABAg,Z9PqVjgvSx8,Nice maja awi,positive
Ugx34PrTpRdaZhkPPTR4AaABAg,Z9PqVjgvSx8,Jordar 👍,positive
UgzG2OSRcPK-GQdyEzZ4AaABAg,Z9PqVjgvSx8,"superb,  but aa story ne continue karo to maja aave.",positive
Ugz2hzpx2lvr32yBiW14AaABAg,Z9PqVjgvSx8,Amazing story superb 👌👌👌😊,not_gujlish
UgzIPKPaG7p97qSM0Vp4AaABAg,Z9PqVjgvSx8,Be aa chokri doctor thai ne evu keh che k sweet khava thi diabetes thase!!,neutral
Ugwna0CSZw1z01M3pD54AaABAg,Z9PqVjgvSx8,❤,not_gujlish
Ugzu2pZ5f_X-6orRPhR4AaABAg,Z9PqVjgvSx8,Arre wah,positive
UgxndRwzPWbQsmuLdS14AaABAg,Z9PqVjgvSx8,Jane ame to Family meeting ma PHD😂 kari ne betha hoy😅,neutral
Ugyz5VJrAKhi7QnVYI94AaABAg,Z9PqVjgvSx8,Ek seen ma bike lose che,negative
Ugyuil_Mv1rVWMYHHdp4AaABAg,Z9PqVjgvSx8,Superb voice of narrator.,not_gujlish
Ugx1PVxVDbGzr6o31_l4AaABAg,Z9PqVjgvSx8,Both are act good specialy  hero's acting.,not_gujlish
UgxMC_jbfcUtIROKj5V4AaABAg,Z9PqVjgvSx8,It's boring..I didn't find originality..haan bt  dialogues are quite good...👍,not_gujlish
UgyiuZeskt0MjbNKmNJ4AaABAg,Z9PqVjgvSx8,Super sir,not_gujlish
UgyODcNWA2nwTvGl1B54AaABAg,Z9PqVjgvSx8,Nice concept,not_gujlish
UgzNrTbUM2zfnOlWzIx4AaABAg,Z9PqVjgvSx8,Good  performance  nice story,not_gujlish
UgyAXS8L8jXkgbGrlih4AaABAg,Z9PqVjgvSx8,Very nice bhaii,not_gujlish
UgwfP7CtuzIrZoX79KR4AaABAg,Z9PqVjgvSx8,🙏 🙏 Very nice enjoying,not_gujlish
Ugz-L38r0_WFr8RcOn14AaABAg,Z9PqVjgvSx8,ov majjhaaaaa avi bhai,positive
Ugz9As5SzGqDzoy81RB4AaABAg,Z9PqVjgvSx8,"Khub saras..
✌",positive
Ugwco-bE9UN4zKnFNoB4AaABAg,Z9PqVjgvSx8,"Who started love Gujarati web series by... 
Bas cha sudhi..!🍵 
😍💖",not_gujlish
UgxCpVg04uYyQT8JXu14AaABAg,Z9PqVjgvSx8,Mne heroine rajkot na lagya.. Pure kathiyawad.. Wah.. 😍✌,positive
UgwA3K6BM0_sbnxc9KZ4AaABAg,Z9PqVjgvSx8,Super Story,not_gujlish
UgxMIyfjq5I2B_53mTl4AaABAg,Z9PqVjgvSx8,I am Punjabi but I can understand Gujarati and really liked this episode,not_gujlish
Ugz9ZCFk_cR3Vlqd9JZ4AaABAg,Z9PqVjgvSx8,Need more crisp writing,not_gujlish
UgyT7iCRfgcHBdY7IN54AaABAg,Z9PqVjgvSx8,Esi couple Ko lekar next episode banao,not_gujlish
UgzArwkcxGKVkS-_q694AaABAg,Z9PqVjgvSx8,Khub Saras,positive
UgzHqRxBBZ3VMB8XPMx4AaABAg,Z9PqVjgvSx8,https://youtu.be/gG4WFa7Fvao,not_gujlish
Ugw-r0jwTGc52eozQiN4AaABAg,Z9PqVjgvSx8,Nice one👌,not_gujlish
Ugzw1FxXUz_5k_qVD0Z4AaABAg,Z9PqVjgvSx8,Ek navi tazagi no anubhav..Saral Sahajik...ane hriday sparshi..Khubaj sunder rajuaat..Bija episode jovani aaturta vadhari didhi...Best wishes all of you guyz...,positive
Ugy_TTOt6M0HkIBX4hh4AaABAg,Z9PqVjgvSx8,Nyc,not_gujlish
UgxiW8uHjkWDGbFnch14AaABAg,Z9PqVjgvSx8,Suppr,not_gujlish
UgxPFQ9cu5u0sfEt9c54AaABAg,Z9PqVjgvSx8,Story teller no avaj osam  koi name kaho...,positive
Ugx7Z9YE00PZyXLXz-N4AaABAg,Z9PqVjgvSx8,Very good concept. Loved it,not_gujlish
Ugyxr4rxCOcjozzkgxN4AaABAg,Z9PqVjgvSx8,Not a perfect acting...,not_gujlish
UgyxYtmHoKOD2ucINGF4AaABAg,Z9PqVjgvSx8,J,not_gujlish
Ugw7mcB9xncWnPS1cnx4AaABAg,Z9PqVjgvSx8,Very nice story episode video,not_gujlish
UgwBlfzv76PCItTVo7x4AaABAg,Z9PqVjgvSx8,waha. normal Gujarati family ma aavu hoye che.. nicely done.. good keep it up.,positive
UgwtgCb4tELmvlUPqeB4AaABAg,Z9PqVjgvSx8,Waiting for second episode 🔥🔥🔥🔥,not_gujlish
UgzFYZfjKKgSnKfHgMx4AaABAg,Z9PqVjgvSx8,"Sugar thi diabetes na thay, pan jene thai hoy ene naa khavay.  aa doctor dhaynthi bhani nathi lagti😂😂 anadar no doctor ne sahitkar banne ek sathe jage to aavu j thay.",neutral
UgziAxmIfuYadhxwb4N4AaABAg,Z9PqVjgvSx8,Mastan baki🤩🤩 #kraziestdoctor,positive
UgyzVPI4WOpQMSw7hMB4AaABAg,Z9PqVjgvSx8,Be bov var lagado cho ho ho na vo episode banava ma... 1st episode ma bov j maja aai second pn saro hato pn 3 jo kyare aavse?????,positive
UgxQJgb3cEAnZ7Oo_xJ4AaABAg,Z9PqVjgvSx8,Su che yrrr.....dialogue delivery to juo.....bkvas.....etle j to kdach......,negative
UgzdnzD2GD2VM0VdfpR4AaABAg,Z9PqVjgvSx8,"You are too slow ..... Ther is a gap of atleast 15 to 20 between two episodes ...
Very long waiting time ..... 

Hurry up guy's. What is taking so long ....???",not_gujlish
UgyyOBxURB83clkbz1R4AaABAg,Z9PqVjgvSx8,Very nice story would like to see more episodes,not_gujlish
UgyjK_MgLh2K2KhcPsp4AaABAg,Z9PqVjgvSx8,Part 2 maja na avi,negative
UgzCY0zCsg1jViyVQuJ4AaABAg,Z9PqVjgvSx8,"Awesome story telling and casting with amazing dialogue delivery keep up the good work,best of luck for future guys.",not_gujlish
Ugyp8ThQIWazsbR-zRx4AaABAg,Z9PqVjgvSx8,"Fabulous,keep going continue story..",not_gujlish
UgwNhIvo7WU6WU-Dx0l4AaABAg,Z9PqVjgvSx8,"Honest review
Story 1.5/5
Acting 2/5",not_gujlish
Ugym05iFy-bWDZOf3sh4AaABAg,Z9PqVjgvSx8,very nice...mza avi gay...,positive
UgxAmAhso5t0jjtih9l4AaABAg,Z9PqVjgvSx8,Rajkot nu ne?? Apde Kalwad Road Rajkot par aayvu ae FDC,neutral
Ugz9PfyaaVOtz-fDFJN4AaABAg,Z9PqVjgvSx8,Bija episode to post karo,neutral
UgyCdkoiYcRieo-O9z54AaABAg,Z9PqVjgvSx8,"Wash, good script, Nitin, keep the flow n u will be great script writer, awaiting your new episode today, in which you are acting",not_gujlish
Ugw-DnYrkZ9NSfPoZhB4AaABAg,Z9PqVjgvSx8,Need second episode and acting needs a lot improvisation but over all good plz upload second episode,not_gujlish
Ugzm5tOE0WSl8-mJz5Z4AaABAg,Z9PqVjgvSx8,Mast Che Story Table .... Waiting for the Next Episode,positive
UgwPmYlpfn508CgAucd4AaABAg,Z9PqVjgvSx8,Second episode jaldi,neutral
UgzRxEsb3ptEpRBK3pZ4AaABAg,Z9PqVjgvSx8,Do we have any scope of association in Mumbai ?,not_gujlish
Ugzbl_m0DT6G-3GPk1V4AaABAg,Z9PqVjgvSx8,Super hit,not_gujlish
UgyZnEZC815proA5eal4AaABAg,Z9PqVjgvSx8,Perfect direction 👍👍,not_gujlish
UgyYQHvQ9N0Urn6FpCp4AaABAg,Z9PqVjgvSx8,We are waiting for 2nd episode ..... N this episode i love it 💖💖💖💖,not_gujlish
UgyK6Gjlpk7jaWHcCzJ4AaABAg,Z9PqVjgvSx8,Both of u are opposites,not_gujlish
UgwC4BXQtojjL_V5m694AaABAg,Z9PqVjgvSx8,Bijo episode muko so k hve Unsbcribe kri ae,negative
UgznGRLLX0gd1vzr66t4AaABAg,Z9PqVjgvSx8,Part 2 kyare aavse 1 month thai gayu,negative
Ugxy51srIhilqZRicgR4AaABAg,Z9PqVjgvSx8,2nd episod jaldi available karo........,neutral
UgxSHEhymcskz9eMM3p4AaABAg,Z9PqVjgvSx8,Please bring up next episode asap.... waiting for it.......,not_gujlish
UgyH8zz515nN13JAGxx4AaABAg,Z9PqVjgvSx8,Be yrr 2nd part aavse k nai??? 😜,positive
UgyNyi49p9tV8uLP3Yt4AaABAg,Z9PqVjgvSx8,Mane a story khubaj gami have agan shu,neutral
UgzX-PyEHHrcN32Es3F4AaABAg,Z9PqVjgvSx8,2nd episode kyare aavse?,neutral
Ugy3eV1cYFTgzxkw6oR4AaABAg,Z9PqVjgvSx8,Lage che ke biju epidose 2021 ma upload thase... Bhai jaldi bijo epidose lao 🙏🙏,negative
UgzQW_i-lQ1UDE1m0qd4AaABAg,Z9PqVjgvSx8,first episode ખૂબ ગમ્યો. Keep it up.  All the best for more episodes to come. you all can do much better.,not_gujlish
UgwRoDFF2no5fYnmPlV4AaABAg,Z9PqVjgvSx8,You should improve your casting... Ek bahanu Aapish ma pan weak casting hatu ane aama b...,not_gujlish
UgxlNmKCYvzSaLj5FV14AaABAg,Z9PqVjgvSx8,"Wah jordar👍

I am a story,script,lyrics and dialoges writer.Recently we made a short movie under direction of mine named *મોજથી જીવજે વ્હાલા*

If possible, I like to work with your team.

Thanks 🍃

- Shakti yadav",not_gujlish
Ugw2FD5l6pCWa21YnWd4AaABAg,Z9PqVjgvSx8,It's very nice need 2epsiodes,not_gujlish
Ugzo3k2vmLqaoTGXGVp4AaABAg,Z9PqVjgvSx8,Bhai bov kari tame to boss second episode kyare aavse yrr!!??,negative
Ugw9pgawHflIW9u_0bF4AaABAg,Z9PqVjgvSx8,Episode 2??????,neutral
Ugx7dCtR0d67_L2Jbxt4AaABAg,Z9PqVjgvSx8,Yaar kyra aavse bijo episode yaar,negative
UgyBXQprKF-fVSkaA_F4AaABAg,Z9PqVjgvSx8,Jaldi karo second episode kyare avse...?,neutral
UgwXg8E3hPdq9qQrTLh4AaABAg,Z9PqVjgvSx8,Waiting for second episode,not_gujlish
Ugzv9EFphibT7oCsLBF4AaABAg,Z9PqVjgvSx8,Awesome story wish aavuj kai thay Amara bhegu b 😛😛 waiting for the 2nd partt,positive
Ugwa4VCoTdNLVblp2ml4AaABAg,Z9PqVjgvSx8,Wooow superb❤❤❤❤❤❤,not_gujlish
UgxJuzAzQvsg7Y8b9PV4AaABAg,Z9PqVjgvSx8,How can i send my story  for  gujjuweb stories..plz answer,not_gujlish
Ugy4HAXdujS0dEk1TRJ4AaABAg,Z9PqVjgvSx8,Love it. Waiting for 2nd episode,not_gujlish
Ugz96N9kE6rUHd18lmp4AaABAg,Z9PqVjgvSx8,Lyked .. awaiting for 2 nd episode,not_gujlish
UgyiyNcCRbII7Q-srFB4AaABAg,Z9PqVjgvSx8,episode 2 .... waiting ... soon....,not_gujlish
UgxUcTafljv3d0L75y14AaABAg,Z9PqVjgvSx8,2nd episode 2020 ma j aavse ne ke pachhi 2021 ni rah jovi padse,neutral
Ugzj7OeLp-J95XgryH54AaABAg,Z9PqVjgvSx8,Superb,not_gujlish
Ugy5P33xmWSlj7EDjYt4AaABAg,Z9PqVjgvSx8,2 jo bhag kiyare aavase,neutral
Ugx1wbFvHunWkD7ffcN4AaABAg,Z9PqVjgvSx8,Be yrr next episode kyare aavse????,neutral
Ugx4jEay8LeZm-DoEDF4AaABAg,Z9PqVjgvSx8,To jaldi lavo avi j story 😅😍🥰,neutral
Ugx582yR3FdyBSKmUxx4AaABAg,Z9PqVjgvSx8,Wow,not_gujlish
Ugyl-Ejk_tMRFWSxqWh4AaABAg,Z9PqVjgvSx8,Second epi...........waiting,not_gujlish
UgwrwdUuRqI7gub4NWl4AaABAg,Z9PqVjgvSx8,Ep 2 kyare aavse,not_gujlish
Ugy3nN8km-5X3a_o-fB4AaABAg,Z9PqVjgvSx8,Navo episode release jaldi thay avi shubhechha........,positive
UgxfPBSMeK05GgSY8sJ4AaABAg,Z9PqVjgvSx8,Second episode kyre avse????,neutral
UgxQwWHNEIL8k_V5KJF4AaABAg,Z9PqVjgvSx8,https://youtu.be/LH7zTtEwaEo,not_gujlish
Ugww85omsXJ9U4lXuoh4AaABAg,Z9PqVjgvSx8,It's almost more then 3 weeks....,not_gujlish
UgyUPxuDgSoSVPBM_dJ4AaABAg,Z9PqVjgvSx8,Second episode kyare avse????,neutral
Ugxr1kH4pDJNMhi1Gb94AaABAg,Z9PqVjgvSx8,Second episode kyare aavse ?,neutral
UgwpooccSaTG_p4yUfN4AaABAg,Z9PqVjgvSx8,Aano 2nd episode kyare aavse ????,neutral
UgxqS9EELi0Gm6Bd9dB4AaABAg,Z9PqVjgvSx8,kavya nu performance gamiyu. thodi thodi shradha ni yaad apavi didhi,positive
UgyA_8G68J_5oVGozZt4AaABAg,Z9PqVjgvSx8,2nd episode kya?,neutral
UgxQFcc-6KIqNJY1i1h4AaABAg,Z9PqVjgvSx8,2nd episode avano che ke nai?,neutral
UgzC-qh6k0cOvMbEv4h4AaABAg,Z9PqVjgvSx8,Second episode kyara ava cha bhai,neutral
UgyHQGiqwj664YXeBQN4AaABAg,Z9PqVjgvSx8,Actor Sara Lavo,negative
Ugy8MXoCSpgGWutIvdR4AaABAg,Z9PqVjgvSx8,Bhkwas acting 😂😂😂,negative
Ugwd27s4hMCGsMBAYVx4AaABAg,Z9PqVjgvSx8,Superb story,not_gujlish
UgyBuHsBUAm4B1l57Hd4AaABAg,Z9PqVjgvSx8,"Bro story jorrr darrr lagi, kem ke je man no behaviour che just like mara jevo j che and mota bhagg ni habit pan mare che eevi j bata va ma aavi che. Eetle maneee khuubb gamiii aaa *story table* no part -- 1.  ❤️❤️",positive
UgyYi-NmV3LgLqfgJbt4AaABAg,Z9PqVjgvSx8,Areh bijo episode mukvano bhuli gaya ke su? it's 3 weeks.,negative
UgzTsxy5_bl38O04UkZ4AaABAg,Z9PqVjgvSx8,Cool story,not_gujlish
Ugx7epv49wSL91msi794AaABAg,Z9PqVjgvSx8,Ep 2 plz.... ??,not_gujlish
Ugxmp1cVfk_VtNJEC7N4AaABAg,Z9PqVjgvSx8,Superb....Well-done .... I m Curious to watch the next...Will it continue....Get the next soon...All the best,not_gujlish
Ugwrpn6t6w18BszQxFp4AaABAg,Z9PqVjgvSx8,Ketli var bija episode ni,neutral
UgyqNWmqEQb-WPF9k2p4AaABAg,Z9PqVjgvSx8,Waiting for next one,not_gujlish
UgztiD4I3MQPKzHEh-l4AaABAg,Z9PqVjgvSx8,Yaar bijo episode kyare aavse yaar jalde lavo ne,neutral
Ugz02O2mNYUdi3FDaqh4AaABAg,Z9PqVjgvSx8,"Story gami mane episode 2 kya chhe jaldi,😍😍😍",positive
Ugydo_ggmmZcweblaFF4AaABAg,Z9PqVjgvSx8,Bhai regular lavo episode ni to pachi... Maja ni aave.. Nd channel unsubscribe karvi padse,negative
UgwF04lPfmaMqnmTnWZ4AaABAg,Z9PqVjgvSx8,Second episode kub aayega bahot wait krvaya aap ne to,not_gujlish
UgxogT_dq9RaRoTX51Z4AaABAg,Z9PqVjgvSx8,"1st episode super hit, everything was fantastic. when 2nd episode will release. please increase the frequency of episodes",not_gujlish
UgweRtEwzyeLrcOuFWx4AaABAg,Z9PqVjgvSx8,boy ni acting sari chhe... girl thik thaak,neutral
Ugz0irCCIiDhvMm2EIx4AaABAg,Z9PqVjgvSx8,Kindly upload 2nd episode,not_gujlish
Ugwp7O_4poJU5Hy5u3p4AaABAg,Z9PqVjgvSx8,Waiting for next episode,not_gujlish
UgyAvM777LV2LXjRjdh4AaABAg,Z9PqVjgvSx8,waiting for Next episode plzzzz soon 😍😍😍,not_gujlish
UgwH3ETlN15Rq2_bJKJ4AaABAg,Z9PqVjgvSx8,Sache jordarrrr..... waiting for 2nd episode 😍🤗 doctor & businessmen interesting 😛😅,positive
UgygUNUvqK8tvTo6rL14AaABAg,Z9PqVjgvSx8,Jabar dast chhe bossss 2 episode kyare,positive
UgySYNIUdMxsofLZ6hl4AaABAg,Z9PqVjgvSx8,Wen is 2nd episode gonna cum,not_gujlish
UgxV9s1dw7utEt5t1Al4AaABAg,Z9PqVjgvSx8,I like this web series 😆😆😘,not_gujlish
UgxjHk5nyOThLg5rrAh4AaABAg,Z9PqVjgvSx8,Wohhhhhh I loved storyline,not_gujlish
UgzHy3_gMNv1qlT3brd4AaABAg,Z9PqVjgvSx8,Mail kro next episode kyare avse,neutral
Ugwy5PXj9Zn2V4FYuZV4AaABAg,Z9PqVjgvSx8,"2 episode kb upload karo ghe ????
Please jalde upload karo",not_gujlish
UgxyGudw4ZT-Mn5IDnp4AaABAg,Z9PqVjgvSx8,Next episode kyare ava no??,neutral
UgwkHBlXI7Y1C4SJrOZ4AaABAg,Z9PqVjgvSx8,2 prte lai aavo plzzz 🙏🏻🙏🏻,not_gujlish
Ugwkt6ErAH0DPuZxhnt4AaABAg,Z9PqVjgvSx8,2nd episode jaldi upload karjo please,neutral
UgwiKNjt-iWz7QW194R4AaABAg,Z9PqVjgvSx8,Superb,not_gujlish
UgylfACcv2ne7EGV4854AaABAg,Z9PqVjgvSx8,Fab story,not_gujlish
UgwUrhA1g_CX1AY56LN4AaABAg,Z9PqVjgvSx8,"I first time watched web series , ema Gujarati thi beginning karyu , kharekhar bv maza aavi jovani ....

Awesome ....  I waiting for 2nd episode",positive
UgzkKb-DKhSUTvst43d4AaABAg,Z9PqVjgvSx8,Please write in English.,not_gujlish
Ugx8dobZXSwhHghDdR14AaABAg,Z9PqVjgvSx8,Background music is too awesome...👍,not_gujlish
Ugxuwb97cyilszc8G5N4AaABAg,Z9PqVjgvSx8,Mast story👌👌,not_gujlish
UgyCWsdx8YAxN2H4c6Z4AaABAg,Z9PqVjgvSx8,2nd episode kyare aavse,not_gujlish
Ugx96n6ixy-RIs65ptd4AaABAg,Z9PqVjgvSx8,Superb  egrly waiting secong part,not_gujlish
Ugz0lr7w3467Hr6ZwGF4AaABAg,Z9PqVjgvSx8,Waiting for second episode 😍😍,not_gujlish
UgxqcJhB9XfvMCZXMvV4AaABAg,Z9PqVjgvSx8,Kyare avse next episode waiting 😍😍,not_gujlish
UgziEykdut1uJprfETp4AaABAg,Z9PqVjgvSx8,"Superb 👌👌👌👍
Eagerly waiting for next episode",not_gujlish
UgzH90ou1zyQkAEc4rl4AaABAg,Z9PqVjgvSx8,Tamari stori ek thum mst chhe,positive
Ugypn6_1eihh1qqOsEx4AaABAg,Es4DrKCXvgs,Halka gujarati o nu halku sahitya..hve kai no bachyu etle avu lava mandya,negative
UgzL-qh9F_Jk6u9nvnt4AaABAg,Es4DrKCXvgs,Arohi ae aa loda sathe lagan karya chhe bc loda jevu to modhu chhe musni nai tu funsi se,negative
UgzIV3ul-90y8WDZmgF4AaABAg,Es4DrKCXvgs,Aktar ni mani bhoshado,negative
UgzYQvtpTsQQ6XDi0794AaABAg,Es4DrKCXvgs,"00:36 
Title j naga jevu che 😂😂😂",negative
UgxJ7ETHOz2d4pfwwR14AaABAg,Es4DrKCXvgs,https://youtube.com/@boboyoutube0?si=c4tlORIAWjCdp2MS,not_gujlish
Ugzq64TCsQ-03AaufwV4AaABAg,Es4DrKCXvgs,😂,not_gujlish
UgxtDI1H-o-LIYnnMjp4AaABAg,Es4DrKCXvgs,Hun ek bihar chhu par aa video bahu gamiyo bhai 😂😂😂,positive
UgwW2I63cIb32FPs5fh4AaABAg,Es4DrKCXvgs,Please  sesasn 2,not_gujlish
Ugzo5_gY_llr-fX4BVp4AaABAg,Es4DrKCXvgs,Bhosdi ke ashi kon banata hai maderchod o,not_gujlish
Ugwan_CFdN8UInhfxh14AaABAg,Es4DrKCXvgs,Superb,not_gujlish
Ugyo9YVgJrCI5BWmJG94AaABAg,Es4DrKCXvgs,Kon kon instagram mathi aavyu jova 😂,neutral
UgwzZgPpJgDelJB0woN4AaABAg,Es4DrKCXvgs,🤣🤣🤣🤣,not_gujlish
Ugyh3QJ0n_TQnG7D6Vh4AaABAg,Es4DrKCXvgs,Bov maja avi bhai bija banivio valaa 😂😂😂😂,positive
UgyzOjLo89sJoJEYEHR4AaABAg,Es4DrKCXvgs,To Su Tamari Maa Chodava Banavyo Che,negative
Ugz_A20X1hLYSWh2esZ4AaABAg,Es4DrKCXvgs,😂,not_gujlish
Ugwd7rzEDbLWTKJx3at4AaABAg,Es4DrKCXvgs,Na ..ho hu nago nathi😂,neutral
UgxHFNdgMy9axQD4THB4AaABAg,Es4DrKCXvgs,Kon kon reels joine aayu chhe,neutral
Ugy5XVnDNQibgEIRl6d4AaABAg,Es4DrKCXvgs,Kon kon 2025 ma joi,neutral
UgxsL6CM_jJm_TvWFvd4AaABAg,Es4DrKCXvgs,BoBo,not_gujlish
UgzkSZitNfyigijqG9x4AaABAg,Es4DrKCXvgs,2025 ma kon jove che,neutral
UgzCiMKbhXIH7SD1-U54AaABAg,Es4DrKCXvgs,Bobo આખી movie લાવો ને યાર,not_gujlish
Ugzrz4kUQ_EsrIxcYJJ4AaABAg,Es4DrKCXvgs,"Gujrat ni sanskruti gai eni ma chodava
Gujrat lode labde se you tube vada o na 
Paisa kamava mate nana sokra sokrio ne lode lai javana pasi randva randi bhale thai jay . Gujrat lode labde",negative
Ugy3NetGxpyDxiCqD5h4AaABAg,Es4DrKCXvgs,What a intro 😂😂😂😂❤,not_gujlish
Ugy_n0PeJErBWpbN1Vt4AaABAg,Es4DrKCXvgs,Aavo khrab time aavi gyo che gujarati movie no 😂😂😂,negative
UgyL-nvBf5C-Pqzagwp4AaABAg,Es4DrKCXvgs,Raval dev aaya🎉🎉🎉,not_gujlish
Ugx4bJ2v15OMRa_27Mh4AaABAg,Es4DrKCXvgs,7:09  😂😂😂😂,not_gujlish
UgxOoYcfO9c40LD8azJ4AaABAg,Es4DrKCXvgs,🎉🎉🎉😂😂😂🎉🎉🎉,not_gujlish
Ugzru_icZG9_YwDjmjB4AaABAg,Es4DrKCXvgs,OmMangalTues,not_gujlish
UgyA3InhjeBkqQwxVaB4AaABAg,Es4DrKCXvgs,in Gujarati ~ BoFeMare ~ also means fack a lot ~  Disney (Dictionary’s )~ OmMangalTues,not_gujlish
UgwjwcMZDuGaeSZDBRF4AaABAg,Es4DrKCXvgs,"Foking hell, it's funny as hell 😂😂",not_gujlish
UgyZ61oaHZuogJq9jYR4AaABAg,Es4DrKCXvgs,Dutti sudhi chati le👅👄💦🤣🤣🤣🤦🏼‍♀️🙌🏼oh bhai bhai,not_gujlish
UgzYLkAOv0-gpy0RSOt4AaABAg,Es4DrKCXvgs,Gujarati movies nu પતન,not_gujlish
Ugw_fjNx9rPF5XDToeJ4AaABAg,Es4DrKCXvgs,Hisicidr😂😂😂😂😂😂😂😂,not_gujlish
UgxIhoPb65q9Uf8cWz54AaABAg,Es4DrKCXvgs,x hamster was personal😂,not_gujlish
Ugy2hw2uevo8w0vEmVh4AaABAg,Es4DrKCXvgs,Reel joi tyare khabar padi k aa web series che😅 Y T par,neutral
UgwEmu3Q1YPttnDPj2x4AaABAg,Es4DrKCXvgs,Kon kon aa web 2025 ma joi raya se 😅😅,neutral
UgxwrFl_NWqP73AFyMN4AaABAg,Es4DrKCXvgs,😂😂,not_gujlish
UgxaVF26zU7pIda3fFV4AaABAg,Es4DrKCXvgs,Bobo karvanau😂😂,not_gujlish
UgzpSXWiswpclx6Yefh4AaABAg,Es4DrKCXvgs,Aa prakar ni vahiyat web se series Gujarat nu kalank che,negative
UgzsRHoLvpSlI5Q41xV4AaABAg,Es4DrKCXvgs,Kon 2025 ma jove chhe 😂,neutral
UgxWe8vs-DVbWhh8xlR4AaABAg,Es4DrKCXvgs,Mu pan reel joi ne aaviyo,neutral
UgxcK0J_ungNZZj5wc14AaABAg,Es4DrKCXvgs,7:24,not_gujlish
Ugxdp_CnItGdJW8StaZ4AaABAg,Es4DrKCXvgs,12❤❤😂😂😂,not_gujlish
UgwDCuwuFJYHblvBK-h4AaABAg,Es4DrKCXvgs,Ek number bhai moje moj avi gai next season jaldi aava do 😅,positive
UgzbV4jbX5UO6yB7Hyd4AaABAg,Es4DrKCXvgs,Nagai chalu j rakho 😂😂😂,positive
UgzF5ZOrK0b-OVC9f4t4AaABAg,Es4DrKCXvgs,Ye meri life story hai😂😅,not_gujlish
UgzKaiaCcpVaEAakKVl4AaABAg,Es4DrKCXvgs,Next part kayare Aavse bobo ❤❤❤😅,positive
UgwlBsENi4LpR6oGpVx4AaABAg,Es4DrKCXvgs,Badha,neutral
UgyRDFvgvNDq0tHaIpx4AaABAg,Es4DrKCXvgs,Mara chinya dofa😅😅😅😅 maja aaye,not_gujlish
UgwxF5fo0N2KVp9necp4AaABAg,Es4DrKCXvgs,😂😂😂😂😅😅😅❤❤❤,not_gujlish
UgyfJJrbvQFq4EiFiWR4AaABAg,Es4DrKCXvgs,B.c atli badhi add,negative
Ugy_nho0QqsfzT9MZdV4AaABAg,Es4DrKCXvgs,Kon kon 2024 ma jove se 😅😂😂,neutral
UgytMFbCVU81oDzGqDF4AaABAg,Es4DrKCXvgs,7:12,not_gujlish
UgxUPedUiiY2WYFbfw54AaABAg,Es4DrKCXvgs,Excellent!!! Bo maja aavi 😂😂😂😂😂,positive
UgyssLQclT8ahsnWmGV4AaABAg,Es4DrKCXvgs,Jordaar movie🎥,positive
Ugx2-Gdmh5-oMTFkgYN4AaABAg,Es4DrKCXvgs,Ek number ⚡,positive
Ugx2MkGBE1F0VmclT8l4AaABAg,Es4DrKCXvgs,Udaipur city ko like krni wale comments kre 😅,not_gujlish
Ugx9S6P45cI2cCi8FNh4AaABAg,Es4DrKCXvgs,Gujrati culture ni majak Kari cheye Bhai,negative
UgzXVSR8PCbtsxREvVx4AaABAg,Es4DrKCXvgs,😂😂,not_gujlish
UgxZZV_pWQzETAIFNoF4AaABAg,Es4DrKCXvgs,7.50😂😂😂,not_gujlish
Ugyq1ytGdwzxgnLrMHd4AaABAg,Es4DrKCXvgs,Nyc.....,not_gujlish
UgyWEdjM0mgwwl32MvF4AaABAg,Es4DrKCXvgs,jordar loda 😂layo layo baki🤣🤣😂😂,positive
UgxnMgIXrXzc3P5dGAd4AaABAg,Es4DrKCXvgs,Im come to learn gurjrati language,not_gujlish
UgyGvAPBvFq859gJzkl4AaABAg,Es4DrKCXvgs,""" Hay kutra choti gya "" 😂😂🤣🤣",neutral
UgxZaRjmMDPBs0sRy8Z4AaABAg,Es4DrKCXvgs,Mari jode avo haji ganu badhu baki che sikhvanu lya tarar😅,neutral
Ugz_rFNYoDkPB0keCux4AaABAg,Es4DrKCXvgs,😂😂😂,not_gujlish
UgyDtsd1IAzLUete7yd4AaABAg,Es4DrKCXvgs,bhai aa starting na intro nu akhu song muko ne mast che,positive
UgwNTbg7FovPwPvQ6mJ4AaABAg,Es4DrKCXvgs,Vah vaishakh bhai shu acting che yaar shu combination che Medal jevi tagadi film pan lakhi ne aa series pan actor to kamal j cho yaar,positive
Ugz2n4oKO3GHqed60V54AaABAg,Es4DrKCXvgs,Chodu o Gujarati ek maryada wadi language 6e aene sari rite present kro and Gujarati culture ek maryada wadu 6e,negative
UgzKVjh9eCfazVnPqoR4AaABAg,Es4DrKCXvgs,Season 2 laavo,neutral
Ugy48VaQuym9k3kdByd4AaABAg,Es4DrKCXvgs,Amezing,not_gujlish
UgwRa8UV075ohZsmtz94AaABAg,Es4DrKCXvgs,Jordar,positive
Ugz5-l63VlUah4wA5P14AaABAg,Es4DrKCXvgs,😂 Bhai badha reels joi ne j aya che...... Pela jatoooo vari,neutral
UgzIRzDwps58J4CFKvF4AaABAg,Es4DrKCXvgs,Movie name please? 😅,not_gujlish
UgyQ8SS7H__WurpIRUV4AaABAg,Es4DrKCXvgs,i think vulgarity increase in some channel or some episodes         public will never argue this   ??????????????,not_gujlish
UgznJIAtHlbp1RzYnIl4AaABAg,Es4DrKCXvgs,Gajab🎉,positive
UgwW_3trBQOXthf77rt4AaABAg,Es4DrKCXvgs,Navu laaya,positive
UgygQKCq5JmPRUYC7UN4AaABAg,Es4DrKCXvgs,Kaik saru sikhvo aavnari pedhi ne..,negative
UgzrPway6kL6CvPM_Cl4AaABAg,Es4DrKCXvgs,Jordar......mind blowing,positive
UgxtoR02XIS86Vcy-PB4AaABAg,Es4DrKCXvgs,Aek no. Bakwas 🤮🤮🤮🤮🤧🤧🤧🤧,negative
UgzI29JoXVjiWhZmr2N4AaABAg,Es4DrKCXvgs,"Hamter 

😂😂😂😂😂😂😂😂😂😂😂😂",not_gujlish
Ugz3CChD4wOgpuLaAdR4AaABAg,Es4DrKCXvgs,Tabaahi 🔥🔥🔥,positive
UgxZGX8JD0dSsWZUOSF4AaABAg,Es4DrKCXvgs,Sundar bhai yaha agay,not_gujlish
Ugyl2w1jGTJImqKRos54AaABAg,Es4DrKCXvgs,Aaj baki hatu... Gujarati bhasha ni pan maa Ben Kari nakhi bc tame to... Gujarati culture ni maa cho...I nakhi???,negative
UgzbYJK-0Cy7_GH2EZ14AaABAg,Es4DrKCXvgs,Chu...a jewu chhe intro????,negative
Ugz_y63-FBcMknKjF6h4AaABAg,Es4DrKCXvgs,Thuke che😂,neutral
UgysZ6yRU4rByXcWyVR4AaABAg,Es4DrKCXvgs,The actors and directors shall Show this video to there parents and kids,not_gujlish
UgwZnU0s8myy90kM3Qh4AaABAg,Es4DrKCXvgs,Vah yaar maja padi gai ho😂😂😂,positive
Ugw63gsUNIbd80XAI7B4AaABAg,Es4DrKCXvgs,1:41 😂😂,not_gujlish
Ugy9A451K97QIXRzfzF4AaABAg,Es4DrKCXvgs,😅😅😅😅😅😅😅😮😢,not_gujlish
UgyRl6aOnxGlPC7hWPl4AaABAg,Es4DrKCXvgs,Mast🙈super 😂man med koy fimel nadhii ney,neutral
UgxGwIeWDS79oVBs1_B4AaABAg,Es4DrKCXvgs,"What about Sanskari.....😅😅but 
I am so SANSKARI  NAGESH",not_gujlish
Ugx7Ov8yH1ysOVd8dc14AaABAg,Es4DrKCXvgs,"Aava bhosdinav ne to gujarati film maj na levay,gujarati film ne gujarati jevi reva dyo halkinao",negative
UgxZGX48PGiifanjtXF4AaABAg,Es4DrKCXvgs,Apde pan acting kriy che bhai koi web series ma Kam hoy to kehjo,neutral
UgwpFVuisHQ7ldwODpB4AaABAg,Es4DrKCXvgs,Joddar ❤❤❤🎉😂,positive
UgyiVlbwG-uqhIIIAsN4AaABAg,Es4DrKCXvgs,Hu😂,neutral
UgyH7tqjYKUurejHaJp4AaABAg,Es4DrKCXvgs,Ahiya pan Aaj chalu che.,neutral
UgyjZRl1yyDpKNS0qgJ4AaABAg,Es4DrKCXvgs,Gajjab keep it up zordarrrrr,positive
Ugw7fTdxTxTPb5ezKWp4AaABAg,Es4DrKCXvgs,Gujratiyo ni sanskruti vay gai have,negative
UgxVU7Z9YcY0avkdHLV4AaABAg,Es4DrKCXvgs,Aa movei nu name su se,neutral
Ugwp7aGMZp3pw36d6g94AaABAg,Es4DrKCXvgs,Jordar bhai 😂😂😂😂😂🎉🎉🎉🎉😢😮😅😊😊😅😮😢🎉😂❤❤😂😂🎉😢😅😊😊😅😢🎉❤❤❤❤😂😂😢😮😅😊😊,positive
UgxS1Bp3s2Cdliq38KF4AaABAg,Es4DrKCXvgs,"Bakwas , these series are rubbish compared to the old gujarati movies back in the days .",not_gujlish
Ugy58WM6jduz7nxhgV94AaABAg,Es4DrKCXvgs,Jo koine maro kharekhar levo hoy to aavi jao mehsana 😅😊,neutral
UgyIS9QPyqObjDqJrV14AaABAg,Es4DrKCXvgs,Hu aayo reel joi ne aaviyo chhu,neutral
Ugy2C0N_C0__fAkeH_94AaABAg,Es4DrKCXvgs,Bhakkam 😂,neutral
UgzcC_r-9eY2JiC0zhx4AaABAg,Es4DrKCXvgs,Bija episode kyare aavse,neutral
UgxHdQ-mOUSjNUx3ORh4AaABAg,Es4DrKCXvgs,Super 😂😂😂,not_gujlish
Ugwo4dLSikWuf4RSP7B4AaABAg,Es4DrKCXvgs,Jabaru laayaa 😂,positive
UgzA8uZ813pY_TUVrsR4AaABAg,Es4DrKCXvgs,Oooobhai Su seris che😂😂😂😂😂😂😂😂😂😂😂😂😂😂😂😂😂😂😂😂😂😂😂😂😂😂😂😂😂,positive
UgwAz12tT4ffeCl6FiF4AaABAg,Es4DrKCXvgs,Best gujarati series ❤😂,not_gujlish
UgxVZEu64vSlrxLnbX14AaABAg,Es4DrKCXvgs,Hu pan,neutral
UgyiXfpc9a3SI8K7_MV4AaABAg,Es4DrKCXvgs,Be honest!! Kon Jaat vadi video joine avyu?😂,neutral
Ugw2h_5lPqO_z3TAcoR4AaABAg,Es4DrKCXvgs,Hu reels joi ne aayvo chhu,neutral
UgxgguRrKpEFd_4s-U14AaABAg,Es4DrKCXvgs,Joradar 😅😅😅,positive
Ugw62Xl7gUgWPzeOL0p4AaABAg,Es4DrKCXvgs,Laptop saru karo na sir😂😂😂,neutral
UgzSC0S5zk4Smckb0l94AaABAg,Es4DrKCXvgs,Epishod 2 kiyare aavse,neutral
UgyyDkYXTpT8z4DsF8N4AaABAg,Es4DrKCXvgs,Aapde to friend pase link Lai Ne aavya che,neutral
Ugwqczdn1YzVSrzTQSl4AaABAg,Es4DrKCXvgs,Jaldi nava episode Lavo. Jordarr che sache,positive
Ugz8cLxVGiE4cfijBmp4AaABAg,Es4DrKCXvgs,Jene je kevu hoy a kye baki aapne to full moj aayvi ho 1no🤣🤣🤣🤣🤣🤣🤣🤣sanskari loko ni maaa no bhosdo🤞🔥🔥baki tme aavu chaluj rakho banavanu ame naga loko jova bethaj 6i ye hoo😅😅😅keep it up🙌🙌🙌,positive
UgyTyLlvWdrvJTqfn_54AaABAg,Es4DrKCXvgs,Kon kon rail joi ne jova aviyo,neutral
Ugze_SSiTUp9jJip2G94AaABAg,Es4DrKCXvgs,I'm,not_gujlish
UgzeRMd4qbXwhkVwfCV4AaABAg,Es4DrKCXvgs,Rails joi ne aa episode jova aavyo😅😅😅😅,neutral
UgwU26Y9fuNAB5iNlah4AaABAg,Es4DrKCXvgs,😂,not_gujlish
UgwKjn4tQPFhTqVSYVl4AaABAg,Es4DrKCXvgs,Hu,neutral
UgznhAgZ_htxVvjaiNF4AaABAg,Es4DrKCXvgs,Xhamshter 😂😂,not_gujlish
UgxFiYNxvaCRl6g2k_Z4AaABAg,Es4DrKCXvgs,Is this supposed to be funny?,not_gujlish
Ugwfyo3m_y8rHjCrTNB4AaABAg,Es4DrKCXvgs,mara friends 100 group ma dhamal machi 6 boss nice 😜,neutral
UgyPT0-wFva5NkrHdYx4AaABAg,Es4DrKCXvgs,Nex Web series kyare aavse,neutral
UgzopYw0JcnFvwhTAKV4AaABAg,Es4DrKCXvgs,Movie name 😂😂,not_gujlish
Ugx74GpEJbpPFRFeKFd4AaABAg,Es4DrKCXvgs,Natako dandh karo nalayakko,negative
UgwzJz5tRKMevyfLoHZ4AaABAg,Es4DrKCXvgs,Ane te pan gujarati ma,neutral
Ugy5X9lAUU2vHAvO1I14AaABAg,Es4DrKCXvgs,Madar Chod bhartiy shaskruti neve muki  aani par case thse,negative
UgxalnKcKDPVIK7WHfN4AaABAg,Es4DrKCXvgs,😮hmm,not_gujlish
UgzmDaaSUcebkRfMsjR4AaABAg,Es4DrKCXvgs,Kon kon 18+ nathi to bhi video jove che 😅,neutral
UgzgA4ED0jYFOlyANqR4AaABAg,Es4DrKCXvgs,We want this comady 😂😂😂😂😂😂😂😂😂,positive
UgwLWKTEfZR-gtoqbvN4AaABAg,Es4DrKCXvgs,Bhenchodo su intro apyo  chhe 😂😂,positive
UgyXHB16lzyrP3WXA7d4AaABAg,Es4DrKCXvgs,Bhai biji seesion kyare avse ? 😂😂😂,neutral
UgzoV8Sk01i8KIyHOy14AaABAg,Es4DrKCXvgs,I like it 😅😅😅😅😅😅😅,not_gujlish
Ugwy9AjVRGz8gBeFb0p4AaABAg,Es4DrKCXvgs,Aava nava video banavo plz so funny 🤣🤣,positive
UgxeOK64WZlY3HNgZpx4AaABAg,Es4DrKCXvgs,Majbut 😇🤞,positive
Ugyojb_4OwvEFgNVB4Z4AaABAg,Es4DrKCXvgs,1 number che bosss😂😂😂😂,positive
UgybhfTnc4HRE-u_yxN4AaABAg,Es4DrKCXvgs,Reels Join Kon Aayuu .....??,neutral
UgwoRQWGNS8NhzVibYt4AaABAg,Es4DrKCXvgs,18 year under vada ni jova no video aj loko vadhre jova vada😅,neutral
UgxKPR7l0-IwU56l-kN4AaABAg,Es4DrKCXvgs,😂🔥🔥🔥,not_gujlish
UgzGI395Awyqo2QG2EN4AaABAg,Es4DrKCXvgs,🤣🤣,not_gujlish
UgxsD3wEMjPt2VCmTaN4AaABAg,Es4DrKCXvgs,Kon kon instgram  comment  joyi ne aya😅,not_gujlish
UgzixtpnD6cidGKBM_54AaABAg,Es4DrKCXvgs,Kache kachi aava didhi 😂😂,neutral
UgwlytTwvVciuCoe1OZ4AaABAg,Es4DrKCXvgs,Kon kon mari jem reels joine avyu...?,neutral
Ugy8cbK2OfBluAnsz8Z4AaABAg,Es4DrKCXvgs,Wah maja avi gai....Navi series Lavo lya,positive
UgxEhX9QIo79FM8o0pp4AaABAg,Es4DrKCXvgs,😅😅,not_gujlish
UgzlnZ0ErgHCH70avUl4AaABAg,Es4DrKCXvgs,Kya malse a sirej,positive
UgyCR4_Fcs0jg6ynC4x4AaABAg,Es4DrKCXvgs,Ha ha naga j chiye 😂😂😂,neutral
UgyrnQjSOMdhuRazTcV4AaABAg,Es4DrKCXvgs,અનુ તો bau nanu hase,not_gujlish
UgzzgoMfNdJYcLC0YVN4AaABAg,Es4DrKCXvgs,Xhamster 🤣🤣🤣,not_gujlish
Ugwntopm9oM9LRglObt4AaABAg,Es4DrKCXvgs,best new upcoming web series 😂,not_gujlish
UgyXYyXFfYgpvNsWSwt4AaABAg,Es4DrKCXvgs,Jordar laya laya corporate  office ni them laya ho with comedy with gado 😅😅😅😅😅,positive
UgyNioRpmaVNjJC9NZ54AaABAg,Es4DrKCXvgs,Kon mari jem reel joine avyu 😂,neutral
UgyNNvynxjNsTVXqaIp4AaABAg,Es4DrKCXvgs,Nice 👍👍👍👍👍👍👍👍,not_gujlish
UgyAOv4PokWPfYadlFJ4AaABAg,Es4DrKCXvgs,Naam bobo rakhyu se te pela kon karse bobo maaro bolo😂😂😂😂,neutral
UgzMSuRiBQKflSXR2sR4AaABAg,Es4DrKCXvgs,Report karyo,negative
UgyGHZ8-wUTx1ew1jax4AaABAg,Es4DrKCXvgs,I mean literally anything can be sold now a days. RIP to acting and comedy,not_gujlish
Ugw9eSA7vYbDrK0kWeZ4AaABAg,Es4DrKCXvgs,Bhai bhai bhai bhai... 😂😂😂😂 boss se gota najiik lain ashirwad jordar apya.... 😂🤣😂🤣😂,positive
Ugx9VEfn5ORKue0dG3d4AaABAg,Es4DrKCXvgs,Bus aavuj j bakavas malyu....😢😢😢 Third class..😢😢,negative
UgxmghfjTeo-Hu6c5DF4AaABAg,Es4DrKCXvgs,Ketlak Ava gam ma cho Ava sara kalakar he bhai.ghare ryi ne kakav,negative
UgwOhbp4Ebn5nnhBxah4AaABAg,Es4DrKCXvgs,bija video laavo bhai bija eppisodes banavo,neutral
Ugw6W6Ipex7Z4s4hcp54AaABAg,Es4DrKCXvgs,Na maja avi bhai bakwaas ne ne અભદ્ર,negative
UgxUM-HxG39Dt55HHxN4AaABAg,Es4DrKCXvgs,To ganto karva aavi web series banavi lodavo...😂,negative
Ugx1a9ygUcPVXCtvAR54AaABAg,Es4DrKCXvgs,"jyare koi content na hoy etle series ma gaaro ane sexual content add kari dyo etle public jovanu chalu rakhse , bollywood na rawade chhe Gujarati cinema",negative
UgxHc7y5JZpDTD5XRYV4AaABAg,Es4DrKCXvgs,Based on real incident,neutral
UgxldLI7jWIiIPwxoxR4AaABAg,Es4DrKCXvgs,Bandh Kari bhi didho anr abusing no report pan kari didho,negative
UgwKLG6OSVS82JIr0bp4AaABAg,Es4DrKCXvgs,"Kurta choti gya walo dailog, Karsandaas ma ""pela kaka keva liti jeva lage"" same timing che aa bhai ni 😂😂",positive
UgzyAJUdfyzzcXJiaot4AaABAg,Es4DrKCXvgs,"Jordar bhai, mast acting hemang ne badha ni",positive
UgzzD7osWIKPmYax-e94AaABAg,Es4DrKCXvgs,Aabru ni ma choday jay avi movie no banavay aa jova kon jase chuth mari nav😂😂😂😂,negative
Ugzpt4NmaxPc23Ha1-V4AaABAg,Es4DrKCXvgs,👌👌👌👌🤣🤣🤣🙈🙈🙈,not_gujlish
UgzAHLgfKViOMs-XGv54AaABAg,Es4DrKCXvgs,😂😂😂😂😂😅😅😅,not_gujlish
UgwQ6s3akNKG5YqQo2V4AaABAg,Es4DrKCXvgs,Ek number bhai,positive
Ugz6iSPeU6jKrSaG8vN4AaABAg,Es4DrKCXvgs,Aavi badhi Web Siries band karvi joiye Sarkar ne Web Siries bandh karvi joiye,negative
Ugwh6Bkeehf1XMXz_oZ4AaABAg,Es4DrKCXvgs,Vat to sachi j che job to chatu loko ni j taki rahe che ..bc apde job less..,neutral
UgyaZQdOBzAIvX8npvZ4AaABAg,Es4DrKCXvgs,Bogash,negative
UgxufMYMEWG-qwJww3d4AaABAg,Es4DrKCXvgs,Third classs,not_gujlish
Ugzuiuqqy26p5CTMpw14AaABAg,Es4DrKCXvgs,laya baki,positive
UgwAJMUk6EVLWMY8oeF4AaABAg,Es4DrKCXvgs,❤❤❤,not_gujlish
UgyBHy5vX0RLhdxjdlp4AaABAg,wlKN23VDVJ0,Thriller series છે😮,positive
UgwzeTdl3i8nrTOZggV4AaABAg,wlKN23VDVJ0,😮😮😮😮,not_gujlish
UgwHuM7I4Pr_YioOIwh4AaABAg,wlKN23VDVJ0,❤❤❤❤❤,not_gujlish
UgyKQxfn5QGf9llA9hJ4AaABAg,wlKN23VDVJ0,❤❤❤,not_gujlish
UgweQnNuNC-RxJlm5r94AaABAg,wlKN23VDVJ0,Ha moj ❤❤,positive
UgznseRidD-Ttnnw6h94AaABAg,u9spCk1kRaQ,Relatable ❤,not_gujlish
UgxBZNJOSKdxyhH8yXJ4AaABAg,u9spCk1kRaQ,Bakwas che,negative
Ugw6RxlOX_2W4DBZLDZ4AaABAg,u9spCk1kRaQ,Beta hathodo 6. Over,negative
UgwI5si7b_lL9ibs7nh4AaABAg,u9spCk1kRaQ,"What nonsense is ""beta""",not_gujlish
UgzAbM6wEMUAasHcbwN4AaABAg,u9spCk1kRaQ,this 'beta beta' is bit irritating,not_gujlish
UgzcdjwuckugfU3Qgsp4AaABAg,u9spCk1kRaQ,Dubbing rj dhwanit e karyu che.??,neutral
UgxLQ0-h1_KxDuTZTTB4AaABAg,u9spCk1kRaQ,https://youtu.be/x0I-FN0p_TA?si=WDQvkE_AD9_K3ekX😊,not_gujlish
Ugzk2ylZNnFHB2f-BrZ4AaABAg,u9spCk1kRaQ,😅,not_gujlish
UgwhIpfHljIV73h2uC94AaABAg,jSa_UIxlikk,"Bhai have to OHO Gujarati app j bandh thai gayi, ZEE5 ma enu content hatu , have to tya thi pan badhu j nikli gayu…such a shame",negative
UgxaxgBUxWtnMW6az614AaABAg,jSa_UIxlikk,Series kevi che ? Sari ke kharab ?,neutral
UgzjH5dNbCQofEBGAg54AaABAg,pX9LXET_ejM,Episode 2,not_gujlish
Ugw4KeHYVHRdJumLrnh4AaABAg,pX9LXET_ejM,Such a rich family travelled in .mini car???,not_gujlish
UgzWVsLQpXrnG9yokwt4AaABAg,pX9LXET_ejM,❤❤❤❤❤❤,not_gujlish
UgzHDd1xiXxkOYcmklp4AaABAg,pX9LXET_ejM,Waiting for 2nd episode,not_gujlish
UgxbagvJXKgVeA_5fU54AaABAg,pX9LXET_ejM,Unnecessary feminism 🤮,not_gujlish
UgxaA-f7szYV-O2mlmh4AaABAg,pX9LXET_ejM,Next episode.. please,not_gujlish
UgwM8F4qSdCgVrF8nXR4AaABAg,pX9LXET_ejM,"Please Make a Video on
Modi-Shah's Involvement in
Godhra Kand,
Haren Pandya Case,
Judge Loya Case,
2014 Election Promises,
Note Bandi,
Covid-19 Deaths,
Farmers Protest Deaths,
Kumbh Mela Deaths,
Electoral Bond Fraud,
GST Fraud,
Vyapam Fraud,
Godi Media,
Supreme Court Comprised,
PM Care Fund Fraud,
PM Awas Scheme Fraud,
PM Internship Scheme Fraud,
100 Smart City Fraud,
Sonam Vanchuk Arrest,
Vote Chori,
How Modi-Shah using Religion to Destroy India' Social Fabric,
URI,
Pulwama,
Pahelgam,
Delhi Blast...",not_gujlish
UgwnI4S04bqJOvQr3Sl4AaABAg,pX9LXET_ejM,Hashmukh Patel lage se 😂😂,neutral
UgyDrW6ZihiYuwK1CMd4AaABAg,pX9LXET_ejM,we cant see any Guajarati movies or web series on any sites...,not_gujlish
UgyfWWgDAvO1yc8eT5p4AaABAg,pX9LXET_ejM,Bahuj masttt  waitiinggg 2 nd part,not_gujlish
UgymMgVbbCWtjHng81t4AaABAg,pX9LXET_ejM,Pls share 2nd episode….,not_gujlish
UgySK2iS4qa_8z9IAMt4AaABAg,pX9LXET_ejM,O,not_gujlish
Ugx_2DM_yfgaGrknRqF4AaABAg,pX9LXET_ejM,Waiting for 2nd  one.,not_gujlish
UgwqbIv8lTBFfKB7rbZ4AaABAg,pX9LXET_ejM,Where to watch all episodes?,not_gujlish
UgzCDeAdXNk1o_qUC1p4AaABAg,pX9LXET_ejM,Plzz...second..epi..pl.maja avi,not_gujlish
UgxFHBSBv5YTd9hsOv54AaABAg,pX9LXET_ejM,bauj saras picturization,positive
UgyBarusAV8MGvK6rAB4AaABAg,pX9LXET_ejM,Next episode pl..,not_gujlish
UgwiWJ-8yYmOGfNqZdx4AaABAg,pX9LXET_ejM,Next video,not_gujlish
UgzSGC1yGL1I-lRnjih4AaABAg,pX9LXET_ejM,Next,not_gujlish
UgxEEVpqpGRjX8S7Pn54AaABAg,pX9LXET_ejM,Wonderfullllllll👌👌👌💙🧡💚💛♥️,not_gujlish
UgwfUdzTsNTXsLBFp1Z4AaABAg,pX9LXET_ejM,Very nice.,not_gujlish
UgzbVrHg-uq_Az6qDiB4AaABAg,pX9LXET_ejM,Plz next episode muko ne .. very interesting story,not_gujlish
UgydAW6exKb6VbP9QP14AaABAg,pX9LXET_ejM,Just beautiful no more words 👌,not_gujlish
Ugy9QOqrTh4v0yeFyeF4AaABAg,pX9LXET_ejM,Wonderful starting chhe 2 Episode please ....,not_gujlish
Ugy6Vvs2O10y3MzNb5Z4AaABAg,pX9LXET_ejM,When come  panni pori episode _2 ?,not_gujlish
Ugy9R__N2jTY0XgzNNV4AaABAg,pX9LXET_ejM,oh god. next episode plsss?????,not_gujlish
Ugzh8oo5Kuo7PscvcxB4AaABAg,pX9LXET_ejM,"Pl all episode forward,pl,pl,pl Nice episode 👌👌",not_gujlish
UgxmBCFyzDbNrxrqSGJ4AaABAg,pX9LXET_ejM,Nice 😘,not_gujlish
UgxhalAGm5I2U9LkkQ54AaABAg,pX9LXET_ejM,Pinki Parikh my favorite 🙏👍🏼👍🏼🌹,not_gujlish
UgyWWw_F8fGxr114OHZ4AaABAg,pX9LXET_ejM,Next  episode  kyare?,not_gujlish
UgxovwclAUpD1SxJuZJ4AaABAg,pX9LXET_ejM,Pls next episode...,not_gujlish
Ugz4jjjY7vsVQgAhII94AaABAg,pX9LXET_ejM,"Vaaaahh vaaaahh khrekhar jordaaaar 
Next episode please 👌👌👌👌👌",positive
UgxsocW99VabpA5FVat4AaABAg,pX9LXET_ejM,Very nice,not_gujlish
UgzXNnv0vNUHo_TsEpJ4AaABAg,pX9LXET_ejM,Next part kyare che,not_gujlish
UgzSkT0AB7lT9jNfjj94AaABAg,pX9LXET_ejM,Indian best snack dish.,not_gujlish
UgzieLi-kCis50QaPZN4AaABAg,pX9LXET_ejM,😀,not_gujlish
Ugy_3jV8bg1-_4EpbWB4AaABAg,pX9LXET_ejM,Bhaumik is very handsome,not_gujlish
Ugy3nJmCfGxyCkGqKmZ4AaABAg,pX9LXET_ejM,Nice one comedy,not_gujlish
UgyeDkbQ3Z9hd93V0vt4AaABAg,pX9LXET_ejM,Jordar 👍👌,positive
UgzNpa5LhMtr4KB4hLd4AaABAg,pX9LXET_ejM,Very nice 👌,not_gujlish
Ugx0Q9u6lrLFu20d4FN4AaABAg,pX9LXET_ejM,Mast please next episode….,not_gujlish
UgzzCJyL2NFfN5rkvjp4AaABAg,pX9LXET_ejM,second episode kyara aavasa,not_gujlish
UgxmV6d5dZ6E3NUKLt14AaABAg,pX9LXET_ejM,good,not_gujlish
UgxsOSvcKlXO2txt0u94AaABAg,pX9LXET_ejM,Common chhe kai navi vaat nathi.. Waste of time... 1990 ni story chhe... 2022 jevu kai nathi as episode story..,negative
UgzzAwji8paM1jrjva54AaABAg,pX9LXET_ejM,Second part kyare aavsheb,neutral
UgwvdtfCxrdbBTkrSJN4AaABAg,pX9LXET_ejM,"really good, thank you",not_gujlish
UgxNfnj05Vha4Aziw-Z4AaABAg,pX9LXET_ejM,Nice👍,not_gujlish
UgxesBOVgCzt2uWv3rF4AaABAg,pX9LXET_ejM,Best,not_gujlish
UgwVYS6wWaaLHkg2aHN4AaABAg,pX9LXET_ejM,Badha episode mukidone….  vahla,positive
UgxBh0Ee0ljsY-tXo6l4AaABAg,pX9LXET_ejM,Episode 2 kyare mukso ???,neutral
UgxH1IMCL5roneXRvN54AaABAg,pX9LXET_ejM,Jordar,positive
UgzUm9UVoQGvKMQrCTd4AaABAg,pX9LXET_ejM,5th,not_gujlish
UgxUpyhtLi3mbPYTI6l4AaABAg,pX9LXET_ejM,Nice video Bhai,not_gujlish
UgxRzxVI1nwJsqx9wdN4AaABAg,pX9LXET_ejM,Gjb Bhai,not_gujlish
UgwhqWaEbTIiYLShrqJ4AaABAg,pX9LXET_ejM,First 😍😍🤗🙂😂😂,not_gujlish
UgxZ7_JMHrWtwzSyhUp4AaABAg,JDOD8JqO-48,Bahuj supar che 5 out of 5 ❤️❤️❤️❤️❤️,positive
Ugz1Nuj0OYJHgBNP6vB4AaABAg,JDOD8JqO-48,Jordar.... series ma gujarati cinema e dhoom machavi.... theatre ma release krva jevu htu ❤️❤️❤️,positive
UgwyTdnq_Gt0LOo4yBJ4AaABAg,JDOD8JqO-48,Superb riveu sir,not_gujlish
UgzF8a_YdTFIWhejvSF4AaABAg,JDOD8JqO-48,Thank you so much ❤,not_gujlish
UgwJhRZYGyY_F9DoH1R4AaABAg,n527w8qD4WE,Gujarat Web series ma top per che KAJODU 🎉,not_gujlish
UgxFk47ao4CRUcPFCM14AaABAg,n527w8qD4WE,koi Hindi vada copy kari ne banavse remake evu lage,not_gujlish
Ugxb_aTFdL5cFpAcePF4AaABAg,n527w8qD4WE,superb web series feels like drishyam ...even better... number 1,not_gujlish
UgwazXYjCFBSRJuo-oZ4AaABAg,n527w8qD4WE,Music 1 number છે ❤,not_gujlish
UgwYCoCbEn63abGHA-R4AaABAg,n527w8qD4WE,Best Rieveu,not_gujlish
Ugxwj5HZZ_w6jw3K4394AaABAg,n527w8qD4WE,Story concluded or will have to wait for 2nd season  ?,not_gujlish
UgwSqRZTBBDLCKQ5w114AaABAg,m-IGAu_wUkI,"For More Such Videos Subscribe to our channels - 

https://www.youtube.com/@shemaroogujarati
https://www.youtube.com/@shemaroogujaratimusic1004
https://www.youtube.com/@gujaraticomedy5787
https://www.youtube.com/@shemaroogujaratimanoranjan2663

Follow us on
 
Facebook - https://www.facebook.com/shemaroogujarati/
Twitter - https://twitter.com/ShemarooGuj
Instagram - https://www.instagram.com/shemarooguj/?hl=en
WhatsApp - https://whatsapp.com/channel/0029VaAqVQi7Noa6f9VZzs1R",not_gujlish
UgxrG5qvtPh5aGzaOzB4AaABAg,m-IGAu_wUkI,Saras movie se joya jevu comment vachi mari jem movie jove a joy sake se😅❤,positive
UgwV9rxlR74rxIrriVF4AaABAg,m-IGAu_wUkI,Every actors are amezing❤ I just love the main lead actors acting really good✨,not_gujlish
UgzaCGaSsuid6GT2np94AaABAg,m-IGAu_wUkI,Very nice film ❤,not_gujlish
Ugx58Ac3WQCxE37poIB4AaABAg,m-IGAu_wUkI,"Bahuj saras film che, gujarati papa aavaj hoy Che, papa potana kids ne kadi harava nathi deta, hamesha majabut divar ni jam sathe rahe Che. Tamne khub khub thak you tame duniya ne sachi vato aapana gujarati family ne batavo cho baki ""Hindi serial""wala gujarati family ne bahuj kharab chitra che, I proud of you sir aacal gujarati calchar batava mate",positive
UgyB57H4F1gWOjs622t4AaABAg,aTz8iAomPJU,ek dum bakvas cha koi ni jota,negative
Ugx0GydQNmR9NgNA6sp4AaABAg,aTz8iAomPJU,Review aapvu easy che pn e loko ketli sari rite apda ne aware kre che e jovobhai kharab review aapta pehla....,positive
Ugxwb6W-NCvslR4mBml4AaABAg,aTz8iAomPJU,bakvaas ki had se upar,negative
Ugw1GBBoiEHJZJLDi3Z4AaABAg,aTz8iAomPJU,gajjab hathodo movie,negative
UgwsGUemZJh3jTZiEzN4AaABAg,aTz8iAomPJU,me.pelaj kidhu tu ke award malavo ek alag vat che. award male.etle badha ne game evi film hashe evu nw mani levay.. ane film ma wov factor nathi.,negative
UgyKI5AFYQ15bemXDAV4AaABAg,8hopyTlcnis,Oh my dog bolly wood hindi  movie no review karo😊,neutral
UgxaC-aB6IlVAgIh89h4AaABAg,8hopyTlcnis,Oh my dog bolly wood hindi  movie no review karo,neutral
UgwrXbHj4WbSthUc8k14AaABAg,8hopyTlcnis,Saras film 😊,positive
UgxwJM4jcHqYsZKZat54AaABAg,8hopyTlcnis,Agree with you 😊,not_gujlish
Ugy8vYOpdEuAfymxRNB4AaABAg,8hopyTlcnis,Saras,positive
Ugyn1acNfyLdb0oXgk14AaABAg,ZHCutupwuWk,CHELLO DIVAS,neutral
UgwyA9tw-Jl41l6jSt14AaABAg,ZHCutupwuWk,Behad no aavi,neutral
UgwCY-ClZGeQ2ffw9f14AaABAg,ZHCutupwuWk,Vikram Thakor gujarati indsrti jalvi rakhi che an aenu nam nathi wah,neutral
UgwaieAQNsXIePJ1d5t4AaABAg,ZHCutupwuWk,Vash nahi lallo,neutral
UgyXkT7DL4vKyqNdlgV4AaABAg,ZHCutupwuWk,"Where is laalo, chello divas, taaru man maaru thayu, dhabu no dha?",positive
UgznrObEIOtlF54NeYd4AaABAg,ZHCutupwuWk,Lallo is no 1,not_gujlish
Ugz0Hw2rgoNRR9HDT6t4AaABAg,ZHCutupwuWk,Where is chhello divas😮,not_gujlish
Ugz8EHfLo93z_A-2wkZ4AaABAg,u0w18NjmPWQ,Gujrati  nathi bolti to su khabar padi hoy tanay movie ma,negative
UgzJmc7gLIIsNICgTyl4AaABAg,u0w18NjmPWQ,"𝐇𝐮𝐫𝐫𝐲 𝐔𝐩, 𝐁𝐨𝐨𝐤 𝐘𝐨𝐮𝐫 𝐓𝐢𝐜𝐤𝐞𝐭𝐬 𝐍𝐨𝐰.

𝐁𝐨𝐨𝐤𝐌𝐲𝐒𝐡𝐨𝐰:- https://bookmy.show/Shubhchintak",not_gujlish
UgxFxlNSjauW3aiKc1R4AaABAg,u0w18NjmPWQ,Gujarati ma bol ne,negative
UgypcD7OsaRq4aZbqjt4AaABAg,X23iedoR2_k,Nice 🎉❤,not_gujlish
Ugz8XAYb0WTx-cyQccJ4AaABAg,X23iedoR2_k,"Hu em kau, Gujarati che JAvu joie e,",positive
UgzYms0qkbEoOHe52Lt4AaABAg,X23iedoR2_k,❤❤❤,not_gujlish
UgwWkL-IRGR1RpBMR9V4AaABAg,X23iedoR2_k,💀👳🎬 (dark gujarati movie),not_gujlish
UgxMBRCERm5ylu1wLNN4AaABAg,X23iedoR2_k,❤,not_gujlish
UgxlBoUKoob536PXTJ94AaABAg,X23iedoR2_k,❤❤,not_gujlish
UgwWb6zjWMsyNroosJJ4AaABAg,X23iedoR2_k,Super,not_gujlish
Ugx5qrvIzhegv4OAw1l4AaABAg,F6SwTen2weo,Mujhe jyada gujrati samajh me to nahi aata lekin kahi kahi Hindi me bhi tha to thoda thoda samajh me aayi mene poori moovie dekhi first time gujrati moovie likes this movie 🎉🎉🎉,not_gujlish
Ugx33zoVwh-zj8hORQ14AaABAg,F6SwTen2weo,NICE,not_gujlish
Ugwgvgc8s-sxWGnePtB4AaABAg,F6SwTen2weo,Jor daar muvie che 👏👏👏,positive
UgzQ5eyJO6CM8yzvW4F4AaABAg,F6SwTen2weo,Wah really ma bhu j mast movie banavyu❤,positive
UgyFUpyPTdpCEeMD5u94AaABAg,F6SwTen2weo,Nice movie location & super movie,not_gujlish
UgzDYLoY0mcathzqX5d4AaABAg,F6SwTen2weo,❤❤❤❤❤,not_gujlish
Ugw1ICDIs9-LPaDnDsF4AaABAg,F6SwTen2weo,Wow nice movie my favourite movie 🎥😊😊😊❤❤❤❤,not_gujlish
UgzzAvaiOtfL7B1T4vd4AaABAg,F6SwTen2weo,Super ho vala❤🎉,positive
Ugym4eNdT_9u8T0eMQ94AaABAg,F6SwTen2weo,Best movie in horror n best story😂😂😂❤,not_gujlish
Ugx8nsYj0q0Zjr1y7xN4AaABAg,F6SwTen2weo,❤,not_gujlish
UgzIaPSAp2Uex_7kbip4AaABAg,F6SwTen2weo,Super movie....,not_gujlish
UgzrsV0p9_THdm8c-Y94AaABAg,F6SwTen2weo,Gdgdggdtdgh😊,not_gujlish
UgzL66eTKyWdOxrUeJB4AaABAg,F6SwTen2weo,Nice movie,not_gujlish
UgycLmNnEM9sYRUp9B94AaABAg,F6SwTen2weo,"Khubaj Saras Movie Bhaio ....
Saru Thayu Aaa Movie Joyu...
Saras Msg Che Movie ma...😊",positive
Ugypy2DHGbHJcmTmoGJ4AaABAg,F6SwTen2weo,Best ❤ movie 😮😮😮,not_gujlish
UgwAD0gCAnO8Rjvf0c94AaABAg,F6SwTen2weo,Super hit movie❤❤,not_gujlish
UgymTQWFpj9J-j9oHGd4AaABAg,F6SwTen2weo,Very nice and entertaining 👌🏻,not_gujlish
UgxiDMDZwDgGv9Owt8N4AaABAg,F6SwTen2weo,Gana Time pachi Koi movie Jova Ni maja Avi ❤ ki,positive
UgzyN-e_Ug-N8WH-z2R4AaABAg,F6SwTen2weo,👌,not_gujlish
UgxHpU2r0PQTsqDLrbt4AaABAg,F6SwTen2weo,Jamku +Ronit =jamro 😂😂 jordar baki,positive
Ugz63Ly_H1IeEEC_RbR4AaABAg,F6SwTen2weo,Maja aai gayi ❤❤❤😂🎉,positive
UgwzKVxBRN44ozY1YOB4AaABAg,F6SwTen2weo,Kon kon Sunday movie dekh rhe h 😅,neutral
UgxkGKH6CKPSi1wbslJ4AaABAg,F6SwTen2weo,Jordar movie... Bahu saras ..,positive
UgzkEnMEoC9E_0WbUrR4AaABAg,F6SwTen2weo,😢😢😢,not_gujlish
UgzuZ9eG0Os4bjIG7IF4AaABAg,F6SwTen2weo,❤❤❤❤❤,not_gujlish
Ugw86RElnrx_j-N9DXB4AaABAg,F6SwTen2weo,Nice movie ❤,not_gujlish
Ugy_AwnOEjLobR-0bmF4AaABAg,F6SwTen2weo,Mst muvie che maja aavi gy 😅,positive
UgwoOjQbM60_EKBSyGd4AaABAg,F6SwTen2weo,😂😂,not_gujlish
UgwcGSON5LQDjmJMBAF4AaABAg,F6SwTen2weo,Full Moj aavi ho🎉😂❤,positive
UgzY51avL9qwQASLRYR4AaABAg,F6SwTen2weo,Jordar movie chhe ek pn hasya vagar na chale😂😂,positive
UgxXZlETLWOzsz1WXZB4AaABAg,F6SwTen2weo,What a climax 😮👏 superb.,not_gujlish
UgzeCh9YH4Syu8SyWLF4AaABAg,F6SwTen2weo,"Saras film che, ek vaar jarur jo jo👍",positive
UgwOmiaQ8aRQzd-H2uR4AaABAg,F6SwTen2weo,❤❤❤❤,not_gujlish
UgxI1D2qy-ibjXnmJdh4AaABAg,F6SwTen2weo,Nice horror movie and imotional ending,not_gujlish
UgzlqNlGDYc7dTszQGZ4AaABAg,F6SwTen2weo,Bau Mast movie che aakhu jojo sache bau mojj padi jase,positive
UgwOl6JA-_PAQlGGXjZ4AaABAg,F6SwTen2weo,Jeni boot thi fatiti ena j boot avi gyu😅😅😂😂😂😂by god,neutral
Ugy6dHGrsS5_K7H8ym14AaABAg,F6SwTen2weo,Hu tri sarita nti tu mri sarita j see😅😅😂😂😂😂.bau mst che comedy a podar kone lagadiyo😅😅😅,positive
UgzM49dAGAPlcyihlYF4AaABAg,F6SwTen2weo,Jsbru movie che😅😅😅😅😅atla jada msns nu atlu patdu hadku😅😅😅😅😅,neutral
Ugzn--3YMDwcUn2MS_h4AaABAg,F6SwTen2weo,Jordar movie 😂😂,positive
UgyqbXF5_gfsiAjXO4V4AaABAg,F6SwTen2weo,Jordar movie bnai,positive
UgxAGfgkeWT_Jmv9GCN4AaABAg,F6SwTen2weo,Nice 👍 movie,not_gujlish
UgxkdCtt_XPV7nz8X2p4AaABAg,F6SwTen2weo,🎉🎉🎉 1 nmbr che muvie 👌👌👌,positive
UgwdUL8OhuWr6Az0i9J4AaABAg,F6SwTen2weo,"Nice nice nice,& nice",not_gujlish
UgwqD5F3pFw6HtbEGY94AaABAg,F6SwTen2weo,Nice movie 😊 making part 2,not_gujlish
UgwdIfHwOqY_nNH0NY94AaABAg,F6SwTen2weo,Fani movie 🥰🥰🥰🥰🥰😁👍,not_gujlish
UgwjDRm0smK6DWShc5J4AaABAg,F6SwTen2weo,Movie to gujrati j jovani mja aave yar,positive
UgxLB4psoLh_OgsHzmB4AaABAg,F6SwTen2weo,Gujju jabardast nice movie 🍿 ha gujrati haa,positive
Ugxcr9aBod9qnY_UbxN4AaABAg,F6SwTen2weo,Supaul movie 😂😂😂😂😅😅😅😅😅🎉🎉❤❤❤❤❤,not_gujlish
UgyjYRtDHzS6VHSgmbB4AaABAg,F6SwTen2weo,Ek number movie,positive
Ugy13XJEhc7_Z6bIeNx4AaABAg,F6SwTen2weo,Hi,not_gujlish
UgxvGQCBKrMxi4n0dcN4AaABAg,F6SwTen2weo,𝑱𝒐𝒓𝒅𝒂𝒓 𝒎𝒐𝒗𝒊𝒆 𝒄𝒉𝒆 𝒃𝒐𝒔𝒔❤,positive
UgwQEp10YyEKzSicRgZ4AaABAg,F6SwTen2weo,Wah beautiful movie ❤❤❤❤,not_gujlish
Ugx28Sch9ujf-MnEoep4AaABAg,F6SwTen2weo,Super,not_gujlish
UgxLT59QZnB47XIaI054AaABAg,F6SwTen2weo,Bahot mjaaa aaya has hske lot pot😅😂,not_gujlish
UgytmGCp5ja1HQiwlqx4AaABAg,F6SwTen2weo,Very nice movie.. superb story.. thank you for uploading,not_gujlish
UgydZhBxu3TeIlH_Fg94AaABAg,F6SwTen2weo,Thido dar Lage che kyarek kyarek pan mast picher ho,positive
Ugwo7x_MqlytlVT7wUV4AaABAg,F6SwTen2weo,Hii 👋☺️🙂😊😌,not_gujlish
Ugzh4XZKET--lCJPUxR4AaABAg,F6SwTen2weo,Nice movie,not_gujlish
UgxKnuvEcWbQ3weuMoN4AaABAg,F6SwTen2weo,❤❤,not_gujlish
UgzUNfmfWxe8mBmPN8R4AaABAg,F6SwTen2weo,Me 23 years old hu fast time gujarati movie dekhi halaki samaj kam parti hai pan ye movie ache se samaj para very very very nice movie I really like it ❤,not_gujlish
UgxEN7SL-NPGqk_TPHp4AaABAg,F6SwTen2weo,Koi comparison nathi.... Salute ❤️❤️❤️,positive
UgwxNoYLx837AktlInh4AaABAg,F6SwTen2weo,🎉🎉,not_gujlish
UgxWFTtgVyoHUqI9JTp4AaABAg,F6SwTen2weo,A... Best muvi in my field by gujrati ❤😂,not_gujlish
UgzITF1SbhqeUO07C3R4AaABAg,F6SwTen2weo,Best movie😂😂,not_gujlish
UgyGWjo6y23JfstFTqd4AaABAg,F6SwTen2weo,Excellent superb duper movie ❤,not_gujlish
Ugx-BwUI8SlIIcPkI2t4AaABAg,F6SwTen2weo,MOm❤❤😢,not_gujlish
Ugwq55FqVmix6m8g39V4AaABAg,F6SwTen2weo,Rating 5 out of 10,not_gujlish
Ugx8Rlg1zeYeZHouyjB4AaABAg,F6SwTen2weo,Nice bro picture 😊😊😊,not_gujlish
UgxaqP8UQhyEk9e3BPJ4AaABAg,F6SwTen2weo,Mast movie hai....,not_gujlish
UgwxqRP2-EThFaSxZEF4AaABAg,F6SwTen2weo,Movie mast se ho❤️❤️❤️❤️,positive
UgwhAI-EEogHEOgqSXB4AaABAg,F6SwTen2weo,Very nice and comedy also ❤❤,not_gujlish
Ugz8r_rFd7O6Yt05yIp4AaABAg,F6SwTen2weo,Sabse best movie 😊😊😊😊❤,not_gujlish
Ugy24ObBdAi0Phmhagx4AaABAg,F6SwTen2weo,❤❤,not_gujlish
UgxpFxp4uOlzDxrZgDZ4AaABAg,F6SwTen2weo,Va super movie maja aavi gai comedy and emotional 😢😢😊very nice 🎉,not_gujlish
UgybO3MiREreaqrMnrh4AaABAg,F6SwTen2weo,Jordaar 😮 maing below ing,positive
UgxPqG2SxkLoKPquLGR4AaABAg,F6SwTen2weo,Best move❤❤❤,not_gujlish
UgwbaBboxyyUVZr-YrB4AaABAg,F6SwTen2weo,Best moovi 5 star,not_gujlish
UgwsaBZ66W8l3_ujn4p4AaABAg,F6SwTen2weo,Nice movie 🍿🎉🎉🎉,not_gujlish
Ugw6U8fODWhA07HWm0F4AaABAg,F6SwTen2weo,Nice,not_gujlish
UgwLAEhei6vrHccviqt4AaABAg,F6SwTen2weo,Jay maa harshidhi maa❤❤,not_gujlish
UgxbFlZVLVq0ztKTAhB4AaABAg,F6SwTen2weo,😂😂😂 nice movie 🍿,not_gujlish
Ugzqi0DFSjyUU8hNy8V4AaABAg,F6SwTen2weo,🤗😭👍,not_gujlish
UgzbMaF8Xts2izghWjF4AaABAg,F6SwTen2weo,Khodiyar maa ni Jay ❤,not_gujlish
UgwF42tT_bC3oV3OMXd4AaABAg,F6SwTen2weo,Super duper movie,not_gujlish
UgyDfg0RJ2kqJR_k_ER4AaABAg,F6SwTen2weo,Jordar movie,positive
Ugwt6Q_UVE9jDYZZ3-R4AaABAg,F6SwTen2weo,"Mujhe gujarati nhi aati tabhi maine iss film ko enjoy kiya 😂🤣😂🤣😂
 Love from Patna Bihar ♥️♥️♥️🇮🇳🇮🇳🇮🇳🇮🇳🇮🇳",not_gujlish
UgwQiH2LspIiZ_KHQjZ4AaABAg,F6SwTen2weo,"Bahut achhi film hai, khas kar raat ko dekhne mein 👻👻👻👻👻
 Love from Patna Bihar ♥️♥️♥️🇮🇳🇮🇳🇮🇳🇮🇳🇮🇳",not_gujlish
UgyH-g5gCs5JK9QiFSZ4AaABAg,F6SwTen2weo,Aa story to mara sapana ma hati jya aakhu gaam bhut hoy😂😂,neutral
Ugz2738qN9aEosvdRGl4AaABAg,F6SwTen2weo,Jordar 😂,positive
Ugz4FGnHL1pyugHVRip4AaABAg,F6SwTen2weo,#mast...baki...maza padigai,positive
UgwaoBVzcjJcg4_AYk14AaABAg,F6SwTen2weo,good movie ☺,positive
Ugyv2qIu7OmRlJx-Za54AaABAg,F6SwTen2weo,Super movie😂,not_gujlish
UgxiLEwtEaIHA7OOXJp4AaABAg,F6SwTen2weo,"Excellent movie.....
Superbly acted and directed movie. 4.5/5
100 times better than jhamkudi. (Based on entertainment and story wise)",not_gujlish
UgzPJMrL75iiHIplbFt4AaABAg,F6SwTen2weo,Nifhivanrasleelsadaandianightgllinathtevasiddhunaathtaan,not_gujlish
UgwBc0s_l6iQGvhOsN54AaABAg,F6SwTen2weo,Mayanbayanbilquistailors,not_gujlish
UgzcrgmB-hX2MWCBMaR4AaABAg,F6SwTen2weo,Uttamlalitrestaurantrollasaedtsgujratrestauranrmeenabazardubai,not_gujlish
UgwmJC7ghH1TtDarNdR4AaABAg,F6SwTen2weo,Antiquestreasuredeiracitycentrearafashionsranibaghshamahetalpatelbrothes,not_gujlish
UgyagzRe8pr2lrHj9x54AaABAg,F6SwTen2weo,Sanjayduttanzanisa,not_gujlish
UgyrTeveKg1SXGoyQlZ4AaABAg,F6SwTen2weo,Bayanmayan,not_gujlish
UgwR7H80yFFRYnBuJvl4AaABAg,F6SwTen2weo,Delhifarmhousrjallandharmodeltownludhianamodeltown,not_gujlish
Ugx9aewFbLXBL00U3Rx4AaABAg,F6SwTen2weo,Pasvhimviharpunjabibaghranibaghvikaspuritilknagar,not_gujlish
UgyJr-c9dw-_JpG-O_h4AaABAg,F6SwTen2weo,Shaktivihartilknagarjodhewalibastihaunted,positive
UgwwRqaoeICi9NCdtdN4AaABAg,F6SwTen2weo,Mayanbayan,not_gujlish
UgwIWssgcVHRGyH7zKV4AaABAg,F6SwTen2weo,Talawandisabohaunted,not_gujlish
UgwAaH5GeyaiEioI8KJ4AaABAg,F6SwTen2weo,Sharjahcitycentresofitelpullmantomwryethdeiracitycentredubaihillsmalldubaimallceaserspalacesofitelpullmanwryeth,not_gujlish
UgxbkuRH0VH_g0ugAlt4AaABAg,F6SwTen2weo,Best story and best acting,not_gujlish
UgyUJgDMFUyv9Y7Tf2h4AaABAg,F6SwTen2weo,Good movie,not_gujlish
UgxLrSIWaa0PIIR9Mvh4AaABAg,F6SwTen2weo,"Good 😊😊😊😊😊
funny not scary",not_gujlish
UgwXwKH6dM3L3zN5Z9p4AaABAg,F6SwTen2weo,Gajjab 6e ho bakii😄👻,not_gujlish
UgwfEJ6ge0e-fMwAODB4AaABAg,F6SwTen2weo,Best best bestest movie chhe💕,not_gujlish
Ugxx0ZNXkwszmVfprMB4AaABAg,F6SwTen2weo,❤️❤️❤️,not_gujlish
Ugwuc13RrkdTFcki7iJ4AaABAg,F6SwTen2weo,"Nice movie, must watch",not_gujlish
UgyOj16be4a-CDW_EfV4AaABAg,F6SwTen2weo,Khub khub maat,not_gujlish
Ugy_QrvBNEmaTFMfFG94AaABAg,F6SwTen2weo,Really superb movie 🍿😍,not_gujlish
Ugw-KhW6RyI2mWv9tZZ4AaABAg,F6SwTen2weo,Su film che yarr❤,positive
Ugz8u76BHmRWeI43AVd4AaABAg,F6SwTen2weo,Wonderful movie ❤,not_gujlish
UgzPpgB2BioqqjplhWR4AaABAg,F6SwTen2weo,Dukh dard bhari story 😢😢😢❤❤,neutral
Ugwp6UYjQBKW7lOWqwN4AaABAg,F6SwTen2weo,Maja avi gai yaar  mast movie che ❤❤❤,positive
UgzLgaA6xSqHKI6kTzZ4AaABAg,F6SwTen2weo,Great movie 😊,not_gujlish
Ugwq9Ocbmq6kUXavZ5V4AaABAg,F6SwTen2weo,Abe yarr 😂😂 taklif padi jayne aakhi zindagi night shift krvani 😂😂shu dialogue che 👌🏻👌🏻👌🏻 Mastt jordar movie chee 🙌🏻🙌🏻🔥🔥,positive
UgyznAFIteTL2RIjTdx4AaABAg,F6SwTen2weo,Jordar movie chhe mind blowing🤯,positive
Ugz23x_efMeXiCmZlSR4AaABAg,F6SwTen2weo,"Mast story h or acting bhi bahot mast thi , Gujarati movie h best to  hogi na",not_gujlish
UgzzX0xIwBuR2YzfJ-J4AaABAg,F6SwTen2weo,"Very nice movie che 100/100
Aavi movie banavta rejo ❤☺️",not_gujlish
Ugwu78kUoXlIjXLFyEd4AaABAg,F6SwTen2weo,Bhut movie,not_gujlish
Ugwz9kgGJ5QfRv-jSjB4AaABAg,F6SwTen2weo,"Hu maharashtrian chhu pan balpan gujarat surat ma vitayu , so proud to be gujju😊 maja padi gai , sala aapdi movie etli jordaar aave bas majja padi jay ❤",positive
UgzEeCvwZN47mH1CFpN4AaABAg,F6SwTen2weo,Mane vishvas nathi aavto ke aa gujarati movie chhe vat thi solid vah jabaru mojj padi gay,positive
UgzUkPmYYtD0ygmOsoN4AaABAg,F6SwTen2weo,Jay vadevada,neutral
UgwkgJHK1R7NwZxYzR54AaABAg,F6SwTen2weo,Superhit movie ❤,not_gujlish
UgzH76rX2UQsIOvZE0R4AaABAg,F6SwTen2weo,❤❤❤🎉🎉❤🎉🎉❤🎉❤🎉🎉,not_gujlish
Ugx9CE9iEZGh1PVSvOl4AaABAg,F6SwTen2weo,so funny and cute move❤,not_gujlish
UgwuH5abuzqEjZTrAs14AaABAg,F6SwTen2weo,❤❤❤❤❤,not_gujlish
Ugx2JXeV5fmELNzsjmR4AaABAg,F6SwTen2weo,Part 2 please ❤❤❤❤❤😢😢😢😢,not_gujlish
UgwaK0MewfaCfRe34Ht4AaABAg,F6SwTen2weo,Supar hit movie,not_gujlish
UgzEu8mEW47ddz3cg3d4AaABAg,F6SwTen2weo,Nice concept 👌 horror comedy and motherhood emotional story 👍💖,not_gujlish
UgzDq_u3pkyW5sYnxb54AaABAg,F6SwTen2weo,Khub saras lovely story lovely narration,positive
UgzbncaQ7LEeQwoszYd4AaABAg,F6SwTen2weo,emotional movie and funny pan,positive
UgzucJG3Hi3y-qcMyK14AaABAg,F6SwTen2weo,Srs Movie 🫶,positive
UgzZOYqt9m7AiWzmwWd4AaABAg,F6SwTen2weo,Nice horar stories 👌,not_gujlish
UgwFOoVD_KYs75Tq6DV4AaABAg,F6SwTen2weo,Superb movie boss,not_gujlish
Ugya7gvoSLntkYaWI0h4AaABAg,F6SwTen2weo,Seriously very diffrent storry. Apdu Gujarati movies have bollywood ne be takar apva lagu 6e.❤,positive
Ugz6eQuOzGBHGrUhsVB4AaABAg,F6SwTen2weo,Nice movie,not_gujlish
UgzkctysvQNEwI7YrpR4AaABAg,F6SwTen2weo,OMG sache ma movie hoy to aavi nake na hoy kevay che ne jya vase gujarati tya vase gujarat ❤ jakas maja aavi gai 😂 funny pan che and bhut vadi pan che ane je shbad ma ત na badle ટ bolay to to khabar ja padi Jay ke aa to gujarati ho 😅😂😂😂😂😂😂,positive
UgyHUz8KK61iwrQfpMF4AaABAg,F6SwTen2weo,Bav j mast story che.best movie,positive
UgzkDzH4ZVz8S9FObK94AaABAg,F6SwTen2weo,😂😂😂😂😂😂,not_gujlish
Ugx6jUDXo0R49Mbg-IN4AaABAg,F6SwTen2weo,Nice commedy,not_gujlish
UgyMDZ4vXrS5kV6uDXN4AaABAg,F6SwTen2weo,Awesome 😮😅,not_gujlish
UgxRfNPZT66BkqLY5Od4AaABAg,F6SwTen2weo,Nice movie,not_gujlish
Ugz-b71rLkQcLsKzwQJ4AaABAg,F6SwTen2weo,❤❤❤❤😂😂😂😂🎉🎉🎉🎉😅😅😅mind blowing  movie   beautiful  suspense ane horror  comedy thi bharpur,not_gujlish
UgwRn9kHlcTA9Ir_nEJ4AaABAg,F6SwTen2weo,Jordar prem bhai 😊nice  story 👍,positive
UgwZ_STPy7Pbevzx0K54AaABAg,F6SwTen2weo,Nice movie 😊🎥,not_gujlish
UgwCCclZQegPUiojpIt4AaABAg,F6SwTen2weo,Nice movie👍👍👍👍ek number,not_gujlish
Ugz3IqkBnBy1oaL3lNV4AaABAg,F6SwTen2weo,Woww amazing❤ must watch!,not_gujlish
UgzFrfQ_Lo8Rq8VjPsx4AaABAg,F6SwTen2weo,Nice movie ❤,not_gujlish
UgwWrlLCbbCihqeMyRh4AaABAg,F6SwTen2weo,Ame kasu nathi kariyu amne java do 😂😂,neutral
UgwJPSjlU2HFxjdmyml4AaABAg,F6SwTen2weo,55,not_gujlish
UgwqrLpbC49yXW6n9qV4AaABAg,F6SwTen2weo,"Wow,mast thriller movie che",positive
UgzP28tjEZzwPYCBtt54AaABAg,F6SwTen2weo,Nice movie 🍿🎥,not_gujlish
UgxWKbJJV_7YtonwN114AaABAg,F6SwTen2weo,Bovv jjjj mast movie che❤,positive
UgzQVsBKrCh0l0KmdGR4AaABAg,F6SwTen2weo,Nice movie 🍿🍿 mja avigyo 😅😅😅😅,positive
Ugw3GuGpJQsZwJFwObR4AaABAg,F6SwTen2weo,Su movie che yaar😮❤❤,positive
Ugz129VJPnQfwMz6WO14AaABAg,F6SwTen2weo,Super jordar che movies ho.,positive
UgxAqs__QfLEUIKRzfp4AaABAg,F6SwTen2weo,😊,not_gujlish
UgyMBgX2zNUEWD6OdzN4AaABAg,F6SwTen2weo,Bestest movie ever 😍,not_gujlish
UgzQUIkg2Zo4emtkfWd4AaABAg,F6SwTen2weo,The end is excellent.... Acting is next level at the end ... ❤,not_gujlish
UgzU-hO0p6y88UofzQN4AaABAg,F6SwTen2weo,Nice move 🎉🎉😊,not_gujlish
UgylrFt6kTiflkw2a-h4AaABAg,F6SwTen2weo,😊,not_gujlish
UgwbGiiflbS0-9IJLER4AaABAg,F6SwTen2weo,Nice movie,not_gujlish
UgxBMTaWm9d-YVPpcx14AaABAg,F6SwTen2weo,Su movie banavi che yaar gajjab 😊 emotional . Comedy  😊😂,positive
Ugz0rJhUDpi3z9STWpR4AaABAg,F6SwTen2weo,Nice movie👌,not_gujlish
Ugyxjr5VqzG576nmGkl4AaABAg,F6SwTen2weo,👌👌👌,not_gujlish
UgyMCqa7woKGhUmJmzN4AaABAg,F6SwTen2weo,Super 👌,not_gujlish
UgzNU0LgQofSQXGTpAF4AaABAg,F6SwTen2weo,Su keo chow party.... maja aya ???? 😅😂😂😂😂❤❤❤❤❤,neutral
UgwlPkAZLMtfSTwLZKh4AaABAg,F6SwTen2weo,𝗡𝗶𝗰𝗲 𝗺𝗼𝘃𝗶𝗲 ❤,not_gujlish
UgyFE2S_brLgM9nACTd4AaABAg,WpjIvgiILrg,"Gunarati movie apne dikhi abash mastan, mehul kumar, ramanand sagar, ketan maheta ne banavi hai, dhola maru, hiral ne kathe, pakhida o pakhida, raj rajvan mahiyar ma mandu nathi lagtu, me to palvde badhi preet, manvi ni bhavai, desh re joya dada pardes, dod  joya, mahiyar ni chuddi, a bdhi super movie che ayre badhi ek na ek jevi lage che🙏",not_gujlish
Ugxm73bBlgUA4x7j0Rp4AaABAg,WpjIvgiILrg,Mujhe lgta hai guja gujarati films ko aur yha ki industri ko koi protsahit nhi krta isliye nhi bnti par ab achi filme banne lgi hain aur umeed hai dhere dhere inme b sudhar ayega,not_gujlish
Ugx3Ctkb9v920-u-20N4AaABAg,WpjIvgiILrg,"Gujarat main natak chalte hai movies nahi, par kuch time se Vash, Raado, Lalo jaisi movies ke kaaran logo ko movie main interest aane laga hai!",not_gujlish
UgwMs-0Wj4oF_nG4Tfx4AaABAg,WpjIvgiILrg,"Popat tu gujrat rehta nahi hai aur gujrati content follow karta hai nahi aur bolta hai gujrati success nahi movie successful 

lalo movie - 100cr
Original Vash 1/2   remake. Shaitan hindi 
Chal jivi lay ae...
Chaniya toli
Maney more",not_gujlish
UgzfSn4PTxFw3m_0mjt4AaABAg,WpjIvgiILrg,Laalo movie dekhi aapne ?,not_gujlish
Ugzre5qJ4xO5UXa0UiR4AaABAg,WpjIvgiILrg,Laalo movie Achi hai ❤,not_gujlish
UgwwteKMheX_X9UL8RV4AaABAg,WpjIvgiILrg,Laalo movie best hai❤,not_gujlish
UgxldS5rlpNpBpzfn-F4AaABAg,WpjIvgiILrg,Laalo Movie Hindi me aai Hai,not_gujlish
Ugw46snugw-kxGiCAaF4AaABAg,WpjIvgiILrg,Laalo Movie Hindi me aai Hai,not_gujlish
UgwyBIoSeLYdvnScUhl4AaABAg,WpjIvgiILrg,Ek Baar Laalo Movie Dekh ❤,not_gujlish
UgxxYbKwY-1WVvXYj4R4AaABAg,WpjIvgiILrg,Aap Donone Laalo Movie Dekhi ❤,not_gujlish
UgwvWtbmiSKb2w4H3vB4AaABAg,WpjIvgiILrg,Apne Laalo Movie Dekhi ❤,not_gujlish
UgxLwUDkIBf7bZWMQux4AaABAg,WpjIvgiILrg,Lalo ki team se milo,not_gujlish
UgyF0-33hqY8GMXVdMF4AaABAg,WpjIvgiILrg,"Abhi esa nahi hai... Now gujarati movies are fabulous 🎉 gujarati film industry is on its peak point 🎉🎉
...",not_gujlish
UgxcL3ydYX-EAwRls3x4AaABAg,WpjIvgiILrg,Laalo,not_gujlish
Ugwwpt855FFPAQDrLdF4AaABAg,WpjIvgiILrg,Lalo juyu,not_gujlish
UgytbRQNmpsR5qWxW7l4AaABAg,WpjIvgiILrg,Lalo ki team ko bulavo,not_gujlish
Ugw2k5KqRW4l9szZ-Wl4AaABAg,WpjIvgiILrg,Laalo ❤,not_gujlish
UgxU4lG7mlGb5VAY5B54AaABAg,WpjIvgiILrg,Bey yaar has to be the best gujarati film .,not_gujlish
UgyBLN_wFjC9SK1PteB4AaABAg,WpjIvgiILrg,Oscar ki mohtaj nai gujarati movies bro,not_gujlish
UgxiV5satu4S9YQk3vV4AaABAg,WpjIvgiILrg,Isne bhai reva movie nai dekhi lagta he,not_gujlish
UgwWLs2EeafGwlgpJgp4AaABAg,WpjIvgiILrg,Watch laalo,not_gujlish
UgyTsLRd4W7bwwNN4iB4AaABAg,WpjIvgiILrg,Telented logo ko moka nahi diya jata,not_gujlish
UgwOZopclo9WD2NwBHp4AaABAg,WpjIvgiILrg,Watch laalo: shree krishna sada sahayate 100 +cr collection world best movie laalo 💯,not_gujlish
UgyUxjRFVf_bLuARIT14AaABAg,WpjIvgiILrg,Lalo moovie 102cr collection,positive
UgzYzOeJR5MFZO9Zmex4AaABAg,WpjIvgiILrg,Chelo show,not_gujlish
UgyFT8WNF-JK6LURez14AaABAg,WpjIvgiILrg,Lalo .....,not_gujlish
UgyeWouduR-sduO-NHF4AaABAg,WpjIvgiILrg,Haha,neutral
Ugx7ORADPZ1DgHSeqN14AaABAg,WpjIvgiILrg,"Lalo dekho ,bollywood ka kachara Samaj mai aa jayega original movie ka matalab kya hai sabko achi sikh mile vo kaam lalo film ne Kiya hai",not_gujlish
Ugy3lhRGR3JdEuscuPB4AaABAg,WpjIvgiILrg,Lalo,not_gujlish
UgyYzZMASiuMjN5-ccR4AaABAg,WpjIvgiILrg,Mostly Gujarati people abroad chale jaate hai to ab apne roots se connected bhi nahi hote apni language bhi kai log clearly nahi bol pate ye bhi ek wajah ho sakti hai,not_gujlish
UgwRXJF_Wq-F_j6UWu54AaABAg,WpjIvgiILrg,"Bhai kabhi Hellaro,chal jeevi laiye,chello divas,sharto lagu,kutch express,papa tamne nai samjaay,lalo,mom tamne nai samjaay,golkeri,dear father,kehvatlaal parivaar,wrong side Raju,bey yaar,vitthal teedi, gujjubhai the great,nayika devi,hahakaar dekh lo pata chalega kya hai Gujarati movies ka jaadu",not_gujlish
Ugz-EP--v1mAE-z9IPt4AaABAg,WpjIvgiILrg,Gujarat mein movie achhi banti hai but audiance south movie zyada pasand hoti baki abhi to Bollywood bhi wahiyaat film banata hai Bollywood se zyada regional movies best hoti hain,not_gujlish
UgwQj4T2RadxgXBX6z54AaABAg,WpjIvgiILrg,"Chello Diwas, Lalo, Vash, Vash 2, Lalo, Chal Jiwi laie, tum dhundhte nahi o varna filme to kau he. Gujarati Movie me hamesha sikh hoti he. Vahi yaar movie nahi banate Gujarati cinema ko art ki tarah leta he",not_gujlish
UgyNhXAa76X_JdY28Ct4AaABAg,WpjIvgiILrg,Lalo movie ke director.Ankit sakhiya ko bulavo bhai podcast karne keliye sir maja aayega ❤❤,not_gujlish
Ugz6AOtPV4Nw9rcQbYJ4AaABAg,WpjIvgiILrg,Gujrati fhilm Lalo dekhona bhai bahut aschi he 👌,not_gujlish
Ugy3KGk2wxhiBkYA9c14AaABAg,WpjIvgiILrg,Vash,neutral
UgwhmHDDwXNZItpeki94AaABAg,WpjIvgiILrg,Punjabi balle balle 🙌🙌,not_gujlish
UgzT8POP08M_YkaVrOp4AaABAg,WpjIvgiILrg,Gujarati zyada stage pasand karte hai. Mast stage artist hote hai aur story ek number,not_gujlish
UgzXmpYz8epFzGO6ol14AaABAg,b5uKAz_dBFw,Hangover hollywood movie ni bethe bethi sasti copy kri didhi,not_gujlish
Ugy5SjhBioTRJA4X3Jd4AaABAg,b5uKAz_dBFw,Akash rocks,not_gujlish
UgyJiwgVmYkUvqPNb4h4AaABAg,b5uKAz_dBFw,Copy and paste 😂😂😂 the hangover,not_gujlish
UgyQWF0w7DnlHV02mVB4AaABAg,b5uKAz_dBFw,Hangover ne gujrati ma lai avya?? bhai...,not_gujlish
UgyW5S9gew8Ndb_610x4AaABAg,b5uKAz_dBFw,Gujju hangover 😅with not so famous cast🎉 let's gooi,not_gujlish
Ugze1ATtSA2wO6WdF3Z4AaABAg,b5uKAz_dBFw,Hang over ni copy Kari didhi bolo ...🤦,not_gujlish
Ugyc-MySPN3fH_mckhF4AaABAg,b5uKAz_dBFw,Hangover nu Gujarati version…😅,not_gujlish
UgyQgKLzg-rmCQvLIfd4AaABAg,b5uKAz_dBFw,hangover in gujarati … will be fun,not_gujlish
UgwqEtbiYNgRC6XcV3t4AaABAg,b5uKAz_dBFw,Typical Hangover remake,not_gujlish
Ugw1zPlx207KD2XmJR94AaABAg,b5uKAz_dBFw,"Why do this ?? Why copy a franchise like ""Hangover? """,not_gujlish
UgzM5P-q5Dr52mCKS1d4AaABAg,b5uKAz_dBFw,Bhrahst pursho matey😅,not_gujlish
Ugw-hbzryyR7gda80QR4AaABAg,b5uKAz_dBFw,"Gujrati movie ek j jeva feel thay che
Rom com n comedy 
Feel j na ave k jova jaiy",negative
UgzoYeZY4r0Fj0OOMlN4AaABAg,b5uKAz_dBFw,Hangover 😂😂😂😂😂,not_gujlish
Ugws6l22fWgoQBUTOP94AaABAg,b5uKAz_dBFw,Hangover's Gujarati Version,not_gujlish
Ugw_bkmsZd0gzt3Swqt4AaABAg,b5uKAz_dBFw,😂🎉,not_gujlish
UgzfaE0Y0sQ_nIOT3wN4AaABAg,b5uKAz_dBFw,Copy of hangover movies of english please guys at least don't make copies and make original,not_gujlish
Ugz0BUtnLdbzA94IT9p4AaABAg,b5uKAz_dBFw,Agar Asha Amar che ....to dhyan rakhjo....tame Bangkok ma cho!!!!!,neutral
UgzKP_FU3iLsCursCeN4AaABAg,b5uKAz_dBFw,Comedy system Breckdown 😂😂🎉🎉,not_gujlish
Ugxt8a87CGdv0SQu3NZ4AaABAg,b5uKAz_dBFw,😂😂😂😂❤,not_gujlish
UgzSt_8mTdVhfVopIPB4AaABAg,b5uKAz_dBFw,"Gujarati version of HANG OVER movie 😂 
Maza aavshe waiting ❤❤❤",not_gujlish
Ugwzz46qES55566q99J4AaABAg,b5uKAz_dBFw,Alya hangover ni sasti copy,not_gujlish
UgzfTjNJiKpjr0WdxmF4AaABAg,b5uKAz_dBFw,Legends know copy from,not_gujlish
UgzqumzcsuXocjNFGrV4AaABAg,b5uKAz_dBFw,"Looks like Hangover - Literal translate in Gujarati is "" Pidha Pachi""",not_gujlish
UgyejAP5mhI0FjLgC6l4AaABAg,b5uKAz_dBFw,Only Smit pandya best actors,not_gujlish
UgyyD6M9bZcIKTWihzp4AaABAg,b5uKAz_dBFw,Gujarati Hangover 😂😂,not_gujlish
UgxnPtlEmWa2MFDyQmR4AaABAg,b5uKAz_dBFw,"wow, super excited❤️❤️",not_gujlish
Ugy-TlEZo73Lwkc4vv14AaABAg,b5uKAz_dBFw,Hangover mathi idea lidho lage che,not_gujlish
UgyLkvxpg_EAaqepXYN4AaABAg,b5uKAz_dBFw,Hangover Gujarati,not_gujlish
UgzJwIoNa_m9myG0WhN4AaABAg,b5uKAz_dBFw,Hang over ni,not_gujlish
UgyL1lDRSuTFD0BMTkd4AaABAg,b5uKAz_dBFw,Copy j che,not_gujlish
UgzHbZuRi7Ppo3kli7Z4AaABAg,b5uKAz_dBFw,Hangover જેવું lages,not_gujlish
UgxO33eQrcvnMDq6mMJ4AaABAg,b5uKAz_dBFw,Hangover movie ni remake chhe,not_gujlish
Ugx9rIIaqm1O34q5lI94AaABAg,b5uKAz_dBFw,hangover gujarati remake ......what else we can except from dhollywood,not_gujlish
UgyEWOtZ_8GkOQfc-9h4AaABAg,b5uKAz_dBFw,Gujarati The Hangover😂,not_gujlish
Ugw2LQ2uZ-FITC5RJKd4AaABAg,b5uKAz_dBFw,"""Hangover"" કોણ બોલ્યું? ગુજરાતીઓ copy ન કરે. એ તો inspire થાય.",not_gujlish
Ugy9LMpNSOa1f6Xg-nx4AaABAg,b5uKAz_dBFw,Hangover,not_gujlish
UgzP-f4k-HD0SmTJNqN4AaABAg,b5uKAz_dBFw,It's Look Like Hangover Movie Of  Gujarati Cinema..😊,not_gujlish
UgyERRcEoCFOOClX0nF4AaABAg,b5uKAz_dBFw,Bhai Teaser Aaavu hase jordar toh trailer kevu hase ane e pachi Film toh kevi hase faadu m sure  kaik alag j jova malvanu laage che NISHITH brahmbhatt Gujarati industry na David Dhavan che bhai,positive
Ugxbnv1SlYcYvBRqefV4AaABAg,b5uKAz_dBFw,Looks great,not_gujlish
UgwUdpGgMPD7JDTRujF4AaABAg,b5uKAz_dBFw,Awesome...🎉,not_gujlish
Ugxdg1NdJNM3J9uDomV4AaABAg,b5uKAz_dBFw,"wahhh great  Comedy blast 🎉👌👌👌👌

waiting 😊

 Anilbhai Mehta ji",not_gujlish
UgyBY6TWimXzrUlq5pN4AaABAg,b5uKAz_dBFw,Waiting for this rollercoaster😂,not_gujlish
UgxqGc99eFGtGDDmzcl4AaABAg,b5uKAz_dBFw,Superb funny and comedy 😂 must watch,not_gujlish
UgyDwpj4IMN1eZ8nr5h4AaABAg,b5uKAz_dBFw,Super excited waiting for the movie,not_gujlish
UgzbQ0jjA_swR7pgR9x4AaABAg,b5uKAz_dBFw,Super ❤,not_gujlish
UgxrNgGOkNxbawn7sw54AaABAg,b5uKAz_dBFw,Can't wait to see the full movie 🎥🎥🎥,not_gujlish
UgyebuIHdhfrU4uOpEJ4AaABAg,b5uKAz_dBFw,Superb performance,not_gujlish
UgzQWqbzcqD9s8M-WQ94AaABAg,b5uKAz_dBFw,Super,not_gujlish
UgzCM6BjPq70LhX3vPx4AaABAg,b5uKAz_dBFw,Trailer looks so good😂😍,not_gujlish
UgzOIFK_tBea1fHf6kt4AaABAg,b5uKAz_dBFw,Jordar tailor che!!!! It must be entertaining.....,positive
Ugw8XG8UJa1iV1dJIRJ4AaABAg,b5uKAz_dBFw,Nice trailer,not_gujlish
Ugz7iPRfFHoMgh6Bv1R4AaABAg,b5uKAz_dBFw,Amazing 🤩🤩🎉,not_gujlish
UgwVbAEdcWEIXa3s4Dt4AaABAg,b5uKAz_dBFw,"Excellent Teaser!! Full of laughter, comedy and chaos.. Majja aa gaya! 🎉",not_gujlish
UgwplGJc5qJ7e_15wjt4AaABAg,b5uKAz_dBFw,Superhit ❤❤ blockbuster 🚀🚀,not_gujlish
UgxaINtJIiBTxawGMv94AaABAg,b5uKAz_dBFw,Trailer joyu ane goosebumps aavi gaya!. Must watch! 🔥,positive
UgxgTO7d7mKaDOUZA4J4AaABAg,b5uKAz_dBFw,Look like great comedy Hope all will enjoy 😂😂🤟🏻,not_gujlish
Ugx6UUg2zL6LMyCQAqJ4AaABAg,b5uKAz_dBFw,Jordar - mast trailer che - jovu j padse,positive
UgydSwEz0233SV_RSS54AaABAg,b5uKAz_dBFw,Super,not_gujlish
Ugw4TkBhtR0SqTUy7V94AaABAg,b5uKAz_dBFw,Superb che,not_gujlish
UgyOYHKTJCyoPB2Zv8R4AaABAg,b5uKAz_dBFw,Can't wait to see in theater ❤🎉,not_gujlish
Ugz6hsruzmP2peFXBzp4AaABAg,b5uKAz_dBFw,Super …. excited …,not_gujlish
Ugwec02nH7OMgT9S9AN4AaABAg,b5uKAz_dBFw,Congratulations!  Wishing Aanshi and the entire team all the very best.,not_gujlish
Ugx_PMZQzZAlbpVIGJV4AaABAg,b5uKAz_dBFw,Vah Anilji....🎉❤,positive
Ugzr87a0hg2rkxtI6_54AaABAg,b5uKAz_dBFw,"Trailer looks amazing, looking forward to watching the movie.😍",not_gujlish
Ugwt-vaKH0kqCcIwPnh4AaABAg,b5uKAz_dBFw,Ekkk numberr!! Can wait to see this on big screen ❤,positive
Ugyv7sT_yGIZa2munTd4AaABAg,b5uKAz_dBFw,Copy of Hangover Movie 🤣🤣,not_gujlish
UgxoxPUziZJMlOtys114AaABAg,b5uKAz_dBFw,Fun unlimited 😅 too much comedy 🤣,not_gujlish
UgzMD8OIaABshbjadTx4AaABAg,b5uKAz_dBFw,"A movie 1 number lage che gujarati movie aj na samay prmane che,ek dum perfect 5 star che mara taraf thi",positive
Ugz3wY40JoaX_WPBjOt4AaABAg,b5uKAz_dBFw,Pure Good Comedy... it's look like a crazy and funny all the way. All The artists are well known for the comedy timing and best dialog delivery. Must be seen on big screen.... 👍👍😘,not_gujlish
UgxpCI23fFf9APWFM8x4AaABAg,b5uKAz_dBFw,Nice pic,not_gujlish
Ugy3lxoPNNNhzLfl1Hp4AaABAg,b5uKAz_dBFw,Awaiting comedy blast,not_gujlish
UgyXJUeHthIwonNEj6d4AaABAg,b5uKAz_dBFw,"Very nice
Congratulations",not_gujlish
UgzcnO8hlHB9zbIJsmx4AaABAg,b5uKAz_dBFw,Movie  to.jordar hase bhai..❤❤,positive
UgzCxH3vH9Do5xk_zFB4AaABAg,b5uKAz_dBFw,Moj moj moj 🎉🎉🎉🎉🎉,positive
Ugxmrae2MtYUQl6eZTB4AaABAg,b5uKAz_dBFw,Nice 😊,not_gujlish
Ugy_SEG1K5jqWCwnSr54AaABAg,b5uKAz_dBFw,Comedy. જરૂર jojo,not_gujlish
Ugzg7vj6NQoNmQhWV_B4AaABAg,b5uKAz_dBFw,❤❤❤❤❤,not_gujlish
UgzVy6d9dQG5xFh2l314AaABAg,b5uKAz_dBFw,"Will surely wait for it . ❤❤

Satu",not_gujlish
Ugw288iEbR_YxvPGvCh4AaABAg,b5uKAz_dBFw,Amazing,not_gujlish
UgwN46eD1bXHe2acS994AaABAg,b5uKAz_dBFw,Nice,not_gujlish
UgxS6z4O3f1kpbTDTTp4AaABAg,b5uKAz_dBFw,Gajab !!!,not_gujlish
UgxqBSBo8vLS4ZO7kU14AaABAg,b5uKAz_dBFw,Vaah... Gujarati... Badhi jagya e chhavai gaya.. Pet pakdi rakhjo.. Aavi rahi che maza ni comedy train... 👍👍👌👌👏👏🤓🤓🤓😂😂😂🥰,positive
UgzUnGSnNUWxRqHOjtR4AaABAg,b5uKAz_dBFw,Gajab🎉🥰❤️😇🥳,positive
UgxWIDuJJLrdBxI_LIR4AaABAg,b5uKAz_dBFw,Good movies trailer. Waiting for watching❤,not_gujlish
UgzJ8VkpbiIM095ba-R4AaABAg,b5uKAz_dBFw,Nice trailor,not_gujlish
UgwYCrFHKfJhCuRKEVd4AaABAg,b5uKAz_dBFw,Amazing! Waiting for the movie! 😊🎉,not_gujlish
UgxvWOrcRoK9IQkEKRt4AaABAg,b5uKAz_dBFw,👌👌👌👍👍,not_gujlish
UgxChqKQgsQp094n6M94AaABAg,b5uKAz_dBFw,Exited 🎉😛🤩,not_gujlish
UgwiyeTYv29uj_o86Fd4AaABAg,b5uKAz_dBFw,Jordar,positive
UgwbmK8Dol4GFZzK-3t4AaABAg,b5uKAz_dBFw,Majjjjaaa aavani che September 11th na!!!,positive
UgxdTWHftZN_8k5Wamp4AaABAg,b5uKAz_dBFw,🧿💯🙌🏻😍,not_gujlish
Ugwje7pNUYdifYpLw9p4AaABAg,b5uKAz_dBFw,Naa maza ave to paisa pachhhaaaa 🎉,positive
UgxM1YJaCuOnM0m6JFx4AaABAg,b5uKAz_dBFw,Full On Entertainment,not_gujlish
UgxQ8mLrxNnDsWNZgRR4AaABAg,b5uKAz_dBFw,Dhamal 🫶❤️😍,positive
UgzoZNL78K3LXQHkvBh4AaABAg,b5uKAz_dBFw,Looks quite interesting 👍,not_gujlish
Ugx1I-U4uyRHbFIC-RV4AaABAg,b5uKAz_dBFw,🎉🎉🎉,not_gujlish
UgxuSZ0F2_N2QI5nKRZ4AaABAg,b5uKAz_dBFw,Eagerly waiting...,not_gujlish
UgxlYS9dpVCjXb54ly54AaABAg,b5uKAz_dBFw,Dhamaaal,positive
Ugy7ApqkaxAdn5c8mQN4AaABAg,b5uKAz_dBFw,Superb 👌 ❤❤❤,not_gujlish
Ugx5U1iylwKWr9KOPfB4AaABAg,b5uKAz_dBFw,Vaaah Jordar zakaas Acting,positive
Ugwbcq9iE3J-d4G2nhd4AaABAg,b5uKAz_dBFw,Very nice Clips and interesting movie,not_gujlish
Ugx7QoRJHiAyCEYllPd4AaABAg,b5uKAz_dBFw,RJ Akash Bhai. Very excited to see you,not_gujlish
UgzLFRnRV1YPo8bw5xV4AaABAg,b5uKAz_dBFw,Boom padi ho bhai bhai,positive
Ugx1t7FnJeJ2So7YcBd4AaABAg,b5uKAz_dBFw,Boom boom 🎉,positive
UgxOZkQ95SvcB3E8b5t4AaABAg,b5uKAz_dBFw,Pure comedy gold incoming! 🤯🔥 This bachelor trip looks completely crazy. Best of luck to the entire team! 🚀❤️,not_gujlish
UgzAvoKJnGkCiHMbqMZ4AaABAg,b5uKAz_dBFw,Bhukka kadhi nakhvani j vat chhe ho❤❤,positive
Ugw5uJqNeWyg-zS-E_N4AaABAg,b5uKAz_dBFw,Jor jor... Fun unlimited. Looking forward to it,not_gujlish
UgxFi6hhn081xZyRpm54AaABAg,b5uKAz_dBFw,🎉,not_gujlish
UgwkHl5hVhBAdp_Bemh4AaABAg,RWWCSzJW0dI,Wasted my 2 hours,not_gujlish
UgxU2qienQJ8-YoEWMd4AaABAg,RWWCSzJW0dI,"5000% nhi 20000% 😂 , check kar lo 100cr paar hai aur sirf 50 lakh budget 👍",positive
UgzzbvStz62LVbUidd54AaABAg,RWWCSzJW0dI,Remake loading in bollywood version 😂,not_gujlish
Ugz4W_LykQQibn8571N4AaABAg,RWWCSzJW0dI,"Today I watched this movie 
And got to know about life
The instinct of decisions can change your fate .. 

Awesome 
Highly recommend 

Jai Shri Krishna ❤❤",not_gujlish
UgyCoFaUtZ0EsqTz3Pp4AaABAg,RWWCSzJW0dI,50 cr. Me ye atank macha skte he kiyoki mere pass bhi ek kamal ki story he jo 50 cr. Ke budget me ban skti he 700 800 cr. Garenty ke sath,not_gujlish
Ugzj9AQzucJZpfq2GdF4AaABAg,RWWCSzJW0dI,Hamre yahan aaja lagi hai ye film,not_gujlish
UgwY1TPr6VXoFNNS0yd4AaABAg,RWWCSzJW0dI,Laalo 50 lakh business 120 crore,not_gujlish
Ugzi7wixx2zdUuarmCV4AaABAg,RWWCSzJW0dI,Gujrati indrtrey day by day📈,not_gujlish
UgwOluakjYv9agjQEEJ4AaABAg,RWWCSzJW0dI,The director of this movie is my mami's brother friend 😊,not_gujlish
UgyPLJRJLOsL7l5WcBt4AaABAg,RWWCSzJW0dI,Who is watching this video after 100 crore,not_gujlish
UgzCXK2w3AH_xyarudJ4AaABAg,RWWCSzJW0dI,Movie dekh kr anshu hi nai rook paya mein Jai shri krishna,not_gujlish
UgwkSRwl0cT7wbiUOZp4AaABAg,RWWCSzJW0dI,They sold release it in pan India by dubbing else how will the rest of India know,not_gujlish
UgydVaLbmLN-9lgjLIF4AaABAg,RWWCSzJW0dI,"This movie made me believe in krishna 
May lord krishna help every needy",not_gujlish
Ugys5r5fE5cBD34Voml4AaABAg,RWWCSzJW0dI,Krishna kanhaiya ko jaadu kyu banna pada?krishna is bhagwan for ....sake😢,not_gujlish
UgyCuHQQz1Lxpb_ZLUh4AaABAg,RWWCSzJW0dI,Jay garvi gujrat ❤,positive
UgziR7EQ_JIXI8l6grl4AaABAg,RWWCSzJW0dI,Where I can watch movie online,not_gujlish
Ugyf7NFiFlWHUHO-vaJ4AaABAg,RWWCSzJW0dI,Best film hai.,not_gujlish
Ugymxskwsl5cXIYbx6N4AaABAg,RWWCSzJW0dI,Kuti,negative
UgwViGmgf4RUZAfGqvZ4AaABAg,RWWCSzJW0dI,Dil khush hogaya movie super 👌 hit he,not_gujlish
UgyrX6nSoxsl5UqHnh94AaABAg,RWWCSzJW0dI,श्री गोपाल कृष्ण भगवान की जय 🙏,not_gujlish
Ugw8gvsVNe3Mvka4Kyp4AaABAg,RWWCSzJW0dI,Best❤❤❤ movie,not_gujlish
Ugwz-VGkqhM8MvLOFKx4AaABAg,RWWCSzJW0dI,Now it's earns 120cr.❤,not_gujlish
UgzCsRwAVZevsi_Tkyd4AaABAg,RWWCSzJW0dI,कृष्ण सदा सहायते,not_gujlish
UgxWefBC0B-SIc8WCVR4AaABAg,RWWCSzJW0dI,Review me puri movie bata di,positive
Ugx4rEkgG2K6Cz5WE7Z4AaABAg,RWWCSzJW0dI,"Please madam , review again for Hindi",not_gujlish
UgxPv5_zuaHDGawddcZ4AaABAg,RWWCSzJW0dI,कल मैं movie dekhne jau ...?,not_gujlish
UgzE10bvLxgdBzJzRX14AaABAg,RWWCSzJW0dI,120 crore now ☠️☠️☠️,not_gujlish
UgwbCZjGKxpBQytOS1F4AaABAg,RWWCSzJW0dI,Madam hindi bhi aa gai uska bhi review de dijiye,not_gujlish
UgzK_wecNPK1MOmwZlF4AaABAg,RWWCSzJW0dI,RADHA RADHA🦚🪈,not_gujlish
UgwGLYgSOZ7h73bMUWp4AaABAg,RWWCSzJW0dI,"Lalo hindi me bhi release ho gai hai, toh dekh ke aavo...",not_gujlish
UgznSGIaCCW1YcCojER4AaABAg,RWWCSzJW0dI,Aaj hindi laalo movie ke baare main sabko bataiye,not_gujlish
Ugxm3am4Pwuyv_sHmGJ4AaABAg,RWWCSzJW0dI,"Aaj ki date main 9 jan,26 ko hindi main release hua hai",not_gujlish
UgyAuwoQr0m7bP-l9uJ4AaABAg,RWWCSzJW0dI,Now it has completed 100 crore and on 9 January 2026 releasing in hindi,not_gujlish
Ugz_qWjoWATzUy-XwBl4AaABAg,RWWCSzJW0dI,"I saw a movie last Tuesday (30/12/2025) in theatre, till today I feel the devine magic of this movie ❤😊",not_gujlish
UgxjzNldb_avIO42ODV4AaABAg,RWWCSzJW0dI,45 dekhiye same hai but bgm best hai🎉❤,not_gujlish
UgxCwt_Bjwhj1Fxv9rd4AaABAg,RWWCSzJW0dI,Laalo movie is releasing in Hindi on Jan 9th. Something for you to reveal and review the biggest blockbuster Gujarati movie of 2025.,not_gujlish
UgzH2KypdRbNwsjW_TZ4AaABAg,RWWCSzJW0dI,Lalo Hindi Me Movie aa gaye Hai Aap ke Pas ke Cinema📽️ Garo Me ❤ Jay Shree Krishna 🙏,not_gujlish
Ugyw_MYnrvOejUbhhmJ4AaABAg,RWWCSzJW0dI,अब हिंदी में आ रही हे 9 जनवरी को,not_gujlish
UgyX5dipDrZXe8DDAKt4AaABAg,RWWCSzJW0dI,Latest news it’s releasing in  Hindi now in January 2026 !!! For Hindi audience across India !,not_gujlish
Ugw7QqkapI25O-Rk4kZ4AaABAg,RWWCSzJW0dI,Ab hindi me bhi aa rahi h,not_gujlish
UgxgkeHWE2NSD_C5YYV4AaABAg,RWWCSzJW0dI,6 January coming in Hindi,not_gujlish
UgxEEHfkIdX3IFJHJe94AaABAg,RWWCSzJW0dI,Akshay nahi kar payega kyunki iska hindi dubbed announce ho gai,not_gujlish
Ugzj0GnUFHGb-W_rhjt4AaABAg,RWWCSzJW0dI,Nice movie,not_gujlish
UgzPzXU8fJQDitSbVwF4AaABAg,RWWCSzJW0dI,@filmiindian hindi me trailer aagya❤,not_gujlish
UgyJq5fNw2jxnbDZji54AaABAg,RWWCSzJW0dI,And now it's available in hindi also.... release in January so please go and watch this,not_gujlish
UgzA1KdSFWBlmSMnNKh4AaABAg,RWWCSzJW0dI,Lalo movie ka hindi trailar aa gaya hai.,not_gujlish
UgxVb-THN86bugPUl_J4AaABAg,RWWCSzJW0dI,See and Review the all time best Gujarati movie trailer. It will be release on 9th January in Hindi..,not_gujlish
Ugx5ZNCdsIQMUXsdWRB4AaABAg,RWWCSzJW0dI,Watch Hindi Trailer and give review plz,not_gujlish
UgwnwN-VedDSDouUUNZ4AaABAg,RWWCSzJW0dI,"Movie hindi me aa rahi he ,all hindi audiance pls enjoy this movie 🙏",not_gujlish
Ugwwm8VsbI6hYL33MzV4AaABAg,RWWCSzJW0dI,"9th January 
Laalo And The Raja Saab Clash 🎉",not_gujlish
Ugyt_fexNo0CWnXjLht4AaABAg,RWWCSzJW0dI,Sree krishna sada sahay te,not_gujlish
UgxaThPrgHf_F7IWsp54AaABAg,RWWCSzJW0dI,Radhe Krishna radhe Krishna radhe Krishna radhe Krishna radhe Krishna radhe Krishna radhe Krishna radhe Krishna radhe Krishna radhe Krishna radhe Krishna radhe Krishna radhe Krishna radhe Krishna radhe Krishna radhe Krishna radhe Krishna radhe Krishna radhe Krishna radhe Krishna radhe Krishna radhe Krishna radhe Krishna radhe Krishna radhe Krishna radhe Krishna radhe Krishna radhe Krishna radhe Krishna radhe Krishna radhe Krishna radhe Krishna radhe Krishna radhe Krishna radhe Krishna radhe Krishna radhe Krishna radhe Krishna radhe Krishna radhe Krishna radhe Krishna radhe Krishna radhe Krishna radhe Krishna radhe Krishna radhe Krishna radhe Krishna radhe Krishna radhe Krishna radhe Krishna radhe Krishna radhe Krishna radhe Krishna radhe Krishna radhe Krishna radhe Krishna radhe Krishna,neutral
UgzELDdahkz0rjcDBsR4AaABAg,RWWCSzJW0dI,।। ❤ जय श्री कृष्ण ❤ ।।,not_gujlish
Ugw9KhAKRKBH20IuuyF4AaABAg,RWWCSzJW0dI,116 cr collection,not_gujlish
UgxjONwvtdXUHrwlyYZ4AaABAg,RWWCSzJW0dI,U have to watch new Gujarati movie ''jiv'',not_gujlish
UgzLnjBhBkohno42wAN4AaABAg,RWWCSzJW0dI,100 cr ho gaya hai ❤🎉😢,not_gujlish
UgwBjF-Qjpowb9LLBRB4AaABAg,RWWCSzJW0dI,Logical bhi he aur Megical bhi he,not_gujlish
UgwRP78XOdiMwVN6AGt4AaABAg,RWWCSzJW0dI,Now this movie was crossed 100 cr and still counting ❤ Jay Dwarkadhish,not_gujlish
UgyKxhFQ-vSmN7mzqxl4AaABAg,RWWCSzJW0dI,100 cr worldwide🎉,not_gujlish
Ugz-EYuJC8Ql2XWWYyd4AaABAg,RWWCSzJW0dI,100 CR cross yesterday night ❤❤❤❤,not_gujlish
Ugxik98DsySU9EtGsJZ4AaABAg,RWWCSzJW0dI,"Jaha pe krishna aate hai

Waha pe bhadve Bollywood ki baja dalte hai 

Chu.   Le khan ka",not_gujlish
UgzSL6EzaL6IKUQBwl54AaABAg,RWWCSzJW0dI,Crazy collections 🎉. This should be case study on ROI,not_gujlish
UgxUr2Dg3r3sF3dmnit4AaABAg,RWWCSzJW0dI,Lalo❤❤❤❤,not_gujlish
Ugy738rZ-KVcaZZ9pmR4AaABAg,RWWCSzJW0dI,Ott pe he kya?,not_gujlish
UgxGLhtnFAVVzcEokzt4AaABAg,RWWCSzJW0dI,100 cr don,not_gujlish
Ugz_9jPOS8fwFSZWSLJ4AaABAg,RWWCSzJW0dI,star nai diye didi ?,not_gujlish
UgyHHWbLU1P_Ygb-TVh4AaABAg,RWWCSzJW0dI,Aap gujrati tabhi ye movie dekh paye 😊,not_gujlish
UgwuNz2J5UBCzFoKJhl4AaABAg,RWWCSzJW0dI,bekar movie...Koi sense nahi hai puri movie me.....,not_gujlish
UgxWwLHB6Btg86k0PDV4AaABAg,RWWCSzJW0dI,Reached 100 cr😊,not_gujlish
UgzxKEzWmxUANLSiPZd4AaABAg,RWWCSzJW0dI,i think first time shegave the clear and best review,not_gujlish
UgydyWeEBeCE-wSy8GR4AaABAg,RWWCSzJW0dI,Aapko gujrati language samaj aati hai,not_gujlish
UgyN64_7QXMniKce9nt4AaABAg,RWWCSzJW0dI,100 cr club,not_gujlish
UgwxWpnUPwhaMpBGCb14AaABAg,RWWCSzJW0dI,15000 %,not_gujlish
UgzPrlyAwkAAJkPr0UN4AaABAg,RWWCSzJW0dI,Hindi me nhi hai thodi problem ho rhi h dekhne me,not_gujlish
UgwwSRVv6OpegsOFqEJ4AaABAg,RWWCSzJW0dI,"For me it’s rubbish movie, there is no intellectual.",not_gujlish
UgxthGr7ddTOG4RtXk94AaABAg,RWWCSzJW0dI,100 cr +❤❤❤❤❤❤,not_gujlish
UgxFtR7CrkSlKCbpp1R4AaABAg,RWWCSzJW0dI,180CR tk Jane wali hai 200cr ho sakta hai,not_gujlish
UgwcScwRnWInTxEBwl54AaABAg,RWWCSzJW0dI,now Collection 103 CR,not_gujlish
UgyuNwQrCHamNTyV7bt4AaABAg,RWWCSzJW0dI,Now 100 cr💓,not_gujlish
UgyNYGxMUIeE-IjtAfR4AaABAg,RWWCSzJW0dI,Gujarati is best,not_gujlish
UgwCd7OZKJWK8pZpQWV4AaABAg,RWWCSzJW0dI,Ab to 100cr 50lack  Se uper Chali gayi hai dear,not_gujlish
UgwY5w9CroRU00DNPMZ4AaABAg,RWWCSzJW0dI,LALOO is a feeling of divinity,not_gujlish
Ugz-LPca4N0DBFs1u_Z4AaABAg,RWWCSzJW0dI,1 number movie ❤Bhau,not_gujlish
UgymrV34xQkQb6yVZd94AaABAg,RWWCSzJW0dI,i am Gujraati and Me lalo film ki hiroin riva ko jaanta hu. or me uske ghr jaata rehta hu🙏,not_gujlish
UgwhgCUrAzRS5_OPuDh4AaABAg,RWWCSzJW0dI,100 Crore+ On 29 Nov. 2025,not_gujlish
Ugyz1KN_2CVlbF5Xecp4AaABAg,RWWCSzJW0dI,5000 nhi 16000 persent profit hai I am gujrati bollywood ki gandki dekhne se behtar saaf sutri film enjoy all with family..,not_gujlish
UgyHPASF1FLbsDgovnJ4AaABAg,RWWCSzJW0dI,❤,not_gujlish
Ugyp-O-PCF6yhlcifn54AaABAg,RWWCSzJW0dI,Radhe.krishna,not_gujlish
UgzFUkiy3MRUw5lRYjh4AaABAg,RWWCSzJW0dI,Superhit movie ❤❤,not_gujlish
UgyL36t9V1jX1EwjpdZ4AaABAg,RWWCSzJW0dI,"I saw this movie and could not understand what people liked in this movie. It was lame and I could not wait, for the movie finished. I won’t trust reviews from India.",not_gujlish
UgyP7PBzGHvgFPc1an14AaABAg,RWWCSzJW0dI,All time mega bolkbuster 🔥🔥🔥,not_gujlish
UgxTXbwh_u22yeXrvjd4AaABAg,RWWCSzJW0dI,I am gujarati ❤❤,not_gujlish
Ugw7L_Kk8xdFwG0AsZh4AaABAg,RWWCSzJW0dI,70 crore Today 28/11/2025,not_gujlish
UgyiatIDqoXdpd31wu14AaABAg,RWWCSzJW0dI,Mein bhi gujrati hu bhai ❤❤❤,not_gujlish
UgzmEbiR_Kr0d45XnxV4AaABAg,RWWCSzJW0dI,Didi ek aur video bana lo 50 lakhs budget 90 cr 😂 collection means profit margin is on World record level 😂❤,not_gujlish
UgzteLP5hzPFk025Q8p4AaABAg,RWWCSzJW0dI,I m gujrati super hit movie love you movie ❤ jai shree krishna,not_gujlish
UgwNuNS9JXXHXyyrmIx4AaABAg,RWWCSzJW0dI,Now movie cross 60 cr,not_gujlish
UgxxMeq1FRKopJNvYmZ4AaABAg,RWWCSzJW0dI,"14000% profit is running now..😅😅😅

.",not_gujlish
Ugy0WScejui8T1-7KHJ4AaABAg,RWWCSzJW0dI,100 caror par ja chuki he,not_gujlish
Ugzq155ToupsprJaTJt4AaABAg,RWWCSzJW0dI,"Inwest 50lk

Now 100cr 🤞🏻",not_gujlish
Ugxte_xZ5W4WNyarzm94AaABAg,RWWCSzJW0dI,Waah meri Gujarati movie ❤❤❤❤Jai Shree Krishna,not_gujlish
Ugzfvh-eiJTPst3VnWx4AaABAg,RWWCSzJW0dI,Proud that this movie touching 100.Crore,not_gujlish
UgxO8jNhYpDTp11VkVN4AaABAg,RWWCSzJW0dI,Radhe Radhe 🦚🦚,not_gujlish
UgyFLnuApjDrrYiYmwJ4AaABAg,RWWCSzJW0dI,"Budget :- 1 Cr..
Total Collection ( 25-11-2025 ) :- 88.4 Cr Worldwide 

Thats our Dhollywood 🤌🏻",not_gujlish
Ugx5tGoWBWBOSBD55J54AaABAg,RWWCSzJW0dI,24 Nov 2025 tak 75 crore,not_gujlish
UgwgBovav4Tua-vAfj54AaABAg,RWWCSzJW0dI,One of the best movie❤,not_gujlish
UgzkUXWFp97YRa5sxpl4AaABAg,RWWCSzJW0dI,ll_લાલો_श्री कृष्णा सदा सहायते_ll👑👑👑,not_gujlish
UgyIp7P0NWlvIb3It5d4AaABAg,RWWCSzJW0dI,Bhagwan ne add Kari dyo aetle logo jova jase wahh 😂😂,not_gujlish
Ugw2hvAKoLrywtZy-wt4AaABAg,RWWCSzJW0dI,Mem lalo review  pe subscribe  kiya ❤,not_gujlish
Ugyup3eCkwp0RzzuInJ4AaABAg,RWWCSzJW0dI,Abhi 73crore ho gaye hai❤,not_gujlish
Ugzl7rZG3aq3AZGR30h4AaABAg,RWWCSzJW0dI,Me gujrati hu. Aur muje proud fill hota he .  Meri gujrati industry pe.  Ki ab vo bhi aesi movie bana rahe he jo.  All time block buster ho ❤❤.  Bhai log dashera movie bhi  jaldi aa raha he ho bhi dekh lena.  Gujrati movie he,not_gujlish
Ugwu9_GptQZLAjL7tiJ4AaABAg,RWWCSzJW0dI,"Now it has crossed 55+++ cr..
Budget 50 lakh only ❤❤

Edit 120 cr+++",not_gujlish
Ugzyk2oxAsOmONfcp554AaABAg,RWWCSzJW0dI,A wonderful movie to watch with  family,not_gujlish
Ugw1LNXesLCAAxyTFFF4AaABAg,RWWCSzJW0dI,❤जय जय गढ़वी गुजरात❤,not_gujlish
UgzZEepaf_iSg4xGKY14AaABAg,RWWCSzJW0dI,Overrated asf movie ......your video is interesting than whole movie,not_gujlish
UgwnYhwU6Yohm3lHs6J4AaABAg,RWWCSzJW0dI,80 cr  croos,not_gujlish
UgyRW0US0VLmA-LA4PF4AaABAg,RWWCSzJW0dI,👍Lallo Blockbuster🎥Movie I Am Kaathiyawadi🙋Gujarati🚩Jay🌹Shree💖Krishna🕉️Jay🌹Girnari🙏,not_gujlish
UgxdUXDERMu5NSYmyf54AaABAg,RWWCSzJW0dI,"Jaise hum south indian movies ko dub karke dekhte hai, waise hi aise gujarati movies ko bhi dub karani chahiye",not_gujlish
UgwdguHeR4DyG0ZwVFt4AaABAg,RWWCSzJW0dI,"I watch it twice, & I want to watch it again, it's too good movie, & songs are hearttouch",not_gujlish
Ugwm-1AnyoHBGgbIayd4AaABAg,RWWCSzJW0dI,"Please watch ""chaniya toli""....it's beautifull movie",not_gujlish
Ugw82m2WPK_Ziia22hh4AaABAg,RWWCSzJW0dI,Proudly  I m gujrati ❤❤❤❤❤❤❤❤,not_gujlish
UgzAg-5JeUInTwgAYgF4AaABAg,RWWCSzJW0dI,"Maine dekhi 
Bhut achi hi👍
I am marathi",not_gujlish
UgzZpgTlop3kb-ki_-V4AaABAg,RWWCSzJW0dI,75cr cross kar liya aaj ... Krishna sada sahayte ❤,not_gujlish
Ugza86peT2Vhb6DAOM54AaABAg,RWWCSzJW0dI,1:43 pe stop aage ki story theatre me Jake dekhenge ❤ jay shree krishna 🙏❤️,not_gujlish
Ugwl9JRfnHz_yzMeC3x4AaABAg,RWWCSzJW0dI,Garvi Gujarat ❤,positive
UgwRXQBn6lHRYggE1gd4AaABAg,RWWCSzJW0dI,Great movie ❤❤ I see this movie two times in theatre but then after I want to see again lovely movie ❤❤❤❤,not_gujlish
Ugxw4iA_1IRsmqGvU8J4AaABAg,RWWCSzJW0dI,I am gujrati,not_gujlish
Ugw7mj19dxFy0LiVkIF4AaABAg,RWWCSzJW0dI,"जब जब धर्म की हानि होगी तब भगवान किसी को ना किसी को...किसी भी रूप में भेजेंगे..ये फिल्म आपके अंदर इतनी कृष्णभक्ति जगा देगी कि आप हर वक्त बस अच्छे कर्म करने के लिए प्रेरित रहेंगे...इसीलिए कहते हैं कि ''  श्री कृष्ण सदा सहायते "" .",not_gujlish
UgzQicv2Nk01J5HLLuB4AaABAg,RWWCSzJW0dI,OMG 1 & 2 were subtly insulting of religion,not_gujlish
Ugw23-OFOC3Fk8yP4Zx4AaABAg,RWWCSzJW0dI,They should also dubbed in hindi,not_gujlish
Ugx8tdfnWQPPWzMkRPV4AaABAg,RWWCSzJW0dI,Hamare Gujarati community k liye Ye film  sanmaan aur Gauravpurn lamha hai. Shri krishna sada sahayte🙏🙏🙏,not_gujlish
Ugz7N98tWRzKg0a_6P14AaABAg,RWWCSzJW0dI,Hu iqbal best movie for every please watch,not_gujlish
UgwBNnX6oBcG-7P6F4x4AaABAg,RWWCSzJW0dI,Gujarati ❤,not_gujlish
UgwpKf9HYzn9O-m91MF4AaABAg,RWWCSzJW0dI,Bahot proud hota he jab mere gujarat ka nam roshan hota he❤❤,not_gujlish
UgyMSL8o13c19KVNAr54AaABAg,RWWCSzJW0dI,Budget 1.10 cr and advertising 1 cr total 2.10 cr,not_gujlish
UgwL45G3RbO-J91Cg254AaABAg,RWWCSzJW0dI,Ye puri kahani yahi bata deti hai for kuch maja nahi aata movie ka🫤😕,not_gujlish
Ugw93Fn4b0sJkW_QYaR4AaABAg,RWWCSzJW0dI,"ShriKrushna Sada Sahayte 🙏
Jai Jai Shri Dwarikadhish ji🙏
Jai ShriKrushna 🙏",not_gujlish
UgwvhCfmsqup6dfj4Dt4AaABAg,RWWCSzJW0dI,Very nice ji sir Ram,not_gujlish
Ugx041Q0xGv832xclc14AaABAg,RWWCSzJW0dI,❤,not_gujlish
Ugw9humC95YQWX_AFqB4AaABAg,RWWCSzJW0dI,Jai shree Krishna radhe 😊,not_gujlish
UgybOxC1Nqlm6EKiAyJ4AaABAg,RWWCSzJW0dI,Maru gujrat,not_gujlish
UgxuiHGk-2y6hjTORwJ4AaABAg,RWWCSzJW0dI,vikram thakor gujarati iss king,not_gujlish
UgxRrVrvKDNBr0lx-n14AaABAg,RWWCSzJW0dI,Dholywood industry ❤,not_gujlish
UgxFwlBXh6w1iqrK9Qh4AaABAg,RWWCSzJW0dI,"Watch ""chal jeevi layiye"" you will learn to live life.",not_gujlish
UgzKkXN8wkMjdHo_mBN4AaABAg,RWWCSzJW0dI,dusshera review,not_gujlish
Ugz7Mnpqikzb1-0PJg14AaABAg,RWWCSzJW0dI,Aaj 10300% profit ho gya 🤩🤩 52cr collation,not_gujlish
UgwkTJ7Q2Ld6AuC4QG14AaABAg,RWWCSzJW0dI,Super duper gujrati movie,not_gujlish
UgzAJLTaYD_qmRHSiW94AaABAg,RWWCSzJW0dI,53 cr 🎉 ho gaya,not_gujlish
UgzEZablYoEYjBX82nh4AaABAg,RWWCSzJW0dI,Average movie thi bus krisna kaa naam liya hai aice sab girl' paagal hoo gayi hai,not_gujlish
UgyhvQ9jEnBvH84TyeZ4AaABAg,RWWCSzJW0dI,0:36,not_gujlish
UgyDmfzY87r4_8j4sL14AaABAg,RWWCSzJW0dI,50 Cr Cross❤,not_gujlish
Ugze8WP1zGQoNIIH5gJ4AaABAg,RWWCSzJW0dI,Me kal hi dekh kar aaya hu pura theatre housefull tha,not_gujlish
Ugw1QHMFNmH4dfgURY54AaABAg,RWWCSzJW0dI,Akshay kumar is watching for remake.,not_gujlish
UgyRK_8tYBn5RpPmTep4AaABAg,RWWCSzJW0dI,It is available in hindi?,not_gujlish
UgyAj72ekRkoxGlxmjh4AaABAg,RWWCSzJW0dI,લાલો. It's good movie,not_gujlish
UgxGZa5JiGuG45RXlw94AaABAg,RWWCSzJW0dI,Subtitles honge kya theatre me?,not_gujlish
Ugxvqs-XwiGIL9TXZm94AaABAg,RWWCSzJW0dI,Being gujarati it is worth less movie to watch !,not_gujlish
Ugz-E4McXRHZn3IoPsp4AaABAg,RWWCSzJW0dI,"Abhi to ""DASERA"" Movie baki hai 📈🔥🔥🔥🔥🔥",not_gujlish
Ugxvt5DVeLVVroZi46l4AaABAg,RWWCSzJW0dI,Watched it today and I have never seen a movie like this !,not_gujlish
Ugw2LJHpPwECwst51nt4AaABAg,RWWCSzJW0dI,Yah film log 2 to 3 bar jakar dekh kar aaye Hain,not_gujlish
Ugzpwq-2NnKgDN9Hmg54AaABAg,RWWCSzJW0dI,Oscar me jani chahiye,not_gujlish
UgzPIdSr2p_dVkVa95h4AaABAg,RWWCSzJW0dI,ajj  16-11-25 is movie ka total collection 52cr ho gaya hai or abhi bhi sab show full hai 🍂💜,not_gujlish
Ugy09CjT1daZtHZ8wBV4AaABAg,RWWCSzJW0dI,Proud gujarati ❤...,not_gujlish
UgxD8BUWEoWOdbiIbkR4AaABAg,RWWCSzJW0dI,The movie budget is 1 carore 10 lakhs not 50 lakhs. Refer to the director's interview with Komal Nahata.,not_gujlish
UgxY5DlRGGXz3FXw9eF4AaABAg,RWWCSzJW0dI,GUJARATI MOVIES DAY BY DAY...📈 🙌🏻,not_gujlish
UgzEqFeY5i_Qphxbc-F4AaABAg,RWWCSzJW0dI,lalo ho baki,not_gujlish
UgxvdGmb5S9CeVqHIYh4AaABAg,RWWCSzJW0dI,"Laalo Krishna Sada Sahaayate is the best Indian film of 2025 ❤ A must watch whole family movie for every Indian! We must support such films showing Sanatan culture, tradition and philosophy of Bharat with great respect and pride, by watching them at the theatre. 😊 Jai Shree Krishna! 🚩🚩🚩",not_gujlish
Ugydx8FP1qepNUwAbnF4AaABAg,RWWCSzJW0dI,Jai shree krishna 🙏,not_gujlish
UgxFD4YU88yaBmJjn-14AaABAg,RWWCSzJW0dI,Looks intresting.. Will watch. From Kerala.,not_gujlish
Ugw3UEQ-pXq59zpzNuh4AaABAg,RWWCSzJW0dI,Best Gujrati movie...❤,not_gujlish
Ugw4fDkx2A3p5wiHHuR4AaABAg,RWWCSzJW0dI,I also felt that I should have watch earlier,not_gujlish
UgzjLNx0W5sRP01Ia6V4AaABAg,RWWCSzJW0dI,Gujarati movie day Bay day 📈📈📈📈✅✅✅,not_gujlish
UgyeExs7NOqeTM6JE9h4AaABAg,RWWCSzJW0dI,जय द्वारकाधीश 🙏🏻,not_gujlish
Ugw864GOR9DNWPulYuh4AaABAg,RWWCSzJW0dI,Gujarati oo ee pachu batavi didhu ke 'Krishna' j apdi Dharti na saccha Raja che,positive
Ugyiv5ZFyZfxnrdn6sp4AaABAg,RWWCSzJW0dI,"As a Marathi...I am proud of Gujarati Cinema...
This movie was revoked from the theatres but people requested theatres to re run this movie...",not_gujlish
Ugyc1izzh8vVhnC97SJ4AaABAg,RWWCSzJW0dI,Bhagwaan ke name par business karoge to profit hi hoga chahe film ho ya iskon temple bhale vo india me shree Krishna ke liye hai lekin vo foreigners chala rahe hai unke liye to ye business hai ...,not_gujlish
Ugyr5lHfFGcT9shHtYZ4AaABAg,RWWCSzJW0dI,Fir se is movie par video banao,not_gujlish
UgwAVWBmHZXZPJJSk2J4AaABAg,RWWCSzJW0dI,Very boring movie,not_gujlish
UgwGctJj5ojeahCUpMZ4AaABAg,RWWCSzJW0dI,Fir se AK video is topik par banao❤❤❤❤❤,not_gujlish
UgxzDV9K9KEQV9PDMj14AaABAg,RWWCSzJW0dI,Best Movie,not_gujlish
UgxHDnzXrdInMNBaui54AaABAg,RWWCSzJW0dI,Lalo super movie,not_gujlish
Ugwd7a9gczhPYX3PBOh4AaABAg,RWWCSzJW0dI,Dasera movie dekhiye...gujrati.....,not_gujlish
UgyZYv-rmLfAp6TIesx4AaABAg,RWWCSzJW0dI,Jai shree radhe Radhe Jai shree Krishna 🙏🌹🙏🌹🙏🌹🙏🌹🙏🌹🙏🌹🙏🌹🙏🌹🙏🌹🙏🌹🙏🌹🙏🌹🙏🌹🙏🌹🙏🌹🙏🌹🙏🌹🙏🌹🙏🌹🙏🌹🙏🌹🙏🌹🙏🌹🙏🌹🙏🌹🙏🌹🙏🌹🙏🌹🙏🌹🙏🌹🙏🌹🙏🌹🙏🌹,not_gujlish
UgzkgBDgiZ1tgLMRrLJ4AaABAg,RWWCSzJW0dI,Great gujarati movie,not_gujlish
UgyNRDjWsQQlgdGnOdF4AaABAg,RWWCSzJW0dI,Hindi language me hai ?,not_gujlish
Ugwyk5war-nWDky8phV4AaABAg,RWWCSzJW0dI,"Amara Gujarati je vastu ma pade ena bhuka kadhi nakhe 

Ee ગુજરાત na ગુજરાતી મોદી સરકાર na",not_gujlish
UgwHZWG0mdSZ5RASiwx4AaABAg,RWWCSzJW0dI,"Achha  hai ab hindi media bhi gujrati movie ko bhi positive  nazrie સે dekhti hai.
Jayshrikrushn",not_gujlish
UgwfQ2IYJRQFTz3EiyJ4AaABAg,RWWCSzJW0dI,"Jay ho gujju maharaj..
Jay hind 
જ્ય શ્રીકૃષ્ણ",not_gujlish
Ugz-B7VjxeV0ySXR5NZ4AaABAg,RWWCSzJW0dI,"Gujrati  best ho  
Mota bhai",not_gujlish
UgxvO6_DPmhF8judEUF4AaABAg,RWWCSzJW0dI,Hamne aapko instagram kiyatha,not_gujlish
Ugx1_SRk4rj4THRt9_h4AaABAg,RWWCSzJW0dI,New Gujrati VFX Film dussehra movie review please Support Gujrati movies❤🙂,not_gujlish
UgyIQmWTs_AbHat3pzF4AaABAg,RWWCSzJW0dI,"Please also watch the ""Dusshera"" gujarati movie.",not_gujlish
Ugy1W84Bb5KX3KH0Usl4AaABAg,cxtJ9h__98o,Kya hi pyari movie hai... Movie nahi balki emotion hai... Deep meaning wala jisme aap agar gehrai se samjh jaaye to aapko zindagi jeena aasan ho jaayega wo dikhaya gaya hai is movie me,not_gujlish
UgzzFB4UBduGbRVEFe54AaABAg,cxtJ9h__98o,Omg ki yaad to mujhe bhi aayi thi movie dekhte hue,not_gujlish
UgxaOFgOTFwOXS6sjKl4AaABAg,cxtJ9h__98o,Kiss channel p ha,not_gujlish
UgxoF1chcItFn4BUZcR4AaABAg,cxtJ9h__98o,Amazing,not_gujlish
UgztRnnSHY4bsLn4h0F4AaABAg,cxtJ9h__98o,That chanting was honest or Bro you drop reference for some people who use Religion for even film reviews 😂,not_gujlish
UgwSfHMvwph8HiLJAVx4AaABAg,cxtJ9h__98o,Ek number ki movie hai lalo❤️❤️,not_gujlish
UgzdqFKH8n7vafCNKlN4AaABAg,cxtJ9h__98o,Very very good movie❤❤❤❤,not_gujlish
UgyDmOA5YwZE_1zxrQh4AaABAg,cxtJ9h__98o,0:02 yah sab nautanki karne ki jarurat thi 😂😂😂😂😂😂😂,not_gujlish
UgwZnUP0QyTRhzcPefl4AaABAg,cxtJ9h__98o,Om Namo Bhagwate Vasudevay Namah 🙏🏻🙏🏻🙏🏻🙏🏻🙏🏻🙏🏻,not_gujlish
UgyFgthqQ6GwfHMcz614AaABAg,cxtJ9h__98o,Bahut badiya movie❤❤❤❤❤,not_gujlish
Ugz3lH_Uwo_YWVenm9B4AaABAg,cxtJ9h__98o,Dil chune waale movie h,not_gujlish
Ugyi8r_x4TZ8GGL3kpF4AaABAg,cxtJ9h__98o,🙏 जय श्री कृष्णा 💐,not_gujlish
Ugx-_1_axrNvrr4Zhut4AaABAg,cxtJ9h__98o,भाई भगवान के प्रति इमोशन इस मूवी को देखने के बाद कई गुना बढ़ गए ❤❤❤😢🙏,not_gujlish
UgwuLxZB656HKQmE_WB4AaABAg,cxtJ9h__98o,Bakwas lgi,not_gujlish
Ugz0GnFdj_FDu07w7Vx4AaABAg,cxtJ9h__98o,Itni bhaddi movie h kya hi batau,not_gujlish
UgxMUFL-NGTzFg3-1sh4AaABAg,cxtJ9h__98o,Bhai koi aesi b movie ha JIS KO ap ne 5 ⭐ diye hon?,not_gujlish
Ugz5ydnmrt-nhtgyCCN4AaABAg,cxtJ9h__98o,"Yogi ji, thank you for an honest review and suggestion to watch this movie with family 👍
Yeh movie bhaashan na dekar, chhoti chhoti clips me, bahot saari baat bata gayi hai 😊
Totally, a movie to be experienced, to be felt... 😊👍🙏",not_gujlish
UgwV3ceLzXIscGtmgPl4AaABAg,cxtJ9h__98o,Bahut achhi movie he😮❤,not_gujlish
Ugw1jYQ9aDNh3f51lsF4AaABAg,cxtJ9h__98o,lalo ❤❤❤❤❤,not_gujlish
UgwtsWQvBnUqBcB7U894AaABAg,cxtJ9h__98o,Mango Hit or de SUPER HIT❤❤❤❤❤❤❤VO mwea Thakur Dwarikadhish ❤❤❤❤,not_gujlish
UgyXrFREqiO8Ekz9rGR4AaABAg,cxtJ9h__98o,Shreeju kripa kevalam ❤❤❤❤❤❤❤,not_gujlish
UgycPNctb8NWM0kQZ8d4AaABAg,cxtJ9h__98o,"Sir please ek bar he Marathi movie dekho "" एप्रिल मे 99 "" please sir "" April may 99""",not_gujlish
UgzQ9zMtKEtFtgBG04t4AaABAg,cxtJ9h__98o,AA 23 ka review do bhai,not_gujlish
UgyJ5mS_OPGpRNS-aeh4AaABAg,cxtJ9h__98o,Hindi me a gayi nahi to ❤ Ajay Devgan ❤ Baithe hai 💞,not_gujlish
Ugx765nm8EE9yliD-B94AaABAg,cxtJ9h__98o,"Malayalam ka naya movie aaya hai 
Eko    Ka review laiyee",not_gujlish
UgyJI6mfhYRGoEdapdl4AaABAg,cxtJ9h__98o,Please Review Chaniya toli Movie it's an Gujarati Movie too,not_gujlish
Ugw3YFl0av7uWWGzHOp4AaABAg,cxtJ9h__98o,"Great review Dost. If people have supported Dhurandhar with conviction, and that gives me strong faith that they’ll also stand by Laalo – Krishna Sada Sahaayate. This is not just another film—it’s a deeply emotional, thought-provoking journey with a powerful social and spiritual message that lingers long after the screen fades. What makes it even more remarkable is the fact that it marks the debut of both the director and the actors—yet there is a maturity, honesty, and emotional depth in the storytelling that feels far beyond first-time filmmaking.

Laalo is not driven by scale, spectacle, or marketing noise; it is driven by heart, belief, and unwavering conviction. Every frame reflects faith in the story being told, and a quiet courage to say something meaningful in a time dominated by surface-level cinema. Films like these deserve to be seen, discussed, and supported—because they remind us why cinema exists in the first place.",not_gujlish
UgxH88WrzjVoVWc40Rp4AaABAg,cxtJ9h__98o,Ka  movie ko dekha,not_gujlish
UgzF6rjmDzPLX1ty8Bp4AaABAg,cxtJ9h__98o,अजय देवगन – बोलो जुबा केसरी 😅,not_gujlish
UgzIxxk0aLLm99fsAJV4AaABAg,cxtJ9h__98o,Great movie,not_gujlish
Ugx5gL50nHvTv7xGJ514AaABAg,cxtJ9h__98o,Aap to paise wale he,not_gujlish
UgyQFYeSjO6fnpwQYXV4AaABAg,cxtJ9h__98o,1lakh dijiye na bhaiya loun bharna hai😢,not_gujlish
UgwPu7pv6gizeB8kBGV4AaABAg,cxtJ9h__98o,Dear Hindi audience… Being a gujrati I request you please watch this masterpiece in cinema… its so divine and amazing ❤,not_gujlish
UgxLdtpBfADKu8W57op4AaABAg,cxtJ9h__98o,Brilliant 🔥🔥🔥🔥🔥🔥🔥🔥🔥🔥🔥🔥🔥🔥🔥🔥🔥🔥🔥🔥🔥🔥🔥🔥🔥🔥🔥🔥🔥,not_gujlish
UgwvOhx2CK8on1ouRzd4AaABAg,cxtJ9h__98o,काय yar faltu chipka di 😡😡😡😡,not_gujlish
Ugxwm7ElDoeTaN7FGvJ4AaABAg,cxtJ9h__98o,2:27 after Rajasahab review i don't have enough courage😂to watch,not_gujlish
Ugygz1zgkOvn-NWMliJ4AaABAg,cxtJ9h__98o,2:41 😂,not_gujlish
Ugyu_3ij_ODonwBUgAx4AaABAg,cxtJ9h__98o,❤❤,not_gujlish
UgxHOepbt_gFMh2u8LZ4AaABAg,cxtJ9h__98o,लालो मूवी अच्छा हे लेकिन कृष्ण की भूमिका कोई और कर लेता तो और भी अच्छा होता ये कृष्ण बियर सिगरेट पिने वाले जैसा दिखता हे 😂😂,not_gujlish
UgwG-rKXCNJoKejiJdl4AaABAg,cxtJ9h__98o,Thank you from Gujarat ❤❤❤,not_gujlish
UgzRKUNl1pdKicAW2jF4AaABAg,cxtJ9h__98o,Gujarat❤,not_gujlish
UgwNvTOaqc8JEuyCjdJ4AaABAg,cxtJ9h__98o,Ajay devgan to bethe hai ..😂😅,not_gujlish
UgwOvhBmmf2YBcPk3Y54AaABAg,cxtJ9h__98o,1:38 😍,not_gujlish
UgwnXc89WDBU8RP0uF54AaABAg,cxtJ9h__98o,Movie jordar ❤❤❤❤❤❤❤,not_gujlish
UgyHkwWOZM7CFPqW1g14AaABAg,cxtJ9h__98o,Gujrati blockbuster movie he,not_gujlish
UgwOtQW3hsImw0PdDR54AaABAg,cxtJ9h__98o,"Hanostly just one demand, no bollywood remake otherwise they will distroy  the sole of movie.",not_gujlish
UgzGq19aUyKWoSz8GvN4AaABAg,cxtJ9h__98o,Gujrati ✅🎉,not_gujlish
Ugz5rbhAqQK3fcwD2vt4AaABAg,cxtJ9h__98o,Radha Krupa kevlam ❤❤,not_gujlish
UgxTAevGYUoiNxsx1CV4AaABAg,cxtJ9h__98o,Shree radhe kripa kevalam ❤❤,not_gujlish
Ugw4Pkymgmhz0yJYamF4AaABAg,cxtJ9h__98o,Shreeju kripa kevalam ❤❤,not_gujlish
UgwgxDy1ESiHywJJ1NJ4AaABAg,cxtJ9h__98o,Nepali audience 😂,not_gujlish
UgxXAMgUTjE_HLkNjwB4AaABAg,cxtJ9h__98o,❤❤❤,not_gujlish
Ugw7NLiGP2mAhSQuhMV4AaABAg,cxtJ9h__98o,Must watch,not_gujlish
UgxE3Jer4zcCR_MMhG54AaABAg,cxtJ9h__98o,Maine gujarati me dekhi hai. Good movie ❤,not_gujlish
UgyQAtSXhicvjhY2Zz14AaABAg,cxtJ9h__98o,Best,not_gujlish
UgySMM6wRm-fYsMvAsV4AaABAg,cxtJ9h__98o,𝙂𝙪𝙟𝙧𝙖𝙩𝙞 𝙘𝙞𝙣𝙚𝙢𝙖 𝙙𝙖𝙮 𝙗𝙮 𝙙𝙖𝙮 📈,not_gujlish
Ugweu5rmwKOPEhk43Wh4AaABAg,cxtJ9h__98o,2:43 vash in gujarati & shaitan in hindi😂😂,not_gujlish
UgxXIIPNsPlOKpgvxrR4AaABAg,cxtJ9h__98o,Ajay devgan😂😂😂,not_gujlish
UgyRNL4fuMIQcZXyCBZ4AaABAg,cxtJ9h__98o,ऐसी सभी मूवी हिंदी में  भी आनी चाहिये ताकि बॉलीवुड के चोर कहानी का रिमेक बना में ना पाए 😂,not_gujlish
UgyXWo7Wv6q_v5G5RkV4AaABAg,cxtJ9h__98o,Radha Radha🦚🪈,not_gujlish
UgyNtVcsh22vrNmeMOx4AaABAg,cxtJ9h__98o,❤,not_gujlish
Ugyu5ciseuA6VCIstCB4AaABAg,cxtJ9h__98o,In my view...it's a five put five ... rating movie,not_gujlish
UgxWnqaGIXvH-tu1Wtl4AaABAg,cxtJ9h__98o,Sanjeeda,not_gujlish
Ugz0JQfGGcgNHkQes-V4AaABAg,cxtJ9h__98o,Men bhi gujarati hun 😊,not_gujlish
UgzRgsf1WPEBbaj3EJd4AaABAg,cxtJ9h__98o,Radha Radha 🌹,not_gujlish
Ugyf_rt3h_syuTyeUL54AaABAg,cxtJ9h__98o,Jab aai thi tabhi bola tha review karo yogi bhai magar chalo koi baat nhi naraj nhi kiya aapne sab ko ek bar to dekhni chahiye yeh movie,not_gujlish
UgzZ4mHGl6-ySAMG7z54AaABAg,cxtJ9h__98o,Hanji.. download kar raha hu abhi😊,not_gujlish
UgxU5vCTtpZMTg14S2d4AaABAg,cxtJ9h__98o,Ott pe hai kya,not_gujlish
UgwxuvydqjLlabjDCAN4AaABAg,cxtJ9h__98o,Jai Shri Krishna,not_gujlish
Ugy2fvglvays46_azaV4AaABAg,cxtJ9h__98o,As a Gujarati main yahi kahunga apni puri family ke saath yeh movie dekho tumhari zindagi badal jayegi...,not_gujlish
UgyZcyrZ4M1oF4OnTQR4AaABAg,cxtJ9h__98o,"It’s low budget but very well made 

Superb story 
Divine experience 
❤❤❤",not_gujlish
UgxDZYfEgS6tjJbAF_d4AaABAg,cxtJ9h__98o,Gujarati Always Rock Brother,not_gujlish
UgwSqLgAR43aogAl88p4AaABAg,cxtJ9h__98o,Hi Yogi aap ne Lalo Gujrati Movie Review kar hi diya hai to fir Ek baar aap Hu..Iqbal Gujrati Movie dekh ke uska bhi Review kardo. thodi kami hai Camera man ki par fir bhi ek baar dekh ke please karo review. woh movie aap ko dekhni hi chahiye yogi. please.. i m a film lover. from gujrat,not_gujlish
UgwWk4FSRpo4JzrwF9V4AaABAg,cxtJ9h__98o,Kuch khas nahi hai movie me simple story hai..,not_gujlish
UgzF3qGSz5pvRMS5LEt4AaABAg,cxtJ9h__98o,13 gwalior madhya pradesh,not_gujlish
Ugy007F4f6xI-fEdlbp4AaABAg,cxtJ9h__98o,Mere city me hi bani hai ❤ they don't had much money for movie somehow they mad e it by borrowed money its miracle like god krishna helped them its crossed more then 100cr,not_gujlish
UgwDBeGO1v01V5inKvV4AaABAg,cxtJ9h__98o,Assam ke movies ka review kyo nehin late..ho🥲😔,not_gujlish
UgxnySzorgFssa7kdeJ4AaABAg,cxtJ9h__98o,Yes mene 2 mahine pahle dekhi thi from gujrat ❤,not_gujlish
Ugxjjv_1c79WvyDaSoZ4AaABAg,cxtJ9h__98o,"Mne 10 jan ko rajasaab dekhi, 11 jan ko mne yeh laalo dekhi, kya masterpiece deki yrr gazab. Aur raja saab dekh kr to ultiyan aagye",not_gujlish
Ugxum6qoCKW3VZov3O54AaABAg,cxtJ9h__98o,Lallo ❤,not_gujlish
Ugzg-FWFX56ahbSR_UZ4AaABAg,cxtJ9h__98o,Ajay Devgan ke dar se hi ye karna pada 😂😂😂,not_gujlish
Ugx_38vBkV-Rfslk1GF4AaABAg,cxtJ9h__98o,4 out of 5 Star ❤ 3:05,not_gujlish
Ugw0mZi1yqh8vOY_3XJ4AaABAg,cxtJ9h__98o,Sk ki new released movie. Parashakti ka review dijiye please please 🙏🥺,not_gujlish
UgyRGLfRp5vvfd4IOsJ4AaABAg,cxtJ9h__98o,Proude to be a gujjuuu❤❤❤,not_gujlish
UgxncPO7YlNfy6IeplV4AaABAg,cxtJ9h__98o,Mast hai ee babab😊😊😊😊,not_gujlish
UgxiGRNDyN-SViG5GyB4AaABAg,cxtJ9h__98o,Jordar 🎉🎉🎉🎉Lalo mimd blowing movie,not_gujlish
Ugx17SrUnykVvzL2py14AaABAg,cxtJ9h__98o,Ajay devgan bethe he kuch samja nai 😅 koi bat he to batao,not_gujlish
UgzXuGtNflbgbrPKKSV4AaABAg,cxtJ9h__98o,Gujrati movie day by day 📈😊😊😊,not_gujlish
Ugza2kViKuvFH8Rz8vR4AaABAg,cxtJ9h__98o,Yogi Bhai aapka age 40 years hai toh 25 yrs ka Suraj Kumar aur Abhishek aapki dost kaise ? How? Aap tinoki dosti hai yaa Baap Beta ka ristaa. Answer me Yogi Bhai?🤣🤣😂,not_gujlish
UgxsplAidAQbzYO5KxB4AaABAg,cxtJ9h__98o,Technically accent is kathiyavaadi to be precise,not_gujlish
UgyQR0xwwyTZ-KIthTF4AaABAg,cxtJ9h__98o,Mast movie h,not_gujlish
UgyQK6d5BSNph1Chl5h4AaABAg,cxtJ9h__98o,As a gujrati I'm proud😍,not_gujlish
UgwxxJyMI-Uvui46jqJ4AaABAg,cxtJ9h__98o,Mast movie laga ji ❤😊,not_gujlish
UgwUpnHsWI4VkkBK0rZ4AaABAg,cxtJ9h__98o,Ye gujarat ki ek esi movie hai jo lag bhag kai year baad aai hai jaha hum gujarati apne mummy or papa or family ke sath dekh ne gaye hai or Gujarat me ye movie 60 se 70 year age wale log bhi dekhne ja rahe hai abhi bhi,not_gujlish
UgxldWS0zfE2w1aLS694AaABAg,cxtJ9h__98o,Movie to best hai hi but songs bhi bohot hi achhe hai ( in gujrati ) i am also Gujarati,not_gujlish
UgzYjw3NZram7FdmBGV4AaABAg,cxtJ9h__98o,1 hi camera se shoot huia hain movie,not_gujlish
Ugzza0cDcBR74LpAinV4AaABAg,cxtJ9h__98o,🚩🚩🚩🙏🏻🙏🏻,not_gujlish
Ugzq2NaqOgxf_i0ZoKJ4AaABAg,cxtJ9h__98o,Me toh bhai Gujarat se hi hu mene toh kad ki dekh Li hai gujarati mein ❤❤❤,not_gujlish
UgwLfLTChEmvAno3mj94AaABAg,cxtJ9h__98o,Superb Honest Honest Honest review 🎉,not_gujlish
UgzH83vszXCzGe2H5g94AaABAg,cxtJ9h__98o,❤❤❤❤bahut must hai,not_gujlish
UgyNxvVGUcVEIej0Zyp4AaABAg,cxtJ9h__98o,This is the only film that has crossed the 100 crore mark in the Gujarati film industry.🎉,not_gujlish
UgxktXtR7bG13H2OXFp4AaABAg,cxtJ9h__98o,Hindi audience must need to watch again and again 😊🎉,not_gujlish
UgwhkabV3iUn0Xamosx4AaABAg,cxtJ9h__98o,Ghanta honest review Illogical movie hAi mera 2:30 🕝 waste ho gya,not_gujlish
UgwEPEHRnQZ1xKrFgix4AaABAg,cxtJ9h__98o,Sir k-pop ka promo aya h review kriye,not_gujlish
Ugwh8yQhcAexldXOrep4AaABAg,cxtJ9h__98o,👌🏻👍🏻,not_gujlish
Ugyq0M7n9SlgxCYsJd94AaABAg,cxtJ9h__98o,Bhai jana nayagan kab release kab ho rahi hai,not_gujlish
Ugw9BMddrf86lgdrctF4AaABAg,cxtJ9h__98o,"Yogi bhi tiger safari movie teaser ka review 
Jo K.G.F chapter 1&2 ka writer ka ha",not_gujlish
UgwocB3-3E6Yzg2qTk94AaABAg,cxtJ9h__98o,Aadi Shambhala ka review Karo bahut hi mast or horror hai 💀🔥,not_gujlish
Ugz45gB8OiqRsWU5YVB4AaABAg,cxtJ9h__98o,"ॐ कृष्णाय वासुदेवाय हरये परमात्मने
प्रणतः क्लेशनाशाय गोविंदाय नमो नमः॥

Thank you Yogi bhai, ye movie suggest krne ke liye 

Interval ke time jb Dwarkadhish ko dikhaya, Just Goosebumps🔥❤",not_gujlish
Ugx6uB-Y41wrj1WizZR4AaABAg,cxtJ9h__98o,Proud to be gujarati (kathiyavadi)😊,not_gujlish
UgzNZix3a2y3k8d7Rrl4AaABAg,cxtJ9h__98o,Love from GUJARAT ❤❤,not_gujlish
Ugz5S9sabCJshhZNhP14AaABAg,cxtJ9h__98o,Mujhe boring laga 😂,not_gujlish
UgxJdV8mOrCsqAjtpQ14AaABAg,cxtJ9h__98o,"Har koi aisi movie nahi banata, Aisi movie baar baar nahi aati just watch it with family!",not_gujlish
Ugz39ayBEAsqprcOiN54AaABAg,cxtJ9h__98o,"This is not a movie it has become a FESTIVAL now .
Jai Shree Krishna",not_gujlish
Ugwmpcr_ReCvS39oSrZ4AaABAg,cxtJ9h__98o,I highli recommend this movie,not_gujlish
Ugxyplgb3Z6EvI5XxzF4AaABAg,cxtJ9h__98o,Shambhala movie reviews kariye bro,not_gujlish
UgxRfY82R87v_M9yzNZ4AaABAg,cxtJ9h__98o,❤❤❤❤❤❤,not_gujlish
UgyAjhuq-wdnTUQ9xil4AaABAg,cxtJ9h__98o,Kya movie hai❤,not_gujlish
Ugwy3uosDjeHF1Ttpdx4AaABAg,cxtJ9h__98o,Intro se Prateek Borade ki yaad aa gayi,not_gujlish
UgwpnZyVpZUYjvC5PSV4AaABAg,cxtJ9h__98o,Proud To Be Our Gujarati Cinema💙,not_gujlish
UgwdDkSlpLhTs1Xjsdh4AaABAg,cxtJ9h__98o,The jhund bakwas movie 🎉🎉🎉,not_gujlish
UgzP3awFzPbeIxln1wJ4AaABAg,cxtJ9h__98o,Jai Shri Krishna 🙏 Best Emotions Portrayed,not_gujlish
Ugzntr99VaO0GRoabSN4AaABAg,cxtJ9h__98o,"Thanks pratik borade bhaiya
Mene iss masterpiece ko phele he dekh li thi ❤",not_gujlish
UgwjnumRXofRAnqC0sx4AaABAg,cxtJ9h__98o,Jai Shiri ganesh ji jai Shiri Radhe Krishna ji 🙏,not_gujlish
UgzT8RtMOsmV9e-ePxp4AaABAg,cxtJ9h__98o,Wold is best move,not_gujlish
UgypIg89zmq9mYMOMhF4AaABAg,cxtJ9h__98o,Average movie hai,not_gujlish
UgyrLHJ_45Aq3XrBkGl4AaABAg,cxtJ9h__98o,"ॐ श्री गणेशाय नमः 💫😇✨
जय माता जी 🙏🏽 🕉️🌏🔱🙏🏽
ॐ नमः शिवाय 🙏🏽🔱🌏🕉️🙏🏽
वन्दे_भारत 🙏🏽💖 🇮🇳 💖🙏🏽
जय जय श्रीराम जी 🙏🏽 🕉️🌏🔱🙏🏽
जय श्री रामभक्त हनुमानजी 🔱🌏🕉️
हर हर महादेव। 🙏🏽🔱🌏🕉️🙏🏽",not_gujlish
UgyyQ_JXW3jkkCmnXFN4AaABAg,cxtJ9h__98o,"bhai ""Bhay: The Gaurav Tewari Case"" ka review karo na",not_gujlish
UgxAYDGMiIdotWra1u94AaABAg,cxtJ9h__98o,❤,not_gujlish
UgyoBy0nWfhhEAKLDMd4AaABAg,cxtJ9h__98o,लार्ड कृष्ण भगवान बोल दे भाई लार्ड बोल के किसको खुश कर रहा है,not_gujlish
UgzzshkUOyJUs4FYv_N4AaABAg,cxtJ9h__98o,I AM PURE GUJRATI...❤️,not_gujlish
Ugy7M27Wk6qmsA_iEdZ4AaABAg,cxtJ9h__98o,Thank s Bhaiiiii 🙏🙂,not_gujlish
UgxKOSo8efbxO9g8kHl4AaABAg,cxtJ9h__98o,समस्या ये है कि आपको बताना पड़ रहा है।।।  अब आप इसे हिंदी भाषा गुजराती भाषा जब भी देखो ये प्यारी ही है,not_gujlish
UgwKPp0alsAk6hl0gFh4AaABAg,cxtJ9h__98o,Mast😊😊😊😊,not_gujlish
Ugw35E6uo7yCodMLVkJ4AaABAg,cxtJ9h__98o,"Laalo-shree krishna sada sahayte, a blockbuster Gujarati movie is now in hindi so pls watch it once in life",not_gujlish
UgwU76HmkMGMzJ1wo9Z4AaABAg,cxtJ9h__98o,Thank u so so soooo much bro for share to the tongue honest review about this excellent movie/milestone ❤❤❤,not_gujlish
UgxdFIMbGv8ooMcICMp4AaABAg,cxtJ9h__98o,Jay Dwarkadhish 🙏,not_gujlish
UgydfsESQgTdX9o82xd4AaABAg,cxtJ9h__98o,😊😊😊😊,not_gujlish
UgxXy7aUVufElI0fm3Z4AaABAg,cxtJ9h__98o,I am gujarati and thank you for supporting gujarati movie,not_gujlish
Ugwb8q-DNCs8y8Bunvx4AaABAg,cxtJ9h__98o,Radhe radhe,not_gujlish
UgwN021CVl9bVI6Q-Sx4AaABAg,cxtJ9h__98o,Trapped and omg combination,not_gujlish
UgxTTIf6Q3KcJhoW4H54AaABAg,cxtJ9h__98o,Love from Gujarat 1:59,not_gujlish
UgyxO2yOlAzYKTZDUwl4AaABAg,cxtJ9h__98o,Yogi bhai mene dekhi hai itni bhi achi nahi hai ketna aap bol rahe hoa,not_gujlish
UgwvRrfbPjxkQKQ5Iap4AaABAg,cxtJ9h__98o,Bhai hamare gujrati ki bat hi Alag hoti hai કેમ સા છુ ને ❤,not_gujlish
Ugw-5evO8K89iZsoZGd4AaABAg,cxtJ9h__98o,is movie ka review ka kab ka itjar kar raha hu 👌,not_gujlish
UgxW40P8YLbEKIIf1xB4AaABAg,cxtJ9h__98o,Jay Shree Krishna 🙏🙇,not_gujlish
Ugy-JR-Qrg7y15QmA7l4AaABAg,cxtJ9h__98o,Thank you.,not_gujlish
Ugyx3bHMHtMihT8keMV4AaABAg,cxtJ9h__98o,Sorry prabhas sir. 👍👍👍👍,not_gujlish
Ugy5GUtOkO4-mu8EM3d4AaABAg,cxtJ9h__98o,Eko movie review please 🙏,not_gujlish
UgwfG_uXy6nF8XG5exF4AaABAg,cxtJ9h__98o,Must watch,not_gujlish
UgyPc_Zh5XlRRwRqgZJ4AaABAg,cxtJ9h__98o,"Laalo ... Waste of time 
Overhyped movie
It's like a sasti oh my god movie .. don't waste your time",not_gujlish
UgwRQy_e9-FaNwkqCTt4AaABAg,cxtJ9h__98o,Thalapathy ki movie ka review karo,not_gujlish
UgxU2V8wbmgjMOrm5a94AaABAg,cxtJ9h__98o,Thalapathy,not_gujlish
UgyYf36lyC6DYG57oSp4AaABAg,cxtJ9h__98o,O romro song 🤯,not_gujlish
UgyWgsO-0jTcFuZDHRR4AaABAg,cxtJ9h__98o,Yogi Bhaiyya Ek Video Ajay Devgan Ke Upar Banao 😂 Ke O Kon Konsi Movie Ki Xerox Karne Wale Hai 😂😂👍,not_gujlish
UgyVOwAj3U2gFdg9t694AaABAg,cxtJ9h__98o,"Lalo krishna sada sahayete ❤
Best movie",not_gujlish
UgwBaD2OH_jlR9DH7ql4AaABAg,cxtJ9h__98o,❤❤❤,not_gujlish
UgznOROyknlVcTWmxDJ4AaABAg,cxtJ9h__98o,"yeh movie gujarati mai 12 lakh mai bani thi, khud makers ne interview mai bataya hai",not_gujlish
Ugy9xMiNnS9OLLDm3Kt4AaABAg,cxtJ9h__98o,Radhe Radhe,not_gujlish
UgxWSK9dZ070aVjF_054AaABAg,cxtJ9h__98o,Regional movies has always comes with great story,not_gujlish
Ugyt1zpdsFKZZ6TgbbV4AaABAg,cxtJ9h__98o,Now you are acting like Pratik Borade ... Be who u r man... !!!! Radhey Radhey !!,not_gujlish
UgylPuz-VEk1559vftN4AaABAg,cxtJ9h__98o,2:46 ajay devgun 😂😂😂,not_gujlish
UgxMzVCaWOaj9TU4LwN4AaABAg,cxtJ9h__98o,@YOGI BOLTA HAI yogi ji app ke ab tak ke 5 star rated diye hue movies and series ki video banaiye....,not_gujlish
UgxaJv9Ijm_CpZE_0WB4AaABAg,cxtJ9h__98o,"Bhai bhram movie ka trailer dekho bas ek baar 2min nikal kar 
Edit: gujrati movie hai 😅",not_gujlish
UgwKMQ9GRqD6-vK-dcR4AaABAg,cxtJ9h__98o,Love you Gujarati ❤🙏🎉🥰,not_gujlish
UgweHElcaOAPBVLUHLF4AaABAg,cxtJ9h__98o,"At last Yogi Bhai aapne movie dekh hi liya and Thanks for reviewing it.
YogiBhai I would like to Highlight especially One scene of the movie I guess it wont be any Spoilers waise bhi Unke cast and directers ne bhi us scene ke bareme baat ki hui hai.
The moment of that breaking wall scene , its like a new born baby comes out from the mother's womb same way lalo ka bhi ek naya janam hota hai.
Baki aapne Review kardiya to jinhone nahi dekhi hai who bhi abb dekhne jayenge.
Thank you once again.",not_gujlish
UgyZiXFK3oyVef4dmcZ4AaABAg,cxtJ9h__98o,Mene bhi aaj dekho 😮❤❤kya movie h,not_gujlish
UgwO4NvDYJqIAqzlsIF4AaABAg,cxtJ9h__98o,Bhai jio Hotstar per 23 January ko space gen chandrayaan teaser aaya hai review karo 🎉🎉🎉🎉🎉🎉,not_gujlish
UgzBbZjBvCcbubnAksN4AaABAg,cxtJ9h__98o,"I saw ૩ time in theatre in Gujarati also take a photo with movie lead cast. Best one is it's background music... To stornge, specially on interval part.",not_gujlish
UgxwSvNTnJZb71aaVHp4AaABAg,cxtJ9h__98o,Yogi Bhaiya Please Give Review on new Marathi movie Aasha ❤️,not_gujlish
UgxozotIAhAwQ9_It6l4AaABAg,cxtJ9h__98o,Kyon rajasaab 😂😂😂,not_gujlish
UgxRcDNxPPu3TP0Y15R4AaABAg,cxtJ9h__98o,"bhayiya ""THE TIGERS APPRENTICE "" movie dekho animated hai bohot acchi hai animation, storyline kuch unique hai maza aa jayega meri taraf se 4.5",not_gujlish
UgwAqBSt_w3w7Ju1cbV4AaABAg,cxtJ9h__98o,Eco movie review kro,not_gujlish
UgxQyCeWCwmge8dMEmt4AaABAg,cxtJ9h__98o,Thanks for reviewing gujarati movie,not_gujlish
UgyAu90MdGXgiwUnNYN4AaABAg,cxtJ9h__98o,Lalo is amazing ❤,not_gujlish
UgwWdRZaaupYrQfE2EJ4AaABAg,cxtJ9h__98o,"Love from Gujarat ❤❤
Best movie ❤",not_gujlish
UgwJjjym8bLidK0ympB4AaABAg,cxtJ9h__98o,Space gen chandrayaan teaser dekha review karo 🎉🎉🎉🎉,not_gujlish
UgwYX-8Q16NOrdLirep4AaABAg,cxtJ9h__98o,😂bhai lambe baal wala thora steve herington jesa dikh rha he,not_gujlish
UgyD6jen_pw1PRr8Y-54AaABAg,cxtJ9h__98o,♥️♥️♥️Radha Radha Krishna ♥️♥️♥️,not_gujlish
Ugx4-W-DRynSs6pQrCt4AaABAg,cxtJ9h__98o,"Bhai aapne Bhay - Gaurav tiwari mystery ko review nahi kiya??
Is this serious??",not_gujlish
UgysSP6iVBY4WM1PdUJ4AaABAg,cxtJ9h__98o,Aapko ek Nepali movie dekhni chahie UMKO SWEATER bahut pyari movie hai,not_gujlish
Ugw3ZhEN73cDlENUWIF4AaABAg,cxtJ9h__98o,"Bhi maothy starer kalamkaval ka review kr do please 😢😢😅 please please please please please please please please please please 😢please 😢please please please please please please please please please please please please please please please please please please please please please please please please please please please please please please kalamkavalka review 
Please please please please please please please 🥺 please 🥺 please please 🥺 please please 🥺 please please 🥺 please please 🥺 please 🥺 please please 🥺 please please 🥺 please 🥺 please please 🥺 please please 🥺 please please 🥺 please please 🥺 please please 🥺 please please 🥺 please please 🥺kalamkaval movie ka review",not_gujlish
UgzzxAn-WFWzlmOQ7aR4AaABAg,cxtJ9h__98o,"Thank you yogi bhai , for reviewing it ❤ love from Gujarat",not_gujlish
UgwRX0i0js1y5G1McUB4AaABAg,cxtJ9h__98o,Nice video 📸,not_gujlish
UgyW1Ej64mjNvh4lNQt4AaABAg,cxtJ9h__98o,Thank you yogi bhai for your review,not_gujlish
Ugy5EdLh983rQhwd0x54AaABAg,cxtJ9h__98o,It's Divine Masterpiece,not_gujlish
UgwUHjgfZoXj9qcLtGV4AaABAg,cxtJ9h__98o,❤❤❤❤❤❤,not_gujlish
UgxsQuVG3ihX2IPvmF14AaABAg,cxtJ9h__98o,Iska trailer review bhi kiya tha....,not_gujlish
UgxXx4UNi6JcFFz6VQ94AaABAg,cxtJ9h__98o,Bahut hi acchimovi h mai dekh li hu❤,not_gujlish
Ugy0XRGRubCg3Z3Pffd4AaABAg,cxtJ9h__98o,❤,not_gujlish
